Time resolution is 1 ps
Breakpoints loaded from hex file:
breakpoints[          0] = 0000
breakpoints[          1] = 0000
breakpoints[          2] = 0000
breakpoints[          3] = 0000
breakpoints[          4] = 07d0
breakpoints[          5] = 0bb9
breakpoints[          6] = 0fa2
breakpoints[          7] = 138a
breakpoints[          8] = 1773
breakpoints[          9] = 1b5b
breakpoints[         10] = 1f42
breakpoints[         11] = 2134
breakpoints[         12] = 2325
breakpoints[         13] = 2514
breakpoints[         14] = 2705
breakpoints[         15] = 28f4
breakpoints[         16] = 2ae5
breakpoints[         17] = 2cd7
breakpoints[         18] = 2ec5
breakpoints[         19] = 30b7
breakpoints[         20] = 32a5
breakpoints[         21] = 3497
breakpoints[         22] = 3688
ROM Debug: breakpoints[ 0] read 0000
ROM Debug: breakpoints[ 0] read 0000
ROM Debug: breakpoints[ 0] read 0000
ROM Debug: breakpoints[ 0] read 0000
ROM Debug: breakpoints[ 0] read 0000
ROM Debug: breakpoints[ 0] read 0000
ROM Debug: breakpoints[ 0] read 0000
ROM Debug: breakpoints[ 0] read 0000
ROM Debug: breakpoints[ 0] read 0000
ROM Debug: breakpoints[ 0] read 0000
ROM Debug: breakpoints[ 0] read 0000
ROM Debug: breakpoints[ 0] read 0000
ROM Debug: breakpoints[ 0] read 0000
State: IDLE, x_valid received: 0000
ROM Debug: breakpoints[ 0] read 0000
State: INIT, left= 0, right=22
ROM Debug: breakpoints[ 0] read 0000
State: SEARCH, left= 0, right=22, mid= 0
ROM Debug: breakpoints[ 0] read 0000
State: SEARCH, left= 1, right=22, mid=11
ROM Debug: breakpoints[ 0] read 0000
State: SEARCH, left= 1, right=10, mid=11
ROM Debug: breakpoints[ 0] read 0000
State: SEARCH, left= 1, right=10, mid= 5
ROM Debug: breakpoints[ 0] read 0000
State: SEARCH, left= 1, right= 4, mid= 5
ROM Debug: breakpoints[ 0] read 0000
State: SEARCH, left= 1, right= 4, mid= 2
ROM Debug: breakpoints[ 0] read 0000
State: SEARCH, left= 3, right= 4, mid= 2
ROM Debug: breakpoints[ 0] read 0000
State: SEARCH, left= 3, right= 4, mid= 3
ROM Debug: breakpoints[ 0] read 0000
State: SEARCH, left= 4, right= 4, mid= 3
ROM Debug: breakpoints[ 0] read 0000
State: SEARCH, left= 4, right= 4, mid= 4
ROM Debug: breakpoints[ 0] read 0000
State: DONE, segment_idx= 0
ROM Debug: breakpoints[ 0] read 0000
Debug: Input=0000, Found segment_idx= 4, Breakpoint=0000
ROM Debug: breakpoints[ 0] read 0000
ROM Debug: breakpoints[ 4] read 07d0
ROM Debug: breakpoints[ 4] read 07d0
ROM Debug: breakpoints[ 4] read 07d0
Stage 1: x_in=0000, breakpoint=07d0, delta_x=0000
ROM Debug: breakpoints[ 4] read 07d0
Stage 2: delta_x=f830, slope=3ece, slope_term=00000000
ROM Debug: breakpoints[ 4] read 07d0
Stage 3: y_out=0000, intercept=001c
Error at vector           0: Expected 0000, Got f871
ROM Debug: breakpoints[ 4] read 07d0
ROM Debug: breakpoints[ 4] read 07d0
ROM Debug: breakpoints[ 4] read 07d0
State: IDLE, x_valid received: 000a
ROM Debug: breakpoints[ 4] read 07d0
State: INIT, left= 4, right= 3
ROM Debug: breakpoints[ 4] read 07d0
State: SEARCH, left= 0, right=22, mid= 4
ROM Debug: breakpoints[ 4] read 07d0
State: SEARCH, left= 0, right= 3, mid=11
ROM Debug: breakpoints[ 4] read 07d0
State: SEARCH, left= 0, right=10, mid= 1
ROM Debug: breakpoints[ 4] read 07d0
State: SEARCH, left= 2, right=10, mid= 5
ROM Debug: breakpoints[ 4] read 07d0
State: SEARCH, left= 2, right= 4, mid= 6
ROM Debug: breakpoints[ 4] read 07d0
State: SEARCH, left= 2, right= 5, mid= 3
ROM Debug: breakpoints[ 4] read 07d0
State: SEARCH, left= 4, right= 5, mid= 3
ROM Debug: breakpoints[ 4] read 07d0
State: SEARCH, left= 4, right= 5, mid= 4
ROM Debug: breakpoints[ 4] read 07d0
State: DONE, segment_idx= 4
ROM Debug: breakpoints[ 4] read 07d0
Debug: Input=000a, Found segment_idx= 4, Breakpoint=0000
ROM Debug: breakpoints[ 4] read 07d0
ROM Debug: breakpoints[ 4] read 07d0
ROM Debug: breakpoints[ 4] read 07d0
ROM Debug: breakpoints[ 4] read 07d0
Stage 1: x_in=000a, breakpoint=07d0, delta_x=f830
ROM Debug: breakpoints[ 4] read 07d0
Stage 2: delta_x=f83a, slope=3ece, slope_term=fe1556a0
ROM Debug: breakpoints[ 4] read 07d0
Stage 3: y_out=f871, intercept=001c
Error at vector           1: Expected 000a, Got f87b
ROM Debug: breakpoints[ 4] read 07d0
ROM Debug: breakpoints[ 4] read 07d0
ROM Debug: breakpoints[ 4] read 07d0
State: IDLE, x_valid received: 0015
ROM Debug: breakpoints[ 4] read 07d0
State: INIT, left= 4, right= 3
ROM Debug: breakpoints[ 4] read 07d0
State: SEARCH, left= 0, right=22, mid= 4
ROM Debug: breakpoints[ 4] read 07d0
State: SEARCH, left= 0, right= 3, mid=11
ROM Debug: breakpoints[ 4] read 07d0
State: SEARCH, left= 0, right=10, mid= 1
ROM Debug: breakpoints[ 4] read 07d0
State: SEARCH, left= 2, right=10, mid= 5
ROM Debug: breakpoints[ 4] read 07d0
State: SEARCH, left= 2, right= 4, mid= 6
ROM Debug: breakpoints[ 4] read 07d0
State: SEARCH, left= 2, right= 5, mid= 3
ROM Debug: breakpoints[ 4] read 07d0
State: SEARCH, left= 4, right= 5, mid= 3
ROM Debug: breakpoints[ 4] read 07d0
State: SEARCH, left= 4, right= 5, mid= 4
ROM Debug: breakpoints[ 4] read 07d0
State: DONE, segment_idx= 4
ROM Debug: breakpoints[ 4] read 07d0
Debug: Input=0015, Found segment_idx= 4, Breakpoint=0000
ROM Debug: breakpoints[ 4] read 07d0
ROM Debug: breakpoints[ 4] read 07d0
ROM Debug: breakpoints[ 4] read 07d0
ROM Debug: breakpoints[ 4] read 07d0
Stage 1: x_in=0015, breakpoint=07d0, delta_x=f83a
ROM Debug: breakpoints[ 4] read 07d0
Stage 2: delta_x=f845, slope=3ece, slope_term=fe17caac
ROM Debug: breakpoints[ 4] read 07d0
Stage 3: y_out=f87b, intercept=001c
Error at vector           2: Expected 0015, Got f885
ROM Debug: breakpoints[ 4] read 07d0
ROM Debug: breakpoints[ 4] read 07d0
ROM Debug: breakpoints[ 4] read 07d0
State: IDLE, x_valid received: 001f
ROM Debug: breakpoints[ 4] read 07d0
State: INIT, left= 4, right= 3
ROM Debug: breakpoints[ 4] read 07d0
State: SEARCH, left= 0, right=22, mid= 4
ROM Debug: breakpoints[ 4] read 07d0
State: SEARCH, left= 0, right= 3, mid=11
ROM Debug: breakpoints[ 4] read 07d0
State: SEARCH, left= 0, right=10, mid= 1
ROM Debug: breakpoints[ 4] read 07d0
State: SEARCH, left= 2, right=10, mid= 5
ROM Debug: breakpoints[ 4] read 07d0
State: SEARCH, left= 2, right= 4, mid= 6
ROM Debug: breakpoints[ 4] read 07d0
State: SEARCH, left= 2, right= 5, mid= 3
ROM Debug: breakpoints[ 4] read 07d0
State: SEARCH, left= 4, right= 5, mid= 3
ROM Debug: breakpoints[ 4] read 07d0
State: SEARCH, left= 4, right= 5, mid= 4
ROM Debug: breakpoints[ 4] read 07d0
State: DONE, segment_idx= 4
ROM Debug: breakpoints[ 4] read 07d0
Debug: Input=001f, Found segment_idx= 4, Breakpoint=0000
ROM Debug: breakpoints[ 4] read 07d0
ROM Debug: breakpoints[ 4] read 07d0
ROM Debug: breakpoints[ 4] read 07d0
ROM Debug: breakpoints[ 4] read 07d0
Stage 1: x_in=001f, breakpoint=07d0, delta_x=f845
ROM Debug: breakpoints[ 4] read 07d0
Stage 2: delta_x=f84f, slope=3ece, slope_term=fe1a7d86
ROM Debug: breakpoints[ 4] read 07d0
Stage 3: y_out=f885, intercept=001c
Error at vector           3: Expected 001f, Got f88f
ROM Debug: breakpoints[ 4] read 07d0
ROM Debug: breakpoints[ 4] read 07d0
ROM Debug: breakpoints[ 4] read 07d0
State: IDLE, x_valid received: 0029
ROM Debug: breakpoints[ 4] read 07d0
State: INIT, left= 4, right= 3
ROM Debug: breakpoints[ 4] read 07d0
State: SEARCH, left= 0, right=22, mid= 4
ROM Debug: breakpoints[ 4] read 07d0
State: SEARCH, left= 0, right= 3, mid=11
ROM Debug: breakpoints[ 4] read 07d0
State: SEARCH, left= 0, right=10, mid= 1
ROM Debug: breakpoints[ 4] read 07d0
State: SEARCH, left= 2, right=10, mid= 5
ROM Debug: breakpoints[ 4] read 07d0
State: SEARCH, left= 2, right= 4, mid= 6
ROM Debug: breakpoints[ 4] read 07d0
State: SEARCH, left= 2, right= 5, mid= 3
ROM Debug: breakpoints[ 4] read 07d0
State: SEARCH, left= 4, right= 5, mid= 3
ROM Debug: breakpoints[ 4] read 07d0
State: SEARCH, left= 4, right= 5, mid= 4
ROM Debug: breakpoints[ 4] read 07d0
State: DONE, segment_idx= 4
ROM Debug: breakpoints[ 4] read 07d0
Debug: Input=0029, Found segment_idx= 4, Breakpoint=0000
ROM Debug: breakpoints[ 4] read 07d0
ROM Debug: breakpoints[ 4] read 07d0
ROM Debug: breakpoints[ 4] read 07d0
ROM Debug: breakpoints[ 4] read 07d0
Stage 1: x_in=0029, breakpoint=07d0, delta_x=f84f
ROM Debug: breakpoints[ 4] read 07d0
Stage 2: delta_x=f859, slope=3ece, slope_term=fe1cf192
ROM Debug: breakpoints[ 4] read 07d0
Stage 3: y_out=f88f, intercept=001c
Error at vector           4: Expected 0029, Got f899
ROM Debug: breakpoints[ 4] read 07d0
ROM Debug: breakpoints[ 4] read 07d0
ROM Debug: breakpoints[ 4] read 07d0
State: IDLE, x_valid received: 0034
ROM Debug: breakpoints[ 4] read 07d0
State: INIT, left= 4, right= 3
ROM Debug: breakpoints[ 4] read 07d0
State: SEARCH, left= 0, right=22, mid= 4
ROM Debug: breakpoints[ 4] read 07d0
State: SEARCH, left= 0, right= 3, mid=11
ROM Debug: breakpoints[ 4] read 07d0
State: SEARCH, left= 0, right=10, mid= 1
ROM Debug: breakpoints[ 4] read 07d0
State: SEARCH, left= 2, right=10, mid= 5
ROM Debug: breakpoints[ 4] read 07d0
State: SEARCH, left= 2, right= 4, mid= 6
ROM Debug: breakpoints[ 4] read 07d0
State: SEARCH, left= 2, right= 5, mid= 3
ROM Debug: breakpoints[ 4] read 07d0
State: SEARCH, left= 4, right= 5, mid= 3
ROM Debug: breakpoints[ 4] read 07d0
State: SEARCH, left= 4, right= 5, mid= 4
ROM Debug: breakpoints[ 4] read 07d0
State: DONE, segment_idx= 4
ROM Debug: breakpoints[ 4] read 07d0
Debug: Input=0034, Found segment_idx= 4, Breakpoint=0000
ROM Debug: breakpoints[ 4] read 07d0
ROM Debug: breakpoints[ 4] read 07d0
ROM Debug: breakpoints[ 4] read 07d0
ROM Debug: breakpoints[ 4] read 07d0
Stage 1: x_in=0034, breakpoint=07d0, delta_x=f859
ROM Debug: breakpoints[ 4] read 07d0
Stage 2: delta_x=f864, slope=3ece, slope_term=fe1f659e
ROM Debug: breakpoints[ 4] read 07d0
Stage 3: y_out=f899, intercept=001c
Error at vector           5: Expected 0034, Got f8a4
ROM Debug: breakpoints[ 4] read 07d0
ROM Debug: breakpoints[ 4] read 07d0
ROM Debug: breakpoints[ 4] read 07d0
State: IDLE, x_valid received: 003e
ROM Debug: breakpoints[ 4] read 07d0
State: INIT, left= 4, right= 3
ROM Debug: breakpoints[ 4] read 07d0
State: SEARCH, left= 0, right=22, mid= 4
ROM Debug: breakpoints[ 4] read 07d0
State: SEARCH, left= 0, right= 3, mid=11
ROM Debug: breakpoints[ 4] read 07d0
State: SEARCH, left= 0, right=10, mid= 1
ROM Debug: breakpoints[ 4] read 07d0
State: SEARCH, left= 2, right=10, mid= 5
ROM Debug: breakpoints[ 4] read 07d0
State: SEARCH, left= 2, right= 4, mid= 6
ROM Debug: breakpoints[ 4] read 07d0
State: SEARCH, left= 2, right= 5, mid= 3
ROM Debug: breakpoints[ 4] read 07d0
State: SEARCH, left= 4, right= 5, mid= 3
ROM Debug: breakpoints[ 4] read 07d0
State: SEARCH, left= 4, right= 5, mid= 4
ROM Debug: breakpoints[ 4] read 07d0
State: DONE, segment_idx= 4
ROM Debug: breakpoints[ 4] read 07d0
Debug: Input=003e, Found segment_idx= 4, Breakpoint=0000
ROM Debug: breakpoints[ 4] read 07d0
ROM Debug: breakpoints[ 4] read 07d0
ROM Debug: breakpoints[ 4] read 07d0
ROM Debug: breakpoints[ 4] read 07d0
Stage 1: x_in=003e, breakpoint=07d0, delta_x=f864
ROM Debug: breakpoints[ 4] read 07d0
Stage 2: delta_x=f86e, slope=3ece, slope_term=fe221878
ROM Debug: breakpoints[ 4] read 07d0
Stage 3: y_out=f8a4, intercept=001c
Error at vector           6: Expected 003e, Got f8ae
ROM Debug: breakpoints[ 4] read 07d0
ROM Debug: breakpoints[ 4] read 07d0
ROM Debug: breakpoints[ 4] read 07d0
State: IDLE, x_valid received: 0048
ROM Debug: breakpoints[ 4] read 07d0
State: INIT, left= 4, right= 3
ROM Debug: breakpoints[ 4] read 07d0
State: SEARCH, left= 0, right=22, mid= 4
ROM Debug: breakpoints[ 4] read 07d0
State: SEARCH, left= 0, right= 3, mid=11
ROM Debug: breakpoints[ 4] read 07d0
State: SEARCH, left= 0, right=10, mid= 1
ROM Debug: breakpoints[ 4] read 07d0
State: SEARCH, left= 2, right=10, mid= 5
ROM Debug: breakpoints[ 4] read 07d0
State: SEARCH, left= 2, right= 4, mid= 6
ROM Debug: breakpoints[ 4] read 07d0
State: SEARCH, left= 2, right= 5, mid= 3
ROM Debug: breakpoints[ 4] read 07d0
State: SEARCH, left= 4, right= 5, mid= 3
ROM Debug: breakpoints[ 4] read 07d0
State: SEARCH, left= 4, right= 5, mid= 4
ROM Debug: breakpoints[ 4] read 07d0
State: DONE, segment_idx= 4
ROM Debug: breakpoints[ 4] read 07d0
Debug: Input=0048, Found segment_idx= 4, Breakpoint=0000
ROM Debug: breakpoints[ 4] read 07d0
ROM Debug: breakpoints[ 4] read 07d0
ROM Debug: breakpoints[ 4] read 07d0
ROM Debug: breakpoints[ 4] read 07d0
Stage 1: x_in=0048, breakpoint=07d0, delta_x=f86e
ROM Debug: breakpoints[ 4] read 07d0
Stage 2: delta_x=f878, slope=3ece, slope_term=fe248c84
ROM Debug: breakpoints[ 4] read 07d0
Stage 3: y_out=f8ae, intercept=001c
Error at vector           7: Expected 0048, Got f8b8
ROM Debug: breakpoints[ 4] read 07d0
ROM Debug: breakpoints[ 4] read 07d0
ROM Debug: breakpoints[ 4] read 07d0
State: IDLE, x_valid received: 0053
ROM Debug: breakpoints[ 4] read 07d0
State: INIT, left= 4, right= 3
ROM Debug: breakpoints[ 4] read 07d0
State: SEARCH, left= 0, right=22, mid= 4
ROM Debug: breakpoints[ 4] read 07d0
State: SEARCH, left= 0, right= 3, mid=11
ROM Debug: breakpoints[ 4] read 07d0
State: SEARCH, left= 0, right=10, mid= 1
ROM Debug: breakpoints[ 4] read 07d0
State: SEARCH, left= 2, right=10, mid= 5
ROM Debug: breakpoints[ 4] read 07d0
State: SEARCH, left= 2, right= 4, mid= 6
ROM Debug: breakpoints[ 4] read 07d0
State: SEARCH, left= 2, right= 5, mid= 3
ROM Debug: breakpoints[ 4] read 07d0
State: SEARCH, left= 4, right= 5, mid= 3
ROM Debug: breakpoints[ 4] read 07d0
State: SEARCH, left= 4, right= 5, mid= 4
ROM Debug: breakpoints[ 4] read 07d0
State: DONE, segment_idx= 4
ROM Debug: breakpoints[ 4] read 07d0
Debug: Input=0053, Found segment_idx= 4, Breakpoint=0000
ROM Debug: breakpoints[ 4] read 07d0
ROM Debug: breakpoints[ 4] read 07d0
ROM Debug: breakpoints[ 4] read 07d0
ROM Debug: breakpoints[ 4] read 07d0
Stage 1: x_in=0053, breakpoint=07d0, delta_x=f878
ROM Debug: breakpoints[ 4] read 07d0
Stage 2: delta_x=f883, slope=3ece, slope_term=fe270090
ROM Debug: breakpoints[ 4] read 07d0
Stage 3: y_out=f8b8, intercept=001c
Error at vector           8: Expected 0053, Got f8c2
ROM Debug: breakpoints[ 4] read 07d0
ROM Debug: breakpoints[ 4] read 07d0
ROM Debug: breakpoints[ 4] read 07d0
State: IDLE, x_valid received: 005d
ROM Debug: breakpoints[ 4] read 07d0
State: INIT, left= 4, right= 3
ROM Debug: breakpoints[ 4] read 07d0
State: SEARCH, left= 0, right=22, mid= 4
ROM Debug: breakpoints[ 4] read 07d0
State: SEARCH, left= 0, right= 3, mid=11
ROM Debug: breakpoints[ 4] read 07d0
State: SEARCH, left= 0, right=10, mid= 1
ROM Debug: breakpoints[ 4] read 07d0
State: SEARCH, left= 2, right=10, mid= 5
ROM Debug: breakpoints[ 4] read 07d0
State: SEARCH, left= 2, right= 4, mid= 6
ROM Debug: breakpoints[ 4] read 07d0
State: SEARCH, left= 2, right= 5, mid= 3
ROM Debug: breakpoints[ 4] read 07d0
State: SEARCH, left= 4, right= 5, mid= 3
ROM Debug: breakpoints[ 4] read 07d0
State: SEARCH, left= 4, right= 5, mid= 4
ROM Debug: breakpoints[ 4] read 07d0
State: DONE, segment_idx= 4
ROM Debug: breakpoints[ 4] read 07d0
Debug: Input=005d, Found segment_idx= 4, Breakpoint=0000
ROM Debug: breakpoints[ 4] read 07d0
ROM Debug: breakpoints[ 4] read 07d0
ROM Debug: breakpoints[ 4] read 07d0
ROM Debug: breakpoints[ 4] read 07d0
Stage 1: x_in=005d, breakpoint=07d0, delta_x=f883
ROM Debug: breakpoints[ 4] read 07d0
Stage 2: delta_x=f88d, slope=3ece, slope_term=fe29b36a
ROM Debug: breakpoints[ 4] read 07d0
Stage 3: y_out=f8c2, intercept=001c
Error at vector           9: Expected 005d, Got f8cc
ROM Debug: breakpoints[ 4] read 07d0
ROM Debug: breakpoints[ 4] read 07d0
ROM Debug: breakpoints[ 4] read 07d0
State: IDLE, x_valid received: 0067
ROM Debug: breakpoints[ 4] read 07d0
State: INIT, left= 4, right= 3
ROM Debug: breakpoints[ 4] read 07d0
State: SEARCH, left= 0, right=22, mid= 4
ROM Debug: breakpoints[ 4] read 07d0
State: SEARCH, left= 0, right= 3, mid=11
ROM Debug: breakpoints[ 4] read 07d0
State: SEARCH, left= 0, right=10, mid= 1
ROM Debug: breakpoints[ 4] read 07d0
State: SEARCH, left= 2, right=10, mid= 5
ROM Debug: breakpoints[ 4] read 07d0
State: SEARCH, left= 2, right= 4, mid= 6
ROM Debug: breakpoints[ 4] read 07d0
State: SEARCH, left= 2, right= 5, mid= 3
ROM Debug: breakpoints[ 4] read 07d0
State: SEARCH, left= 4, right= 5, mid= 3
ROM Debug: breakpoints[ 4] read 07d0
State: SEARCH, left= 4, right= 5, mid= 4
ROM Debug: breakpoints[ 4] read 07d0
State: DONE, segment_idx= 4
ROM Debug: breakpoints[ 4] read 07d0
Debug: Input=0067, Found segment_idx= 4, Breakpoint=0000
ROM Debug: breakpoints[ 4] read 07d0
ROM Debug: breakpoints[ 4] read 07d0
ROM Debug: breakpoints[ 4] read 07d0
ROM Debug: breakpoints[ 4] read 07d0
Stage 1: x_in=0067, breakpoint=07d0, delta_x=f88d
ROM Debug: breakpoints[ 4] read 07d0
Stage 2: delta_x=f897, slope=3ece, slope_term=fe2c2776
ROM Debug: breakpoints[ 4] read 07d0
Stage 3: y_out=f8cc, intercept=001c
Error at vector          10: Expected 0067, Got f8d6
ROM Debug: breakpoints[ 4] read 07d0
ROM Debug: breakpoints[ 4] read 07d0
ROM Debug: breakpoints[ 4] read 07d0
State: IDLE, x_valid received: 0072
ROM Debug: breakpoints[ 4] read 07d0
State: INIT, left= 4, right= 3
ROM Debug: breakpoints[ 4] read 07d0
State: SEARCH, left= 0, right=22, mid= 4
ROM Debug: breakpoints[ 4] read 07d0
State: SEARCH, left= 0, right= 3, mid=11
ROM Debug: breakpoints[ 4] read 07d0
State: SEARCH, left= 0, right=10, mid= 1
ROM Debug: breakpoints[ 4] read 07d0
State: SEARCH, left= 2, right=10, mid= 5
ROM Debug: breakpoints[ 4] read 07d0
State: SEARCH, left= 2, right= 4, mid= 6
ROM Debug: breakpoints[ 4] read 07d0
State: SEARCH, left= 2, right= 5, mid= 3
ROM Debug: breakpoints[ 4] read 07d0
State: SEARCH, left= 4, right= 5, mid= 3
ROM Debug: breakpoints[ 4] read 07d0
State: SEARCH, left= 4, right= 5, mid= 4
ROM Debug: breakpoints[ 4] read 07d0
State: DONE, segment_idx= 4
ROM Debug: breakpoints[ 4] read 07d0
Debug: Input=0072, Found segment_idx= 4, Breakpoint=0000
ROM Debug: breakpoints[ 4] read 07d0
ROM Debug: breakpoints[ 4] read 07d0
ROM Debug: breakpoints[ 4] read 07d0
ROM Debug: breakpoints[ 4] read 07d0
Stage 1: x_in=0072, breakpoint=07d0, delta_x=f897
ROM Debug: breakpoints[ 4] read 07d0
Stage 2: delta_x=f8a2, slope=3ece, slope_term=fe2e9b82
ROM Debug: breakpoints[ 4] read 07d0
Stage 3: y_out=f8d6, intercept=001c
Error at vector          11: Expected 0071, Got f8e1
ROM Debug: breakpoints[ 4] read 07d0
ROM Debug: breakpoints[ 4] read 07d0
ROM Debug: breakpoints[ 4] read 07d0
State: IDLE, x_valid received: 007c
ROM Debug: breakpoints[ 4] read 07d0
State: INIT, left= 4, right= 3
ROM Debug: breakpoints[ 4] read 07d0
State: SEARCH, left= 0, right=22, mid= 4
ROM Debug: breakpoints[ 4] read 07d0
State: SEARCH, left= 0, right= 3, mid=11
ROM Debug: breakpoints[ 4] read 07d0
State: SEARCH, left= 0, right=10, mid= 1
ROM Debug: breakpoints[ 4] read 07d0
State: SEARCH, left= 2, right=10, mid= 5
ROM Debug: breakpoints[ 4] read 07d0
State: SEARCH, left= 2, right= 4, mid= 6
ROM Debug: breakpoints[ 4] read 07d0
State: SEARCH, left= 2, right= 5, mid= 3
ROM Debug: breakpoints[ 4] read 07d0
State: SEARCH, left= 4, right= 5, mid= 3
ROM Debug: breakpoints[ 4] read 07d0
State: SEARCH, left= 4, right= 5, mid= 4
ROM Debug: breakpoints[ 4] read 07d0
State: DONE, segment_idx= 4
ROM Debug: breakpoints[ 4] read 07d0
Debug: Input=007c, Found segment_idx= 4, Breakpoint=0000
ROM Debug: breakpoints[ 4] read 07d0
ROM Debug: breakpoints[ 4] read 07d0
ROM Debug: breakpoints[ 4] read 07d0
ROM Debug: breakpoints[ 4] read 07d0
Stage 1: x_in=007c, breakpoint=07d0, delta_x=f8a2
ROM Debug: breakpoints[ 4] read 07d0
Stage 2: delta_x=f8ac, slope=3ece, slope_term=fe314e5c
ROM Debug: breakpoints[ 4] read 07d0
Stage 3: y_out=f8e1, intercept=001c
Error at vector          12: Expected 007c, Got f8eb
ROM Debug: breakpoints[ 4] read 07d0
ROM Debug: breakpoints[ 4] read 07d0
ROM Debug: breakpoints[ 4] read 07d0
State: IDLE, x_valid received: 0086
ROM Debug: breakpoints[ 4] read 07d0
State: INIT, left= 4, right= 3
ROM Debug: breakpoints[ 4] read 07d0
State: SEARCH, left= 0, right=22, mid= 4
ROM Debug: breakpoints[ 4] read 07d0
State: SEARCH, left= 0, right= 3, mid=11
ROM Debug: breakpoints[ 4] read 07d0
State: SEARCH, left= 0, right=10, mid= 1
ROM Debug: breakpoints[ 4] read 07d0
State: SEARCH, left= 2, right=10, mid= 5
ROM Debug: breakpoints[ 4] read 07d0
State: SEARCH, left= 2, right= 4, mid= 6
ROM Debug: breakpoints[ 4] read 07d0
State: SEARCH, left= 2, right= 5, mid= 3
ROM Debug: breakpoints[ 4] read 07d0
State: SEARCH, left= 4, right= 5, mid= 3
ROM Debug: breakpoints[ 4] read 07d0
State: SEARCH, left= 4, right= 5, mid= 4
ROM Debug: breakpoints[ 4] read 07d0
State: DONE, segment_idx= 4
ROM Debug: breakpoints[ 4] read 07d0
Debug: Input=0086, Found segment_idx= 4, Breakpoint=0000
ROM Debug: breakpoints[ 4] read 07d0
ROM Debug: breakpoints[ 4] read 07d0
ROM Debug: breakpoints[ 4] read 07d0
ROM Debug: breakpoints[ 4] read 07d0
Stage 1: x_in=0086, breakpoint=07d0, delta_x=f8ac
ROM Debug: breakpoints[ 4] read 07d0
Stage 2: delta_x=f8b6, slope=3ece, slope_term=fe33c268
ROM Debug: breakpoints[ 4] read 07d0
Stage 3: y_out=f8eb, intercept=001c
Error at vector          13: Expected 0086, Got f8f4
ROM Debug: breakpoints[ 4] read 07d0
ROM Debug: breakpoints[ 4] read 07d0
ROM Debug: breakpoints[ 4] read 07d0
State: IDLE, x_valid received: 0091
ROM Debug: breakpoints[ 4] read 07d0
State: INIT, left= 4, right= 3
ROM Debug: breakpoints[ 4] read 07d0
State: SEARCH, left= 0, right=22, mid= 4
ROM Debug: breakpoints[ 4] read 07d0
State: SEARCH, left= 0, right= 3, mid=11
ROM Debug: breakpoints[ 4] read 07d0
State: SEARCH, left= 0, right=10, mid= 1
ROM Debug: breakpoints[ 4] read 07d0
State: SEARCH, left= 2, right=10, mid= 5
ROM Debug: breakpoints[ 4] read 07d0
State: SEARCH, left= 2, right= 4, mid= 6
ROM Debug: breakpoints[ 4] read 07d0
State: SEARCH, left= 2, right= 5, mid= 3
ROM Debug: breakpoints[ 4] read 07d0
State: SEARCH, left= 4, right= 5, mid= 3
ROM Debug: breakpoints[ 4] read 07d0
State: SEARCH, left= 4, right= 5, mid= 4
ROM Debug: breakpoints[ 4] read 07d0
State: DONE, segment_idx= 4
ROM Debug: breakpoints[ 4] read 07d0
Debug: Input=0091, Found segment_idx= 4, Breakpoint=0000
ROM Debug: breakpoints[ 4] read 07d0
ROM Debug: breakpoints[ 4] read 07d0
ROM Debug: breakpoints[ 4] read 07d0
ROM Debug: breakpoints[ 4] read 07d0
Stage 1: x_in=0091, breakpoint=07d0, delta_x=f8b6
ROM Debug: breakpoints[ 4] read 07d0
Stage 2: delta_x=f8c1, slope=3ece, slope_term=fe363674
ROM Debug: breakpoints[ 4] read 07d0
Stage 3: y_out=f8f4, intercept=001c
Error at vector          14: Expected 0090, Got f8ff
ROM Debug: breakpoints[ 4] read 07d0
ROM Debug: breakpoints[ 4] read 07d0
ROM Debug: breakpoints[ 4] read 07d0
State: IDLE, x_valid received: 009b
ROM Debug: breakpoints[ 4] read 07d0
State: INIT, left= 4, right= 3
ROM Debug: breakpoints[ 4] read 07d0
State: SEARCH, left= 0, right=22, mid= 4
ROM Debug: breakpoints[ 4] read 07d0
State: SEARCH, left= 0, right= 3, mid=11
ROM Debug: breakpoints[ 4] read 07d0
State: SEARCH, left= 0, right=10, mid= 1
ROM Debug: breakpoints[ 4] read 07d0
State: SEARCH, left= 2, right=10, mid= 5
ROM Debug: breakpoints[ 4] read 07d0
State: SEARCH, left= 2, right= 4, mid= 6
ROM Debug: breakpoints[ 4] read 07d0
State: SEARCH, left= 2, right= 5, mid= 3
ROM Debug: breakpoints[ 4] read 07d0
State: SEARCH, left= 4, right= 5, mid= 3
ROM Debug: breakpoints[ 4] read 07d0
State: SEARCH, left= 4, right= 5, mid= 4
ROM Debug: breakpoints[ 4] read 07d0
State: DONE, segment_idx= 4
ROM Debug: breakpoints[ 4] read 07d0
Debug: Input=009b, Found segment_idx= 4, Breakpoint=0000
ROM Debug: breakpoints[ 4] read 07d0
ROM Debug: breakpoints[ 4] read 07d0
ROM Debug: breakpoints[ 4] read 07d0
ROM Debug: breakpoints[ 4] read 07d0
Stage 1: x_in=009b, breakpoint=07d0, delta_x=f8c1
ROM Debug: breakpoints[ 4] read 07d0
Stage 2: delta_x=f8cb, slope=3ece, slope_term=fe38e94e
ROM Debug: breakpoints[ 4] read 07d0
Stage 3: y_out=f8ff, intercept=001c
Error at vector          15: Expected 009a, Got f909
ROM Debug: breakpoints[ 4] read 07d0
ROM Debug: breakpoints[ 4] read 07d0
ROM Debug: breakpoints[ 4] read 07d0
State: IDLE, x_valid received: 00a5
ROM Debug: breakpoints[ 4] read 07d0
State: INIT, left= 4, right= 3
ROM Debug: breakpoints[ 4] read 07d0
State: SEARCH, left= 0, right=22, mid= 4
ROM Debug: breakpoints[ 4] read 07d0
State: SEARCH, left= 0, right= 3, mid=11
ROM Debug: breakpoints[ 4] read 07d0
State: SEARCH, left= 0, right=10, mid= 1
ROM Debug: breakpoints[ 4] read 07d0
State: SEARCH, left= 2, right=10, mid= 5
ROM Debug: breakpoints[ 4] read 07d0
State: SEARCH, left= 2, right= 4, mid= 6
ROM Debug: breakpoints[ 4] read 07d0
State: SEARCH, left= 2, right= 5, mid= 3
ROM Debug: breakpoints[ 4] read 07d0
State: SEARCH, left= 4, right= 5, mid= 3
ROM Debug: breakpoints[ 4] read 07d0
State: SEARCH, left= 4, right= 5, mid= 4
ROM Debug: breakpoints[ 4] read 07d0
State: DONE, segment_idx= 4
ROM Debug: breakpoints[ 4] read 07d0
Debug: Input=00a5, Found segment_idx= 4, Breakpoint=0000
ROM Debug: breakpoints[ 4] read 07d0
ROM Debug: breakpoints[ 4] read 07d0
ROM Debug: breakpoints[ 4] read 07d0
ROM Debug: breakpoints[ 4] read 07d0
Stage 1: x_in=00a5, breakpoint=07d0, delta_x=f8cb
ROM Debug: breakpoints[ 4] read 07d0
Stage 2: delta_x=f8d5, slope=3ece, slope_term=fe3b5d5a
ROM Debug: breakpoints[ 4] read 07d0
Stage 3: y_out=f909, intercept=001c
Error at vector          16: Expected 00a4, Got f913
ROM Debug: breakpoints[ 4] read 07d0
ROM Debug: breakpoints[ 4] read 07d0
ROM Debug: breakpoints[ 4] read 07d0
State: IDLE, x_valid received: 00b0
ROM Debug: breakpoints[ 4] read 07d0
State: INIT, left= 4, right= 3
ROM Debug: breakpoints[ 4] read 07d0
State: SEARCH, left= 0, right=22, mid= 4
ROM Debug: breakpoints[ 4] read 07d0
State: SEARCH, left= 0, right= 3, mid=11
ROM Debug: breakpoints[ 4] read 07d0
State: SEARCH, left= 0, right=10, mid= 1
ROM Debug: breakpoints[ 4] read 07d0
State: SEARCH, left= 2, right=10, mid= 5
ROM Debug: breakpoints[ 4] read 07d0
State: SEARCH, left= 2, right= 4, mid= 6
ROM Debug: breakpoints[ 4] read 07d0
State: SEARCH, left= 2, right= 5, mid= 3
ROM Debug: breakpoints[ 4] read 07d0
State: SEARCH, left= 4, right= 5, mid= 3
ROM Debug: breakpoints[ 4] read 07d0
State: SEARCH, left= 4, right= 5, mid= 4
ROM Debug: breakpoints[ 4] read 07d0
State: DONE, segment_idx= 4
ROM Debug: breakpoints[ 4] read 07d0
Debug: Input=00b0, Found segment_idx= 4, Breakpoint=0000
ROM Debug: breakpoints[ 4] read 07d0
ROM Debug: breakpoints[ 4] read 07d0
ROM Debug: breakpoints[ 4] read 07d0
ROM Debug: breakpoints[ 4] read 07d0
Stage 1: x_in=00b0, breakpoint=07d0, delta_x=f8d5
ROM Debug: breakpoints[ 4] read 07d0
Stage 2: delta_x=f8e0, slope=3ece, slope_term=fe3dd166
ROM Debug: breakpoints[ 4] read 07d0
Stage 3: y_out=f913, intercept=001c
Error at vector          17: Expected 00ae, Got f91e
ROM Debug: breakpoints[ 4] read 07d0
ROM Debug: breakpoints[ 4] read 07d0
ROM Debug: breakpoints[ 4] read 07d0
State: IDLE, x_valid received: 00ba
ROM Debug: breakpoints[ 4] read 07d0
State: INIT, left= 4, right= 3
ROM Debug: breakpoints[ 4] read 07d0
State: SEARCH, left= 0, right=22, mid= 4
ROM Debug: breakpoints[ 4] read 07d0
State: SEARCH, left= 0, right= 3, mid=11
ROM Debug: breakpoints[ 4] read 07d0
State: SEARCH, left= 0, right=10, mid= 1
ROM Debug: breakpoints[ 4] read 07d0
State: SEARCH, left= 2, right=10, mid= 5
ROM Debug: breakpoints[ 4] read 07d0
State: SEARCH, left= 2, right= 4, mid= 6
ROM Debug: breakpoints[ 4] read 07d0
State: SEARCH, left= 2, right= 5, mid= 3
ROM Debug: breakpoints[ 4] read 07d0
State: SEARCH, left= 4, right= 5, mid= 3
ROM Debug: breakpoints[ 4] read 07d0
State: SEARCH, left= 4, right= 5, mid= 4
ROM Debug: breakpoints[ 4] read 07d0
State: DONE, segment_idx= 4
ROM Debug: breakpoints[ 4] read 07d0
Debug: Input=00ba, Found segment_idx= 4, Breakpoint=0000
ROM Debug: breakpoints[ 4] read 07d0
ROM Debug: breakpoints[ 4] read 07d0
ROM Debug: breakpoints[ 4] read 07d0
ROM Debug: breakpoints[ 4] read 07d0
Stage 1: x_in=00ba, breakpoint=07d0, delta_x=f8e0
ROM Debug: breakpoints[ 4] read 07d0
Stage 2: delta_x=f8ea, slope=3ece, slope_term=fe408440
ROM Debug: breakpoints[ 4] read 07d0
Stage 3: y_out=f91e, intercept=001c
Error at vector          18: Expected 00b8, Got f927
ROM Debug: breakpoints[ 4] read 07d0
ROM Debug: breakpoints[ 4] read 07d0
ROM Debug: breakpoints[ 4] read 07d0
State: IDLE, x_valid received: 00c5
ROM Debug: breakpoints[ 4] read 07d0
State: INIT, left= 4, right= 3
ROM Debug: breakpoints[ 4] read 07d0
State: SEARCH, left= 0, right=22, mid= 4
ROM Debug: breakpoints[ 4] read 07d0
State: SEARCH, left= 0, right= 3, mid=11
ROM Debug: breakpoints[ 4] read 07d0
State: SEARCH, left= 0, right=10, mid= 1
ROM Debug: breakpoints[ 4] read 07d0
State: SEARCH, left= 2, right=10, mid= 5
ROM Debug: breakpoints[ 4] read 07d0
State: SEARCH, left= 2, right= 4, mid= 6
ROM Debug: breakpoints[ 4] read 07d0
State: SEARCH, left= 2, right= 5, mid= 3
ROM Debug: breakpoints[ 4] read 07d0
State: SEARCH, left= 4, right= 5, mid= 3
ROM Debug: breakpoints[ 4] read 07d0
State: SEARCH, left= 4, right= 5, mid= 4
ROM Debug: breakpoints[ 4] read 07d0
State: DONE, segment_idx= 4
ROM Debug: breakpoints[ 4] read 07d0
Debug: Input=00c5, Found segment_idx= 4, Breakpoint=0000
ROM Debug: breakpoints[ 4] read 07d0
ROM Debug: breakpoints[ 4] read 07d0
ROM Debug: breakpoints[ 4] read 07d0
ROM Debug: breakpoints[ 4] read 07d0
Stage 1: x_in=00c5, breakpoint=07d0, delta_x=f8ea
ROM Debug: breakpoints[ 4] read 07d0
Stage 2: delta_x=f8f5, slope=3ece, slope_term=fe42f84c
ROM Debug: breakpoints[ 4] read 07d0
Stage 3: y_out=f927, intercept=001c
Error at vector          19: Expected 00c2, Got f932
ROM Debug: breakpoints[ 4] read 07d0
ROM Debug: breakpoints[ 4] read 07d0
ROM Debug: breakpoints[ 4] read 07d0
State: IDLE, x_valid received: 00cf
ROM Debug: breakpoints[ 4] read 07d0
State: INIT, left= 4, right= 3
ROM Debug: breakpoints[ 4] read 07d0
State: SEARCH, left= 0, right=22, mid= 4
ROM Debug: breakpoints[ 4] read 07d0
State: SEARCH, left= 0, right= 3, mid=11
ROM Debug: breakpoints[ 4] read 07d0
State: SEARCH, left= 0, right=10, mid= 1
ROM Debug: breakpoints[ 4] read 07d0
State: SEARCH, left= 2, right=10, mid= 5
ROM Debug: breakpoints[ 4] read 07d0
State: SEARCH, left= 2, right= 4, mid= 6
ROM Debug: breakpoints[ 4] read 07d0
State: SEARCH, left= 2, right= 5, mid= 3
ROM Debug: breakpoints[ 4] read 07d0
State: SEARCH, left= 4, right= 5, mid= 3
ROM Debug: breakpoints[ 4] read 07d0
State: SEARCH, left= 4, right= 5, mid= 4
ROM Debug: breakpoints[ 4] read 07d0
State: DONE, segment_idx= 4
ROM Debug: breakpoints[ 4] read 07d0
Debug: Input=00cf, Found segment_idx= 4, Breakpoint=0000
ROM Debug: breakpoints[ 4] read 07d0
ROM Debug: breakpoints[ 4] read 07d0
ROM Debug: breakpoints[ 4] read 07d0
ROM Debug: breakpoints[ 4] read 07d0
Stage 1: x_in=00cf, breakpoint=07d0, delta_x=f8f5
ROM Debug: breakpoints[ 4] read 07d0
Stage 2: delta_x=f8ff, slope=3ece, slope_term=fe45ab26
ROM Debug: breakpoints[ 4] read 07d0
Stage 3: y_out=f932, intercept=001c
Error at vector          20: Expected 00cc, Got f93c
ROM Debug: breakpoints[ 4] read 07d0
ROM Debug: breakpoints[ 4] read 07d0
ROM Debug: breakpoints[ 4] read 07d0
State: IDLE, x_valid received: 00d9
ROM Debug: breakpoints[ 4] read 07d0
State: INIT, left= 4, right= 3
ROM Debug: breakpoints[ 4] read 07d0
State: SEARCH, left= 0, right=22, mid= 4
ROM Debug: breakpoints[ 4] read 07d0
State: SEARCH, left= 0, right= 3, mid=11
ROM Debug: breakpoints[ 4] read 07d0
State: SEARCH, left= 0, right=10, mid= 1
ROM Debug: breakpoints[ 4] read 07d0
State: SEARCH, left= 2, right=10, mid= 5
ROM Debug: breakpoints[ 4] read 07d0
State: SEARCH, left= 2, right= 4, mid= 6
ROM Debug: breakpoints[ 4] read 07d0
State: SEARCH, left= 2, right= 5, mid= 3
ROM Debug: breakpoints[ 4] read 07d0
State: SEARCH, left= 4, right= 5, mid= 3
ROM Debug: breakpoints[ 4] read 07d0
State: SEARCH, left= 4, right= 5, mid= 4
ROM Debug: breakpoints[ 4] read 07d0
State: DONE, segment_idx= 4
ROM Debug: breakpoints[ 4] read 07d0
Debug: Input=00d9, Found segment_idx= 4, Breakpoint=0000
ROM Debug: breakpoints[ 4] read 07d0
ROM Debug: breakpoints[ 4] read 07d0
ROM Debug: breakpoints[ 4] read 07d0
ROM Debug: breakpoints[ 4] read 07d0
Stage 1: x_in=00d9, breakpoint=07d0, delta_x=f8ff
ROM Debug: breakpoints[ 4] read 07d0
Stage 2: delta_x=f909, slope=3ece, slope_term=fe481f32
ROM Debug: breakpoints[ 4] read 07d0
Stage 3: y_out=f93c, intercept=001c
Error at vector          21: Expected 00d6, Got f946
ROM Debug: breakpoints[ 4] read 07d0
ROM Debug: breakpoints[ 4] read 07d0
ROM Debug: breakpoints[ 4] read 07d0
State: IDLE, x_valid received: 00e4
ROM Debug: breakpoints[ 4] read 07d0
State: INIT, left= 4, right= 3
ROM Debug: breakpoints[ 4] read 07d0
State: SEARCH, left= 0, right=22, mid= 4
ROM Debug: breakpoints[ 4] read 07d0
State: SEARCH, left= 0, right= 3, mid=11
ROM Debug: breakpoints[ 4] read 07d0
State: SEARCH, left= 0, right=10, mid= 1
ROM Debug: breakpoints[ 4] read 07d0
State: SEARCH, left= 2, right=10, mid= 5
ROM Debug: breakpoints[ 4] read 07d0
State: SEARCH, left= 2, right= 4, mid= 6
ROM Debug: breakpoints[ 4] read 07d0
State: SEARCH, left= 2, right= 5, mid= 3
ROM Debug: breakpoints[ 4] read 07d0
State: SEARCH, left= 4, right= 5, mid= 3
ROM Debug: breakpoints[ 4] read 07d0
State: SEARCH, left= 4, right= 5, mid= 4
ROM Debug: breakpoints[ 4] read 07d0
State: DONE, segment_idx= 4
ROM Debug: breakpoints[ 4] read 07d0
Debug: Input=00e4, Found segment_idx= 4, Breakpoint=0000
ROM Debug: breakpoints[ 4] read 07d0
ROM Debug: breakpoints[ 4] read 07d0
ROM Debug: breakpoints[ 4] read 07d0
ROM Debug: breakpoints[ 4] read 07d0
Stage 1: x_in=00e4, breakpoint=07d0, delta_x=f909
ROM Debug: breakpoints[ 4] read 07d0
Stage 2: delta_x=f914, slope=3ece, slope_term=fe4a933e
ROM Debug: breakpoints[ 4] read 07d0
Stage 3: y_out=f946, intercept=001c
Error at vector          22: Expected 00e0, Got f951
ROM Debug: breakpoints[ 4] read 07d0
ROM Debug: breakpoints[ 4] read 07d0
ROM Debug: breakpoints[ 4] read 07d0
State: IDLE, x_valid received: 00ee
ROM Debug: breakpoints[ 4] read 07d0
State: INIT, left= 4, right= 3
ROM Debug: breakpoints[ 4] read 07d0
State: SEARCH, left= 0, right=22, mid= 4
ROM Debug: breakpoints[ 4] read 07d0
State: SEARCH, left= 0, right= 3, mid=11
ROM Debug: breakpoints[ 4] read 07d0
State: SEARCH, left= 0, right=10, mid= 1
ROM Debug: breakpoints[ 4] read 07d0
State: SEARCH, left= 2, right=10, mid= 5
ROM Debug: breakpoints[ 4] read 07d0
State: SEARCH, left= 2, right= 4, mid= 6
ROM Debug: breakpoints[ 4] read 07d0
State: SEARCH, left= 2, right= 5, mid= 3
ROM Debug: breakpoints[ 4] read 07d0
State: SEARCH, left= 4, right= 5, mid= 3
ROM Debug: breakpoints[ 4] read 07d0
State: SEARCH, left= 4, right= 5, mid= 4
ROM Debug: breakpoints[ 4] read 07d0
State: DONE, segment_idx= 4
ROM Debug: breakpoints[ 4] read 07d0
Debug: Input=00ee, Found segment_idx= 4, Breakpoint=0000
ROM Debug: breakpoints[ 4] read 07d0
ROM Debug: breakpoints[ 4] read 07d0
ROM Debug: breakpoints[ 4] read 07d0
ROM Debug: breakpoints[ 4] read 07d0
Stage 1: x_in=00ee, breakpoint=07d0, delta_x=f914
ROM Debug: breakpoints[ 4] read 07d0
Stage 2: delta_x=f91e, slope=3ece, slope_term=fe4d4618
ROM Debug: breakpoints[ 4] read 07d0
Stage 3: y_out=f951, intercept=001c
Error at vector          23: Expected 00ea, Got f95a
ROM Debug: breakpoints[ 4] read 07d0
ROM Debug: breakpoints[ 4] read 07d0
ROM Debug: breakpoints[ 4] read 07d0
State: IDLE, x_valid received: 00f8
ROM Debug: breakpoints[ 4] read 07d0
State: INIT, left= 4, right= 3
ROM Debug: breakpoints[ 4] read 07d0
State: SEARCH, left= 0, right=22, mid= 4
ROM Debug: breakpoints[ 4] read 07d0
State: SEARCH, left= 0, right= 3, mid=11
ROM Debug: breakpoints[ 4] read 07d0
State: SEARCH, left= 0, right=10, mid= 1
ROM Debug: breakpoints[ 4] read 07d0
State: SEARCH, left= 2, right=10, mid= 5
ROM Debug: breakpoints[ 4] read 07d0
State: SEARCH, left= 2, right= 4, mid= 6
ROM Debug: breakpoints[ 4] read 07d0
State: SEARCH, left= 2, right= 5, mid= 3
ROM Debug: breakpoints[ 4] read 07d0
State: SEARCH, left= 4, right= 5, mid= 3
ROM Debug: breakpoints[ 4] read 07d0
State: SEARCH, left= 4, right= 5, mid= 4
ROM Debug: breakpoints[ 4] read 07d0
State: DONE, segment_idx= 4
ROM Debug: breakpoints[ 4] read 07d0
Debug: Input=00f8, Found segment_idx= 4, Breakpoint=0000
ROM Debug: breakpoints[ 4] read 07d0
ROM Debug: breakpoints[ 4] read 07d0
ROM Debug: breakpoints[ 4] read 07d0
ROM Debug: breakpoints[ 4] read 07d0
Stage 1: x_in=00f8, breakpoint=07d0, delta_x=f91e
ROM Debug: breakpoints[ 4] read 07d0
Stage 2: delta_x=f928, slope=3ece, slope_term=fe4fba24
ROM Debug: breakpoints[ 4] read 07d0
Stage 3: y_out=f95a, intercept=001c
Error at vector          24: Expected 00f3, Got f964
ROM Debug: breakpoints[ 4] read 07d0
ROM Debug: breakpoints[ 4] read 07d0
ROM Debug: breakpoints[ 4] read 07d0
State: IDLE, x_valid received: 0103
ROM Debug: breakpoints[ 4] read 07d0
State: INIT, left= 4, right= 3
ROM Debug: breakpoints[ 4] read 07d0
State: SEARCH, left= 0, right=22, mid= 4
ROM Debug: breakpoints[ 4] read 07d0
State: SEARCH, left= 0, right= 3, mid=11
ROM Debug: breakpoints[ 4] read 07d0
State: SEARCH, left= 0, right=10, mid= 1
ROM Debug: breakpoints[ 4] read 07d0
State: SEARCH, left= 2, right=10, mid= 5
ROM Debug: breakpoints[ 4] read 07d0
State: SEARCH, left= 2, right= 4, mid= 6
ROM Debug: breakpoints[ 4] read 07d0
State: SEARCH, left= 2, right= 5, mid= 3
ROM Debug: breakpoints[ 4] read 07d0
State: SEARCH, left= 4, right= 5, mid= 3
ROM Debug: breakpoints[ 4] read 07d0
State: SEARCH, left= 4, right= 5, mid= 4
ROM Debug: breakpoints[ 4] read 07d0
State: DONE, segment_idx= 4
ROM Debug: breakpoints[ 4] read 07d0
Debug: Input=0103, Found segment_idx= 4, Breakpoint=0000
ROM Debug: breakpoints[ 4] read 07d0
ROM Debug: breakpoints[ 4] read 07d0
ROM Debug: breakpoints[ 4] read 07d0
ROM Debug: breakpoints[ 4] read 07d0
Stage 1: x_in=0103, breakpoint=07d0, delta_x=f928
ROM Debug: breakpoints[ 4] read 07d0
Stage 2: delta_x=f933, slope=3ece, slope_term=fe522e30
ROM Debug: breakpoints[ 4] read 07d0
Stage 3: y_out=f964, intercept=001c
Error at vector          25: Expected 00fd, Got f96f
ROM Debug: breakpoints[ 4] read 07d0
ROM Debug: breakpoints[ 4] read 07d0
ROM Debug: breakpoints[ 4] read 07d0
State: IDLE, x_valid received: 010d
ROM Debug: breakpoints[ 4] read 07d0
State: INIT, left= 4, right= 3
ROM Debug: breakpoints[ 4] read 07d0
State: SEARCH, left= 0, right=22, mid= 4
ROM Debug: breakpoints[ 4] read 07d0
State: SEARCH, left= 0, right= 3, mid=11
ROM Debug: breakpoints[ 4] read 07d0
State: SEARCH, left= 0, right=10, mid= 1
ROM Debug: breakpoints[ 4] read 07d0
State: SEARCH, left= 2, right=10, mid= 5
ROM Debug: breakpoints[ 4] read 07d0
State: SEARCH, left= 2, right= 4, mid= 6
ROM Debug: breakpoints[ 4] read 07d0
State: SEARCH, left= 2, right= 5, mid= 3
ROM Debug: breakpoints[ 4] read 07d0
State: SEARCH, left= 4, right= 5, mid= 3
ROM Debug: breakpoints[ 4] read 07d0
State: SEARCH, left= 4, right= 5, mid= 4
ROM Debug: breakpoints[ 4] read 07d0
State: DONE, segment_idx= 4
ROM Debug: breakpoints[ 4] read 07d0
Debug: Input=010d, Found segment_idx= 4, Breakpoint=0000
ROM Debug: breakpoints[ 4] read 07d0
ROM Debug: breakpoints[ 4] read 07d0
ROM Debug: breakpoints[ 4] read 07d0
ROM Debug: breakpoints[ 4] read 07d0
Stage 1: x_in=010d, breakpoint=07d0, delta_x=f933
ROM Debug: breakpoints[ 4] read 07d0
Stage 2: delta_x=f93d, slope=3ece, slope_term=fe54e10a
ROM Debug: breakpoints[ 4] read 07d0
Stage 3: y_out=f96f, intercept=001c
Error at vector          26: Expected 0107, Got f979
ROM Debug: breakpoints[ 4] read 07d0
ROM Debug: breakpoints[ 4] read 07d0
ROM Debug: breakpoints[ 4] read 07d0
State: IDLE, x_valid received: 0117
ROM Debug: breakpoints[ 4] read 07d0
State: INIT, left= 4, right= 3
ROM Debug: breakpoints[ 4] read 07d0
State: SEARCH, left= 0, right=22, mid= 4
ROM Debug: breakpoints[ 4] read 07d0
State: SEARCH, left= 0, right= 3, mid=11
ROM Debug: breakpoints[ 4] read 07d0
State: SEARCH, left= 0, right=10, mid= 1
ROM Debug: breakpoints[ 4] read 07d0
State: SEARCH, left= 2, right=10, mid= 5
ROM Debug: breakpoints[ 4] read 07d0
State: SEARCH, left= 2, right= 4, mid= 6
ROM Debug: breakpoints[ 4] read 07d0
State: SEARCH, left= 2, right= 5, mid= 3
ROM Debug: breakpoints[ 4] read 07d0
State: SEARCH, left= 4, right= 5, mid= 3
ROM Debug: breakpoints[ 4] read 07d0
State: SEARCH, left= 4, right= 5, mid= 4
ROM Debug: breakpoints[ 4] read 07d0
State: DONE, segment_idx= 4
ROM Debug: breakpoints[ 4] read 07d0
Debug: Input=0117, Found segment_idx= 4, Breakpoint=0000
ROM Debug: breakpoints[ 4] read 07d0
ROM Debug: breakpoints[ 4] read 07d0
ROM Debug: breakpoints[ 4] read 07d0
ROM Debug: breakpoints[ 4] read 07d0
Stage 1: x_in=0117, breakpoint=07d0, delta_x=f93d
ROM Debug: breakpoints[ 4] read 07d0
Stage 2: delta_x=f947, slope=3ece, slope_term=fe575516
ROM Debug: breakpoints[ 4] read 07d0
Stage 3: y_out=f979, intercept=001c
Error at vector          27: Expected 0111, Got f983
ROM Debug: breakpoints[ 4] read 07d0
ROM Debug: breakpoints[ 4] read 07d0
ROM Debug: breakpoints[ 4] read 07d0
State: IDLE, x_valid received: 0122
ROM Debug: breakpoints[ 4] read 07d0
State: INIT, left= 4, right= 3
ROM Debug: breakpoints[ 4] read 07d0
State: SEARCH, left= 0, right=22, mid= 4
ROM Debug: breakpoints[ 4] read 07d0
State: SEARCH, left= 0, right= 3, mid=11
ROM Debug: breakpoints[ 4] read 07d0
State: SEARCH, left= 0, right=10, mid= 1
ROM Debug: breakpoints[ 4] read 07d0
State: SEARCH, left= 2, right=10, mid= 5
ROM Debug: breakpoints[ 4] read 07d0
State: SEARCH, left= 2, right= 4, mid= 6
ROM Debug: breakpoints[ 4] read 07d0
State: SEARCH, left= 2, right= 5, mid= 3
ROM Debug: breakpoints[ 4] read 07d0
State: SEARCH, left= 4, right= 5, mid= 3
ROM Debug: breakpoints[ 4] read 07d0
State: SEARCH, left= 4, right= 5, mid= 4
ROM Debug: breakpoints[ 4] read 07d0
State: DONE, segment_idx= 4
ROM Debug: breakpoints[ 4] read 07d0
Debug: Input=0122, Found segment_idx= 4, Breakpoint=0000
ROM Debug: breakpoints[ 4] read 07d0
ROM Debug: breakpoints[ 4] read 07d0
ROM Debug: breakpoints[ 4] read 07d0
ROM Debug: breakpoints[ 4] read 07d0
Stage 1: x_in=0122, breakpoint=07d0, delta_x=f947
ROM Debug: breakpoints[ 4] read 07d0
Stage 2: delta_x=f952, slope=3ece, slope_term=fe59c922
ROM Debug: breakpoints[ 4] read 07d0
Stage 3: y_out=f983, intercept=001c
Error at vector          28: Expected 011a, Got f98d
ROM Debug: breakpoints[ 4] read 07d0
ROM Debug: breakpoints[ 4] read 07d0
ROM Debug: breakpoints[ 4] read 07d0
State: IDLE, x_valid received: 012c
ROM Debug: breakpoints[ 4] read 07d0
State: INIT, left= 4, right= 3
ROM Debug: breakpoints[ 4] read 07d0
State: SEARCH, left= 0, right=22, mid= 4
ROM Debug: breakpoints[ 4] read 07d0
State: SEARCH, left= 0, right= 3, mid=11
ROM Debug: breakpoints[ 4] read 07d0
State: SEARCH, left= 0, right=10, mid= 1
ROM Debug: breakpoints[ 4] read 07d0
State: SEARCH, left= 2, right=10, mid= 5
ROM Debug: breakpoints[ 4] read 07d0
State: SEARCH, left= 2, right= 4, mid= 6
ROM Debug: breakpoints[ 4] read 07d0
State: SEARCH, left= 2, right= 5, mid= 3
ROM Debug: breakpoints[ 4] read 07d0
State: SEARCH, left= 4, right= 5, mid= 3
ROM Debug: breakpoints[ 4] read 07d0
State: SEARCH, left= 4, right= 5, mid= 4
ROM Debug: breakpoints[ 4] read 07d0
State: DONE, segment_idx= 4
ROM Debug: breakpoints[ 4] read 07d0
Debug: Input=012c, Found segment_idx= 4, Breakpoint=0000
ROM Debug: breakpoints[ 4] read 07d0
ROM Debug: breakpoints[ 4] read 07d0
ROM Debug: breakpoints[ 4] read 07d0
ROM Debug: breakpoints[ 4] read 07d0
Stage 1: x_in=012c, breakpoint=07d0, delta_x=f952
ROM Debug: breakpoints[ 4] read 07d0
Stage 2: delta_x=f95c, slope=3ece, slope_term=fe5c7bfc
ROM Debug: breakpoints[ 4] read 07d0
Stage 3: y_out=f98d, intercept=001c
Error at vector          29: Expected 0124, Got f997
ROM Debug: breakpoints[ 4] read 07d0
ROM Debug: breakpoints[ 4] read 07d0
ROM Debug: breakpoints[ 4] read 07d0
State: IDLE, x_valid received: 0136
ROM Debug: breakpoints[ 4] read 07d0
State: INIT, left= 4, right= 3
ROM Debug: breakpoints[ 4] read 07d0
State: SEARCH, left= 0, right=22, mid= 4
ROM Debug: breakpoints[ 4] read 07d0
State: SEARCH, left= 0, right= 3, mid=11
ROM Debug: breakpoints[ 4] read 07d0
State: SEARCH, left= 0, right=10, mid= 1
ROM Debug: breakpoints[ 4] read 07d0
State: SEARCH, left= 2, right=10, mid= 5
ROM Debug: breakpoints[ 4] read 07d0
State: SEARCH, left= 2, right= 4, mid= 6
ROM Debug: breakpoints[ 4] read 07d0
State: SEARCH, left= 2, right= 5, mid= 3
ROM Debug: breakpoints[ 4] read 07d0
State: SEARCH, left= 4, right= 5, mid= 3
ROM Debug: breakpoints[ 4] read 07d0
State: SEARCH, left= 4, right= 5, mid= 4
ROM Debug: breakpoints[ 4] read 07d0
State: DONE, segment_idx= 4
ROM Debug: breakpoints[ 4] read 07d0
Debug: Input=0136, Found segment_idx= 4, Breakpoint=0000
ROM Debug: breakpoints[ 4] read 07d0
ROM Debug: breakpoints[ 4] read 07d0
ROM Debug: breakpoints[ 4] read 07d0
ROM Debug: breakpoints[ 4] read 07d0
Stage 1: x_in=0136, breakpoint=07d0, delta_x=f95c
ROM Debug: breakpoints[ 4] read 07d0
Stage 2: delta_x=f966, slope=3ece, slope_term=fe5ef008
ROM Debug: breakpoints[ 4] read 07d0
Stage 3: y_out=f997, intercept=001c
Error at vector          30: Expected 012d, Got f9a1
ROM Debug: breakpoints[ 4] read 07d0
ROM Debug: breakpoints[ 4] read 07d0
ROM Debug: breakpoints[ 4] read 07d0
State: IDLE, x_valid received: 0141
ROM Debug: breakpoints[ 4] read 07d0
State: INIT, left= 4, right= 3
ROM Debug: breakpoints[ 4] read 07d0
State: SEARCH, left= 0, right=22, mid= 4
ROM Debug: breakpoints[ 4] read 07d0
State: SEARCH, left= 0, right= 3, mid=11
ROM Debug: breakpoints[ 4] read 07d0
State: SEARCH, left= 0, right=10, mid= 1
ROM Debug: breakpoints[ 4] read 07d0
State: SEARCH, left= 2, right=10, mid= 5
ROM Debug: breakpoints[ 4] read 07d0
State: SEARCH, left= 2, right= 4, mid= 6
ROM Debug: breakpoints[ 4] read 07d0
State: SEARCH, left= 2, right= 5, mid= 3
ROM Debug: breakpoints[ 4] read 07d0
State: SEARCH, left= 4, right= 5, mid= 3
ROM Debug: breakpoints[ 4] read 07d0
State: SEARCH, left= 4, right= 5, mid= 4
ROM Debug: breakpoints[ 4] read 07d0
State: DONE, segment_idx= 4
ROM Debug: breakpoints[ 4] read 07d0
Debug: Input=0141, Found segment_idx= 4, Breakpoint=0000
ROM Debug: breakpoints[ 4] read 07d0
ROM Debug: breakpoints[ 4] read 07d0
ROM Debug: breakpoints[ 4] read 07d0
ROM Debug: breakpoints[ 4] read 07d0
Stage 1: x_in=0141, breakpoint=07d0, delta_x=f966
ROM Debug: breakpoints[ 4] read 07d0
Stage 2: delta_x=f971, slope=3ece, slope_term=fe616414
ROM Debug: breakpoints[ 4] read 07d0
Stage 3: y_out=f9a1, intercept=001c
Error at vector          31: Expected 0137, Got f9ac
ROM Debug: breakpoints[ 4] read 07d0
ROM Debug: breakpoints[ 4] read 07d0
ROM Debug: breakpoints[ 4] read 07d0
State: IDLE, x_valid received: 014b
ROM Debug: breakpoints[ 4] read 07d0
State: INIT, left= 4, right= 3
ROM Debug: breakpoints[ 4] read 07d0
State: SEARCH, left= 0, right=22, mid= 4
ROM Debug: breakpoints[ 4] read 07d0
State: SEARCH, left= 0, right= 3, mid=11
ROM Debug: breakpoints[ 4] read 07d0
State: SEARCH, left= 0, right=10, mid= 1
ROM Debug: breakpoints[ 4] read 07d0
State: SEARCH, left= 2, right=10, mid= 5
ROM Debug: breakpoints[ 4] read 07d0
State: SEARCH, left= 2, right= 4, mid= 6
ROM Debug: breakpoints[ 4] read 07d0
State: SEARCH, left= 2, right= 5, mid= 3
ROM Debug: breakpoints[ 4] read 07d0
State: SEARCH, left= 4, right= 5, mid= 3
ROM Debug: breakpoints[ 4] read 07d0
State: SEARCH, left= 4, right= 5, mid= 4
ROM Debug: breakpoints[ 4] read 07d0
State: DONE, segment_idx= 4
ROM Debug: breakpoints[ 4] read 07d0
Debug: Input=014b, Found segment_idx= 4, Breakpoint=0000
ROM Debug: breakpoints[ 4] read 07d0
ROM Debug: breakpoints[ 4] read 07d0
ROM Debug: breakpoints[ 4] read 07d0
ROM Debug: breakpoints[ 4] read 07d0
Stage 1: x_in=014b, breakpoint=07d0, delta_x=f971
ROM Debug: breakpoints[ 4] read 07d0
Stage 2: delta_x=f97b, slope=3ece, slope_term=fe6416ee
ROM Debug: breakpoints[ 4] read 07d0
Stage 3: y_out=f9ac, intercept=001c
Error at vector          32: Expected 0140, Got f9b6
ROM Debug: breakpoints[ 4] read 07d0
ROM Debug: breakpoints[ 4] read 07d0
ROM Debug: breakpoints[ 4] read 07d0
State: IDLE, x_valid received: 0155
ROM Debug: breakpoints[ 4] read 07d0
State: INIT, left= 4, right= 3
ROM Debug: breakpoints[ 4] read 07d0
State: SEARCH, left= 0, right=22, mid= 4
ROM Debug: breakpoints[ 4] read 07d0
State: SEARCH, left= 0, right= 3, mid=11
ROM Debug: breakpoints[ 4] read 07d0
State: SEARCH, left= 0, right=10, mid= 1
ROM Debug: breakpoints[ 4] read 07d0
State: SEARCH, left= 2, right=10, mid= 5
ROM Debug: breakpoints[ 4] read 07d0
State: SEARCH, left= 2, right= 4, mid= 6
ROM Debug: breakpoints[ 4] read 07d0
State: SEARCH, left= 2, right= 5, mid= 3
ROM Debug: breakpoints[ 4] read 07d0
State: SEARCH, left= 4, right= 5, mid= 3
ROM Debug: breakpoints[ 4] read 07d0
State: SEARCH, left= 4, right= 5, mid= 4
ROM Debug: breakpoints[ 4] read 07d0
State: DONE, segment_idx= 4
ROM Debug: breakpoints[ 4] read 07d0
Debug: Input=0155, Found segment_idx= 4, Breakpoint=0000
ROM Debug: breakpoints[ 4] read 07d0
ROM Debug: breakpoints[ 4] read 07d0
ROM Debug: breakpoints[ 4] read 07d0
ROM Debug: breakpoints[ 4] read 07d0
Stage 1: x_in=0155, breakpoint=07d0, delta_x=f97b
ROM Debug: breakpoints[ 4] read 07d0
Stage 2: delta_x=f985, slope=3ece, slope_term=fe668afa
ROM Debug: breakpoints[ 4] read 07d0
Stage 3: y_out=f9b6, intercept=001c
Error at vector          33: Expected 0149, Got f9bf
ROM Debug: breakpoints[ 4] read 07d0
ROM Debug: breakpoints[ 4] read 07d0
ROM Debug: breakpoints[ 4] read 07d0
State: IDLE, x_valid received: 0160
ROM Debug: breakpoints[ 4] read 07d0
State: INIT, left= 4, right= 3
ROM Debug: breakpoints[ 4] read 07d0
State: SEARCH, left= 0, right=22, mid= 4
ROM Debug: breakpoints[ 4] read 07d0
State: SEARCH, left= 0, right= 3, mid=11
ROM Debug: breakpoints[ 4] read 07d0
State: SEARCH, left= 0, right=10, mid= 1
ROM Debug: breakpoints[ 4] read 07d0
State: SEARCH, left= 2, right=10, mid= 5
ROM Debug: breakpoints[ 4] read 07d0
State: SEARCH, left= 2, right= 4, mid= 6
ROM Debug: breakpoints[ 4] read 07d0
State: SEARCH, left= 2, right= 5, mid= 3
ROM Debug: breakpoints[ 4] read 07d0
State: SEARCH, left= 4, right= 5, mid= 3
ROM Debug: breakpoints[ 4] read 07d0
State: SEARCH, left= 4, right= 5, mid= 4
ROM Debug: breakpoints[ 4] read 07d0
State: DONE, segment_idx= 4
ROM Debug: breakpoints[ 4] read 07d0
Debug: Input=0160, Found segment_idx= 4, Breakpoint=0000
ROM Debug: breakpoints[ 4] read 07d0
ROM Debug: breakpoints[ 4] read 07d0
ROM Debug: breakpoints[ 4] read 07d0
ROM Debug: breakpoints[ 4] read 07d0
Stage 1: x_in=0160, breakpoint=07d0, delta_x=f985
ROM Debug: breakpoints[ 4] read 07d0
Stage 2: delta_x=f990, slope=3ece, slope_term=fe68ff06
ROM Debug: breakpoints[ 4] read 07d0
Stage 3: y_out=f9bf, intercept=001c
Error at vector          34: Expected 0152, Got f9ca
ROM Debug: breakpoints[ 4] read 07d0
ROM Debug: breakpoints[ 4] read 07d0
ROM Debug: breakpoints[ 4] read 07d0
State: IDLE, x_valid received: 016a
ROM Debug: breakpoints[ 4] read 07d0
State: INIT, left= 4, right= 3
ROM Debug: breakpoints[ 4] read 07d0
State: SEARCH, left= 0, right=22, mid= 4
ROM Debug: breakpoints[ 4] read 07d0
State: SEARCH, left= 0, right= 3, mid=11
ROM Debug: breakpoints[ 4] read 07d0
State: SEARCH, left= 0, right=10, mid= 1
ROM Debug: breakpoints[ 4] read 07d0
State: SEARCH, left= 2, right=10, mid= 5
ROM Debug: breakpoints[ 4] read 07d0
State: SEARCH, left= 2, right= 4, mid= 6
ROM Debug: breakpoints[ 4] read 07d0
State: SEARCH, left= 2, right= 5, mid= 3
ROM Debug: breakpoints[ 4] read 07d0
State: SEARCH, left= 4, right= 5, mid= 3
ROM Debug: breakpoints[ 4] read 07d0
State: SEARCH, left= 4, right= 5, mid= 4
ROM Debug: breakpoints[ 4] read 07d0
State: DONE, segment_idx= 4
ROM Debug: breakpoints[ 4] read 07d0
Debug: Input=016a, Found segment_idx= 4, Breakpoint=0000
ROM Debug: breakpoints[ 4] read 07d0
ROM Debug: breakpoints[ 4] read 07d0
ROM Debug: breakpoints[ 4] read 07d0
ROM Debug: breakpoints[ 4] read 07d0
Stage 1: x_in=016a, breakpoint=07d0, delta_x=f990
ROM Debug: breakpoints[ 4] read 07d0
Stage 2: delta_x=f99a, slope=3ece, slope_term=fe6bb1e0
ROM Debug: breakpoints[ 4] read 07d0
Stage 3: y_out=f9ca, intercept=001c
Error at vector          35: Expected 015c, Got f9d4
ROM Debug: breakpoints[ 4] read 07d0
ROM Debug: breakpoints[ 4] read 07d0
ROM Debug: breakpoints[ 4] read 07d0
State: IDLE, x_valid received: 0174
ROM Debug: breakpoints[ 4] read 07d0
State: INIT, left= 4, right= 3
ROM Debug: breakpoints[ 4] read 07d0
State: SEARCH, left= 0, right=22, mid= 4
ROM Debug: breakpoints[ 4] read 07d0
State: SEARCH, left= 0, right= 3, mid=11
ROM Debug: breakpoints[ 4] read 07d0
State: SEARCH, left= 0, right=10, mid= 1
ROM Debug: breakpoints[ 4] read 07d0
State: SEARCH, left= 2, right=10, mid= 5
ROM Debug: breakpoints[ 4] read 07d0
State: SEARCH, left= 2, right= 4, mid= 6
ROM Debug: breakpoints[ 4] read 07d0
State: SEARCH, left= 2, right= 5, mid= 3
ROM Debug: breakpoints[ 4] read 07d0
State: SEARCH, left= 4, right= 5, mid= 3
ROM Debug: breakpoints[ 4] read 07d0
State: SEARCH, left= 4, right= 5, mid= 4
ROM Debug: breakpoints[ 4] read 07d0
State: DONE, segment_idx= 4
ROM Debug: breakpoints[ 4] read 07d0
Debug: Input=0174, Found segment_idx= 4, Breakpoint=0000
ROM Debug: breakpoints[ 4] read 07d0
ROM Debug: breakpoints[ 4] read 07d0
ROM Debug: breakpoints[ 4] read 07d0
ROM Debug: breakpoints[ 4] read 07d0
Stage 1: x_in=0174, breakpoint=07d0, delta_x=f99a
ROM Debug: breakpoints[ 4] read 07d0
Stage 2: delta_x=f9a4, slope=3ece, slope_term=fe6e25ec
ROM Debug: breakpoints[ 4] read 07d0
Stage 3: y_out=f9d4, intercept=001c
Error at vector          36: Expected 0165, Got f9de
ROM Debug: breakpoints[ 4] read 07d0
ROM Debug: breakpoints[ 4] read 07d0
ROM Debug: breakpoints[ 4] read 07d0
State: IDLE, x_valid received: 017f
ROM Debug: breakpoints[ 4] read 07d0
State: INIT, left= 4, right= 3
ROM Debug: breakpoints[ 4] read 07d0
State: SEARCH, left= 0, right=22, mid= 4
ROM Debug: breakpoints[ 4] read 07d0
State: SEARCH, left= 0, right= 3, mid=11
ROM Debug: breakpoints[ 4] read 07d0
State: SEARCH, left= 0, right=10, mid= 1
ROM Debug: breakpoints[ 4] read 07d0
State: SEARCH, left= 2, right=10, mid= 5
ROM Debug: breakpoints[ 4] read 07d0
State: SEARCH, left= 2, right= 4, mid= 6
ROM Debug: breakpoints[ 4] read 07d0
State: SEARCH, left= 2, right= 5, mid= 3
ROM Debug: breakpoints[ 4] read 07d0
State: SEARCH, left= 4, right= 5, mid= 3
ROM Debug: breakpoints[ 4] read 07d0
State: SEARCH, left= 4, right= 5, mid= 4
ROM Debug: breakpoints[ 4] read 07d0
State: DONE, segment_idx= 4
ROM Debug: breakpoints[ 4] read 07d0
Debug: Input=017f, Found segment_idx= 4, Breakpoint=0000
ROM Debug: breakpoints[ 4] read 07d0
ROM Debug: breakpoints[ 4] read 07d0
ROM Debug: breakpoints[ 4] read 07d0
ROM Debug: breakpoints[ 4] read 07d0
Stage 1: x_in=017f, breakpoint=07d0, delta_x=f9a4
ROM Debug: breakpoints[ 4] read 07d0
Stage 2: delta_x=f9af, slope=3ece, slope_term=fe7099f8
ROM Debug: breakpoints[ 4] read 07d0
Stage 3: y_out=f9de, intercept=001c
Error at vector          37: Expected 016e, Got f9e9
ROM Debug: breakpoints[ 4] read 07d0
ROM Debug: breakpoints[ 4] read 07d0
ROM Debug: breakpoints[ 4] read 07d0
State: IDLE, x_valid received: 0189
ROM Debug: breakpoints[ 4] read 07d0
State: INIT, left= 4, right= 3
ROM Debug: breakpoints[ 4] read 07d0
State: SEARCH, left= 0, right=22, mid= 4
ROM Debug: breakpoints[ 4] read 07d0
State: SEARCH, left= 0, right= 3, mid=11
ROM Debug: breakpoints[ 4] read 07d0
State: SEARCH, left= 0, right=10, mid= 1
ROM Debug: breakpoints[ 4] read 07d0
State: SEARCH, left= 2, right=10, mid= 5
ROM Debug: breakpoints[ 4] read 07d0
State: SEARCH, left= 2, right= 4, mid= 6
ROM Debug: breakpoints[ 4] read 07d0
State: SEARCH, left= 2, right= 5, mid= 3
ROM Debug: breakpoints[ 4] read 07d0
State: SEARCH, left= 4, right= 5, mid= 3
ROM Debug: breakpoints[ 4] read 07d0
State: SEARCH, left= 4, right= 5, mid= 4
ROM Debug: breakpoints[ 4] read 07d0
State: DONE, segment_idx= 4
ROM Debug: breakpoints[ 4] read 07d0
Debug: Input=0189, Found segment_idx= 4, Breakpoint=0000
ROM Debug: breakpoints[ 4] read 07d0
ROM Debug: breakpoints[ 4] read 07d0
ROM Debug: breakpoints[ 4] read 07d0
ROM Debug: breakpoints[ 4] read 07d0
Stage 1: x_in=0189, breakpoint=07d0, delta_x=f9af
ROM Debug: breakpoints[ 4] read 07d0
Stage 2: delta_x=f9b9, slope=3ece, slope_term=fe734cd2
ROM Debug: breakpoints[ 4] read 07d0
Stage 3: y_out=f9e9, intercept=001c
Error at vector          38: Expected 0177, Got f9f3
ROM Debug: breakpoints[ 4] read 07d0
ROM Debug: breakpoints[ 4] read 07d0
ROM Debug: breakpoints[ 4] read 07d0
State: IDLE, x_valid received: 0193
ROM Debug: breakpoints[ 4] read 07d0
State: INIT, left= 4, right= 3
ROM Debug: breakpoints[ 4] read 07d0
State: SEARCH, left= 0, right=22, mid= 4
ROM Debug: breakpoints[ 4] read 07d0
State: SEARCH, left= 0, right= 3, mid=11
ROM Debug: breakpoints[ 4] read 07d0
State: SEARCH, left= 0, right=10, mid= 1
ROM Debug: breakpoints[ 4] read 07d0
State: SEARCH, left= 2, right=10, mid= 5
ROM Debug: breakpoints[ 4] read 07d0
State: SEARCH, left= 2, right= 4, mid= 6
ROM Debug: breakpoints[ 4] read 07d0
State: SEARCH, left= 2, right= 5, mid= 3
ROM Debug: breakpoints[ 4] read 07d0
State: SEARCH, left= 4, right= 5, mid= 3
ROM Debug: breakpoints[ 4] read 07d0
State: SEARCH, left= 4, right= 5, mid= 4
ROM Debug: breakpoints[ 4] read 07d0
State: DONE, segment_idx= 4
ROM Debug: breakpoints[ 4] read 07d0
Debug: Input=0193, Found segment_idx= 4, Breakpoint=0000
ROM Debug: breakpoints[ 4] read 07d0
ROM Debug: breakpoints[ 4] read 07d0
ROM Debug: breakpoints[ 4] read 07d0
ROM Debug: breakpoints[ 4] read 07d0
Stage 1: x_in=0193, breakpoint=07d0, delta_x=f9b9
ROM Debug: breakpoints[ 4] read 07d0
Stage 2: delta_x=f9c3, slope=3ece, slope_term=fe75c0de
ROM Debug: breakpoints[ 4] read 07d0
Stage 3: y_out=f9f3, intercept=001c
Error at vector          39: Expected 0180, Got f9fc
ROM Debug: breakpoints[ 4] read 07d0
ROM Debug: breakpoints[ 4] read 07d0
ROM Debug: breakpoints[ 4] read 07d0
State: IDLE, x_valid received: 019e
ROM Debug: breakpoints[ 4] read 07d0
State: INIT, left= 4, right= 3
ROM Debug: breakpoints[ 4] read 07d0
State: SEARCH, left= 0, right=22, mid= 4
ROM Debug: breakpoints[ 4] read 07d0
State: SEARCH, left= 0, right= 3, mid=11
ROM Debug: breakpoints[ 4] read 07d0
State: SEARCH, left= 0, right=10, mid= 1
ROM Debug: breakpoints[ 4] read 07d0
State: SEARCH, left= 2, right=10, mid= 5
ROM Debug: breakpoints[ 4] read 07d0
State: SEARCH, left= 2, right= 4, mid= 6
ROM Debug: breakpoints[ 4] read 07d0
State: SEARCH, left= 2, right= 5, mid= 3
ROM Debug: breakpoints[ 4] read 07d0
State: SEARCH, left= 4, right= 5, mid= 3
ROM Debug: breakpoints[ 4] read 07d0
State: SEARCH, left= 4, right= 5, mid= 4
ROM Debug: breakpoints[ 4] read 07d0
State: DONE, segment_idx= 4
ROM Debug: breakpoints[ 4] read 07d0
Debug: Input=019e, Found segment_idx= 4, Breakpoint=0000
ROM Debug: breakpoints[ 4] read 07d0
ROM Debug: breakpoints[ 4] read 07d0
ROM Debug: breakpoints[ 4] read 07d0
ROM Debug: breakpoints[ 4] read 07d0
Stage 1: x_in=019e, breakpoint=07d0, delta_x=f9c3
ROM Debug: breakpoints[ 4] read 07d0
Stage 2: delta_x=f9ce, slope=3ece, slope_term=fe7834ea
ROM Debug: breakpoints[ 4] read 07d0
Stage 3: y_out=f9fc, intercept=001c
Error at vector          40: Expected 0189, Got fa07
ROM Debug: breakpoints[ 4] read 07d0
ROM Debug: breakpoints[ 4] read 07d0
ROM Debug: breakpoints[ 4] read 07d0
State: IDLE, x_valid received: 01a8
ROM Debug: breakpoints[ 4] read 07d0
State: INIT, left= 4, right= 3
ROM Debug: breakpoints[ 4] read 07d0
State: SEARCH, left= 0, right=22, mid= 4
ROM Debug: breakpoints[ 4] read 07d0
State: SEARCH, left= 0, right= 3, mid=11
ROM Debug: breakpoints[ 4] read 07d0
State: SEARCH, left= 0, right=10, mid= 1
ROM Debug: breakpoints[ 4] read 07d0
State: SEARCH, left= 2, right=10, mid= 5
ROM Debug: breakpoints[ 4] read 07d0
State: SEARCH, left= 2, right= 4, mid= 6
ROM Debug: breakpoints[ 4] read 07d0
State: SEARCH, left= 2, right= 5, mid= 3
ROM Debug: breakpoints[ 4] read 07d0
State: SEARCH, left= 4, right= 5, mid= 3
ROM Debug: breakpoints[ 4] read 07d0
State: SEARCH, left= 4, right= 5, mid= 4
ROM Debug: breakpoints[ 4] read 07d0
State: DONE, segment_idx= 4
ROM Debug: breakpoints[ 4] read 07d0
Debug: Input=01a8, Found segment_idx= 4, Breakpoint=0000
ROM Debug: breakpoints[ 4] read 07d0
ROM Debug: breakpoints[ 4] read 07d0
ROM Debug: breakpoints[ 4] read 07d0
ROM Debug: breakpoints[ 4] read 07d0
Stage 1: x_in=01a8, breakpoint=07d0, delta_x=f9ce
ROM Debug: breakpoints[ 4] read 07d0
Stage 2: delta_x=f9d8, slope=3ece, slope_term=fe7ae7c4
ROM Debug: breakpoints[ 4] read 07d0
Stage 3: y_out=fa07, intercept=001c
Error at vector          41: Expected 0191, Got fa11
ROM Debug: breakpoints[ 4] read 07d0
ROM Debug: breakpoints[ 4] read 07d0
ROM Debug: breakpoints[ 4] read 07d0
State: IDLE, x_valid received: 01b2
ROM Debug: breakpoints[ 4] read 07d0
State: INIT, left= 4, right= 3
ROM Debug: breakpoints[ 4] read 07d0
State: SEARCH, left= 0, right=22, mid= 4
ROM Debug: breakpoints[ 4] read 07d0
State: SEARCH, left= 0, right= 3, mid=11
ROM Debug: breakpoints[ 4] read 07d0
State: SEARCH, left= 0, right=10, mid= 1
ROM Debug: breakpoints[ 4] read 07d0
State: SEARCH, left= 2, right=10, mid= 5
ROM Debug: breakpoints[ 4] read 07d0
State: SEARCH, left= 2, right= 4, mid= 6
ROM Debug: breakpoints[ 4] read 07d0
State: SEARCH, left= 2, right= 5, mid= 3
ROM Debug: breakpoints[ 4] read 07d0
State: SEARCH, left= 4, right= 5, mid= 3
ROM Debug: breakpoints[ 4] read 07d0
State: SEARCH, left= 4, right= 5, mid= 4
ROM Debug: breakpoints[ 4] read 07d0
State: DONE, segment_idx= 4
ROM Debug: breakpoints[ 4] read 07d0
Debug: Input=01b2, Found segment_idx= 4, Breakpoint=0000
ROM Debug: breakpoints[ 4] read 07d0
ROM Debug: breakpoints[ 4] read 07d0
ROM Debug: breakpoints[ 4] read 07d0
ROM Debug: breakpoints[ 4] read 07d0
Stage 1: x_in=01b2, breakpoint=07d0, delta_x=f9d8
ROM Debug: breakpoints[ 4] read 07d0
Stage 2: delta_x=f9e2, slope=3ece, slope_term=fe7d5bd0
ROM Debug: breakpoints[ 4] read 07d0
Stage 3: y_out=fa11, intercept=001c
Error at vector          42: Expected 019a, Got fa1b
ROM Debug: breakpoints[ 4] read 07d0
ROM Debug: breakpoints[ 4] read 07d0
ROM Debug: breakpoints[ 4] read 07d0
State: IDLE, x_valid received: 01bd
ROM Debug: breakpoints[ 4] read 07d0
State: INIT, left= 4, right= 3
ROM Debug: breakpoints[ 4] read 07d0
State: SEARCH, left= 0, right=22, mid= 4
ROM Debug: breakpoints[ 4] read 07d0
State: SEARCH, left= 0, right= 3, mid=11
ROM Debug: breakpoints[ 4] read 07d0
State: SEARCH, left= 0, right=10, mid= 1
ROM Debug: breakpoints[ 4] read 07d0
State: SEARCH, left= 2, right=10, mid= 5
ROM Debug: breakpoints[ 4] read 07d0
State: SEARCH, left= 2, right= 4, mid= 6
ROM Debug: breakpoints[ 4] read 07d0
State: SEARCH, left= 2, right= 5, mid= 3
ROM Debug: breakpoints[ 4] read 07d0
State: SEARCH, left= 4, right= 5, mid= 3
ROM Debug: breakpoints[ 4] read 07d0
State: SEARCH, left= 4, right= 5, mid= 4
ROM Debug: breakpoints[ 4] read 07d0
State: DONE, segment_idx= 4
ROM Debug: breakpoints[ 4] read 07d0
Debug: Input=01bd, Found segment_idx= 4, Breakpoint=0000
ROM Debug: breakpoints[ 4] read 07d0
ROM Debug: breakpoints[ 4] read 07d0
ROM Debug: breakpoints[ 4] read 07d0
ROM Debug: breakpoints[ 4] read 07d0
Stage 1: x_in=01bd, breakpoint=07d0, delta_x=f9e2
ROM Debug: breakpoints[ 4] read 07d0
Stage 2: delta_x=f9ed, slope=3ece, slope_term=fe7fcfdc
ROM Debug: breakpoints[ 4] read 07d0
Stage 3: y_out=fa1b, intercept=001c
Error at vector          43: Expected 01a3, Got fa26
ROM Debug: breakpoints[ 4] read 07d0
ROM Debug: breakpoints[ 4] read 07d0
ROM Debug: breakpoints[ 4] read 07d0
State: IDLE, x_valid received: 01c7
ROM Debug: breakpoints[ 4] read 07d0
State: INIT, left= 4, right= 3
ROM Debug: breakpoints[ 4] read 07d0
State: SEARCH, left= 0, right=22, mid= 4
ROM Debug: breakpoints[ 4] read 07d0
State: SEARCH, left= 0, right= 3, mid=11
ROM Debug: breakpoints[ 4] read 07d0
State: SEARCH, left= 0, right=10, mid= 1
ROM Debug: breakpoints[ 4] read 07d0
State: SEARCH, left= 2, right=10, mid= 5
ROM Debug: breakpoints[ 4] read 07d0
State: SEARCH, left= 2, right= 4, mid= 6
ROM Debug: breakpoints[ 4] read 07d0
State: SEARCH, left= 2, right= 5, mid= 3
ROM Debug: breakpoints[ 4] read 07d0
State: SEARCH, left= 4, right= 5, mid= 3
ROM Debug: breakpoints[ 4] read 07d0
State: SEARCH, left= 4, right= 5, mid= 4
ROM Debug: breakpoints[ 4] read 07d0
State: DONE, segment_idx= 4
ROM Debug: breakpoints[ 4] read 07d0
Debug: Input=01c7, Found segment_idx= 4, Breakpoint=0000
ROM Debug: breakpoints[ 4] read 07d0
ROM Debug: breakpoints[ 4] read 07d0
ROM Debug: breakpoints[ 4] read 07d0
ROM Debug: breakpoints[ 4] read 07d0
Stage 1: x_in=01c7, breakpoint=07d0, delta_x=f9ed
ROM Debug: breakpoints[ 4] read 07d0
Stage 2: delta_x=f9f7, slope=3ece, slope_term=fe8282b6
ROM Debug: breakpoints[ 4] read 07d0
Stage 3: y_out=fa26, intercept=001c
Error at vector          44: Expected 01ab, Got fa2f
ROM Debug: breakpoints[ 4] read 07d0
ROM Debug: breakpoints[ 4] read 07d0
ROM Debug: breakpoints[ 4] read 07d0
State: IDLE, x_valid received: 01d1
ROM Debug: breakpoints[ 4] read 07d0
State: INIT, left= 4, right= 3
ROM Debug: breakpoints[ 4] read 07d0
State: SEARCH, left= 0, right=22, mid= 4
ROM Debug: breakpoints[ 4] read 07d0
State: SEARCH, left= 0, right= 3, mid=11
ROM Debug: breakpoints[ 4] read 07d0
State: SEARCH, left= 0, right=10, mid= 1
ROM Debug: breakpoints[ 4] read 07d0
State: SEARCH, left= 2, right=10, mid= 5
ROM Debug: breakpoints[ 4] read 07d0
State: SEARCH, left= 2, right= 4, mid= 6
ROM Debug: breakpoints[ 4] read 07d0
State: SEARCH, left= 2, right= 5, mid= 3
ROM Debug: breakpoints[ 4] read 07d0
State: SEARCH, left= 4, right= 5, mid= 3
ROM Debug: breakpoints[ 4] read 07d0
State: SEARCH, left= 4, right= 5, mid= 4
ROM Debug: breakpoints[ 4] read 07d0
State: DONE, segment_idx= 4
ROM Debug: breakpoints[ 4] read 07d0
Debug: Input=01d1, Found segment_idx= 4, Breakpoint=0000
ROM Debug: breakpoints[ 4] read 07d0
ROM Debug: breakpoints[ 4] read 07d0
ROM Debug: breakpoints[ 4] read 07d0
ROM Debug: breakpoints[ 4] read 07d0
Stage 1: x_in=01d1, breakpoint=07d0, delta_x=f9f7
ROM Debug: breakpoints[ 4] read 07d0
Stage 2: delta_x=fa01, slope=3ece, slope_term=fe84f6c2
ROM Debug: breakpoints[ 4] read 07d0
Stage 3: y_out=fa2f, intercept=001c
Error at vector          45: Expected 01b4, Got fa39
ROM Debug: breakpoints[ 4] read 07d0
ROM Debug: breakpoints[ 4] read 07d0
ROM Debug: breakpoints[ 4] read 07d0
State: IDLE, x_valid received: 01dc
ROM Debug: breakpoints[ 4] read 07d0
State: INIT, left= 4, right= 3
ROM Debug: breakpoints[ 4] read 07d0
State: SEARCH, left= 0, right=22, mid= 4
ROM Debug: breakpoints[ 4] read 07d0
State: SEARCH, left= 0, right= 3, mid=11
ROM Debug: breakpoints[ 4] read 07d0
State: SEARCH, left= 0, right=10, mid= 1
ROM Debug: breakpoints[ 4] read 07d0
State: SEARCH, left= 2, right=10, mid= 5
ROM Debug: breakpoints[ 4] read 07d0
State: SEARCH, left= 2, right= 4, mid= 6
ROM Debug: breakpoints[ 4] read 07d0
State: SEARCH, left= 2, right= 5, mid= 3
ROM Debug: breakpoints[ 4] read 07d0
State: SEARCH, left= 4, right= 5, mid= 3
ROM Debug: breakpoints[ 4] read 07d0
State: SEARCH, left= 4, right= 5, mid= 4
ROM Debug: breakpoints[ 4] read 07d0
State: DONE, segment_idx= 4
ROM Debug: breakpoints[ 4] read 07d0
Debug: Input=01dc, Found segment_idx= 4, Breakpoint=0000
ROM Debug: breakpoints[ 4] read 07d0
ROM Debug: breakpoints[ 4] read 07d0
ROM Debug: breakpoints[ 4] read 07d0
ROM Debug: breakpoints[ 4] read 07d0
Stage 1: x_in=01dc, breakpoint=07d0, delta_x=fa01
ROM Debug: breakpoints[ 4] read 07d0
Stage 2: delta_x=fa0c, slope=3ece, slope_term=fe876ace
ROM Debug: breakpoints[ 4] read 07d0
Stage 3: y_out=fa39, intercept=001c
Error at vector          46: Expected 01bc, Got fa44
ROM Debug: breakpoints[ 4] read 07d0
ROM Debug: breakpoints[ 4] read 07d0
ROM Debug: breakpoints[ 4] read 07d0
State: IDLE, x_valid received: 01e6
ROM Debug: breakpoints[ 4] read 07d0
State: INIT, left= 4, right= 3
ROM Debug: breakpoints[ 4] read 07d0
State: SEARCH, left= 0, right=22, mid= 4
ROM Debug: breakpoints[ 4] read 07d0
State: SEARCH, left= 0, right= 3, mid=11
ROM Debug: breakpoints[ 4] read 07d0
State: SEARCH, left= 0, right=10, mid= 1
ROM Debug: breakpoints[ 4] read 07d0
State: SEARCH, left= 2, right=10, mid= 5
ROM Debug: breakpoints[ 4] read 07d0
State: SEARCH, left= 2, right= 4, mid= 6
ROM Debug: breakpoints[ 4] read 07d0
State: SEARCH, left= 2, right= 5, mid= 3
ROM Debug: breakpoints[ 4] read 07d0
State: SEARCH, left= 4, right= 5, mid= 3
ROM Debug: breakpoints[ 4] read 07d0
State: SEARCH, left= 4, right= 5, mid= 4
ROM Debug: breakpoints[ 4] read 07d0
State: DONE, segment_idx= 4
ROM Debug: breakpoints[ 4] read 07d0
Debug: Input=01e6, Found segment_idx= 4, Breakpoint=0000
ROM Debug: breakpoints[ 4] read 07d0
ROM Debug: breakpoints[ 4] read 07d0
ROM Debug: breakpoints[ 4] read 07d0
ROM Debug: breakpoints[ 4] read 07d0
Stage 1: x_in=01e6, breakpoint=07d0, delta_x=fa0c
ROM Debug: breakpoints[ 4] read 07d0
Stage 2: delta_x=fa16, slope=3ece, slope_term=fe8a1da8
ROM Debug: breakpoints[ 4] read 07d0
Stage 3: y_out=fa44, intercept=001c
Error at vector          47: Expected 01c5, Got fa4e
ROM Debug: breakpoints[ 4] read 07d0
ROM Debug: breakpoints[ 4] read 07d0
ROM Debug: breakpoints[ 4] read 07d0
State: IDLE, x_valid received: 01f0
ROM Debug: breakpoints[ 4] read 07d0
State: INIT, left= 4, right= 3
ROM Debug: breakpoints[ 4] read 07d0
State: SEARCH, left= 0, right=22, mid= 4
ROM Debug: breakpoints[ 4] read 07d0
State: SEARCH, left= 0, right= 3, mid=11
ROM Debug: breakpoints[ 4] read 07d0
State: SEARCH, left= 0, right=10, mid= 1
ROM Debug: breakpoints[ 4] read 07d0
State: SEARCH, left= 2, right=10, mid= 5
ROM Debug: breakpoints[ 4] read 07d0
State: SEARCH, left= 2, right= 4, mid= 6
ROM Debug: breakpoints[ 4] read 07d0
State: SEARCH, left= 2, right= 5, mid= 3
ROM Debug: breakpoints[ 4] read 07d0
State: SEARCH, left= 4, right= 5, mid= 3
ROM Debug: breakpoints[ 4] read 07d0
State: SEARCH, left= 4, right= 5, mid= 4
ROM Debug: breakpoints[ 4] read 07d0
State: DONE, segment_idx= 4
ROM Debug: breakpoints[ 4] read 07d0
Debug: Input=01f0, Found segment_idx= 4, Breakpoint=0000
ROM Debug: breakpoints[ 4] read 07d0
ROM Debug: breakpoints[ 4] read 07d0
ROM Debug: breakpoints[ 4] read 07d0
ROM Debug: breakpoints[ 4] read 07d0
Stage 1: x_in=01f0, breakpoint=07d0, delta_x=fa16
ROM Debug: breakpoints[ 4] read 07d0
Stage 2: delta_x=fa20, slope=3ece, slope_term=fe8c91b4
ROM Debug: breakpoints[ 4] read 07d0
Stage 3: y_out=fa4e, intercept=001c
Error at vector          48: Expected 01cd, Got fa58
ROM Debug: breakpoints[ 4] read 07d0
ROM Debug: breakpoints[ 4] read 07d0
ROM Debug: breakpoints[ 4] read 07d0
State: IDLE, x_valid received: 01fb
ROM Debug: breakpoints[ 4] read 07d0
State: INIT, left= 4, right= 3
ROM Debug: breakpoints[ 4] read 07d0
State: SEARCH, left= 0, right=22, mid= 4
ROM Debug: breakpoints[ 4] read 07d0
State: SEARCH, left= 0, right= 3, mid=11
ROM Debug: breakpoints[ 4] read 07d0
State: SEARCH, left= 0, right=10, mid= 1
ROM Debug: breakpoints[ 4] read 07d0
State: SEARCH, left= 2, right=10, mid= 5
ROM Debug: breakpoints[ 4] read 07d0
State: SEARCH, left= 2, right= 4, mid= 6
ROM Debug: breakpoints[ 4] read 07d0
State: SEARCH, left= 2, right= 5, mid= 3
ROM Debug: breakpoints[ 4] read 07d0
State: SEARCH, left= 4, right= 5, mid= 3
ROM Debug: breakpoints[ 4] read 07d0
State: SEARCH, left= 4, right= 5, mid= 4
ROM Debug: breakpoints[ 4] read 07d0
State: DONE, segment_idx= 4
ROM Debug: breakpoints[ 4] read 07d0
Debug: Input=01fb, Found segment_idx= 4, Breakpoint=0000
ROM Debug: breakpoints[ 4] read 07d0
ROM Debug: breakpoints[ 4] read 07d0
ROM Debug: breakpoints[ 4] read 07d0
ROM Debug: breakpoints[ 4] read 07d0
Stage 1: x_in=01fb, breakpoint=07d0, delta_x=fa20
ROM Debug: breakpoints[ 4] read 07d0
Stage 2: delta_x=fa2b, slope=3ece, slope_term=fe8f05c0
ROM Debug: breakpoints[ 4] read 07d0
Stage 3: y_out=fa58, intercept=001c
Error at vector          49: Expected 01d5, Got fa62
ROM Debug: breakpoints[ 4] read 07d0
ROM Debug: breakpoints[ 4] read 07d0
ROM Debug: breakpoints[ 4] read 07d0
State: IDLE, x_valid received: 0205
ROM Debug: breakpoints[ 4] read 07d0
State: INIT, left= 4, right= 3
ROM Debug: breakpoints[ 4] read 07d0
State: SEARCH, left= 0, right=22, mid= 4
ROM Debug: breakpoints[ 4] read 07d0
State: SEARCH, left= 0, right= 3, mid=11
ROM Debug: breakpoints[ 4] read 07d0
State: SEARCH, left= 0, right=10, mid= 1
ROM Debug: breakpoints[ 4] read 07d0
State: SEARCH, left= 2, right=10, mid= 5
ROM Debug: breakpoints[ 4] read 07d0
State: SEARCH, left= 2, right= 4, mid= 6
ROM Debug: breakpoints[ 4] read 07d0
State: SEARCH, left= 2, right= 5, mid= 3
ROM Debug: breakpoints[ 4] read 07d0
State: SEARCH, left= 4, right= 5, mid= 3
ROM Debug: breakpoints[ 4] read 07d0
State: SEARCH, left= 4, right= 5, mid= 4
ROM Debug: breakpoints[ 4] read 07d0
State: DONE, segment_idx= 4
ROM Debug: breakpoints[ 4] read 07d0
Debug: Input=0205, Found segment_idx= 4, Breakpoint=0000
ROM Debug: breakpoints[ 4] read 07d0
ROM Debug: breakpoints[ 4] read 07d0
ROM Debug: breakpoints[ 4] read 07d0
ROM Debug: breakpoints[ 4] read 07d0
Stage 1: x_in=0205, breakpoint=07d0, delta_x=fa2b
ROM Debug: breakpoints[ 4] read 07d0
Stage 2: delta_x=fa35, slope=3ece, slope_term=fe91b89a
ROM Debug: breakpoints[ 4] read 07d0
Stage 3: y_out=fa62, intercept=001c
Error at vector          50: Expected 01dd, Got fa6c
ROM Debug: breakpoints[ 4] read 07d0
ROM Debug: breakpoints[ 4] read 07d0
ROM Debug: breakpoints[ 4] read 07d0
State: IDLE, x_valid received: 0210
ROM Debug: breakpoints[ 4] read 07d0
State: INIT, left= 4, right= 3
ROM Debug: breakpoints[ 4] read 07d0
State: SEARCH, left= 0, right=22, mid= 4
ROM Debug: breakpoints[ 4] read 07d0
State: SEARCH, left= 0, right= 3, mid=11
ROM Debug: breakpoints[ 4] read 07d0
State: SEARCH, left= 0, right=10, mid= 1
ROM Debug: breakpoints[ 4] read 07d0
State: SEARCH, left= 2, right=10, mid= 5
ROM Debug: breakpoints[ 4] read 07d0
State: SEARCH, left= 2, right= 4, mid= 6
ROM Debug: breakpoints[ 4] read 07d0
State: SEARCH, left= 2, right= 5, mid= 3
ROM Debug: breakpoints[ 4] read 07d0
State: SEARCH, left= 4, right= 5, mid= 3
ROM Debug: breakpoints[ 4] read 07d0
State: SEARCH, left= 4, right= 5, mid= 4
ROM Debug: breakpoints[ 4] read 07d0
State: DONE, segment_idx= 4
ROM Debug: breakpoints[ 4] read 07d0
Debug: Input=0210, Found segment_idx= 4, Breakpoint=0000
ROM Debug: breakpoints[ 4] read 07d0
ROM Debug: breakpoints[ 4] read 07d0
ROM Debug: breakpoints[ 4] read 07d0
ROM Debug: breakpoints[ 4] read 07d0
Stage 1: x_in=0210, breakpoint=07d0, delta_x=fa35
ROM Debug: breakpoints[ 4] read 07d0
Stage 2: delta_x=fa40, slope=3ece, slope_term=fe942ca6
ROM Debug: breakpoints[ 4] read 07d0
Stage 3: y_out=fa6c, intercept=001c
Error at vector          51: Expected 01e5, Got fa77
ROM Debug: breakpoints[ 4] read 07d0
ROM Debug: breakpoints[ 4] read 07d0
ROM Debug: breakpoints[ 4] read 07d0
State: IDLE, x_valid received: 021a
ROM Debug: breakpoints[ 4] read 07d0
State: INIT, left= 4, right= 3
ROM Debug: breakpoints[ 4] read 07d0
State: SEARCH, left= 0, right=22, mid= 4
ROM Debug: breakpoints[ 4] read 07d0
State: SEARCH, left= 0, right= 3, mid=11
ROM Debug: breakpoints[ 4] read 07d0
State: SEARCH, left= 0, right=10, mid= 1
ROM Debug: breakpoints[ 4] read 07d0
State: SEARCH, left= 2, right=10, mid= 5
ROM Debug: breakpoints[ 4] read 07d0
State: SEARCH, left= 2, right= 4, mid= 6
ROM Debug: breakpoints[ 4] read 07d0
State: SEARCH, left= 2, right= 5, mid= 3
ROM Debug: breakpoints[ 4] read 07d0
State: SEARCH, left= 4, right= 5, mid= 3
ROM Debug: breakpoints[ 4] read 07d0
State: SEARCH, left= 4, right= 5, mid= 4
ROM Debug: breakpoints[ 4] read 07d0
State: DONE, segment_idx= 4
ROM Debug: breakpoints[ 4] read 07d0
Debug: Input=021a, Found segment_idx= 4, Breakpoint=0000
ROM Debug: breakpoints[ 4] read 07d0
ROM Debug: breakpoints[ 4] read 07d0
ROM Debug: breakpoints[ 4] read 07d0
ROM Debug: breakpoints[ 4] read 07d0
Stage 1: x_in=021a, breakpoint=07d0, delta_x=fa40
ROM Debug: breakpoints[ 4] read 07d0
Stage 2: delta_x=fa4a, slope=3ece, slope_term=fe96df80
ROM Debug: breakpoints[ 4] read 07d0
Stage 3: y_out=fa77, intercept=001c
Error at vector          52: Expected 01ed, Got fa81
ROM Debug: breakpoints[ 4] read 07d0
ROM Debug: breakpoints[ 4] read 07d0
ROM Debug: breakpoints[ 4] read 07d0
State: IDLE, x_valid received: 0224
ROM Debug: breakpoints[ 4] read 07d0
State: INIT, left= 4, right= 3
ROM Debug: breakpoints[ 4] read 07d0
State: SEARCH, left= 0, right=22, mid= 4
ROM Debug: breakpoints[ 4] read 07d0
State: SEARCH, left= 0, right= 3, mid=11
ROM Debug: breakpoints[ 4] read 07d0
State: SEARCH, left= 0, right=10, mid= 1
ROM Debug: breakpoints[ 4] read 07d0
State: SEARCH, left= 2, right=10, mid= 5
ROM Debug: breakpoints[ 4] read 07d0
State: SEARCH, left= 2, right= 4, mid= 6
ROM Debug: breakpoints[ 4] read 07d0
State: SEARCH, left= 2, right= 5, mid= 3
ROM Debug: breakpoints[ 4] read 07d0
State: SEARCH, left= 4, right= 5, mid= 3
ROM Debug: breakpoints[ 4] read 07d0
State: SEARCH, left= 4, right= 5, mid= 4
ROM Debug: breakpoints[ 4] read 07d0
State: DONE, segment_idx= 4
ROM Debug: breakpoints[ 4] read 07d0
Debug: Input=0224, Found segment_idx= 4, Breakpoint=0000
ROM Debug: breakpoints[ 4] read 07d0
ROM Debug: breakpoints[ 4] read 07d0
ROM Debug: breakpoints[ 4] read 07d0
ROM Debug: breakpoints[ 4] read 07d0
Stage 1: x_in=0224, breakpoint=07d0, delta_x=fa4a
ROM Debug: breakpoints[ 4] read 07d0
Stage 2: delta_x=fa54, slope=3ece, slope_term=fe99538c
ROM Debug: breakpoints[ 4] read 07d0
Stage 3: y_out=fa81, intercept=001c
Error at vector          53: Expected 01f5, Got fa8b
ROM Debug: breakpoints[ 4] read 07d0
ROM Debug: breakpoints[ 4] read 07d0
ROM Debug: breakpoints[ 4] read 07d0
State: IDLE, x_valid received: 022f
ROM Debug: breakpoints[ 4] read 07d0
State: INIT, left= 4, right= 3
ROM Debug: breakpoints[ 4] read 07d0
State: SEARCH, left= 0, right=22, mid= 4
ROM Debug: breakpoints[ 4] read 07d0
State: SEARCH, left= 0, right= 3, mid=11
ROM Debug: breakpoints[ 4] read 07d0
State: SEARCH, left= 0, right=10, mid= 1
ROM Debug: breakpoints[ 4] read 07d0
State: SEARCH, left= 2, right=10, mid= 5
ROM Debug: breakpoints[ 4] read 07d0
State: SEARCH, left= 2, right= 4, mid= 6
ROM Debug: breakpoints[ 4] read 07d0
State: SEARCH, left= 2, right= 5, mid= 3
ROM Debug: breakpoints[ 4] read 07d0
State: SEARCH, left= 4, right= 5, mid= 3
ROM Debug: breakpoints[ 4] read 07d0
State: SEARCH, left= 4, right= 5, mid= 4
ROM Debug: breakpoints[ 4] read 07d0
State: DONE, segment_idx= 4
ROM Debug: breakpoints[ 4] read 07d0
Debug: Input=022f, Found segment_idx= 4, Breakpoint=0000
ROM Debug: breakpoints[ 4] read 07d0
ROM Debug: breakpoints[ 4] read 07d0
ROM Debug: breakpoints[ 4] read 07d0
ROM Debug: breakpoints[ 4] read 07d0
Stage 1: x_in=022f, breakpoint=07d0, delta_x=fa54
ROM Debug: breakpoints[ 4] read 07d0
Stage 2: delta_x=fa5f, slope=3ece, slope_term=fe9bc798
ROM Debug: breakpoints[ 4] read 07d0
Stage 3: y_out=fa8b, intercept=001c
Error at vector          54: Expected 01fd, Got fa95
ROM Debug: breakpoints[ 4] read 07d0
ROM Debug: breakpoints[ 4] read 07d0
ROM Debug: breakpoints[ 4] read 07d0
State: IDLE, x_valid received: 0239
ROM Debug: breakpoints[ 4] read 07d0
State: INIT, left= 4, right= 3
ROM Debug: breakpoints[ 4] read 07d0
State: SEARCH, left= 0, right=22, mid= 4
ROM Debug: breakpoints[ 4] read 07d0
State: SEARCH, left= 0, right= 3, mid=11
ROM Debug: breakpoints[ 4] read 07d0
State: SEARCH, left= 0, right=10, mid= 1
ROM Debug: breakpoints[ 4] read 07d0
State: SEARCH, left= 2, right=10, mid= 5
ROM Debug: breakpoints[ 4] read 07d0
State: SEARCH, left= 2, right= 4, mid= 6
ROM Debug: breakpoints[ 4] read 07d0
State: SEARCH, left= 2, right= 5, mid= 3
ROM Debug: breakpoints[ 4] read 07d0
State: SEARCH, left= 4, right= 5, mid= 3
ROM Debug: breakpoints[ 4] read 07d0
State: SEARCH, left= 4, right= 5, mid= 4
ROM Debug: breakpoints[ 4] read 07d0
State: DONE, segment_idx= 4
ROM Debug: breakpoints[ 4] read 07d0
Debug: Input=0239, Found segment_idx= 4, Breakpoint=0000
ROM Debug: breakpoints[ 4] read 07d0
ROM Debug: breakpoints[ 4] read 07d0
ROM Debug: breakpoints[ 4] read 07d0
ROM Debug: breakpoints[ 4] read 07d0
Stage 1: x_in=0239, breakpoint=07d0, delta_x=fa5f
ROM Debug: breakpoints[ 4] read 07d0
Stage 2: delta_x=fa69, slope=3ece, slope_term=fe9e7a72
ROM Debug: breakpoints[ 4] read 07d0
Stage 3: y_out=fa95, intercept=001c
Error at vector          55: Expected 0205, Got fa9f
ROM Debug: breakpoints[ 4] read 07d0
ROM Debug: breakpoints[ 4] read 07d0
ROM Debug: breakpoints[ 4] read 07d0
State: IDLE, x_valid received: 0243
ROM Debug: breakpoints[ 4] read 07d0
State: INIT, left= 4, right= 3
ROM Debug: breakpoints[ 4] read 07d0
State: SEARCH, left= 0, right=22, mid= 4
ROM Debug: breakpoints[ 4] read 07d0
State: SEARCH, left= 0, right= 3, mid=11
ROM Debug: breakpoints[ 4] read 07d0
State: SEARCH, left= 0, right=10, mid= 1
ROM Debug: breakpoints[ 4] read 07d0
State: SEARCH, left= 2, right=10, mid= 5
ROM Debug: breakpoints[ 4] read 07d0
State: SEARCH, left= 2, right= 4, mid= 6
ROM Debug: breakpoints[ 4] read 07d0
State: SEARCH, left= 2, right= 5, mid= 3
ROM Debug: breakpoints[ 4] read 07d0
State: SEARCH, left= 4, right= 5, mid= 3
ROM Debug: breakpoints[ 4] read 07d0
State: SEARCH, left= 4, right= 5, mid= 4
ROM Debug: breakpoints[ 4] read 07d0
State: DONE, segment_idx= 4
ROM Debug: breakpoints[ 4] read 07d0
Debug: Input=0243, Found segment_idx= 4, Breakpoint=0000
ROM Debug: breakpoints[ 4] read 07d0
ROM Debug: breakpoints[ 4] read 07d0
ROM Debug: breakpoints[ 4] read 07d0
ROM Debug: breakpoints[ 4] read 07d0
Stage 1: x_in=0243, breakpoint=07d0, delta_x=fa69
ROM Debug: breakpoints[ 4] read 07d0
Stage 2: delta_x=fa73, slope=3ece, slope_term=fea0ee7e
ROM Debug: breakpoints[ 4] read 07d0
Stage 3: y_out=fa9f, intercept=001c
Error at vector          56: Expected 020c, Got faa9
ROM Debug: breakpoints[ 4] read 07d0
ROM Debug: breakpoints[ 4] read 07d0
ROM Debug: breakpoints[ 4] read 07d0
State: IDLE, x_valid received: 024e
ROM Debug: breakpoints[ 4] read 07d0
State: INIT, left= 4, right= 3
ROM Debug: breakpoints[ 4] read 07d0
State: SEARCH, left= 0, right=22, mid= 4
ROM Debug: breakpoints[ 4] read 07d0
State: SEARCH, left= 0, right= 3, mid=11
ROM Debug: breakpoints[ 4] read 07d0
State: SEARCH, left= 0, right=10, mid= 1
ROM Debug: breakpoints[ 4] read 07d0
State: SEARCH, left= 2, right=10, mid= 5
ROM Debug: breakpoints[ 4] read 07d0
State: SEARCH, left= 2, right= 4, mid= 6
ROM Debug: breakpoints[ 4] read 07d0
State: SEARCH, left= 2, right= 5, mid= 3
ROM Debug: breakpoints[ 4] read 07d0
State: SEARCH, left= 4, right= 5, mid= 3
ROM Debug: breakpoints[ 4] read 07d0
State: SEARCH, left= 4, right= 5, mid= 4
ROM Debug: breakpoints[ 4] read 07d0
State: DONE, segment_idx= 4
ROM Debug: breakpoints[ 4] read 07d0
Debug: Input=024e, Found segment_idx= 4, Breakpoint=0000
ROM Debug: breakpoints[ 4] read 07d0
ROM Debug: breakpoints[ 4] read 07d0
ROM Debug: breakpoints[ 4] read 07d0
ROM Debug: breakpoints[ 4] read 07d0
Stage 1: x_in=024e, breakpoint=07d0, delta_x=fa73
ROM Debug: breakpoints[ 4] read 07d0
Stage 2: delta_x=fa7e, slope=3ece, slope_term=fea3628a
ROM Debug: breakpoints[ 4] read 07d0
Stage 3: y_out=faa9, intercept=001c
Error at vector          57: Expected 0214, Got fab4
ROM Debug: breakpoints[ 4] read 07d0
ROM Debug: breakpoints[ 4] read 07d0
ROM Debug: breakpoints[ 4] read 07d0
State: IDLE, x_valid received: 0258
ROM Debug: breakpoints[ 4] read 07d0
State: INIT, left= 4, right= 3
ROM Debug: breakpoints[ 4] read 07d0
State: SEARCH, left= 0, right=22, mid= 4
ROM Debug: breakpoints[ 4] read 07d0
State: SEARCH, left= 0, right= 3, mid=11
ROM Debug: breakpoints[ 4] read 07d0
State: SEARCH, left= 0, right=10, mid= 1
ROM Debug: breakpoints[ 4] read 07d0
State: SEARCH, left= 2, right=10, mid= 5
ROM Debug: breakpoints[ 4] read 07d0
State: SEARCH, left= 2, right= 4, mid= 6
ROM Debug: breakpoints[ 4] read 07d0
State: SEARCH, left= 2, right= 5, mid= 3
ROM Debug: breakpoints[ 4] read 07d0
State: SEARCH, left= 4, right= 5, mid= 3
ROM Debug: breakpoints[ 4] read 07d0
State: SEARCH, left= 4, right= 5, mid= 4
ROM Debug: breakpoints[ 4] read 07d0
State: DONE, segment_idx= 4
ROM Debug: breakpoints[ 4] read 07d0
Debug: Input=0258, Found segment_idx= 4, Breakpoint=0000
ROM Debug: breakpoints[ 4] read 07d0
ROM Debug: breakpoints[ 4] read 07d0
ROM Debug: breakpoints[ 4] read 07d0
ROM Debug: breakpoints[ 4] read 07d0
Stage 1: x_in=0258, breakpoint=07d0, delta_x=fa7e
ROM Debug: breakpoints[ 4] read 07d0
Stage 2: delta_x=fa88, slope=3ece, slope_term=fea61564
ROM Debug: breakpoints[ 4] read 07d0
Stage 3: y_out=fab4, intercept=001c
Error at vector          58: Expected 021c, Got fabe
ROM Debug: breakpoints[ 4] read 07d0
ROM Debug: breakpoints[ 4] read 07d0
ROM Debug: breakpoints[ 4] read 07d0
State: IDLE, x_valid received: 0262
ROM Debug: breakpoints[ 4] read 07d0
State: INIT, left= 4, right= 3
ROM Debug: breakpoints[ 4] read 07d0
State: SEARCH, left= 0, right=22, mid= 4
ROM Debug: breakpoints[ 4] read 07d0
State: SEARCH, left= 0, right= 3, mid=11
ROM Debug: breakpoints[ 4] read 07d0
State: SEARCH, left= 0, right=10, mid= 1
ROM Debug: breakpoints[ 4] read 07d0
State: SEARCH, left= 2, right=10, mid= 5
ROM Debug: breakpoints[ 4] read 07d0
State: SEARCH, left= 2, right= 4, mid= 6
ROM Debug: breakpoints[ 4] read 07d0
State: SEARCH, left= 2, right= 5, mid= 3
ROM Debug: breakpoints[ 4] read 07d0
State: SEARCH, left= 4, right= 5, mid= 3
ROM Debug: breakpoints[ 4] read 07d0
State: SEARCH, left= 4, right= 5, mid= 4
ROM Debug: breakpoints[ 4] read 07d0
State: DONE, segment_idx= 4
ROM Debug: breakpoints[ 4] read 07d0
Debug: Input=0262, Found segment_idx= 4, Breakpoint=0000
ROM Debug: breakpoints[ 4] read 07d0
ROM Debug: breakpoints[ 4] read 07d0
ROM Debug: breakpoints[ 4] read 07d0
ROM Debug: breakpoints[ 4] read 07d0
Stage 1: x_in=0262, breakpoint=07d0, delta_x=fa88
ROM Debug: breakpoints[ 4] read 07d0
Stage 2: delta_x=fa92, slope=3ece, slope_term=fea88970
ROM Debug: breakpoints[ 4] read 07d0
Stage 3: y_out=fabe, intercept=001c
Error at vector          59: Expected 0223, Got fac7
ROM Debug: breakpoints[ 4] read 07d0
ROM Debug: breakpoints[ 4] read 07d0
ROM Debug: breakpoints[ 4] read 07d0
State: IDLE, x_valid received: 026d
ROM Debug: breakpoints[ 4] read 07d0
State: INIT, left= 4, right= 3
ROM Debug: breakpoints[ 4] read 07d0
State: SEARCH, left= 0, right=22, mid= 4
ROM Debug: breakpoints[ 4] read 07d0
State: SEARCH, left= 0, right= 3, mid=11
ROM Debug: breakpoints[ 4] read 07d0
State: SEARCH, left= 0, right=10, mid= 1
ROM Debug: breakpoints[ 4] read 07d0
State: SEARCH, left= 2, right=10, mid= 5
ROM Debug: breakpoints[ 4] read 07d0
State: SEARCH, left= 2, right= 4, mid= 6
ROM Debug: breakpoints[ 4] read 07d0
State: SEARCH, left= 2, right= 5, mid= 3
ROM Debug: breakpoints[ 4] read 07d0
State: SEARCH, left= 4, right= 5, mid= 3
ROM Debug: breakpoints[ 4] read 07d0
State: SEARCH, left= 4, right= 5, mid= 4
ROM Debug: breakpoints[ 4] read 07d0
State: DONE, segment_idx= 4
ROM Debug: breakpoints[ 4] read 07d0
Debug: Input=026d, Found segment_idx= 4, Breakpoint=0000
ROM Debug: breakpoints[ 4] read 07d0
ROM Debug: breakpoints[ 4] read 07d0
ROM Debug: breakpoints[ 4] read 07d0
ROM Debug: breakpoints[ 4] read 07d0
Stage 1: x_in=026d, breakpoint=07d0, delta_x=fa92
ROM Debug: breakpoints[ 4] read 07d0
Stage 2: delta_x=fa9d, slope=3ece, slope_term=feaafd7c
ROM Debug: breakpoints[ 4] read 07d0
Stage 3: y_out=fac7, intercept=001c
Error at vector          60: Expected 022a, Got fad2
ROM Debug: breakpoints[ 4] read 07d0
ROM Debug: breakpoints[ 4] read 07d0
ROM Debug: breakpoints[ 4] read 07d0
State: IDLE, x_valid received: 0277
ROM Debug: breakpoints[ 4] read 07d0
State: INIT, left= 4, right= 3
ROM Debug: breakpoints[ 4] read 07d0
State: SEARCH, left= 0, right=22, mid= 4
ROM Debug: breakpoints[ 4] read 07d0
State: SEARCH, left= 0, right= 3, mid=11
ROM Debug: breakpoints[ 4] read 07d0
State: SEARCH, left= 0, right=10, mid= 1
ROM Debug: breakpoints[ 4] read 07d0
State: SEARCH, left= 2, right=10, mid= 5
ROM Debug: breakpoints[ 4] read 07d0
State: SEARCH, left= 2, right= 4, mid= 6
ROM Debug: breakpoints[ 4] read 07d0
State: SEARCH, left= 2, right= 5, mid= 3
ROM Debug: breakpoints[ 4] read 07d0
State: SEARCH, left= 4, right= 5, mid= 3
ROM Debug: breakpoints[ 4] read 07d0
State: SEARCH, left= 4, right= 5, mid= 4
ROM Debug: breakpoints[ 4] read 07d0
State: DONE, segment_idx= 4
ROM Debug: breakpoints[ 4] read 07d0
Debug: Input=0277, Found segment_idx= 4, Breakpoint=0000
ROM Debug: breakpoints[ 4] read 07d0
ROM Debug: breakpoints[ 4] read 07d0
ROM Debug: breakpoints[ 4] read 07d0
ROM Debug: breakpoints[ 4] read 07d0
Stage 1: x_in=0277, breakpoint=07d0, delta_x=fa9d
ROM Debug: breakpoints[ 4] read 07d0
Stage 2: delta_x=faa7, slope=3ece, slope_term=feadb056
ROM Debug: breakpoints[ 4] read 07d0
Stage 3: y_out=fad2, intercept=001c
Error at vector          61: Expected 0232, Got fadc
ROM Debug: breakpoints[ 4] read 07d0
ROM Debug: breakpoints[ 4] read 07d0
ROM Debug: breakpoints[ 4] read 07d0
State: IDLE, x_valid received: 0281
ROM Debug: breakpoints[ 4] read 07d0
State: INIT, left= 4, right= 3
ROM Debug: breakpoints[ 4] read 07d0
State: SEARCH, left= 0, right=22, mid= 4
ROM Debug: breakpoints[ 4] read 07d0
State: SEARCH, left= 0, right= 3, mid=11
ROM Debug: breakpoints[ 4] read 07d0
State: SEARCH, left= 0, right=10, mid= 1
ROM Debug: breakpoints[ 4] read 07d0
State: SEARCH, left= 2, right=10, mid= 5
ROM Debug: breakpoints[ 4] read 07d0
State: SEARCH, left= 2, right= 4, mid= 6
ROM Debug: breakpoints[ 4] read 07d0
State: SEARCH, left= 2, right= 5, mid= 3
ROM Debug: breakpoints[ 4] read 07d0
State: SEARCH, left= 4, right= 5, mid= 3
ROM Debug: breakpoints[ 4] read 07d0
State: SEARCH, left= 4, right= 5, mid= 4
ROM Debug: breakpoints[ 4] read 07d0
State: DONE, segment_idx= 4
ROM Debug: breakpoints[ 4] read 07d0
Debug: Input=0281, Found segment_idx= 4, Breakpoint=0000
ROM Debug: breakpoints[ 4] read 07d0
ROM Debug: breakpoints[ 4] read 07d0
ROM Debug: breakpoints[ 4] read 07d0
ROM Debug: breakpoints[ 4] read 07d0
Stage 1: x_in=0281, breakpoint=07d0, delta_x=faa7
ROM Debug: breakpoints[ 4] read 07d0
Stage 2: delta_x=fab1, slope=3ece, slope_term=feb02462
ROM Debug: breakpoints[ 4] read 07d0
Stage 3: y_out=fadc, intercept=001c
Error at vector          62: Expected 0239, Got fae6
ROM Debug: breakpoints[ 4] read 07d0
ROM Debug: breakpoints[ 4] read 07d0
ROM Debug: breakpoints[ 4] read 07d0
State: IDLE, x_valid received: 028c
ROM Debug: breakpoints[ 4] read 07d0
State: INIT, left= 4, right= 3
ROM Debug: breakpoints[ 4] read 07d0
State: SEARCH, left= 0, right=22, mid= 4
ROM Debug: breakpoints[ 4] read 07d0
State: SEARCH, left= 0, right= 3, mid=11
ROM Debug: breakpoints[ 4] read 07d0
State: SEARCH, left= 0, right=10, mid= 1
ROM Debug: breakpoints[ 4] read 07d0
State: SEARCH, left= 2, right=10, mid= 5
ROM Debug: breakpoints[ 4] read 07d0
State: SEARCH, left= 2, right= 4, mid= 6
ROM Debug: breakpoints[ 4] read 07d0
State: SEARCH, left= 2, right= 5, mid= 3
ROM Debug: breakpoints[ 4] read 07d0
State: SEARCH, left= 4, right= 5, mid= 3
ROM Debug: breakpoints[ 4] read 07d0
State: SEARCH, left= 4, right= 5, mid= 4
ROM Debug: breakpoints[ 4] read 07d0
State: DONE, segment_idx= 4
ROM Debug: breakpoints[ 4] read 07d0
Debug: Input=028c, Found segment_idx= 4, Breakpoint=0000
ROM Debug: breakpoints[ 4] read 07d0
ROM Debug: breakpoints[ 4] read 07d0
ROM Debug: breakpoints[ 4] read 07d0
ROM Debug: breakpoints[ 4] read 07d0
Stage 1: x_in=028c, breakpoint=07d0, delta_x=fab1
ROM Debug: breakpoints[ 4] read 07d0
Stage 2: delta_x=fabc, slope=3ece, slope_term=feb2986e
ROM Debug: breakpoints[ 4] read 07d0
Stage 3: y_out=fae6, intercept=001c
Error at vector          63: Expected 0240, Got faf1
ROM Debug: breakpoints[ 4] read 07d0
ROM Debug: breakpoints[ 4] read 07d0
ROM Debug: breakpoints[ 4] read 07d0
State: IDLE, x_valid received: 0296
ROM Debug: breakpoints[ 4] read 07d0
State: INIT, left= 4, right= 3
ROM Debug: breakpoints[ 4] read 07d0
State: SEARCH, left= 0, right=22, mid= 4
ROM Debug: breakpoints[ 4] read 07d0
State: SEARCH, left= 0, right= 3, mid=11
ROM Debug: breakpoints[ 4] read 07d0
State: SEARCH, left= 0, right=10, mid= 1
ROM Debug: breakpoints[ 4] read 07d0
State: SEARCH, left= 2, right=10, mid= 5
ROM Debug: breakpoints[ 4] read 07d0
State: SEARCH, left= 2, right= 4, mid= 6
ROM Debug: breakpoints[ 4] read 07d0
State: SEARCH, left= 2, right= 5, mid= 3
ROM Debug: breakpoints[ 4] read 07d0
State: SEARCH, left= 4, right= 5, mid= 3
ROM Debug: breakpoints[ 4] read 07d0
State: SEARCH, left= 4, right= 5, mid= 4
ROM Debug: breakpoints[ 4] read 07d0
State: DONE, segment_idx= 4
ROM Debug: breakpoints[ 4] read 07d0
Debug: Input=0296, Found segment_idx= 4, Breakpoint=0000
ROM Debug: breakpoints[ 4] read 07d0
ROM Debug: breakpoints[ 4] read 07d0
ROM Debug: breakpoints[ 4] read 07d0
ROM Debug: breakpoints[ 4] read 07d0
Stage 1: x_in=0296, breakpoint=07d0, delta_x=fabc
ROM Debug: breakpoints[ 4] read 07d0
Stage 2: delta_x=fac6, slope=3ece, slope_term=feb54b48
ROM Debug: breakpoints[ 4] read 07d0
Stage 3: y_out=faf1, intercept=001c
Error at vector          64: Expected 0247, Got fafa
ROM Debug: breakpoints[ 4] read 07d0
ROM Debug: breakpoints[ 4] read 07d0
ROM Debug: breakpoints[ 4] read 07d0
State: IDLE, x_valid received: 02a0
ROM Debug: breakpoints[ 4] read 07d0
State: INIT, left= 4, right= 3
ROM Debug: breakpoints[ 4] read 07d0
State: SEARCH, left= 0, right=22, mid= 4
ROM Debug: breakpoints[ 4] read 07d0
State: SEARCH, left= 0, right= 3, mid=11
ROM Debug: breakpoints[ 4] read 07d0
State: SEARCH, left= 0, right=10, mid= 1
ROM Debug: breakpoints[ 4] read 07d0
State: SEARCH, left= 2, right=10, mid= 5
ROM Debug: breakpoints[ 4] read 07d0
State: SEARCH, left= 2, right= 4, mid= 6
ROM Debug: breakpoints[ 4] read 07d0
State: SEARCH, left= 2, right= 5, mid= 3
ROM Debug: breakpoints[ 4] read 07d0
State: SEARCH, left= 4, right= 5, mid= 3
ROM Debug: breakpoints[ 4] read 07d0
State: SEARCH, left= 4, right= 5, mid= 4
ROM Debug: breakpoints[ 4] read 07d0
State: DONE, segment_idx= 4
ROM Debug: breakpoints[ 4] read 07d0
Debug: Input=02a0, Found segment_idx= 4, Breakpoint=0000
ROM Debug: breakpoints[ 4] read 07d0
ROM Debug: breakpoints[ 4] read 07d0
ROM Debug: breakpoints[ 4] read 07d0
ROM Debug: breakpoints[ 4] read 07d0
Stage 1: x_in=02a0, breakpoint=07d0, delta_x=fac6
ROM Debug: breakpoints[ 4] read 07d0
Stage 2: delta_x=fad0, slope=3ece, slope_term=feb7bf54
ROM Debug: breakpoints[ 4] read 07d0
Stage 3: y_out=fafa, intercept=001c
Error at vector          65: Expected 024e, Got fb04
ROM Debug: breakpoints[ 4] read 07d0
ROM Debug: breakpoints[ 4] read 07d0
ROM Debug: breakpoints[ 4] read 07d0
State: IDLE, x_valid received: 02ab
ROM Debug: breakpoints[ 4] read 07d0
State: INIT, left= 4, right= 3
ROM Debug: breakpoints[ 4] read 07d0
State: SEARCH, left= 0, right=22, mid= 4
ROM Debug: breakpoints[ 4] read 07d0
State: SEARCH, left= 0, right= 3, mid=11
ROM Debug: breakpoints[ 4] read 07d0
State: SEARCH, left= 0, right=10, mid= 1
ROM Debug: breakpoints[ 4] read 07d0
State: SEARCH, left= 2, right=10, mid= 5
ROM Debug: breakpoints[ 4] read 07d0
State: SEARCH, left= 2, right= 4, mid= 6
ROM Debug: breakpoints[ 4] read 07d0
State: SEARCH, left= 2, right= 5, mid= 3
ROM Debug: breakpoints[ 4] read 07d0
State: SEARCH, left= 4, right= 5, mid= 3
ROM Debug: breakpoints[ 4] read 07d0
State: SEARCH, left= 4, right= 5, mid= 4
ROM Debug: breakpoints[ 4] read 07d0
State: DONE, segment_idx= 4
ROM Debug: breakpoints[ 4] read 07d0
Debug: Input=02ab, Found segment_idx= 4, Breakpoint=0000
ROM Debug: breakpoints[ 4] read 07d0
ROM Debug: breakpoints[ 4] read 07d0
ROM Debug: breakpoints[ 4] read 07d0
ROM Debug: breakpoints[ 4] read 07d0
Stage 1: x_in=02ab, breakpoint=07d0, delta_x=fad0
ROM Debug: breakpoints[ 4] read 07d0
Stage 2: delta_x=fadb, slope=3ece, slope_term=feba3360
ROM Debug: breakpoints[ 4] read 07d0
Stage 3: y_out=fb04, intercept=001c
Error at vector          66: Expected 0255, Got fb0f
ROM Debug: breakpoints[ 4] read 07d0
ROM Debug: breakpoints[ 4] read 07d0
ROM Debug: breakpoints[ 4] read 07d0
State: IDLE, x_valid received: 02b5
ROM Debug: breakpoints[ 4] read 07d0
State: INIT, left= 4, right= 3
ROM Debug: breakpoints[ 4] read 07d0
State: SEARCH, left= 0, right=22, mid= 4
ROM Debug: breakpoints[ 4] read 07d0
State: SEARCH, left= 0, right= 3, mid=11
ROM Debug: breakpoints[ 4] read 07d0
State: SEARCH, left= 0, right=10, mid= 1
ROM Debug: breakpoints[ 4] read 07d0
State: SEARCH, left= 2, right=10, mid= 5
ROM Debug: breakpoints[ 4] read 07d0
State: SEARCH, left= 2, right= 4, mid= 6
ROM Debug: breakpoints[ 4] read 07d0
State: SEARCH, left= 2, right= 5, mid= 3
ROM Debug: breakpoints[ 4] read 07d0
State: SEARCH, left= 4, right= 5, mid= 3
ROM Debug: breakpoints[ 4] read 07d0
State: SEARCH, left= 4, right= 5, mid= 4
ROM Debug: breakpoints[ 4] read 07d0
State: DONE, segment_idx= 4
ROM Debug: breakpoints[ 4] read 07d0
Debug: Input=02b5, Found segment_idx= 4, Breakpoint=0000
ROM Debug: breakpoints[ 4] read 07d0
ROM Debug: breakpoints[ 4] read 07d0
ROM Debug: breakpoints[ 4] read 07d0
ROM Debug: breakpoints[ 4] read 07d0
Stage 1: x_in=02b5, breakpoint=07d0, delta_x=fadb
ROM Debug: breakpoints[ 4] read 07d0
Stage 2: delta_x=fae5, slope=3ece, slope_term=febce63a
ROM Debug: breakpoints[ 4] read 07d0
Stage 3: y_out=fb0f, intercept=001c
Error at vector          67: Expected 025c, Got fb19
ROM Debug: breakpoints[ 4] read 07d0
ROM Debug: breakpoints[ 4] read 07d0
ROM Debug: breakpoints[ 4] read 07d0
State: IDLE, x_valid received: 02bf
ROM Debug: breakpoints[ 4] read 07d0
State: INIT, left= 4, right= 3
ROM Debug: breakpoints[ 4] read 07d0
State: SEARCH, left= 0, right=22, mid= 4
ROM Debug: breakpoints[ 4] read 07d0
State: SEARCH, left= 0, right= 3, mid=11
ROM Debug: breakpoints[ 4] read 07d0
State: SEARCH, left= 0, right=10, mid= 1
ROM Debug: breakpoints[ 4] read 07d0
State: SEARCH, left= 2, right=10, mid= 5
ROM Debug: breakpoints[ 4] read 07d0
State: SEARCH, left= 2, right= 4, mid= 6
ROM Debug: breakpoints[ 4] read 07d0
State: SEARCH, left= 2, right= 5, mid= 3
ROM Debug: breakpoints[ 4] read 07d0
State: SEARCH, left= 4, right= 5, mid= 3
ROM Debug: breakpoints[ 4] read 07d0
State: SEARCH, left= 4, right= 5, mid= 4
ROM Debug: breakpoints[ 4] read 07d0
State: DONE, segment_idx= 4
ROM Debug: breakpoints[ 4] read 07d0
Debug: Input=02bf, Found segment_idx= 4, Breakpoint=0000
ROM Debug: breakpoints[ 4] read 07d0
ROM Debug: breakpoints[ 4] read 07d0
ROM Debug: breakpoints[ 4] read 07d0
ROM Debug: breakpoints[ 4] read 07d0
Stage 1: x_in=02bf, breakpoint=07d0, delta_x=fae5
ROM Debug: breakpoints[ 4] read 07d0
Stage 2: delta_x=faef, slope=3ece, slope_term=febf5a46
ROM Debug: breakpoints[ 4] read 07d0
Stage 3: y_out=fb19, intercept=001c
Error at vector          68: Expected 0262, Got fb23
ROM Debug: breakpoints[ 4] read 07d0
ROM Debug: breakpoints[ 4] read 07d0
ROM Debug: breakpoints[ 4] read 07d0
State: IDLE, x_valid received: 02ca
ROM Debug: breakpoints[ 4] read 07d0
State: INIT, left= 4, right= 3
ROM Debug: breakpoints[ 4] read 07d0
State: SEARCH, left= 0, right=22, mid= 4
ROM Debug: breakpoints[ 4] read 07d0
State: SEARCH, left= 0, right= 3, mid=11
ROM Debug: breakpoints[ 4] read 07d0
State: SEARCH, left= 0, right=10, mid= 1
ROM Debug: breakpoints[ 4] read 07d0
State: SEARCH, left= 2, right=10, mid= 5
ROM Debug: breakpoints[ 4] read 07d0
State: SEARCH, left= 2, right= 4, mid= 6
ROM Debug: breakpoints[ 4] read 07d0
State: SEARCH, left= 2, right= 5, mid= 3
ROM Debug: breakpoints[ 4] read 07d0
State: SEARCH, left= 4, right= 5, mid= 3
ROM Debug: breakpoints[ 4] read 07d0
State: SEARCH, left= 4, right= 5, mid= 4
ROM Debug: breakpoints[ 4] read 07d0
State: DONE, segment_idx= 4
ROM Debug: breakpoints[ 4] read 07d0
Debug: Input=02ca, Found segment_idx= 4, Breakpoint=0000
ROM Debug: breakpoints[ 4] read 07d0
ROM Debug: breakpoints[ 4] read 07d0
ROM Debug: breakpoints[ 4] read 07d0
ROM Debug: breakpoints[ 4] read 07d0
Stage 1: x_in=02ca, breakpoint=07d0, delta_x=faef
ROM Debug: breakpoints[ 4] read 07d0
Stage 2: delta_x=fafa, slope=3ece, slope_term=fec1ce52
ROM Debug: breakpoints[ 4] read 07d0
Stage 3: y_out=fb23, intercept=001c
Error at vector          69: Expected 0269, Got fb2e
ROM Debug: breakpoints[ 4] read 07d0
ROM Debug: breakpoints[ 4] read 07d0
ROM Debug: breakpoints[ 4] read 07d0
State: IDLE, x_valid received: 02d4
ROM Debug: breakpoints[ 4] read 07d0
State: INIT, left= 4, right= 3
ROM Debug: breakpoints[ 4] read 07d0
State: SEARCH, left= 0, right=22, mid= 4
ROM Debug: breakpoints[ 4] read 07d0
State: SEARCH, left= 0, right= 3, mid=11
ROM Debug: breakpoints[ 4] read 07d0
State: SEARCH, left= 0, right=10, mid= 1
ROM Debug: breakpoints[ 4] read 07d0
State: SEARCH, left= 2, right=10, mid= 5
ROM Debug: breakpoints[ 4] read 07d0
State: SEARCH, left= 2, right= 4, mid= 6
ROM Debug: breakpoints[ 4] read 07d0
State: SEARCH, left= 2, right= 5, mid= 3
ROM Debug: breakpoints[ 4] read 07d0
State: SEARCH, left= 4, right= 5, mid= 3
ROM Debug: breakpoints[ 4] read 07d0
State: SEARCH, left= 4, right= 5, mid= 4
ROM Debug: breakpoints[ 4] read 07d0
State: DONE, segment_idx= 4
ROM Debug: breakpoints[ 4] read 07d0
Debug: Input=02d4, Found segment_idx= 4, Breakpoint=0000
ROM Debug: breakpoints[ 4] read 07d0
ROM Debug: breakpoints[ 4] read 07d0
ROM Debug: breakpoints[ 4] read 07d0
ROM Debug: breakpoints[ 4] read 07d0
Stage 1: x_in=02d4, breakpoint=07d0, delta_x=fafa
ROM Debug: breakpoints[ 4] read 07d0
Stage 2: delta_x=fb04, slope=3ece, slope_term=fec4812c
ROM Debug: breakpoints[ 4] read 07d0
Stage 3: y_out=fb2e, intercept=001c
Error at vector          70: Expected 026f, Got fb37
ROM Debug: breakpoints[ 4] read 07d0
ROM Debug: breakpoints[ 4] read 07d0
ROM Debug: breakpoints[ 4] read 07d0
State: IDLE, x_valid received: 02de
ROM Debug: breakpoints[ 4] read 07d0
State: INIT, left= 4, right= 3
ROM Debug: breakpoints[ 4] read 07d0
State: SEARCH, left= 0, right=22, mid= 4
ROM Debug: breakpoints[ 4] read 07d0
State: SEARCH, left= 0, right= 3, mid=11
ROM Debug: breakpoints[ 4] read 07d0
State: SEARCH, left= 0, right=10, mid= 1
ROM Debug: breakpoints[ 4] read 07d0
State: SEARCH, left= 2, right=10, mid= 5
ROM Debug: breakpoints[ 4] read 07d0
State: SEARCH, left= 2, right= 4, mid= 6
ROM Debug: breakpoints[ 4] read 07d0
State: SEARCH, left= 2, right= 5, mid= 3
ROM Debug: breakpoints[ 4] read 07d0
State: SEARCH, left= 4, right= 5, mid= 3
ROM Debug: breakpoints[ 4] read 07d0
State: SEARCH, left= 4, right= 5, mid= 4
ROM Debug: breakpoints[ 4] read 07d0
State: DONE, segment_idx= 4
ROM Debug: breakpoints[ 4] read 07d0
Debug: Input=02de, Found segment_idx= 4, Breakpoint=0000
ROM Debug: breakpoints[ 4] read 07d0
ROM Debug: breakpoints[ 4] read 07d0
ROM Debug: breakpoints[ 4] read 07d0
ROM Debug: breakpoints[ 4] read 07d0
Stage 1: x_in=02de, breakpoint=07d0, delta_x=fb04
ROM Debug: breakpoints[ 4] read 07d0
Stage 2: delta_x=fb0e, slope=3ece, slope_term=fec6f538
ROM Debug: breakpoints[ 4] read 07d0
Stage 3: y_out=fb37, intercept=001c
Error at vector          71: Expected 0276, Got fb41
ROM Debug: breakpoints[ 4] read 07d0
ROM Debug: breakpoints[ 4] read 07d0
ROM Debug: breakpoints[ 4] read 07d0
State: IDLE, x_valid received: 02e9
ROM Debug: breakpoints[ 4] read 07d0
State: INIT, left= 4, right= 3
ROM Debug: breakpoints[ 4] read 07d0
State: SEARCH, left= 0, right=22, mid= 4
ROM Debug: breakpoints[ 4] read 07d0
State: SEARCH, left= 0, right= 3, mid=11
ROM Debug: breakpoints[ 4] read 07d0
State: SEARCH, left= 0, right=10, mid= 1
ROM Debug: breakpoints[ 4] read 07d0
State: SEARCH, left= 2, right=10, mid= 5
ROM Debug: breakpoints[ 4] read 07d0
State: SEARCH, left= 2, right= 4, mid= 6
ROM Debug: breakpoints[ 4] read 07d0
State: SEARCH, left= 2, right= 5, mid= 3
ROM Debug: breakpoints[ 4] read 07d0
State: SEARCH, left= 4, right= 5, mid= 3
ROM Debug: breakpoints[ 4] read 07d0
State: SEARCH, left= 4, right= 5, mid= 4
ROM Debug: breakpoints[ 4] read 07d0
State: DONE, segment_idx= 4
ROM Debug: breakpoints[ 4] read 07d0
Debug: Input=02e9, Found segment_idx= 4, Breakpoint=0000
ROM Debug: breakpoints[ 4] read 07d0
ROM Debug: breakpoints[ 4] read 07d0
ROM Debug: breakpoints[ 4] read 07d0
ROM Debug: breakpoints[ 4] read 07d0
Stage 1: x_in=02e9, breakpoint=07d0, delta_x=fb0e
ROM Debug: breakpoints[ 4] read 07d0
Stage 2: delta_x=fb19, slope=3ece, slope_term=fec96944
ROM Debug: breakpoints[ 4] read 07d0
Stage 3: y_out=fb41, intercept=001c
Error at vector          72: Expected 027c, Got fb4c
ROM Debug: breakpoints[ 4] read 07d0
ROM Debug: breakpoints[ 4] read 07d0
ROM Debug: breakpoints[ 4] read 07d0
State: IDLE, x_valid received: 02f3
ROM Debug: breakpoints[ 4] read 07d0
State: INIT, left= 4, right= 3
ROM Debug: breakpoints[ 4] read 07d0
State: SEARCH, left= 0, right=22, mid= 4
ROM Debug: breakpoints[ 4] read 07d0
State: SEARCH, left= 0, right= 3, mid=11
ROM Debug: breakpoints[ 4] read 07d0
State: SEARCH, left= 0, right=10, mid= 1
ROM Debug: breakpoints[ 4] read 07d0
State: SEARCH, left= 2, right=10, mid= 5
ROM Debug: breakpoints[ 4] read 07d0
State: SEARCH, left= 2, right= 4, mid= 6
ROM Debug: breakpoints[ 4] read 07d0
State: SEARCH, left= 2, right= 5, mid= 3
ROM Debug: breakpoints[ 4] read 07d0
State: SEARCH, left= 4, right= 5, mid= 3
ROM Debug: breakpoints[ 4] read 07d0
State: SEARCH, left= 4, right= 5, mid= 4
ROM Debug: breakpoints[ 4] read 07d0
State: DONE, segment_idx= 4
ROM Debug: breakpoints[ 4] read 07d0
Debug: Input=02f3, Found segment_idx= 4, Breakpoint=0000
ROM Debug: breakpoints[ 4] read 07d0
ROM Debug: breakpoints[ 4] read 07d0
ROM Debug: breakpoints[ 4] read 07d0
ROM Debug: breakpoints[ 4] read 07d0
Stage 1: x_in=02f3, breakpoint=07d0, delta_x=fb19
ROM Debug: breakpoints[ 4] read 07d0
Stage 2: delta_x=fb23, slope=3ece, slope_term=fecc1c1e
ROM Debug: breakpoints[ 4] read 07d0
Stage 3: y_out=fb4c, intercept=001c
Error at vector          73: Expected 0283, Got fb56
ROM Debug: breakpoints[ 4] read 07d0
ROM Debug: breakpoints[ 4] read 07d0
ROM Debug: breakpoints[ 4] read 07d0
State: IDLE, x_valid received: 02fd
ROM Debug: breakpoints[ 4] read 07d0
State: INIT, left= 4, right= 3
ROM Debug: breakpoints[ 4] read 07d0
State: SEARCH, left= 0, right=22, mid= 4
ROM Debug: breakpoints[ 4] read 07d0
State: SEARCH, left= 0, right= 3, mid=11
ROM Debug: breakpoints[ 4] read 07d0
State: SEARCH, left= 0, right=10, mid= 1
ROM Debug: breakpoints[ 4] read 07d0
State: SEARCH, left= 2, right=10, mid= 5
ROM Debug: breakpoints[ 4] read 07d0
State: SEARCH, left= 2, right= 4, mid= 6
ROM Debug: breakpoints[ 4] read 07d0
State: SEARCH, left= 2, right= 5, mid= 3
ROM Debug: breakpoints[ 4] read 07d0
State: SEARCH, left= 4, right= 5, mid= 3
ROM Debug: breakpoints[ 4] read 07d0
State: SEARCH, left= 4, right= 5, mid= 4
ROM Debug: breakpoints[ 4] read 07d0
State: DONE, segment_idx= 4
ROM Debug: breakpoints[ 4] read 07d0
Debug: Input=02fd, Found segment_idx= 4, Breakpoint=0000
ROM Debug: breakpoints[ 4] read 07d0
ROM Debug: breakpoints[ 4] read 07d0
ROM Debug: breakpoints[ 4] read 07d0
ROM Debug: breakpoints[ 4] read 07d0
Stage 1: x_in=02fd, breakpoint=07d0, delta_x=fb23
ROM Debug: breakpoints[ 4] read 07d0
Stage 2: delta_x=fb2d, slope=3ece, slope_term=fece902a
ROM Debug: breakpoints[ 4] read 07d0
Stage 3: y_out=fb56, intercept=001c
Error at vector          74: Expected 0289, Got fb60
ROM Debug: breakpoints[ 4] read 07d0
ROM Debug: breakpoints[ 4] read 07d0
ROM Debug: breakpoints[ 4] read 07d0
State: IDLE, x_valid received: 0308
ROM Debug: breakpoints[ 4] read 07d0
State: INIT, left= 4, right= 3
ROM Debug: breakpoints[ 4] read 07d0
State: SEARCH, left= 0, right=22, mid= 4
ROM Debug: breakpoints[ 4] read 07d0
State: SEARCH, left= 0, right= 3, mid=11
ROM Debug: breakpoints[ 4] read 07d0
State: SEARCH, left= 0, right=10, mid= 1
ROM Debug: breakpoints[ 4] read 07d0
State: SEARCH, left= 2, right=10, mid= 5
ROM Debug: breakpoints[ 4] read 07d0
State: SEARCH, left= 2, right= 4, mid= 6
ROM Debug: breakpoints[ 4] read 07d0
State: SEARCH, left= 2, right= 5, mid= 3
ROM Debug: breakpoints[ 4] read 07d0
State: SEARCH, left= 4, right= 5, mid= 3
ROM Debug: breakpoints[ 4] read 07d0
State: SEARCH, left= 4, right= 5, mid= 4
ROM Debug: breakpoints[ 4] read 07d0
State: DONE, segment_idx= 4
ROM Debug: breakpoints[ 4] read 07d0
Debug: Input=0308, Found segment_idx= 4, Breakpoint=0000
ROM Debug: breakpoints[ 4] read 07d0
ROM Debug: breakpoints[ 4] read 07d0
ROM Debug: breakpoints[ 4] read 07d0
ROM Debug: breakpoints[ 4] read 07d0
Stage 1: x_in=0308, breakpoint=07d0, delta_x=fb2d
ROM Debug: breakpoints[ 4] read 07d0
Stage 2: delta_x=fb38, slope=3ece, slope_term=fed10436
ROM Debug: breakpoints[ 4] read 07d0
Stage 3: y_out=fb60, intercept=001c
Error at vector          75: Expected 028f, Got fb6a
ROM Debug: breakpoints[ 4] read 07d0
ROM Debug: breakpoints[ 4] read 07d0
ROM Debug: breakpoints[ 4] read 07d0
State: IDLE, x_valid received: 0312
ROM Debug: breakpoints[ 4] read 07d0
State: INIT, left= 4, right= 3
ROM Debug: breakpoints[ 4] read 07d0
State: SEARCH, left= 0, right=22, mid= 4
ROM Debug: breakpoints[ 4] read 07d0
State: SEARCH, left= 0, right= 3, mid=11
ROM Debug: breakpoints[ 4] read 07d0
State: SEARCH, left= 0, right=10, mid= 1
ROM Debug: breakpoints[ 4] read 07d0
State: SEARCH, left= 2, right=10, mid= 5
ROM Debug: breakpoints[ 4] read 07d0
State: SEARCH, left= 2, right= 4, mid= 6
ROM Debug: breakpoints[ 4] read 07d0
State: SEARCH, left= 2, right= 5, mid= 3
ROM Debug: breakpoints[ 4] read 07d0
State: SEARCH, left= 4, right= 5, mid= 3
ROM Debug: breakpoints[ 4] read 07d0
State: SEARCH, left= 4, right= 5, mid= 4
ROM Debug: breakpoints[ 4] read 07d0
State: DONE, segment_idx= 4
ROM Debug: breakpoints[ 4] read 07d0
Debug: Input=0312, Found segment_idx= 4, Breakpoint=0000
ROM Debug: breakpoints[ 4] read 07d0
ROM Debug: breakpoints[ 4] read 07d0
ROM Debug: breakpoints[ 4] read 07d0
ROM Debug: breakpoints[ 4] read 07d0
Stage 1: x_in=0312, breakpoint=07d0, delta_x=fb38
ROM Debug: breakpoints[ 4] read 07d0
Stage 2: delta_x=fb42, slope=3ece, slope_term=fed3b710
ROM Debug: breakpoints[ 4] read 07d0
Stage 3: y_out=fb6a, intercept=001c
Error at vector          76: Expected 0295, Got fb74
ROM Debug: breakpoints[ 4] read 07d0
ROM Debug: breakpoints[ 4] read 07d0
ROM Debug: breakpoints[ 4] read 07d0
State: IDLE, x_valid received: 031c
ROM Debug: breakpoints[ 4] read 07d0
State: INIT, left= 4, right= 3
ROM Debug: breakpoints[ 4] read 07d0
State: SEARCH, left= 0, right=22, mid= 4
ROM Debug: breakpoints[ 4] read 07d0
State: SEARCH, left= 0, right= 3, mid=11
ROM Debug: breakpoints[ 4] read 07d0
State: SEARCH, left= 0, right=10, mid= 1
ROM Debug: breakpoints[ 4] read 07d0
State: SEARCH, left= 2, right=10, mid= 5
ROM Debug: breakpoints[ 4] read 07d0
State: SEARCH, left= 2, right= 4, mid= 6
ROM Debug: breakpoints[ 4] read 07d0
State: SEARCH, left= 2, right= 5, mid= 3
ROM Debug: breakpoints[ 4] read 07d0
State: SEARCH, left= 4, right= 5, mid= 3
ROM Debug: breakpoints[ 4] read 07d0
State: SEARCH, left= 4, right= 5, mid= 4
ROM Debug: breakpoints[ 4] read 07d0
State: DONE, segment_idx= 4
ROM Debug: breakpoints[ 4] read 07d0
Debug: Input=031c, Found segment_idx= 4, Breakpoint=0000
ROM Debug: breakpoints[ 4] read 07d0
ROM Debug: breakpoints[ 4] read 07d0
ROM Debug: breakpoints[ 4] read 07d0
ROM Debug: breakpoints[ 4] read 07d0
Stage 1: x_in=031c, breakpoint=07d0, delta_x=fb42
ROM Debug: breakpoints[ 4] read 07d0
Stage 2: delta_x=fb4c, slope=3ece, slope_term=fed62b1c
ROM Debug: breakpoints[ 4] read 07d0
Stage 3: y_out=fb74, intercept=001c
Error at vector          77: Expected 029b, Got fb7e
ROM Debug: breakpoints[ 4] read 07d0
ROM Debug: breakpoints[ 4] read 07d0
ROM Debug: breakpoints[ 4] read 07d0
State: IDLE, x_valid received: 0327
ROM Debug: breakpoints[ 4] read 07d0
State: INIT, left= 4, right= 3
ROM Debug: breakpoints[ 4] read 07d0
State: SEARCH, left= 0, right=22, mid= 4
ROM Debug: breakpoints[ 4] read 07d0
State: SEARCH, left= 0, right= 3, mid=11
ROM Debug: breakpoints[ 4] read 07d0
State: SEARCH, left= 0, right=10, mid= 1
ROM Debug: breakpoints[ 4] read 07d0
State: SEARCH, left= 2, right=10, mid= 5
ROM Debug: breakpoints[ 4] read 07d0
State: SEARCH, left= 2, right= 4, mid= 6
ROM Debug: breakpoints[ 4] read 07d0
State: SEARCH, left= 2, right= 5, mid= 3
ROM Debug: breakpoints[ 4] read 07d0
State: SEARCH, left= 4, right= 5, mid= 3
ROM Debug: breakpoints[ 4] read 07d0
State: SEARCH, left= 4, right= 5, mid= 4
ROM Debug: breakpoints[ 4] read 07d0
State: DONE, segment_idx= 4
ROM Debug: breakpoints[ 4] read 07d0
Debug: Input=0327, Found segment_idx= 4, Breakpoint=0000
ROM Debug: breakpoints[ 4] read 07d0
ROM Debug: breakpoints[ 4] read 07d0
ROM Debug: breakpoints[ 4] read 07d0
ROM Debug: breakpoints[ 4] read 07d0
Stage 1: x_in=0327, breakpoint=07d0, delta_x=fb4c
ROM Debug: breakpoints[ 4] read 07d0
Stage 2: delta_x=fb57, slope=3ece, slope_term=fed89f28
ROM Debug: breakpoints[ 4] read 07d0
Stage 3: y_out=fb7e, intercept=001c
Error at vector          78: Expected 02a1, Got fb89
ROM Debug: breakpoints[ 4] read 07d0
ROM Debug: breakpoints[ 4] read 07d0
ROM Debug: breakpoints[ 4] read 07d0
State: IDLE, x_valid received: 0331
ROM Debug: breakpoints[ 4] read 07d0
State: INIT, left= 4, right= 3
ROM Debug: breakpoints[ 4] read 07d0
State: SEARCH, left= 0, right=22, mid= 4
ROM Debug: breakpoints[ 4] read 07d0
State: SEARCH, left= 0, right= 3, mid=11
ROM Debug: breakpoints[ 4] read 07d0
State: SEARCH, left= 0, right=10, mid= 1
ROM Debug: breakpoints[ 4] read 07d0
State: SEARCH, left= 2, right=10, mid= 5
ROM Debug: breakpoints[ 4] read 07d0
State: SEARCH, left= 2, right= 4, mid= 6
ROM Debug: breakpoints[ 4] read 07d0
State: SEARCH, left= 2, right= 5, mid= 3
ROM Debug: breakpoints[ 4] read 07d0
State: SEARCH, left= 4, right= 5, mid= 3
ROM Debug: breakpoints[ 4] read 07d0
State: SEARCH, left= 4, right= 5, mid= 4
ROM Debug: breakpoints[ 4] read 07d0
State: DONE, segment_idx= 4
ROM Debug: breakpoints[ 4] read 07d0
Debug: Input=0331, Found segment_idx= 4, Breakpoint=0000
ROM Debug: breakpoints[ 4] read 07d0
ROM Debug: breakpoints[ 4] read 07d0
ROM Debug: breakpoints[ 4] read 07d0
ROM Debug: breakpoints[ 4] read 07d0
Stage 1: x_in=0331, breakpoint=07d0, delta_x=fb57
ROM Debug: breakpoints[ 4] read 07d0
Stage 2: delta_x=fb61, slope=3ece, slope_term=fedb5202
ROM Debug: breakpoints[ 4] read 07d0
Stage 3: y_out=fb89, intercept=001c
Error at vector          79: Expected 02a7, Got fb93
ROM Debug: breakpoints[ 4] read 07d0
ROM Debug: breakpoints[ 4] read 07d0
ROM Debug: breakpoints[ 4] read 07d0
State: IDLE, x_valid received: 033b
ROM Debug: breakpoints[ 4] read 07d0
State: INIT, left= 4, right= 3
ROM Debug: breakpoints[ 4] read 07d0
State: SEARCH, left= 0, right=22, mid= 4
ROM Debug: breakpoints[ 4] read 07d0
State: SEARCH, left= 0, right= 3, mid=11
ROM Debug: breakpoints[ 4] read 07d0
State: SEARCH, left= 0, right=10, mid= 1
ROM Debug: breakpoints[ 4] read 07d0
State: SEARCH, left= 2, right=10, mid= 5
ROM Debug: breakpoints[ 4] read 07d0
State: SEARCH, left= 2, right= 4, mid= 6
ROM Debug: breakpoints[ 4] read 07d0
State: SEARCH, left= 2, right= 5, mid= 3
ROM Debug: breakpoints[ 4] read 07d0
State: SEARCH, left= 4, right= 5, mid= 3
ROM Debug: breakpoints[ 4] read 07d0
State: SEARCH, left= 4, right= 5, mid= 4
ROM Debug: breakpoints[ 4] read 07d0
State: DONE, segment_idx= 4
ROM Debug: breakpoints[ 4] read 07d0
Debug: Input=033b, Found segment_idx= 4, Breakpoint=0000
ROM Debug: breakpoints[ 4] read 07d0
ROM Debug: breakpoints[ 4] read 07d0
ROM Debug: breakpoints[ 4] read 07d0
ROM Debug: breakpoints[ 4] read 07d0
Stage 1: x_in=033b, breakpoint=07d0, delta_x=fb61
ROM Debug: breakpoints[ 4] read 07d0
Stage 2: delta_x=fb6b, slope=3ece, slope_term=feddc60e
ROM Debug: breakpoints[ 4] read 07d0
Stage 3: y_out=fb93, intercept=001c
Error at vector          80: Expected 02ad, Got fb9c
ROM Debug: breakpoints[ 4] read 07d0
ROM Debug: breakpoints[ 4] read 07d0
ROM Debug: breakpoints[ 4] read 07d0
State: IDLE, x_valid received: 0346
ROM Debug: breakpoints[ 4] read 07d0
State: INIT, left= 4, right= 3
ROM Debug: breakpoints[ 4] read 07d0
State: SEARCH, left= 0, right=22, mid= 4
ROM Debug: breakpoints[ 4] read 07d0
State: SEARCH, left= 0, right= 3, mid=11
ROM Debug: breakpoints[ 4] read 07d0
State: SEARCH, left= 0, right=10, mid= 1
ROM Debug: breakpoints[ 4] read 07d0
State: SEARCH, left= 2, right=10, mid= 5
ROM Debug: breakpoints[ 4] read 07d0
State: SEARCH, left= 2, right= 4, mid= 6
ROM Debug: breakpoints[ 4] read 07d0
State: SEARCH, left= 2, right= 5, mid= 3
ROM Debug: breakpoints[ 4] read 07d0
State: SEARCH, left= 4, right= 5, mid= 3
ROM Debug: breakpoints[ 4] read 07d0
State: SEARCH, left= 4, right= 5, mid= 4
ROM Debug: breakpoints[ 4] read 07d0
State: DONE, segment_idx= 4
ROM Debug: breakpoints[ 4] read 07d0
Debug: Input=0346, Found segment_idx= 4, Breakpoint=0000
ROM Debug: breakpoints[ 4] read 07d0
ROM Debug: breakpoints[ 4] read 07d0
ROM Debug: breakpoints[ 4] read 07d0
ROM Debug: breakpoints[ 4] read 07d0
Stage 1: x_in=0346, breakpoint=07d0, delta_x=fb6b
ROM Debug: breakpoints[ 4] read 07d0
Stage 2: delta_x=fb76, slope=3ece, slope_term=fee03a1a
ROM Debug: breakpoints[ 4] read 07d0
Stage 3: y_out=fb9c, intercept=001c
Error at vector          81: Expected 02b2, Got fba7
ROM Debug: breakpoints[ 4] read 07d0
ROM Debug: breakpoints[ 4] read 07d0
ROM Debug: breakpoints[ 4] read 07d0
State: IDLE, x_valid received: 0350
ROM Debug: breakpoints[ 4] read 07d0
State: INIT, left= 4, right= 3
ROM Debug: breakpoints[ 4] read 07d0
State: SEARCH, left= 0, right=22, mid= 4
ROM Debug: breakpoints[ 4] read 07d0
State: SEARCH, left= 0, right= 3, mid=11
ROM Debug: breakpoints[ 4] read 07d0
State: SEARCH, left= 0, right=10, mid= 1
ROM Debug: breakpoints[ 4] read 07d0
State: SEARCH, left= 2, right=10, mid= 5
ROM Debug: breakpoints[ 4] read 07d0
State: SEARCH, left= 2, right= 4, mid= 6
ROM Debug: breakpoints[ 4] read 07d0
State: SEARCH, left= 2, right= 5, mid= 3
ROM Debug: breakpoints[ 4] read 07d0
State: SEARCH, left= 4, right= 5, mid= 3
ROM Debug: breakpoints[ 4] read 07d0
State: SEARCH, left= 4, right= 5, mid= 4
ROM Debug: breakpoints[ 4] read 07d0
State: DONE, segment_idx= 4
ROM Debug: breakpoints[ 4] read 07d0
Debug: Input=0350, Found segment_idx= 4, Breakpoint=0000
ROM Debug: breakpoints[ 4] read 07d0
ROM Debug: breakpoints[ 4] read 07d0
ROM Debug: breakpoints[ 4] read 07d0
ROM Debug: breakpoints[ 4] read 07d0
Stage 1: x_in=0350, breakpoint=07d0, delta_x=fb76
ROM Debug: breakpoints[ 4] read 07d0
Stage 2: delta_x=fb80, slope=3ece, slope_term=fee2ecf4
ROM Debug: breakpoints[ 4] read 07d0
Stage 3: y_out=fba7, intercept=001c
Error at vector          82: Expected 02b8, Got fbb1
ROM Debug: breakpoints[ 4] read 07d0
ROM Debug: breakpoints[ 4] read 07d0
ROM Debug: breakpoints[ 4] read 07d0
State: IDLE, x_valid received: 035b
ROM Debug: breakpoints[ 4] read 07d0
State: INIT, left= 4, right= 3
ROM Debug: breakpoints[ 4] read 07d0
State: SEARCH, left= 0, right=22, mid= 4
ROM Debug: breakpoints[ 4] read 07d0
State: SEARCH, left= 0, right= 3, mid=11
ROM Debug: breakpoints[ 4] read 07d0
State: SEARCH, left= 0, right=10, mid= 1
ROM Debug: breakpoints[ 4] read 07d0
State: SEARCH, left= 2, right=10, mid= 5
ROM Debug: breakpoints[ 4] read 07d0
State: SEARCH, left= 2, right= 4, mid= 6
ROM Debug: breakpoints[ 4] read 07d0
State: SEARCH, left= 2, right= 5, mid= 3
ROM Debug: breakpoints[ 4] read 07d0
State: SEARCH, left= 4, right= 5, mid= 3
ROM Debug: breakpoints[ 4] read 07d0
State: SEARCH, left= 4, right= 5, mid= 4
ROM Debug: breakpoints[ 4] read 07d0
State: DONE, segment_idx= 4
ROM Debug: breakpoints[ 4] read 07d0
Debug: Input=035b, Found segment_idx= 4, Breakpoint=0000
ROM Debug: breakpoints[ 4] read 07d0
ROM Debug: breakpoints[ 4] read 07d0
ROM Debug: breakpoints[ 4] read 07d0
ROM Debug: breakpoints[ 4] read 07d0
Stage 1: x_in=035b, breakpoint=07d0, delta_x=fb80
ROM Debug: breakpoints[ 4] read 07d0
Stage 2: delta_x=fb8b, slope=3ece, slope_term=fee56100
ROM Debug: breakpoints[ 4] read 07d0
Stage 3: y_out=fbb1, intercept=001c
Error at vector          83: Expected 02bd, Got fbbc
ROM Debug: breakpoints[ 4] read 07d0
ROM Debug: breakpoints[ 4] read 07d0
ROM Debug: breakpoints[ 4] read 07d0
State: IDLE, x_valid received: 0365
ROM Debug: breakpoints[ 4] read 07d0
State: INIT, left= 4, right= 3
ROM Debug: breakpoints[ 4] read 07d0
State: SEARCH, left= 0, right=22, mid= 4
ROM Debug: breakpoints[ 4] read 07d0
State: SEARCH, left= 0, right= 3, mid=11
ROM Debug: breakpoints[ 4] read 07d0
State: SEARCH, left= 0, right=10, mid= 1
ROM Debug: breakpoints[ 4] read 07d0
State: SEARCH, left= 2, right=10, mid= 5
ROM Debug: breakpoints[ 4] read 07d0
State: SEARCH, left= 2, right= 4, mid= 6
ROM Debug: breakpoints[ 4] read 07d0
State: SEARCH, left= 2, right= 5, mid= 3
ROM Debug: breakpoints[ 4] read 07d0
State: SEARCH, left= 4, right= 5, mid= 3
ROM Debug: breakpoints[ 4] read 07d0
State: SEARCH, left= 4, right= 5, mid= 4
ROM Debug: breakpoints[ 4] read 07d0
State: DONE, segment_idx= 4
ROM Debug: breakpoints[ 4] read 07d0
Debug: Input=0365, Found segment_idx= 4, Breakpoint=0000
ROM Debug: breakpoints[ 4] read 07d0
ROM Debug: breakpoints[ 4] read 07d0
ROM Debug: breakpoints[ 4] read 07d0
ROM Debug: breakpoints[ 4] read 07d0
Stage 1: x_in=0365, breakpoint=07d0, delta_x=fb8b
ROM Debug: breakpoints[ 4] read 07d0
Stage 2: delta_x=fb95, slope=3ece, slope_term=fee813da
ROM Debug: breakpoints[ 4] read 07d0
Stage 3: y_out=fbbc, intercept=001c
Error at vector          84: Expected 02c3, Got fbc6
ROM Debug: breakpoints[ 4] read 07d0
ROM Debug: breakpoints[ 4] read 07d0
ROM Debug: breakpoints[ 4] read 07d0
State: IDLE, x_valid received: 036f
ROM Debug: breakpoints[ 4] read 07d0
State: INIT, left= 4, right= 3
ROM Debug: breakpoints[ 4] read 07d0
State: SEARCH, left= 0, right=22, mid= 4
ROM Debug: breakpoints[ 4] read 07d0
State: SEARCH, left= 0, right= 3, mid=11
ROM Debug: breakpoints[ 4] read 07d0
State: SEARCH, left= 0, right=10, mid= 1
ROM Debug: breakpoints[ 4] read 07d0
State: SEARCH, left= 2, right=10, mid= 5
ROM Debug: breakpoints[ 4] read 07d0
State: SEARCH, left= 2, right= 4, mid= 6
ROM Debug: breakpoints[ 4] read 07d0
State: SEARCH, left= 2, right= 5, mid= 3
ROM Debug: breakpoints[ 4] read 07d0
State: SEARCH, left= 4, right= 5, mid= 3
ROM Debug: breakpoints[ 4] read 07d0
State: SEARCH, left= 4, right= 5, mid= 4
ROM Debug: breakpoints[ 4] read 07d0
State: DONE, segment_idx= 4
ROM Debug: breakpoints[ 4] read 07d0
Debug: Input=036f, Found segment_idx= 4, Breakpoint=0000
ROM Debug: breakpoints[ 4] read 07d0
ROM Debug: breakpoints[ 4] read 07d0
ROM Debug: breakpoints[ 4] read 07d0
ROM Debug: breakpoints[ 4] read 07d0
Stage 1: x_in=036f, breakpoint=07d0, delta_x=fb95
ROM Debug: breakpoints[ 4] read 07d0
Stage 2: delta_x=fb9f, slope=3ece, slope_term=feea87e6
ROM Debug: breakpoints[ 4] read 07d0
Stage 3: y_out=fbc6, intercept=001c
Error at vector          85: Expected 02c8, Got fbcf
ROM Debug: breakpoints[ 4] read 07d0
ROM Debug: breakpoints[ 4] read 07d0
ROM Debug: breakpoints[ 4] read 07d0
State: IDLE, x_valid received: 037a
ROM Debug: breakpoints[ 4] read 07d0
State: INIT, left= 4, right= 3
ROM Debug: breakpoints[ 4] read 07d0
State: SEARCH, left= 0, right=22, mid= 4
ROM Debug: breakpoints[ 4] read 07d0
State: SEARCH, left= 0, right= 3, mid=11
ROM Debug: breakpoints[ 4] read 07d0
State: SEARCH, left= 0, right=10, mid= 1
ROM Debug: breakpoints[ 4] read 07d0
State: SEARCH, left= 2, right=10, mid= 5
ROM Debug: breakpoints[ 4] read 07d0
State: SEARCH, left= 2, right= 4, mid= 6
ROM Debug: breakpoints[ 4] read 07d0
State: SEARCH, left= 2, right= 5, mid= 3
ROM Debug: breakpoints[ 4] read 07d0
State: SEARCH, left= 4, right= 5, mid= 3
ROM Debug: breakpoints[ 4] read 07d0
State: SEARCH, left= 4, right= 5, mid= 4
ROM Debug: breakpoints[ 4] read 07d0
State: DONE, segment_idx= 4
ROM Debug: breakpoints[ 4] read 07d0
Debug: Input=037a, Found segment_idx= 4, Breakpoint=0000
ROM Debug: breakpoints[ 4] read 07d0
ROM Debug: breakpoints[ 4] read 07d0
ROM Debug: breakpoints[ 4] read 07d0
ROM Debug: breakpoints[ 4] read 07d0
Stage 1: x_in=037a, breakpoint=07d0, delta_x=fb9f
ROM Debug: breakpoints[ 4] read 07d0
Stage 2: delta_x=fbaa, slope=3ece, slope_term=feecfbf2
ROM Debug: breakpoints[ 4] read 07d0
Stage 3: y_out=fbcf, intercept=001c
Error at vector          86: Expected 02ce, Got fbda
ROM Debug: breakpoints[ 4] read 07d0
ROM Debug: breakpoints[ 4] read 07d0
ROM Debug: breakpoints[ 4] read 07d0
State: IDLE, x_valid received: 0384
ROM Debug: breakpoints[ 4] read 07d0
State: INIT, left= 4, right= 3
ROM Debug: breakpoints[ 4] read 07d0
State: SEARCH, left= 0, right=22, mid= 4
ROM Debug: breakpoints[ 4] read 07d0
State: SEARCH, left= 0, right= 3, mid=11
ROM Debug: breakpoints[ 4] read 07d0
State: SEARCH, left= 0, right=10, mid= 1
ROM Debug: breakpoints[ 4] read 07d0
State: SEARCH, left= 2, right=10, mid= 5
ROM Debug: breakpoints[ 4] read 07d0
State: SEARCH, left= 2, right= 4, mid= 6
ROM Debug: breakpoints[ 4] read 07d0
State: SEARCH, left= 2, right= 5, mid= 3
ROM Debug: breakpoints[ 4] read 07d0
State: SEARCH, left= 4, right= 5, mid= 3
ROM Debug: breakpoints[ 4] read 07d0
State: SEARCH, left= 4, right= 5, mid= 4
ROM Debug: breakpoints[ 4] read 07d0
State: DONE, segment_idx= 4
ROM Debug: breakpoints[ 4] read 07d0
Debug: Input=0384, Found segment_idx= 4, Breakpoint=0000
ROM Debug: breakpoints[ 4] read 07d0
ROM Debug: breakpoints[ 4] read 07d0
ROM Debug: breakpoints[ 4] read 07d0
ROM Debug: breakpoints[ 4] read 07d0
Stage 1: x_in=0384, breakpoint=07d0, delta_x=fbaa
ROM Debug: breakpoints[ 4] read 07d0
Stage 2: delta_x=fbb4, slope=3ece, slope_term=feefaecc
ROM Debug: breakpoints[ 4] read 07d0
Stage 3: y_out=fbda, intercept=001c
Error at vector          87: Expected 02d3, Got fbe4
ROM Debug: breakpoints[ 4] read 07d0
ROM Debug: breakpoints[ 4] read 07d0
ROM Debug: breakpoints[ 4] read 07d0
State: IDLE, x_valid received: 038e
ROM Debug: breakpoints[ 4] read 07d0
State: INIT, left= 4, right= 3
ROM Debug: breakpoints[ 4] read 07d0
State: SEARCH, left= 0, right=22, mid= 4
ROM Debug: breakpoints[ 4] read 07d0
State: SEARCH, left= 0, right= 3, mid=11
ROM Debug: breakpoints[ 4] read 07d0
State: SEARCH, left= 0, right=10, mid= 1
ROM Debug: breakpoints[ 4] read 07d0
State: SEARCH, left= 2, right=10, mid= 5
ROM Debug: breakpoints[ 4] read 07d0
State: SEARCH, left= 2, right= 4, mid= 6
ROM Debug: breakpoints[ 4] read 07d0
State: SEARCH, left= 2, right= 5, mid= 3
ROM Debug: breakpoints[ 4] read 07d0
State: SEARCH, left= 4, right= 5, mid= 3
ROM Debug: breakpoints[ 4] read 07d0
State: SEARCH, left= 4, right= 5, mid= 4
ROM Debug: breakpoints[ 4] read 07d0
State: DONE, segment_idx= 4
ROM Debug: breakpoints[ 4] read 07d0
Debug: Input=038e, Found segment_idx= 4, Breakpoint=0000
ROM Debug: breakpoints[ 4] read 07d0
ROM Debug: breakpoints[ 4] read 07d0
ROM Debug: breakpoints[ 4] read 07d0
ROM Debug: breakpoints[ 4] read 07d0
Stage 1: x_in=038e, breakpoint=07d0, delta_x=fbb4
ROM Debug: breakpoints[ 4] read 07d0
Stage 2: delta_x=fbbe, slope=3ece, slope_term=fef222d8
ROM Debug: breakpoints[ 4] read 07d0
Stage 3: y_out=fbe4, intercept=001c
Error at vector          88: Expected 02d8, Got fbee
ROM Debug: breakpoints[ 4] read 07d0
ROM Debug: breakpoints[ 4] read 07d0
ROM Debug: breakpoints[ 4] read 07d0
State: IDLE, x_valid received: 0399
ROM Debug: breakpoints[ 4] read 07d0
State: INIT, left= 4, right= 3
ROM Debug: breakpoints[ 4] read 07d0
State: SEARCH, left= 0, right=22, mid= 4
ROM Debug: breakpoints[ 4] read 07d0
State: SEARCH, left= 0, right= 3, mid=11
ROM Debug: breakpoints[ 4] read 07d0
State: SEARCH, left= 0, right=10, mid= 1
ROM Debug: breakpoints[ 4] read 07d0
State: SEARCH, left= 2, right=10, mid= 5
ROM Debug: breakpoints[ 4] read 07d0
State: SEARCH, left= 2, right= 4, mid= 6
ROM Debug: breakpoints[ 4] read 07d0
State: SEARCH, left= 2, right= 5, mid= 3
ROM Debug: breakpoints[ 4] read 07d0
State: SEARCH, left= 4, right= 5, mid= 3
ROM Debug: breakpoints[ 4] read 07d0
State: SEARCH, left= 4, right= 5, mid= 4
ROM Debug: breakpoints[ 4] read 07d0
State: DONE, segment_idx= 4
ROM Debug: breakpoints[ 4] read 07d0
Debug: Input=0399, Found segment_idx= 4, Breakpoint=0000
ROM Debug: breakpoints[ 4] read 07d0
ROM Debug: breakpoints[ 4] read 07d0
ROM Debug: breakpoints[ 4] read 07d0
ROM Debug: breakpoints[ 4] read 07d0
Stage 1: x_in=0399, breakpoint=07d0, delta_x=fbbe
ROM Debug: breakpoints[ 4] read 07d0
Stage 2: delta_x=fbc9, slope=3ece, slope_term=fef496e4
ROM Debug: breakpoints[ 4] read 07d0
Stage 3: y_out=fbee, intercept=001c
Error at vector          89: Expected 02dd, Got fbf9
ROM Debug: breakpoints[ 4] read 07d0
ROM Debug: breakpoints[ 4] read 07d0
ROM Debug: breakpoints[ 4] read 07d0
State: IDLE, x_valid received: 03a3
ROM Debug: breakpoints[ 4] read 07d0
State: INIT, left= 4, right= 3
ROM Debug: breakpoints[ 4] read 07d0
State: SEARCH, left= 0, right=22, mid= 4
ROM Debug: breakpoints[ 4] read 07d0
State: SEARCH, left= 0, right= 3, mid=11
ROM Debug: breakpoints[ 4] read 07d0
State: SEARCH, left= 0, right=10, mid= 1
ROM Debug: breakpoints[ 4] read 07d0
State: SEARCH, left= 2, right=10, mid= 5
ROM Debug: breakpoints[ 4] read 07d0
State: SEARCH, left= 2, right= 4, mid= 6
ROM Debug: breakpoints[ 4] read 07d0
State: SEARCH, left= 2, right= 5, mid= 3
ROM Debug: breakpoints[ 4] read 07d0
State: SEARCH, left= 4, right= 5, mid= 3
ROM Debug: breakpoints[ 4] read 07d0
State: SEARCH, left= 4, right= 5, mid= 4
ROM Debug: breakpoints[ 4] read 07d0
State: DONE, segment_idx= 4
ROM Debug: breakpoints[ 4] read 07d0
Debug: Input=03a3, Found segment_idx= 4, Breakpoint=0000
ROM Debug: breakpoints[ 4] read 07d0
ROM Debug: breakpoints[ 4] read 07d0
ROM Debug: breakpoints[ 4] read 07d0
ROM Debug: breakpoints[ 4] read 07d0
Stage 1: x_in=03a3, breakpoint=07d0, delta_x=fbc9
ROM Debug: breakpoints[ 4] read 07d0
Stage 2: delta_x=fbd3, slope=3ece, slope_term=fef749be
ROM Debug: breakpoints[ 4] read 07d0
Stage 3: y_out=fbf9, intercept=001c
Error at vector          90: Expected 02e2, Got fc02
ROM Debug: breakpoints[ 4] read 07d0
ROM Debug: breakpoints[ 4] read 07d0
ROM Debug: breakpoints[ 4] read 07d0
State: IDLE, x_valid received: 03ad
ROM Debug: breakpoints[ 4] read 07d0
State: INIT, left= 4, right= 3
ROM Debug: breakpoints[ 4] read 07d0
State: SEARCH, left= 0, right=22, mid= 4
ROM Debug: breakpoints[ 4] read 07d0
State: SEARCH, left= 0, right= 3, mid=11
ROM Debug: breakpoints[ 4] read 07d0
State: SEARCH, left= 0, right=10, mid= 1
ROM Debug: breakpoints[ 4] read 07d0
State: SEARCH, left= 2, right=10, mid= 5
ROM Debug: breakpoints[ 4] read 07d0
State: SEARCH, left= 2, right= 4, mid= 6
ROM Debug: breakpoints[ 4] read 07d0
State: SEARCH, left= 2, right= 5, mid= 3
ROM Debug: breakpoints[ 4] read 07d0
State: SEARCH, left= 4, right= 5, mid= 3
ROM Debug: breakpoints[ 4] read 07d0
State: SEARCH, left= 4, right= 5, mid= 4
ROM Debug: breakpoints[ 4] read 07d0
State: DONE, segment_idx= 4
ROM Debug: breakpoints[ 4] read 07d0
Debug: Input=03ad, Found segment_idx= 4, Breakpoint=0000
ROM Debug: breakpoints[ 4] read 07d0
ROM Debug: breakpoints[ 4] read 07d0
ROM Debug: breakpoints[ 4] read 07d0
ROM Debug: breakpoints[ 4] read 07d0
Stage 1: x_in=03ad, breakpoint=07d0, delta_x=fbd3
ROM Debug: breakpoints[ 4] read 07d0
Stage 2: delta_x=fbdd, slope=3ece, slope_term=fef9bdca
ROM Debug: breakpoints[ 4] read 07d0
Stage 3: y_out=fc02, intercept=001c
Error at vector          91: Expected 02e7, Got fc0c
ROM Debug: breakpoints[ 4] read 07d0
ROM Debug: breakpoints[ 4] read 07d0
ROM Debug: breakpoints[ 4] read 07d0
State: IDLE, x_valid received: 03b8
ROM Debug: breakpoints[ 4] read 07d0
State: INIT, left= 4, right= 3
ROM Debug: breakpoints[ 4] read 07d0
State: SEARCH, left= 0, right=22, mid= 4
ROM Debug: breakpoints[ 4] read 07d0
State: SEARCH, left= 0, right= 3, mid=11
ROM Debug: breakpoints[ 4] read 07d0
State: SEARCH, left= 0, right=10, mid= 1
ROM Debug: breakpoints[ 4] read 07d0
State: SEARCH, left= 2, right=10, mid= 5
ROM Debug: breakpoints[ 4] read 07d0
State: SEARCH, left= 2, right= 4, mid= 6
ROM Debug: breakpoints[ 4] read 07d0
State: SEARCH, left= 2, right= 5, mid= 3
ROM Debug: breakpoints[ 4] read 07d0
State: SEARCH, left= 4, right= 5, mid= 3
ROM Debug: breakpoints[ 4] read 07d0
State: SEARCH, left= 4, right= 5, mid= 4
ROM Debug: breakpoints[ 4] read 07d0
State: DONE, segment_idx= 4
ROM Debug: breakpoints[ 4] read 07d0
Debug: Input=03b8, Found segment_idx= 4, Breakpoint=0000
ROM Debug: breakpoints[ 4] read 07d0
ROM Debug: breakpoints[ 4] read 07d0
ROM Debug: breakpoints[ 4] read 07d0
ROM Debug: breakpoints[ 4] read 07d0
Stage 1: x_in=03b8, breakpoint=07d0, delta_x=fbdd
ROM Debug: breakpoints[ 4] read 07d0
Stage 2: delta_x=fbe8, slope=3ece, slope_term=fefc31d6
ROM Debug: breakpoints[ 4] read 07d0
Stage 3: y_out=fc0c, intercept=001c
Error at vector          92: Expected 02ec, Got fc17
ROM Debug: breakpoints[ 4] read 07d0
ROM Debug: breakpoints[ 4] read 07d0
ROM Debug: breakpoints[ 4] read 07d0
State: IDLE, x_valid received: 03c2
ROM Debug: breakpoints[ 4] read 07d0
State: INIT, left= 4, right= 3
ROM Debug: breakpoints[ 4] read 07d0
State: SEARCH, left= 0, right=22, mid= 4
ROM Debug: breakpoints[ 4] read 07d0
State: SEARCH, left= 0, right= 3, mid=11
ROM Debug: breakpoints[ 4] read 07d0
State: SEARCH, left= 0, right=10, mid= 1
ROM Debug: breakpoints[ 4] read 07d0
State: SEARCH, left= 2, right=10, mid= 5
ROM Debug: breakpoints[ 4] read 07d0
State: SEARCH, left= 2, right= 4, mid= 6
ROM Debug: breakpoints[ 4] read 07d0
State: SEARCH, left= 2, right= 5, mid= 3
ROM Debug: breakpoints[ 4] read 07d0
State: SEARCH, left= 4, right= 5, mid= 3
ROM Debug: breakpoints[ 4] read 07d0
State: SEARCH, left= 4, right= 5, mid= 4
ROM Debug: breakpoints[ 4] read 07d0
State: DONE, segment_idx= 4
ROM Debug: breakpoints[ 4] read 07d0
Debug: Input=03c2, Found segment_idx= 4, Breakpoint=0000
ROM Debug: breakpoints[ 4] read 07d0
ROM Debug: breakpoints[ 4] read 07d0
ROM Debug: breakpoints[ 4] read 07d0
ROM Debug: breakpoints[ 4] read 07d0
Stage 1: x_in=03c2, breakpoint=07d0, delta_x=fbe8
ROM Debug: breakpoints[ 4] read 07d0
Stage 2: delta_x=fbf2, slope=3ece, slope_term=fefee4b0
ROM Debug: breakpoints[ 4] read 07d0
Stage 3: y_out=fc17, intercept=001c
Error at vector          93: Expected 02f1, Got fc21
ROM Debug: breakpoints[ 4] read 07d0
ROM Debug: breakpoints[ 4] read 07d0
ROM Debug: breakpoints[ 4] read 07d0
State: IDLE, x_valid received: 03cc
ROM Debug: breakpoints[ 4] read 07d0
State: INIT, left= 4, right= 3
ROM Debug: breakpoints[ 4] read 07d0
State: SEARCH, left= 0, right=22, mid= 4
ROM Debug: breakpoints[ 4] read 07d0
State: SEARCH, left= 0, right= 3, mid=11
ROM Debug: breakpoints[ 4] read 07d0
State: SEARCH, left= 0, right=10, mid= 1
ROM Debug: breakpoints[ 4] read 07d0
State: SEARCH, left= 2, right=10, mid= 5
ROM Debug: breakpoints[ 4] read 07d0
State: SEARCH, left= 2, right= 4, mid= 6
ROM Debug: breakpoints[ 4] read 07d0
State: SEARCH, left= 2, right= 5, mid= 3
ROM Debug: breakpoints[ 4] read 07d0
State: SEARCH, left= 4, right= 5, mid= 3
ROM Debug: breakpoints[ 4] read 07d0
State: SEARCH, left= 4, right= 5, mid= 4
ROM Debug: breakpoints[ 4] read 07d0
State: DONE, segment_idx= 4
ROM Debug: breakpoints[ 4] read 07d0
Debug: Input=03cc, Found segment_idx= 4, Breakpoint=0000
ROM Debug: breakpoints[ 4] read 07d0
ROM Debug: breakpoints[ 4] read 07d0
ROM Debug: breakpoints[ 4] read 07d0
ROM Debug: breakpoints[ 4] read 07d0
Stage 1: x_in=03cc, breakpoint=07d0, delta_x=fbf2
ROM Debug: breakpoints[ 4] read 07d0
Stage 2: delta_x=fbfc, slope=3ece, slope_term=ff0158bc
ROM Debug: breakpoints[ 4] read 07d0
Stage 3: y_out=fc21, intercept=001c
Error at vector          94: Expected 02f5, Got fc2b
ROM Debug: breakpoints[ 4] read 07d0
ROM Debug: breakpoints[ 4] read 07d0
ROM Debug: breakpoints[ 4] read 07d0
State: IDLE, x_valid received: 03d7
ROM Debug: breakpoints[ 4] read 07d0
State: INIT, left= 4, right= 3
ROM Debug: breakpoints[ 4] read 07d0
State: SEARCH, left= 0, right=22, mid= 4
ROM Debug: breakpoints[ 4] read 07d0
State: SEARCH, left= 0, right= 3, mid=11
ROM Debug: breakpoints[ 4] read 07d0
State: SEARCH, left= 0, right=10, mid= 1
ROM Debug: breakpoints[ 4] read 07d0
State: SEARCH, left= 2, right=10, mid= 5
ROM Debug: breakpoints[ 4] read 07d0
State: SEARCH, left= 2, right= 4, mid= 6
ROM Debug: breakpoints[ 4] read 07d0
State: SEARCH, left= 2, right= 5, mid= 3
ROM Debug: breakpoints[ 4] read 07d0
State: SEARCH, left= 4, right= 5, mid= 3
ROM Debug: breakpoints[ 4] read 07d0
State: SEARCH, left= 4, right= 5, mid= 4
ROM Debug: breakpoints[ 4] read 07d0
State: DONE, segment_idx= 4
ROM Debug: breakpoints[ 4] read 07d0
Debug: Input=03d7, Found segment_idx= 4, Breakpoint=0000
ROM Debug: breakpoints[ 4] read 07d0
ROM Debug: breakpoints[ 4] read 07d0
ROM Debug: breakpoints[ 4] read 07d0
ROM Debug: breakpoints[ 4] read 07d0
Stage 1: x_in=03d7, breakpoint=07d0, delta_x=fbfc
ROM Debug: breakpoints[ 4] read 07d0
Stage 2: delta_x=fc07, slope=3ece, slope_term=ff03ccc8
ROM Debug: breakpoints[ 4] read 07d0
Stage 3: y_out=fc2b, intercept=001c
Error at vector          95: Expected 02fa, Got fc35
ROM Debug: breakpoints[ 4] read 07d0
ROM Debug: breakpoints[ 4] read 07d0
ROM Debug: breakpoints[ 4] read 07d0
State: IDLE, x_valid received: 03e1
ROM Debug: breakpoints[ 4] read 07d0
State: INIT, left= 4, right= 3
ROM Debug: breakpoints[ 4] read 07d0
State: SEARCH, left= 0, right=22, mid= 4
ROM Debug: breakpoints[ 4] read 07d0
State: SEARCH, left= 0, right= 3, mid=11
ROM Debug: breakpoints[ 4] read 07d0
State: SEARCH, left= 0, right=10, mid= 1
ROM Debug: breakpoints[ 4] read 07d0
State: SEARCH, left= 2, right=10, mid= 5
ROM Debug: breakpoints[ 4] read 07d0
State: SEARCH, left= 2, right= 4, mid= 6
ROM Debug: breakpoints[ 4] read 07d0
State: SEARCH, left= 2, right= 5, mid= 3
ROM Debug: breakpoints[ 4] read 07d0
State: SEARCH, left= 4, right= 5, mid= 3
ROM Debug: breakpoints[ 4] read 07d0
State: SEARCH, left= 4, right= 5, mid= 4
ROM Debug: breakpoints[ 4] read 07d0
State: DONE, segment_idx= 4
ROM Debug: breakpoints[ 4] read 07d0
Debug: Input=03e1, Found segment_idx= 4, Breakpoint=0000
ROM Debug: breakpoints[ 4] read 07d0
ROM Debug: breakpoints[ 4] read 07d0
ROM Debug: breakpoints[ 4] read 07d0
ROM Debug: breakpoints[ 4] read 07d0
Stage 1: x_in=03e1, breakpoint=07d0, delta_x=fc07
ROM Debug: breakpoints[ 4] read 07d0
Stage 2: delta_x=fc11, slope=3ece, slope_term=ff067fa2
ROM Debug: breakpoints[ 4] read 07d0
Stage 3: y_out=fc35, intercept=001c
Error at vector          96: Expected 02ff, Got fc3f
ROM Debug: breakpoints[ 4] read 07d0
ROM Debug: breakpoints[ 4] read 07d0
ROM Debug: breakpoints[ 4] read 07d0
State: IDLE, x_valid received: 03eb
ROM Debug: breakpoints[ 4] read 07d0
State: INIT, left= 4, right= 3
ROM Debug: breakpoints[ 4] read 07d0
State: SEARCH, left= 0, right=22, mid= 4
ROM Debug: breakpoints[ 4] read 07d0
State: SEARCH, left= 0, right= 3, mid=11
ROM Debug: breakpoints[ 4] read 07d0
State: SEARCH, left= 0, right=10, mid= 1
ROM Debug: breakpoints[ 4] read 07d0
State: SEARCH, left= 2, right=10, mid= 5
ROM Debug: breakpoints[ 4] read 07d0
State: SEARCH, left= 2, right= 4, mid= 6
ROM Debug: breakpoints[ 4] read 07d0
State: SEARCH, left= 2, right= 5, mid= 3
ROM Debug: breakpoints[ 4] read 07d0
State: SEARCH, left= 4, right= 5, mid= 3
ROM Debug: breakpoints[ 4] read 07d0
State: SEARCH, left= 4, right= 5, mid= 4
ROM Debug: breakpoints[ 4] read 07d0
State: DONE, segment_idx= 4
ROM Debug: breakpoints[ 4] read 07d0
Debug: Input=03eb, Found segment_idx= 4, Breakpoint=0000
ROM Debug: breakpoints[ 4] read 07d0
ROM Debug: breakpoints[ 4] read 07d0
ROM Debug: breakpoints[ 4] read 07d0
ROM Debug: breakpoints[ 4] read 07d0
Stage 1: x_in=03eb, breakpoint=07d0, delta_x=fc11
ROM Debug: breakpoints[ 4] read 07d0
Stage 2: delta_x=fc1b, slope=3ece, slope_term=ff08f3ae
ROM Debug: breakpoints[ 4] read 07d0
Stage 3: y_out=fc3f, intercept=001c
Error at vector          97: Expected 0303, Got fc49
ROM Debug: breakpoints[ 4] read 07d0
ROM Debug: breakpoints[ 4] read 07d0
ROM Debug: breakpoints[ 4] read 07d0
State: IDLE, x_valid received: 03f6
ROM Debug: breakpoints[ 4] read 07d0
State: INIT, left= 4, right= 3
ROM Debug: breakpoints[ 4] read 07d0
State: SEARCH, left= 0, right=22, mid= 4
ROM Debug: breakpoints[ 4] read 07d0
State: SEARCH, left= 0, right= 3, mid=11
ROM Debug: breakpoints[ 4] read 07d0
State: SEARCH, left= 0, right=10, mid= 1
ROM Debug: breakpoints[ 4] read 07d0
State: SEARCH, left= 2, right=10, mid= 5
ROM Debug: breakpoints[ 4] read 07d0
State: SEARCH, left= 2, right= 4, mid= 6
ROM Debug: breakpoints[ 4] read 07d0
State: SEARCH, left= 2, right= 5, mid= 3
ROM Debug: breakpoints[ 4] read 07d0
State: SEARCH, left= 4, right= 5, mid= 3
ROM Debug: breakpoints[ 4] read 07d0
State: SEARCH, left= 4, right= 5, mid= 4
ROM Debug: breakpoints[ 4] read 07d0
State: DONE, segment_idx= 4
ROM Debug: breakpoints[ 4] read 07d0
Debug: Input=03f6, Found segment_idx= 4, Breakpoint=0000
ROM Debug: breakpoints[ 4] read 07d0
ROM Debug: breakpoints[ 4] read 07d0
ROM Debug: breakpoints[ 4] read 07d0
ROM Debug: breakpoints[ 4] read 07d0
Stage 1: x_in=03f6, breakpoint=07d0, delta_x=fc1b
ROM Debug: breakpoints[ 4] read 07d0
Stage 2: delta_x=fc26, slope=3ece, slope_term=ff0b67ba
ROM Debug: breakpoints[ 4] read 07d0
Stage 3: y_out=fc49, intercept=001c
Error at vector          98: Expected 0307, Got fc54
ROM Debug: breakpoints[ 4] read 07d0
ROM Debug: breakpoints[ 4] read 07d0
ROM Debug: breakpoints[ 4] read 07d0
State: IDLE, x_valid received: 0400
ROM Debug: breakpoints[ 4] read 07d0
State: INIT, left= 4, right= 3
ROM Debug: breakpoints[ 4] read 07d0
State: SEARCH, left= 0, right=22, mid= 4
ROM Debug: breakpoints[ 4] read 07d0
State: SEARCH, left= 0, right= 3, mid=11
ROM Debug: breakpoints[ 4] read 07d0
State: SEARCH, left= 0, right=10, mid= 1
ROM Debug: breakpoints[ 4] read 07d0
State: SEARCH, left= 2, right=10, mid= 5
ROM Debug: breakpoints[ 4] read 07d0
State: SEARCH, left= 2, right= 4, mid= 6
ROM Debug: breakpoints[ 4] read 07d0
State: SEARCH, left= 2, right= 5, mid= 3
ROM Debug: breakpoints[ 4] read 07d0
State: SEARCH, left= 4, right= 5, mid= 3
ROM Debug: breakpoints[ 4] read 07d0
State: SEARCH, left= 4, right= 5, mid= 4
ROM Debug: breakpoints[ 4] read 07d0
State: DONE, segment_idx= 4
ROM Debug: breakpoints[ 4] read 07d0
Debug: Input=0400, Found segment_idx= 4, Breakpoint=0000
ROM Debug: breakpoints[ 4] read 07d0
ROM Debug: breakpoints[ 4] read 07d0
ROM Debug: breakpoints[ 4] read 07d0
ROM Debug: breakpoints[ 4] read 07d0
Stage 1: x_in=0400, breakpoint=07d0, delta_x=fc26
ROM Debug: breakpoints[ 4] read 07d0
Stage 2: delta_x=fc30, slope=3ece, slope_term=ff0e1a94
ROM Debug: breakpoints[ 4] read 07d0
Stage 3: y_out=fc54, intercept=001c
Error at vector          99: Expected 030c, Got fc5e
ROM Debug: breakpoints[ 4] read 07d0
ROM Debug: breakpoints[ 4] read 07d0
ROM Debug: breakpoints[ 4] read 07d0
State: IDLE, x_valid received: xxxx
ROM Debug: breakpoints[ 4] read 07d0
State: INIT, left= 4, right= 3
ROM Debug: breakpoints[ 4] read 07d0
State: SEARCH, left= 0, right=22, mid= 4
ROM Debug: breakpoints[ 4] read 07d0
State: SEARCH, left= 5, right=22, mid=11
ROM Debug: breakpoints[ 4] read 07d0
State: SEARCH, left=12, right=22, mid=13
ROM Debug: breakpoints[ 4] read 07d0
State: SEARCH, left=14, right=22, mid= 1
ROM Debug: breakpoints[ 4] read 07d0
State: SEARCH, left= 2, right=22, mid= 2
ROM Debug: breakpoints[ 4] read 07d0
State: SEARCH, left= 3, right=22, mid=12
ROM Debug: breakpoints[ 4] read 07d0
State: SEARCH, left=13, right=22, mid=12
ROM Debug: breakpoints[ 4] read 07d0
State: SEARCH, left=13, right=22, mid= 1
ROM Debug: breakpoints[ 4] read 07d0
State: SEARCH, left= 2, right=22, mid= 1
ROM Debug: breakpoints[ 4] read 07d0
State: SEARCH, left= 2, right=22, mid=12
ROM Debug: breakpoints[ 4] read 07d0
State: SEARCH, left=13, right=22, mid=12
ROM Debug: breakpoints[ 4] read 07d0
State: SEARCH, left=13, right=22, mid= 1
ROM Debug: breakpoints[ 4] read 07d0
State: SEARCH, left= 2, right=22, mid= 1
ROM Debug: breakpoints[ 4] read 07d0
State: SEARCH, left= 2, right=22, mid=12
ROM Debug: breakpoints[ 4] read 07d0
State: SEARCH, left=13, right=22, mid=12
ROM Debug: breakpoints[ 4] read 07d0
State: SEARCH, left=13, right=22, mid= 1
ROM Debug: breakpoints[ 4] read 07d0
State: SEARCH, left= 2, right=22, mid= 1
ROM Debug: breakpoints[ 4] read 07d0
State: SEARCH, left= 2, right=22, mid=12
ROM Debug: breakpoints[ 4] read 07d0
State: SEARCH, left=13, right=22, mid=12
ROM Debug: breakpoints[ 4] read 07d0
State: SEARCH, left=13, right=22, mid= 1
ROM Debug: breakpoints[ 4] read 07d0
State: SEARCH, left= 2, right=22, mid= 1
ROM Debug: breakpoints[ 4] read 07d0
State: SEARCH, left= 2, right=22, mid=12
ROM Debug: breakpoints[ 4] read 07d0
State: SEARCH, left=13, right=22, mid=12
ROM Debug: breakpoints[ 4] read 07d0
State: SEARCH, left=13, right=22, mid= 1
ROM Debug: breakpoints[ 4] read 07d0
State: SEARCH, left= 2, right=22, mid= 1
ROM Debug: breakpoints[ 4] read 07d0
State: SEARCH, left= 2, right=22, mid=12
ROM Debug: breakpoints[ 4] read 07d0
State: SEARCH, left=13, right=22, mid=12
ROM Debug: breakpoints[ 4] read 07d0
State: SEARCH, left=13, right=22, mid= 1
ROM Debug: breakpoints[ 4] read 07d0
State: SEARCH, left= 2, right=22, mid= 1
ROM Debug: breakpoints[ 4] read 07d0
State: SEARCH, left= 2, right=22, mid=12
ROM Debug: breakpoints[ 4] read 07d0
State: SEARCH, left=13, right=22, mid=12
ROM Debug: breakpoints[ 4] read 07d0
State: SEARCH, left=13, right=22, mid= 1
ROM Debug: breakpoints[ 4] read 07d0
State: SEARCH, left= 2, right=22, mid= 1
ROM Debug: breakpoints[ 4] read 07d0
State: SEARCH, left= 2, right=22, mid=12
ROM Debug: breakpoints[ 4] read 07d0
State: SEARCH, left=13, right=22, mid=12
ROM Debug: breakpoints[ 4] read 07d0
State: SEARCH, left=13, right=22, mid= 1
ROM Debug: breakpoints[ 4] read 07d0
State: SEARCH, left= 2, right=22, mid= 1
ROM Debug: breakpoints[ 4] read 07d0
State: SEARCH, left= 2, right=22, mid=12
ROM Debug: breakpoints[ 4] read 07d0
State: SEARCH, left=13, right=22, mid=12
ROM Debug: breakpoints[ 4] read 07d0
State: SEARCH, left=13, right=22, mid= 1
ROM Debug: breakpoints[ 4] read 07d0
State: SEARCH, left= 2, right=22, mid= 1
ROM Debug: breakpoints[ 4] read 07d0
State: SEARCH, left= 2, right=22, mid=12
ROM Debug: breakpoints[ 4] read 07d0
State: SEARCH, left=13, right=22, mid=12
ROM Debug: breakpoints[ 4] read 07d0
State: SEARCH, left=13, right=22, mid= 1
ROM Debug: breakpoints[ 4] read 07d0
State: SEARCH, left= 2, right=22, mid= 1
ROM Debug: breakpoints[ 4] read 07d0
State: SEARCH, left= 2, right=22, mid=12
ROM Debug: breakpoints[ 4] read 07d0
State: SEARCH, left=13, right=22, mid=12
ROM Debug: breakpoints[ 4] read 07d0
State: SEARCH, left=13, right=22, mid= 1
ROM Debug: breakpoints[ 4] read 07d0
State: SEARCH, left= 2, right=22, mid= 1
ROM Debug: breakpoints[ 4] read 07d0
State: SEARCH, left= 2, right=22, mid=12
ROM Debug: breakpoints[ 4] read 07d0
State: SEARCH, left=13, right=22, mid=12
ROM Debug: breakpoints[ 4] read 07d0
State: SEARCH, left=13, right=22, mid= 1
ROM Debug: breakpoints[ 4] read 07d0
State: SEARCH, left= 2, right=22, mid= 1
ROM Debug: breakpoints[ 4] read 07d0
State: SEARCH, left= 2, right=22, mid=12
ROM Debug: breakpoints[ 4] read 07d0
State: SEARCH, left=13, right=22, mid=12
ROM Debug: breakpoints[ 4] read 07d0
State: SEARCH, left=13, right=22, mid= 1
ROM Debug: breakpoints[ 4] read 07d0
State: SEARCH, left= 2, right=22, mid= 1
ROM Debug: breakpoints[ 4] read 07d0
State: SEARCH, left= 2, right=22, mid=12
ROM Debug: breakpoints[ 4] read 07d0
State: SEARCH, left=13, right=22, mid=12
ROM Debug: breakpoints[ 4] read 07d0
State: SEARCH, left=13, right=22, mid= 1
ROM Debug: breakpoints[ 4] read 07d0
State: SEARCH, left= 2, right=22, mid= 1
ROM Debug: breakpoints[ 4] read 07d0
State: SEARCH, left= 2, right=22, mid=12
ROM Debug: breakpoints[ 4] read 07d0
State: SEARCH, left=13, right=22, mid=12
ROM Debug: breakpoints[ 4] read 07d0
State: SEARCH, left=13, right=22, mid= 1
ROM Debug: breakpoints[ 4] read 07d0
State: SEARCH, left= 2, right=22, mid= 1
ROM Debug: breakpoints[ 4] read 07d0
State: SEARCH, left= 2, right=22, mid=12
ROM Debug: breakpoints[ 4] read 07d0
State: SEARCH, left=13, right=22, mid=12
ROM Debug: breakpoints[ 4] read 07d0
State: SEARCH, left=13, right=22, mid= 1
ROM Debug: breakpoints[ 4] read 07d0
State: SEARCH, left= 2, right=22, mid= 1
ROM Debug: breakpoints[ 4] read 07d0
State: SEARCH, left= 2, right=22, mid=12
ROM Debug: breakpoints[ 4] read 07d0
State: SEARCH, left=13, right=22, mid=12
ROM Debug: breakpoints[ 4] read 07d0
State: SEARCH, left=13, right=22, mid= 1
ROM Debug: breakpoints[ 4] read 07d0
State: SEARCH, left= 2, right=22, mid= 1
ROM Debug: breakpoints[ 4] read 07d0
State: SEARCH, left= 2, right=22, mid=12
ROM Debug: breakpoints[ 4] read 07d0
State: SEARCH, left=13, right=22, mid=12
ROM Debug: breakpoints[ 4] read 07d0
State: SEARCH, left=13, right=22, mid= 1
ROM Debug: breakpoints[ 4] read 07d0
State: SEARCH, left= 2, right=22, mid= 1
ROM Debug: breakpoints[ 4] read 07d0
State: SEARCH, left= 2, right=22, mid=12
ROM Debug: breakpoints[ 4] read 07d0
State: SEARCH, left=13, right=22, mid=12
ROM Debug: breakpoints[ 4] read 07d0
State: SEARCH, left=13, right=22, mid= 1
ROM Debug: breakpoints[ 4] read 07d0
State: SEARCH, left= 2, right=22, mid= 1
ROM Debug: breakpoints[ 4] read 07d0
State: SEARCH, left= 2, right=22, mid=12
ROM Debug: breakpoints[ 4] read 07d0
State: SEARCH, left=13, right=22, mid=12
ROM Debug: breakpoints[ 4] read 07d0
State: SEARCH, left=13, right=22, mid= 1
ROM Debug: breakpoints[ 4] read 07d0
State: SEARCH, left= 2, right=22, mid= 1
ROM Debug: breakpoints[ 4] read 07d0
State: SEARCH, left= 2, right=22, mid=12
ROM Debug: breakpoints[ 4] read 07d0
State: SEARCH, left=13, right=22, mid=12
ROM Debug: breakpoints[ 4] read 07d0
State: SEARCH, left=13, right=22, mid= 1
ROM Debug: breakpoints[ 4] read 07d0
State: SEARCH, left= 2, right=22, mid= 1
ROM Debug: breakpoints[ 4] read 07d0
State: SEARCH, left= 2, right=22, mid=12
ROM Debug: breakpoints[ 4] read 07d0
State: SEARCH, left=13, right=22, mid=12
ROM Debug: breakpoints[ 4] read 07d0
State: SEARCH, left=13, right=22, mid= 1
ROM Debug: breakpoints[ 4] read 07d0
State: SEARCH, left= 2, right=22, mid= 1
ROM Debug: breakpoints[ 4] read 07d0
State: SEARCH, left= 2, right=22, mid=12
ROM Debug: breakpoints[ 4] read 07d0
State: SEARCH, left=13, right=22, mid=12
ROM Debug: breakpoints[ 4] read 07d0
State: SEARCH, left=13, right=22, mid= 1
ROM Debug: breakpoints[ 4] read 07d0
State: SEARCH, left= 2, right=22, mid= 1
ROM Debug: breakpoints[ 4] read 07d0
State: SEARCH, left= 2, right=22, mid=12
ROM Debug: breakpoints[ 4] read 07d0
State: SEARCH, left=13, right=22, mid=12
ROM Debug: breakpoints[ 4] read 07d0
State: SEARCH, left=13, right=22, mid= 1
ROM Debug: breakpoints[ 4] read 07d0
State: SEARCH, left= 2, right=22, mid= 1
ROM Debug: breakpoints[ 4] read 07d0
State: SEARCH, left= 2, right=22, mid=12
ROM Debug: breakpoints[ 4] read 07d0
State: SEARCH, left=13, right=22, mid=12
ROM Debug: breakpoints[ 4] read 07d0
State: SEARCH, left=13, right=22, mid= 1
ROM Debug: breakpoints[ 4] read 07d0
State: SEARCH, left= 2, right=22, mid= 1
ROM Debug: breakpoints[ 4] read 07d0
State: SEARCH, left= 2, right=22, mid=12
ROM Debug: breakpoints[ 4] read 07d0
State: SEARCH, left=13, right=22, mid=12
ROM Debug: breakpoints[ 4] read 07d0
State: SEARCH, left=13, right=22, mid= 1
ROM Debug: breakpoints[ 4] read 07d0
State: SEARCH, left= 2, right=22, mid= 1
ROM Debug: breakpoints[ 4] read 07d0
State: SEARCH, left= 2, right=22, mid=12
ROM Debug: breakpoints[ 4] read 07d0
State: SEARCH, left=13, right=22, mid=12
ROM Debug: breakpoints[ 4] read 07d0
State: SEARCH, left=13, right=22, mid= 1
ROM Debug: breakpoints[ 4] read 07d0
State: SEARCH, left= 2, right=22, mid= 1
ROM Debug: breakpoints[ 4] read 07d0
State: SEARCH, left= 2, right=22, mid=12
ROM Debug: breakpoints[ 4] read 07d0
State: SEARCH, left=13, right=22, mid=12
ROM Debug: breakpoints[ 4] read 07d0
State: SEARCH, left=13, right=22, mid= 1
ROM Debug: breakpoints[ 4] read 07d0
State: SEARCH, left= 2, right=22, mid= 1
ROM Debug: breakpoints[ 4] read 07d0
State: SEARCH, left= 2, right=22, mid=12
ROM Debug: breakpoints[ 4] read 07d0
State: SEARCH, left=13, right=22, mid=12
ROM Debug: breakpoints[ 4] read 07d0
State: SEARCH, left=13, right=22, mid= 1
ROM Debug: breakpoints[ 4] read 07d0
State: SEARCH, left= 2, right=22, mid= 1
ROM Debug: breakpoints[ 4] read 07d0
State: SEARCH, left= 2, right=22, mid=12
ROM Debug: breakpoints[ 4] read 07d0
State: SEARCH, left=13, right=22, mid=12
ROM Debug: breakpoints[ 4] read 07d0
State: SEARCH, left=13, right=22, mid= 1
ROM Debug: breakpoints[ 4] read 07d0
State: SEARCH, left= 2, right=22, mid= 1
ROM Debug: breakpoints[ 4] read 07d0
State: SEARCH, left= 2, right=22, mid=12
ROM Debug: breakpoints[ 4] read 07d0
State: SEARCH, left=13, right=22, mid=12
ROM Debug: breakpoints[ 4] read 07d0
State: SEARCH, left=13, right=22, mid= 1
ROM Debug: breakpoints[ 4] read 07d0
State: SEARCH, left= 2, right=22, mid= 1
ROM Debug: breakpoints[ 4] read 07d0
State: SEARCH, left= 2, right=22, mid=12
ROM Debug: breakpoints[ 4] read 07d0
State: SEARCH, left=13, right=22, mid=12
ROM Debug: breakpoints[ 4] read 07d0
State: SEARCH, left=13, right=22, mid= 1
ROM Debug: breakpoints[ 4] read 07d0
State: SEARCH, left= 2, right=22, mid= 1
ROM Debug: breakpoints[ 4] read 07d0
State: SEARCH, left= 2, right=22, mid=12
ROM Debug: breakpoints[ 4] read 07d0
State: SEARCH, left=13, right=22, mid=12
ROM Debug: breakpoints[ 4] read 07d0
State: SEARCH, left=13, right=22, mid= 1
ROM Debug: breakpoints[ 4] read 07d0
State: SEARCH, left= 2, right=22, mid= 1
ROM Debug: breakpoints[ 4] read 07d0
State: SEARCH, left= 2, right=22, mid=12
ROM Debug: breakpoints[ 4] read 07d0
State: SEARCH, left=13, right=22, mid=12
ROM Debug: breakpoints[ 4] read 07d0
State: SEARCH, left=13, right=22, mid= 1
ROM Debug: breakpoints[ 4] read 07d0
State: SEARCH, left= 2, right=22, mid= 1
ROM Debug: breakpoints[ 4] read 07d0
State: SEARCH, left= 2, right=22, mid=12
ROM Debug: breakpoints[ 4] read 07d0
State: SEARCH, left=13, right=22, mid=12
ROM Debug: breakpoints[ 4] read 07d0
State: SEARCH, left=13, right=22, mid= 1
ROM Debug: breakpoints[ 4] read 07d0
State: SEARCH, left= 2, right=22, mid= 1
ROM Debug: breakpoints[ 4] read 07d0
State: SEARCH, left= 2, right=22, mid=12
ROM Debug: breakpoints[ 4] read 07d0
State: SEARCH, left=13, right=22, mid=12
ROM Debug: breakpoints[ 4] read 07d0
State: SEARCH, left=13, right=22, mid= 1
ROM Debug: breakpoints[ 4] read 07d0
State: SEARCH, left= 2, right=22, mid= 1
ROM Debug: breakpoints[ 4] read 07d0
State: SEARCH, left= 2, right=22, mid=12
ROM Debug: breakpoints[ 4] read 07d0
State: SEARCH, left=13, right=22, mid=12
ROM Debug: breakpoints[ 4] read 07d0
State: SEARCH, left=13, right=22, mid= 1
ROM Debug: breakpoints[ 4] read 07d0
State: SEARCH, left= 2, right=22, mid= 1
ROM Debug: breakpoints[ 4] read 07d0
State: SEARCH, left= 2, right=22, mid=12
ROM Debug: breakpoints[ 4] read 07d0
State: SEARCH, left=13, right=22, mid=12
ROM Debug: breakpoints[ 4] read 07d0
State: SEARCH, left=13, right=22, mid= 1
ROM Debug: breakpoints[ 4] read 07d0
State: SEARCH, left= 2, right=22, mid= 1
ROM Debug: breakpoints[ 4] read 07d0
State: SEARCH, left= 2, right=22, mid=12
ROM Debug: breakpoints[ 4] read 07d0
State: SEARCH, left=13, right=22, mid=12
ROM Debug: breakpoints[ 4] read 07d0
State: SEARCH, left=13, right=22, mid= 1
ROM Debug: breakpoints[ 4] read 07d0
State: SEARCH, left= 2, right=22, mid= 1
ROM Debug: breakpoints[ 4] read 07d0
State: SEARCH, left= 2, right=22, mid=12
ROM Debug: breakpoints[ 4] read 07d0
State: SEARCH, left=13, right=22, mid=12
ROM Debug: breakpoints[ 4] read 07d0
State: SEARCH, left=13, right=22, mid= 1
ROM Debug: breakpoints[ 4] read 07d0
State: SEARCH, left= 2, right=22, mid= 1
ROM Debug: breakpoints[ 4] read 07d0
State: SEARCH, left= 2, right=22, mid=12
ROM Debug: breakpoints[ 4] read 07d0
State: SEARCH, left=13, right=22, mid=12
ROM Debug: breakpoints[ 4] read 07d0
State: SEARCH, left=13, right=22, mid= 1
ROM Debug: breakpoints[ 4] read 07d0
State: SEARCH, left= 2, right=22, mid= 1
ROM Debug: breakpoints[ 4] read 07d0
State: SEARCH, left= 2, right=22, mid=12
ROM Debug: breakpoints[ 4] read 07d0
State: SEARCH, left=13, right=22, mid=12
ROM Debug: breakpoints[ 4] read 07d0
State: SEARCH, left=13, right=22, mid= 1
ROM Debug: breakpoints[ 4] read 07d0
State: SEARCH, left= 2, right=22, mid= 1
ROM Debug: breakpoints[ 4] read 07d0
State: SEARCH, left= 2, right=22, mid=12
ROM Debug: breakpoints[ 4] read 07d0
State: SEARCH, left=13, right=22, mid=12
ROM Debug: breakpoints[ 4] read 07d0
State: SEARCH, left=13, right=22, mid= 1
ROM Debug: breakpoints[ 4] read 07d0
State: SEARCH, left= 2, right=22, mid= 1
ROM Debug: breakpoints[ 4] read 07d0
State: SEARCH, left= 2, right=22, mid=12
ROM Debug: breakpoints[ 4] read 07d0
State: SEARCH, left=13, right=22, mid=12
ROM Debug: breakpoints[ 4] read 07d0
State: SEARCH, left=13, right=22, mid= 1
ROM Debug: breakpoints[ 4] read 07d0
State: SEARCH, left= 2, right=22, mid= 1
ROM Debug: breakpoints[ 4] read 07d0
State: SEARCH, left= 2, right=22, mid=12
ROM Debug: breakpoints[ 4] read 07d0
State: SEARCH, left=13, right=22, mid=12
ROM Debug: breakpoints[ 4] read 07d0
State: SEARCH, left=13, right=22, mid= 1
ROM Debug: breakpoints[ 4] read 07d0
State: SEARCH, left= 2, right=22, mid= 1
ROM Debug: breakpoints[ 4] read 07d0
State: SEARCH, left= 2, right=22, mid=12
ROM Debug: breakpoints[ 4] read 07d0
State: SEARCH, left=13, right=22, mid=12
ROM Debug: breakpoints[ 4] read 07d0
State: SEARCH, left=13, right=22, mid= 1
ROM Debug: breakpoints[ 4] read 07d0
State: SEARCH, left= 2, right=22, mid= 1
ROM Debug: breakpoints[ 4] read 07d0
State: SEARCH, left= 2, right=22, mid=12
ROM Debug: breakpoints[ 4] read 07d0
State: SEARCH, left=13, right=22, mid=12
ROM Debug: breakpoints[ 4] read 07d0
State: SEARCH, left=13, right=22, mid= 1
ROM Debug: breakpoints[ 4] read 07d0
State: SEARCH, left= 2, right=22, mid= 1
ROM Debug: breakpoints[ 4] read 07d0
State: SEARCH, left= 2, right=22, mid=12
ROM Debug: breakpoints[ 4] read 07d0
State: SEARCH, left=13, right=22, mid=12
ROM Debug: breakpoints[ 4] read 07d0
State: SEARCH, left=13, right=22, mid= 1
ROM Debug: breakpoints[ 4] read 07d0
State: SEARCH, left= 2, right=22, mid= 1
ROM Debug: breakpoints[ 4] read 07d0
State: SEARCH, left= 2, right=22, mid=12
ROM Debug: breakpoints[ 4] read 07d0
State: SEARCH, left=13, right=22, mid=12
ROM Debug: breakpoints[ 4] read 07d0
State: SEARCH, left=13, right=22, mid= 1
ROM Debug: breakpoints[ 4] read 07d0
State: SEARCH, left= 2, right=22, mid= 1
ROM Debug: breakpoints[ 4] read 07d0
State: SEARCH, left= 2, right=22, mid=12
ROM Debug: breakpoints[ 4] read 07d0
State: SEARCH, left=13, right=22, mid=12
ROM Debug: breakpoints[ 4] read 07d0
State: SEARCH, left=13, right=22, mid= 1
ROM Debug: breakpoints[ 4] read 07d0
State: SEARCH, left= 2, right=22, mid= 1
ROM Debug: breakpoints[ 4] read 07d0
State: SEARCH, left= 2, right=22, mid=12
ROM Debug: breakpoints[ 4] read 07d0
State: SEARCH, left=13, right=22, mid=12
ROM Debug: breakpoints[ 4] read 07d0
State: SEARCH, left=13, right=22, mid= 1
ROM Debug: breakpoints[ 4] read 07d0
State: SEARCH, left= 2, right=22, mid= 1
ROM Debug: breakpoints[ 4] read 07d0
State: SEARCH, left= 2, right=22, mid=12
ROM Debug: breakpoints[ 4] read 07d0
State: SEARCH, left=13, right=22, mid=12
ROM Debug: breakpoints[ 4] read 07d0
State: SEARCH, left=13, right=22, mid= 1
ROM Debug: breakpoints[ 4] read 07d0
State: SEARCH, left= 2, right=22, mid= 1
ROM Debug: breakpoints[ 4] read 07d0
State: SEARCH, left= 2, right=22, mid=12
ROM Debug: breakpoints[ 4] read 07d0
State: SEARCH, left=13, right=22, mid=12
ROM Debug: breakpoints[ 4] read 07d0
State: SEARCH, left=13, right=22, mid= 1
ROM Debug: breakpoints[ 4] read 07d0
State: SEARCH, left= 2, right=22, mid= 1
ROM Debug: breakpoints[ 4] read 07d0
State: SEARCH, left= 2, right=22, mid=12
ROM Debug: breakpoints[ 4] read 07d0
State: SEARCH, left=13, right=22, mid=12
ROM Debug: breakpoints[ 4] read 07d0
State: SEARCH, left=13, right=22, mid= 1
ROM Debug: breakpoints[ 4] read 07d0
State: SEARCH, left= 2, right=22, mid= 1
ROM Debug: breakpoints[ 4] read 07d0
State: SEARCH, left= 2, right=22, mid=12
ROM Debug: breakpoints[ 4] read 07d0
State: SEARCH, left=13, right=22, mid=12
ROM Debug: breakpoints[ 4] read 07d0
State: SEARCH, left=13, right=22, mid= 1
ROM Debug: breakpoints[ 4] read 07d0
State: SEARCH, left= 2, right=22, mid= 1
ROM Debug: breakpoints[ 4] read 07d0
State: SEARCH, left= 2, right=22, mid=12
ROM Debug: breakpoints[ 4] read 07d0
State: SEARCH, left=13, right=22, mid=12
ROM Debug: breakpoints[ 4] read 07d0
State: SEARCH, left=13, right=22, mid= 1
ROM Debug: breakpoints[ 4] read 07d0
State: SEARCH, left= 2, right=22, mid= 1
ROM Debug: breakpoints[ 4] read 07d0
State: SEARCH, left= 2, right=22, mid=12
ROM Debug: breakpoints[ 4] read 07d0
State: SEARCH, left=13, right=22, mid=12
ROM Debug: breakpoints[ 4] read 07d0
State: SEARCH, left=13, right=22, mid= 1
ROM Debug: breakpoints[ 4] read 07d0
State: SEARCH, left= 2, right=22, mid= 1
ROM Debug: breakpoints[ 4] read 07d0
State: SEARCH, left= 2, right=22, mid=12
ROM Debug: breakpoints[ 4] read 07d0
State: SEARCH, left=13, right=22, mid=12
ROM Debug: breakpoints[ 4] read 07d0
State: SEARCH, left=13, right=22, mid= 1
ROM Debug: breakpoints[ 4] read 07d0
State: SEARCH, left= 2, right=22, mid= 1
ROM Debug: breakpoints[ 4] read 07d0
State: SEARCH, left= 2, right=22, mid=12
ROM Debug: breakpoints[ 4] read 07d0
State: SEARCH, left=13, right=22, mid=12
ROM Debug: breakpoints[ 4] read 07d0
State: SEARCH, left=13, right=22, mid= 1
ROM Debug: breakpoints[ 4] read 07d0
State: SEARCH, left= 2, right=22, mid= 1
ROM Debug: breakpoints[ 4] read 07d0
State: SEARCH, left= 2, right=22, mid=12
ROM Debug: breakpoints[ 4] read 07d0
State: SEARCH, left=13, right=22, mid=12
ROM Debug: breakpoints[ 4] read 07d0
State: SEARCH, left=13, right=22, mid= 1
ROM Debug: breakpoints[ 4] read 07d0
State: SEARCH, left= 2, right=22, mid= 1
ROM Debug: breakpoints[ 4] read 07d0
State: SEARCH, left= 2, right=22, mid=12
ROM Debug: breakpoints[ 4] read 07d0
State: SEARCH, left=13, right=22, mid=12
ROM Debug: breakpoints[ 4] read 07d0
State: SEARCH, left=13, right=22, mid= 1
ROM Debug: breakpoints[ 4] read 07d0
State: SEARCH, left= 2, right=22, mid= 1
ROM Debug: breakpoints[ 4] read 07d0
State: SEARCH, left= 2, right=22, mid=12
ROM Debug: breakpoints[ 4] read 07d0
State: SEARCH, left=13, right=22, mid=12
ROM Debug: breakpoints[ 4] read 07d0
State: SEARCH, left=13, right=22, mid= 1
ROM Debug: breakpoints[ 4] read 07d0
State: SEARCH, left= 2, right=22, mid= 1
ROM Debug: breakpoints[ 4] read 07d0
State: SEARCH, left= 2, right=22, mid=12
ROM Debug: breakpoints[ 4] read 07d0
State: SEARCH, left=13, right=22, mid=12
ROM Debug: breakpoints[ 4] read 07d0
State: SEARCH, left=13, right=22, mid= 1
ROM Debug: breakpoints[ 4] read 07d0
State: SEARCH, left= 2, right=22, mid= 1
ROM Debug: breakpoints[ 4] read 07d0
State: SEARCH, left= 2, right=22, mid=12
ROM Debug: breakpoints[ 4] read 07d0
State: SEARCH, left=13, right=22, mid=12
ROM Debug: breakpoints[ 4] read 07d0
State: SEARCH, left=13, right=22, mid= 1
ROM Debug: breakpoints[ 4] read 07d0
State: SEARCH, left= 2, right=22, mid= 1
ROM Debug: breakpoints[ 4] read 07d0
State: SEARCH, left= 2, right=22, mid=12
ROM Debug: breakpoints[ 4] read 07d0
State: SEARCH, left=13, right=22, mid=12
ROM Debug: breakpoints[ 4] read 07d0
State: SEARCH, left=13, right=22, mid= 1
ROM Debug: breakpoints[ 4] read 07d0
State: SEARCH, left= 2, right=22, mid= 1
ROM Debug: breakpoints[ 4] read 07d0
State: SEARCH, left= 2, right=22, mid=12
ROM Debug: breakpoints[ 4] read 07d0
State: SEARCH, left=13, right=22, mid=12
ROM Debug: breakpoints[ 4] read 07d0
State: SEARCH, left=13, right=22, mid= 1
ROM Debug: breakpoints[ 4] read 07d0
State: SEARCH, left= 2, right=22, mid= 1
ROM Debug: breakpoints[ 4] read 07d0
State: SEARCH, left= 2, right=22, mid=12
ROM Debug: breakpoints[ 4] read 07d0
State: SEARCH, left=13, right=22, mid=12
ROM Debug: breakpoints[ 4] read 07d0
State: SEARCH, left=13, right=22, mid= 1
ROM Debug: breakpoints[ 4] read 07d0
State: SEARCH, left= 2, right=22, mid= 1
ROM Debug: breakpoints[ 4] read 07d0
State: SEARCH, left= 2, right=22, mid=12
ROM Debug: breakpoints[ 4] read 07d0
State: SEARCH, left=13, right=22, mid=12
ROM Debug: breakpoints[ 4] read 07d0
State: SEARCH, left=13, right=22, mid= 1
ROM Debug: breakpoints[ 4] read 07d0
State: SEARCH, left= 2, right=22, mid= 1
ROM Debug: breakpoints[ 4] read 07d0
State: SEARCH, left= 2, right=22, mid=12
ROM Debug: breakpoints[ 4] read 07d0
State: SEARCH, left=13, right=22, mid=12
ROM Debug: breakpoints[ 4] read 07d0
State: SEARCH, left=13, right=22, mid= 1
ROM Debug: breakpoints[ 4] read 07d0
State: SEARCH, left= 2, right=22, mid= 1
ROM Debug: breakpoints[ 4] read 07d0
State: SEARCH, left= 2, right=22, mid=12
ROM Debug: breakpoints[ 4] read 07d0
State: SEARCH, left=13, right=22, mid=12
ROM Debug: breakpoints[ 4] read 07d0
State: SEARCH, left=13, right=22, mid= 1
ROM Debug: breakpoints[ 4] read 07d0
State: SEARCH, left= 2, right=22, mid= 1
ROM Debug: breakpoints[ 4] read 07d0
State: SEARCH, left= 2, right=22, mid=12
ROM Debug: breakpoints[ 4] read 07d0
State: SEARCH, left=13, right=22, mid=12
ROM Debug: breakpoints[ 4] read 07d0
State: SEARCH, left=13, right=22, mid= 1
ROM Debug: breakpoints[ 4] read 07d0
State: SEARCH, left= 2, right=22, mid= 1
ROM Debug: breakpoints[ 4] read 07d0
State: SEARCH, left= 2, right=22, mid=12
ROM Debug: breakpoints[ 4] read 07d0
State: SEARCH, left=13, right=22, mid=12
ROM Debug: breakpoints[ 4] read 07d0
State: SEARCH, left=13, right=22, mid= 1
ROM Debug: breakpoints[ 4] read 07d0
State: SEARCH, left= 2, right=22, mid= 1
ROM Debug: breakpoints[ 4] read 07d0
State: SEARCH, left= 2, right=22, mid=12
ROM Debug: breakpoints[ 4] read 07d0
State: SEARCH, left=13, right=22, mid=12
ROM Debug: breakpoints[ 4] read 07d0
State: SEARCH, left=13, right=22, mid= 1
ROM Debug: breakpoints[ 4] read 07d0
State: SEARCH, left= 2, right=22, mid= 1
ROM Debug: breakpoints[ 4] read 07d0
State: SEARCH, left= 2, right=22, mid=12
ROM Debug: breakpoints[ 4] read 07d0
State: SEARCH, left=13, right=22, mid=12
ROM Debug: breakpoints[ 4] read 07d0
State: SEARCH, left=13, right=22, mid= 1
ROM Debug: breakpoints[ 4] read 07d0
State: SEARCH, left= 2, right=22, mid= 1
ROM Debug: breakpoints[ 4] read 07d0
State: SEARCH, left= 2, right=22, mid=12
ROM Debug: breakpoints[ 4] read 07d0
State: SEARCH, left=13, right=22, mid=12
ROM Debug: breakpoints[ 4] read 07d0
State: SEARCH, left=13, right=22, mid= 1
ROM Debug: breakpoints[ 4] read 07d0
State: SEARCH, left= 2, right=22, mid= 1
ROM Debug: breakpoints[ 4] read 07d0
State: SEARCH, left= 2, right=22, mid=12
ROM Debug: breakpoints[ 4] read 07d0
State: SEARCH, left=13, right=22, mid=12
ROM Debug: breakpoints[ 4] read 07d0
State: SEARCH, left=13, right=22, mid= 1
ROM Debug: breakpoints[ 4] read 07d0
State: SEARCH, left= 2, right=22, mid= 1
ROM Debug: breakpoints[ 4] read 07d0
State: SEARCH, left= 2, right=22, mid=12
ROM Debug: breakpoints[ 4] read 07d0
State: SEARCH, left=13, right=22, mid=12
ROM Debug: breakpoints[ 4] read 07d0
State: SEARCH, left=13, right=22, mid= 1
ROM Debug: breakpoints[ 4] read 07d0
State: SEARCH, left= 2, right=22, mid= 1
ROM Debug: breakpoints[ 4] read 07d0
State: SEARCH, left= 2, right=22, mid=12
ROM Debug: breakpoints[ 4] read 07d0
State: SEARCH, left=13, right=22, mid=12
ROM Debug: breakpoints[ 4] read 07d0
State: SEARCH, left=13, right=22, mid= 1
ROM Debug: breakpoints[ 4] read 07d0
State: SEARCH, left= 2, right=22, mid= 1
ROM Debug: breakpoints[ 4] read 07d0
State: SEARCH, left= 2, right=22, mid=12
ROM Debug: breakpoints[ 4] read 07d0
State: SEARCH, left=13, right=22, mid=12
ROM Debug: breakpoints[ 4] read 07d0
State: SEARCH, left=13, right=22, mid= 1
ROM Debug: breakpoints[ 4] read 07d0
State: SEARCH, left= 2, right=22, mid= 1
ROM Debug: breakpoints[ 4] read 07d0
State: SEARCH, left= 2, right=22, mid=12
ROM Debug: breakpoints[ 4] read 07d0
State: SEARCH, left=13, right=22, mid=12
ROM Debug: breakpoints[ 4] read 07d0
State: SEARCH, left=13, right=22, mid= 1
ROM Debug: breakpoints[ 4] read 07d0
State: SEARCH, left= 2, right=22, mid= 1
ROM Debug: breakpoints[ 4] read 07d0
State: SEARCH, left= 2, right=22, mid=12
ROM Debug: breakpoints[ 4] read 07d0
State: SEARCH, left=13, right=22, mid=12
ROM Debug: breakpoints[ 4] read 07d0
State: SEARCH, left=13, right=22, mid= 1
ROM Debug: breakpoints[ 4] read 07d0
State: SEARCH, left= 2, right=22, mid= 1
ROM Debug: breakpoints[ 4] read 07d0
State: SEARCH, left= 2, right=22, mid=12
ROM Debug: breakpoints[ 4] read 07d0
State: SEARCH, left=13, right=22, mid=12
ROM Debug: breakpoints[ 4] read 07d0
State: SEARCH, left=13, right=22, mid= 1
ROM Debug: breakpoints[ 4] read 07d0
State: SEARCH, left= 2, right=22, mid= 1
ROM Debug: breakpoints[ 4] read 07d0
State: SEARCH, left= 2, right=22, mid=12
ROM Debug: breakpoints[ 4] read 07d0
State: SEARCH, left=13, right=22, mid=12
ROM Debug: breakpoints[ 4] read 07d0
State: SEARCH, left=13, right=22, mid= 1
ROM Debug: breakpoints[ 4] read 07d0
State: SEARCH, left= 2, right=22, mid= 1
ROM Debug: breakpoints[ 4] read 07d0
State: SEARCH, left= 2, right=22, mid=12
ROM Debug: breakpoints[ 4] read 07d0
State: SEARCH, left=13, right=22, mid=12
ROM Debug: breakpoints[ 4] read 07d0
State: SEARCH, left=13, right=22, mid= 1
ROM Debug: breakpoints[ 4] read 07d0
State: SEARCH, left= 2, right=22, mid= 1
ROM Debug: breakpoints[ 4] read 07d0
State: SEARCH, left= 2, right=22, mid=12
ROM Debug: breakpoints[ 4] read 07d0
State: SEARCH, left=13, right=22, mid=12
ROM Debug: breakpoints[ 4] read 07d0
State: SEARCH, left=13, right=22, mid= 1
ROM Debug: breakpoints[ 4] read 07d0
State: SEARCH, left= 2, right=22, mid= 1
ROM Debug: breakpoints[ 4] read 07d0
State: SEARCH, left= 2, right=22, mid=12
ROM Debug: breakpoints[ 4] read 07d0
State: SEARCH, left=13, right=22, mid=12
ROM Debug: breakpoints[ 4] read 07d0
State: SEARCH, left=13, right=22, mid= 1
ROM Debug: breakpoints[ 4] read 07d0
State: SEARCH, left= 2, right=22, mid= 1
ROM Debug: breakpoints[ 4] read 07d0
State: SEARCH, left= 2, right=22, mid=12
ROM Debug: breakpoints[ 4] read 07d0
State: SEARCH, left=13, right=22, mid=12
ROM Debug: breakpoints[ 4] read 07d0
State: SEARCH, left=13, right=22, mid= 1
ROM Debug: breakpoints[ 4] read 07d0
State: SEARCH, left= 2, right=22, mid= 1
ROM Debug: breakpoints[ 4] read 07d0
State: SEARCH, left= 2, right=22, mid=12
ROM Debug: breakpoints[ 4] read 07d0
State: SEARCH, left=13, right=22, mid=12
ROM Debug: breakpoints[ 4] read 07d0
State: SEARCH, left=13, right=22, mid= 1
ROM Debug: breakpoints[ 4] read 07d0
State: SEARCH, left= 2, right=22, mid= 1
ROM Debug: breakpoints[ 4] read 07d0
State: SEARCH, left= 2, right=22, mid=12
ROM Debug: breakpoints[ 4] read 07d0
State: SEARCH, left=13, right=22, mid=12
ROM Debug: breakpoints[ 4] read 07d0
State: SEARCH, left=13, right=22, mid= 1
ROM Debug: breakpoints[ 4] read 07d0
State: SEARCH, left= 2, right=22, mid= 1
ROM Debug: breakpoints[ 4] read 07d0
State: SEARCH, left= 2, right=22, mid=12
ROM Debug: breakpoints[ 4] read 07d0
State: SEARCH, left=13, right=22, mid=12
ROM Debug: breakpoints[ 4] read 07d0
State: SEARCH, left=13, right=22, mid= 1
ROM Debug: breakpoints[ 4] read 07d0
State: SEARCH, left= 2, right=22, mid= 1
ROM Debug: breakpoints[ 4] read 07d0
State: SEARCH, left= 2, right=22, mid=12
ROM Debug: breakpoints[ 4] read 07d0
State: SEARCH, left=13, right=22, mid=12
ROM Debug: breakpoints[ 4] read 07d0
State: SEARCH, left=13, right=22, mid= 1
ROM Debug: breakpoints[ 4] read 07d0
State: SEARCH, left= 2, right=22, mid= 1
ROM Debug: breakpoints[ 4] read 07d0
State: SEARCH, left= 2, right=22, mid=12
ROM Debug: breakpoints[ 4] read 07d0
State: SEARCH, left=13, right=22, mid=12
ROM Debug: breakpoints[ 4] read 07d0
State: SEARCH, left=13, right=22, mid= 1
ROM Debug: breakpoints[ 4] read 07d0
State: SEARCH, left= 2, right=22, mid= 1
ROM Debug: breakpoints[ 4] read 07d0
State: SEARCH, left= 2, right=22, mid=12
ROM Debug: breakpoints[ 4] read 07d0
State: SEARCH, left=13, right=22, mid=12
ROM Debug: breakpoints[ 4] read 07d0
State: SEARCH, left=13, right=22, mid= 1
ROM Debug: breakpoints[ 4] read 07d0
State: SEARCH, left= 2, right=22, mid= 1
ROM Debug: breakpoints[ 4] read 07d0
State: SEARCH, left= 2, right=22, mid=12
ROM Debug: breakpoints[ 4] read 07d0
State: SEARCH, left=13, right=22, mid=12
ROM Debug: breakpoints[ 4] read 07d0
State: SEARCH, left=13, right=22, mid= 1
ROM Debug: breakpoints[ 4] read 07d0
State: SEARCH, left= 2, right=22, mid= 1
ROM Debug: breakpoints[ 4] read 07d0
State: SEARCH, left= 2, right=22, mid=12
ROM Debug: breakpoints[ 4] read 07d0
State: SEARCH, left=13, right=22, mid=12
ROM Debug: breakpoints[ 4] read 07d0
State: SEARCH, left=13, right=22, mid= 1
ROM Debug: breakpoints[ 4] read 07d0
State: SEARCH, left= 2, right=22, mid= 1
ROM Debug: breakpoints[ 4] read 07d0
State: SEARCH, left= 2, right=22, mid=12
ROM Debug: breakpoints[ 4] read 07d0
State: SEARCH, left=13, right=22, mid=12
ROM Debug: breakpoints[ 4] read 07d0
State: SEARCH, left=13, right=22, mid= 1
ROM Debug: breakpoints[ 4] read 07d0
State: SEARCH, left= 2, right=22, mid= 1
ROM Debug: breakpoints[ 4] read 07d0
State: SEARCH, left= 2, right=22, mid=12
ROM Debug: breakpoints[ 4] read 07d0
State: SEARCH, left=13, right=22, mid=12
ROM Debug: breakpoints[ 4] read 07d0
State: SEARCH, left=13, right=22, mid= 1
ROM Debug: breakpoints[ 4] read 07d0
State: SEARCH, left= 2, right=22, mid= 1
ROM Debug: breakpoints[ 4] read 07d0
State: SEARCH, left= 2, right=22, mid=12
ROM Debug: breakpoints[ 4] read 07d0
State: SEARCH, left=13, right=22, mid=12
ROM Debug: breakpoints[ 4] read 07d0
State: SEARCH, left=13, right=22, mid= 1
ROM Debug: breakpoints[ 4] read 07d0
State: SEARCH, left= 2, right=22, mid= 1
ROM Debug: breakpoints[ 4] read 07d0
State: SEARCH, left= 2, right=22, mid=12
ROM Debug: breakpoints[ 4] read 07d0
State: SEARCH, left=13, right=22, mid=12
ROM Debug: breakpoints[ 4] read 07d0
State: SEARCH, left=13, right=22, mid= 1
ROM Debug: breakpoints[ 4] read 07d0
State: SEARCH, left= 2, right=22, mid= 1
ROM Debug: breakpoints[ 4] read 07d0
State: SEARCH, left= 2, right=22, mid=12
ROM Debug: breakpoints[ 4] read 07d0
State: SEARCH, left=13, right=22, mid=12
ROM Debug: breakpoints[ 4] read 07d0
State: SEARCH, left=13, right=22, mid= 1
ROM Debug: breakpoints[ 4] read 07d0
State: SEARCH, left= 2, right=22, mid= 1
ROM Debug: breakpoints[ 4] read 07d0
State: SEARCH, left= 2, right=22, mid=12
ROM Debug: breakpoints[ 4] read 07d0
State: SEARCH, left=13, right=22, mid=12
ROM Debug: breakpoints[ 4] read 07d0
State: SEARCH, left=13, right=22, mid= 1
ROM Debug: breakpoints[ 4] read 07d0
State: SEARCH, left= 2, right=22, mid= 1
ROM Debug: breakpoints[ 4] read 07d0
State: SEARCH, left= 2, right=22, mid=12
ROM Debug: breakpoints[ 4] read 07d0
State: SEARCH, left=13, right=22, mid=12
ROM Debug: breakpoints[ 4] read 07d0
State: SEARCH, left=13, right=22, mid= 1
ROM Debug: breakpoints[ 4] read 07d0
State: SEARCH, left= 2, right=22, mid= 1
ROM Debug: breakpoints[ 4] read 07d0
State: SEARCH, left= 2, right=22, mid=12
ROM Debug: breakpoints[ 4] read 07d0
State: SEARCH, left=13, right=22, mid=12
ROM Debug: breakpoints[ 4] read 07d0
State: SEARCH, left=13, right=22, mid= 1
ROM Debug: breakpoints[ 4] read 07d0
State: SEARCH, left= 2, right=22, mid= 1
ROM Debug: breakpoints[ 4] read 07d0
State: SEARCH, left= 2, right=22, mid=12
ROM Debug: breakpoints[ 4] read 07d0
State: SEARCH, left=13, right=22, mid=12
ROM Debug: breakpoints[ 4] read 07d0
State: SEARCH, left=13, right=22, mid= 1
ROM Debug: breakpoints[ 4] read 07d0
State: SEARCH, left= 2, right=22, mid= 1
ROM Debug: breakpoints[ 4] read 07d0
State: SEARCH, left= 2, right=22, mid=12
ROM Debug: breakpoints[ 4] read 07d0
State: SEARCH, left=13, right=22, mid=12
ROM Debug: breakpoints[ 4] read 07d0
State: SEARCH, left=13, right=22, mid= 1
ROM Debug: breakpoints[ 4] read 07d0
State: SEARCH, left= 2, right=22, mid= 1
ROM Debug: breakpoints[ 4] read 07d0
State: SEARCH, left= 2, right=22, mid=12
ROM Debug: breakpoints[ 4] read 07d0
State: SEARCH, left=13, right=22, mid=12
ROM Debug: breakpoints[ 4] read 07d0
State: SEARCH, left=13, right=22, mid= 1
ROM Debug: breakpoints[ 4] read 07d0
State: SEARCH, left= 2, right=22, mid= 1
ROM Debug: breakpoints[ 4] read 07d0
State: SEARCH, left= 2, right=22, mid=12
ROM Debug: breakpoints[ 4] read 07d0
State: SEARCH, left=13, right=22, mid=12
ROM Debug: breakpoints[ 4] read 07d0
State: SEARCH, left=13, right=22, mid= 1
ROM Debug: breakpoints[ 4] read 07d0
State: SEARCH, left= 2, right=22, mid= 1
ROM Debug: breakpoints[ 4] read 07d0
State: SEARCH, left= 2, right=22, mid=12
ROM Debug: breakpoints[ 4] read 07d0
State: SEARCH, left=13, right=22, mid=12
ROM Debug: breakpoints[ 4] read 07d0
State: SEARCH, left=13, right=22, mid= 1
ROM Debug: breakpoints[ 4] read 07d0
State: SEARCH, left= 2, right=22, mid= 1
ROM Debug: breakpoints[ 4] read 07d0
State: SEARCH, left= 2, right=22, mid=12
ROM Debug: breakpoints[ 4] read 07d0
State: SEARCH, left=13, right=22, mid=12
ROM Debug: breakpoints[ 4] read 07d0
State: SEARCH, left=13, right=22, mid= 1
ROM Debug: breakpoints[ 4] read 07d0
State: SEARCH, left= 2, right=22, mid= 1
ROM Debug: breakpoints[ 4] read 07d0
State: SEARCH, left= 2, right=22, mid=12
ROM Debug: breakpoints[ 4] read 07d0
State: SEARCH, left=13, right=22, mid=12
ROM Debug: breakpoints[ 4] read 07d0
State: SEARCH, left=13, right=22, mid= 1
ROM Debug: breakpoints[ 4] read 07d0
State: SEARCH, left= 2, right=22, mid= 1
ROM Debug: breakpoints[ 4] read 07d0
State: SEARCH, left= 2, right=22, mid=12
ROM Debug: breakpoints[ 4] read 07d0
State: SEARCH, left=13, right=22, mid=12
ROM Debug: breakpoints[ 4] read 07d0
State: SEARCH, left=13, right=22, mid= 1
ROM Debug: breakpoints[ 4] read 07d0
State: SEARCH, left= 2, right=22, mid= 1
ROM Debug: breakpoints[ 4] read 07d0
State: SEARCH, left= 2, right=22, mid=12
ROM Debug: breakpoints[ 4] read 07d0
State: SEARCH, left=13, right=22, mid=12
ROM Debug: breakpoints[ 4] read 07d0
State: SEARCH, left=13, right=22, mid= 1
ROM Debug: breakpoints[ 4] read 07d0
State: SEARCH, left= 2, right=22, mid= 1
ROM Debug: breakpoints[ 4] read 07d0
State: SEARCH, left= 2, right=22, mid=12
ROM Debug: breakpoints[ 4] read 07d0
State: SEARCH, left=13, right=22, mid=12
ROM Debug: breakpoints[ 4] read 07d0
State: SEARCH, left=13, right=22, mid= 1
ROM Debug: breakpoints[ 4] read 07d0
State: SEARCH, left= 2, right=22, mid= 1
ROM Debug: breakpoints[ 4] read 07d0
State: SEARCH, left= 2, right=22, mid=12
ROM Debug: breakpoints[ 4] read 07d0
State: SEARCH, left=13, right=22, mid=12
ROM Debug: breakpoints[ 4] read 07d0
State: SEARCH, left=13, right=22, mid= 1
ROM Debug: breakpoints[ 4] read 07d0
State: SEARCH, left= 2, right=22, mid= 1
ROM Debug: breakpoints[ 4] read 07d0
State: SEARCH, left= 2, right=22, mid=12
ROM Debug: breakpoints[ 4] read 07d0
State: SEARCH, left=13, right=22, mid=12
ROM Debug: breakpoints[ 4] read 07d0
State: SEARCH, left=13, right=22, mid= 1
ROM Debug: breakpoints[ 4] read 07d0
State: SEARCH, left= 2, right=22, mid= 1
ROM Debug: breakpoints[ 4] read 07d0
State: SEARCH, left= 2, right=22, mid=12
ROM Debug: breakpoints[ 4] read 07d0
State: SEARCH, left=13, right=22, mid=12
ROM Debug: breakpoints[ 4] read 07d0
State: SEARCH, left=13, right=22, mid= 1
ROM Debug: breakpoints[ 4] read 07d0
State: SEARCH, left= 2, right=22, mid= 1
ROM Debug: breakpoints[ 4] read 07d0
State: SEARCH, left= 2, right=22, mid=12
ROM Debug: breakpoints[ 4] read 07d0
State: SEARCH, left=13, right=22, mid=12
ROM Debug: breakpoints[ 4] read 07d0
State: SEARCH, left=13, right=22, mid= 1
ROM Debug: breakpoints[ 4] read 07d0
State: SEARCH, left= 2, right=22, mid= 1
ROM Debug: breakpoints[ 4] read 07d0
State: SEARCH, left= 2, right=22, mid=12
ROM Debug: breakpoints[ 4] read 07d0
State: SEARCH, left=13, right=22, mid=12
ROM Debug: breakpoints[ 4] read 07d0
State: SEARCH, left=13, right=22, mid= 1
ROM Debug: breakpoints[ 4] read 07d0
State: SEARCH, left= 2, right=22, mid= 1
ROM Debug: breakpoints[ 4] read 07d0
State: SEARCH, left= 2, right=22, mid=12
ROM Debug: breakpoints[ 4] read 07d0
State: SEARCH, left=13, right=22, mid=12
ROM Debug: breakpoints[ 4] read 07d0
State: SEARCH, left=13, right=22, mid= 1
ROM Debug: breakpoints[ 4] read 07d0
State: SEARCH, left= 2, right=22, mid= 1
ROM Debug: breakpoints[ 4] read 07d0
State: SEARCH, left= 2, right=22, mid=12
ROM Debug: breakpoints[ 4] read 07d0
State: SEARCH, left=13, right=22, mid=12
ROM Debug: breakpoints[ 4] read 07d0
State: SEARCH, left=13, right=22, mid= 1
ROM Debug: breakpoints[ 4] read 07d0
State: SEARCH, left= 2, right=22, mid= 1
ROM Debug: breakpoints[ 4] read 07d0
State: SEARCH, left= 2, right=22, mid=12
ROM Debug: breakpoints[ 4] read 07d0
State: SEARCH, left=13, right=22, mid=12
ROM Debug: breakpoints[ 4] read 07d0
State: SEARCH, left=13, right=22, mid= 1
ROM Debug: breakpoints[ 4] read 07d0
State: SEARCH, left= 2, right=22, mid= 1
ROM Debug: breakpoints[ 4] read 07d0
State: SEARCH, left= 2, right=22, mid=12
ROM Debug: breakpoints[ 4] read 07d0
State: SEARCH, left=13, right=22, mid=12
ROM Debug: breakpoints[ 4] read 07d0
State: SEARCH, left=13, right=22, mid= 1
ROM Debug: breakpoints[ 4] read 07d0
State: SEARCH, left= 2, right=22, mid= 1
ROM Debug: breakpoints[ 4] read 07d0
State: SEARCH, left= 2, right=22, mid=12
ROM Debug: breakpoints[ 4] read 07d0
State: SEARCH, left=13, right=22, mid=12
ROM Debug: breakpoints[ 4] read 07d0
State: SEARCH, left=13, right=22, mid= 1
ROM Debug: breakpoints[ 4] read 07d0
State: SEARCH, left= 2, right=22, mid= 1
ROM Debug: breakpoints[ 4] read 07d0
State: SEARCH, left= 2, right=22, mid=12
ROM Debug: breakpoints[ 4] read 07d0
State: SEARCH, left=13, right=22, mid=12
ROM Debug: breakpoints[ 4] read 07d0
State: SEARCH, left=13, right=22, mid= 1
ROM Debug: breakpoints[ 4] read 07d0
State: SEARCH, left= 2, right=22, mid= 1
ROM Debug: breakpoints[ 4] read 07d0
State: SEARCH, left= 2, right=22, mid=12
ROM Debug: breakpoints[ 4] read 07d0
State: SEARCH, left=13, right=22, mid=12
ROM Debug: breakpoints[ 4] read 07d0
State: SEARCH, left=13, right=22, mid= 1
ROM Debug: breakpoints[ 4] read 07d0
State: SEARCH, left= 2, right=22, mid= 1
ROM Debug: breakpoints[ 4] read 07d0
State: SEARCH, left= 2, right=22, mid=12
ROM Debug: breakpoints[ 4] read 07d0
State: SEARCH, left=13, right=22, mid=12
ROM Debug: breakpoints[ 4] read 07d0
State: SEARCH, left=13, right=22, mid= 1
ROM Debug: breakpoints[ 4] read 07d0
State: SEARCH, left= 2, right=22, mid= 1
ROM Debug: breakpoints[ 4] read 07d0
State: SEARCH, left= 2, right=22, mid=12
ROM Debug: breakpoints[ 4] read 07d0
State: SEARCH, left=13, right=22, mid=12
ROM Debug: breakpoints[ 4] read 07d0
State: SEARCH, left=13, right=22, mid= 1
ROM Debug: breakpoints[ 4] read 07d0
State: SEARCH, left= 2, right=22, mid= 1
ROM Debug: breakpoints[ 4] read 07d0
State: SEARCH, left= 2, right=22, mid=12
ROM Debug: breakpoints[ 4] read 07d0
State: SEARCH, left=13, right=22, mid=12
ROM Debug: breakpoints[ 4] read 07d0
State: SEARCH, left=13, right=22, mid= 1
ROM Debug: breakpoints[ 4] read 07d0
State: SEARCH, left= 2, right=22, mid= 1
ROM Debug: breakpoints[ 4] read 07d0
State: SEARCH, left= 2, right=22, mid=12
ROM Debug: breakpoints[ 4] read 07d0
State: SEARCH, left=13, right=22, mid=12
ROM Debug: breakpoints[ 4] read 07d0
State: SEARCH, left=13, right=22, mid= 1
ROM Debug: breakpoints[ 4] read 07d0
State: SEARCH, left= 2, right=22, mid= 1
ROM Debug: breakpoints[ 4] read 07d0
State: SEARCH, left= 2, right=22, mid=12
ROM Debug: breakpoints[ 4] read 07d0
State: SEARCH, left=13, right=22, mid=12
ROM Debug: breakpoints[ 4] read 07d0
State: SEARCH, left=13, right=22, mid= 1
ROM Debug: breakpoints[ 4] read 07d0
State: SEARCH, left= 2, right=22, mid= 1
ROM Debug: breakpoints[ 4] read 07d0
State: SEARCH, left= 2, right=22, mid=12
ROM Debug: breakpoints[ 4] read 07d0
State: SEARCH, left=13, right=22, mid=12
ROM Debug: breakpoints[ 4] read 07d0
State: SEARCH, left=13, right=22, mid= 1
ROM Debug: breakpoints[ 4] read 07d0
State: SEARCH, left= 2, right=22, mid= 1
ROM Debug: breakpoints[ 4] read 07d0
State: SEARCH, left= 2, right=22, mid=12
ROM Debug: breakpoints[ 4] read 07d0
State: SEARCH, left=13, right=22, mid=12
ROM Debug: breakpoints[ 4] read 07d0
State: SEARCH, left=13, right=22, mid= 1
ROM Debug: breakpoints[ 4] read 07d0
State: SEARCH, left= 2, right=22, mid= 1
ROM Debug: breakpoints[ 4] read 07d0
State: SEARCH, left= 2, right=22, mid=12
ROM Debug: breakpoints[ 4] read 07d0
State: SEARCH, left=13, right=22, mid=12
ROM Debug: breakpoints[ 4] read 07d0
State: SEARCH, left=13, right=22, mid= 1
ROM Debug: breakpoints[ 4] read 07d0
State: SEARCH, left= 2, right=22, mid= 1
ROM Debug: breakpoints[ 4] read 07d0
State: SEARCH, left= 2, right=22, mid=12
ROM Debug: breakpoints[ 4] read 07d0
State: SEARCH, left=13, right=22, mid=12
ROM Debug: breakpoints[ 4] read 07d0
State: SEARCH, left=13, right=22, mid= 1
ROM Debug: breakpoints[ 4] read 07d0
State: SEARCH, left= 2, right=22, mid= 1
ROM Debug: breakpoints[ 4] read 07d0
State: SEARCH, left= 2, right=22, mid=12
ROM Debug: breakpoints[ 4] read 07d0
State: SEARCH, left=13, right=22, mid=12
ROM Debug: breakpoints[ 4] read 07d0
State: SEARCH, left=13, right=22, mid= 1
ROM Debug: breakpoints[ 4] read 07d0
State: SEARCH, left= 2, right=22, mid= 1
ROM Debug: breakpoints[ 4] read 07d0
State: SEARCH, left= 2, right=22, mid=12
ROM Debug: breakpoints[ 4] read 07d0
State: SEARCH, left=13, right=22, mid=12
ROM Debug: breakpoints[ 4] read 07d0
State: SEARCH, left=13, right=22, mid= 1
ROM Debug: breakpoints[ 4] read 07d0
State: SEARCH, left= 2, right=22, mid= 1
ROM Debug: breakpoints[ 4] read 07d0
State: SEARCH, left= 2, right=22, mid=12
ROM Debug: breakpoints[ 4] read 07d0
State: SEARCH, left=13, right=22, mid=12
ROM Debug: breakpoints[ 4] read 07d0
State: SEARCH, left=13, right=22, mid= 1
ROM Debug: breakpoints[ 4] read 07d0
State: SEARCH, left= 2, right=22, mid= 1
ROM Debug: breakpoints[ 4] read 07d0
State: SEARCH, left= 2, right=22, mid=12
ROM Debug: breakpoints[ 4] read 07d0
State: SEARCH, left=13, right=22, mid=12
ROM Debug: breakpoints[ 4] read 07d0
State: SEARCH, left=13, right=22, mid= 1
ROM Debug: breakpoints[ 4] read 07d0
State: SEARCH, left= 2, right=22, mid= 1
ROM Debug: breakpoints[ 4] read 07d0
State: SEARCH, left= 2, right=22, mid=12
ROM Debug: breakpoints[ 4] read 07d0
State: SEARCH, left=13, right=22, mid=12
ROM Debug: breakpoints[ 4] read 07d0
State: SEARCH, left=13, right=22, mid= 1
ROM Debug: breakpoints[ 4] read 07d0
State: SEARCH, left= 2, right=22, mid= 1
ROM Debug: breakpoints[ 4] read 07d0
State: SEARCH, left= 2, right=22, mid=12
ROM Debug: breakpoints[ 4] read 07d0
State: SEARCH, left=13, right=22, mid=12
ROM Debug: breakpoints[ 4] read 07d0
State: SEARCH, left=13, right=22, mid= 1
ROM Debug: breakpoints[ 4] read 07d0
State: SEARCH, left= 2, right=22, mid= 1
ROM Debug: breakpoints[ 4] read 07d0
State: SEARCH, left= 2, right=22, mid=12
ROM Debug: breakpoints[ 4] read 07d0
State: SEARCH, left=13, right=22, mid=12
ROM Debug: breakpoints[ 4] read 07d0
State: SEARCH, left=13, right=22, mid= 1
ROM Debug: breakpoints[ 4] read 07d0
State: SEARCH, left= 2, right=22, mid= 1
ROM Debug: breakpoints[ 4] read 07d0
State: SEARCH, left= 2, right=22, mid=12
ROM Debug: breakpoints[ 4] read 07d0
State: SEARCH, left=13, right=22, mid=12
ROM Debug: breakpoints[ 4] read 07d0
State: SEARCH, left=13, right=22, mid= 1
ROM Debug: breakpoints[ 4] read 07d0
State: SEARCH, left= 2, right=22, mid= 1
ROM Debug: breakpoints[ 4] read 07d0
State: SEARCH, left= 2, right=22, mid=12
ROM Debug: breakpoints[ 4] read 07d0
State: SEARCH, left=13, right=22, mid=12
ROM Debug: breakpoints[ 4] read 07d0
State: SEARCH, left=13, right=22, mid= 1
ROM Debug: breakpoints[ 4] read 07d0
State: SEARCH, left= 2, right=22, mid= 1
ROM Debug: breakpoints[ 4] read 07d0
State: SEARCH, left= 2, right=22, mid=12
ROM Debug: breakpoints[ 4] read 07d0
State: SEARCH, left=13, right=22, mid=12
ROM Debug: breakpoints[ 4] read 07d0
State: SEARCH, left=13, right=22, mid= 1
ROM Debug: breakpoints[ 4] read 07d0
State: SEARCH, left= 2, right=22, mid= 1
ROM Debug: breakpoints[ 4] read 07d0
State: SEARCH, left= 2, right=22, mid=12
ROM Debug: breakpoints[ 4] read 07d0
State: SEARCH, left=13, right=22, mid=12
ROM Debug: breakpoints[ 4] read 07d0
State: SEARCH, left=13, right=22, mid= 1
ROM Debug: breakpoints[ 4] read 07d0
State: SEARCH, left= 2, right=22, mid= 1
ROM Debug: breakpoints[ 4] read 07d0
State: SEARCH, left= 2, right=22, mid=12
ROM Debug: breakpoints[ 4] read 07d0
State: SEARCH, left=13, right=22, mid=12
ROM Debug: breakpoints[ 4] read 07d0
State: SEARCH, left=13, right=22, mid= 1
ROM Debug: breakpoints[ 4] read 07d0
State: SEARCH, left= 2, right=22, mid= 1
ROM Debug: breakpoints[ 4] read 07d0
State: SEARCH, left= 2, right=22, mid=12
ROM Debug: breakpoints[ 4] read 07d0
State: SEARCH, left=13, right=22, mid=12
ROM Debug: breakpoints[ 4] read 07d0
State: SEARCH, left=13, right=22, mid= 1
ROM Debug: breakpoints[ 4] read 07d0
State: SEARCH, left= 2, right=22, mid= 1
ROM Debug: breakpoints[ 4] read 07d0
State: SEARCH, left= 2, right=22, mid=12
ROM Debug: breakpoints[ 4] read 07d0
State: SEARCH, left=13, right=22, mid=12
ROM Debug: breakpoints[ 4] read 07d0
State: SEARCH, left=13, right=22, mid= 1
ROM Debug: breakpoints[ 4] read 07d0
State: SEARCH, left= 2, right=22, mid= 1
ROM Debug: breakpoints[ 4] read 07d0
State: SEARCH, left= 2, right=22, mid=12
ROM Debug: breakpoints[ 4] read 07d0
State: SEARCH, left=13, right=22, mid=12
ROM Debug: breakpoints[ 4] read 07d0
State: SEARCH, left=13, right=22, mid= 1
ROM Debug: breakpoints[ 4] read 07d0
State: SEARCH, left= 2, right=22, mid= 1
ROM Debug: breakpoints[ 4] read 07d0
State: SEARCH, left= 2, right=22, mid=12
ROM Debug: breakpoints[ 4] read 07d0
State: SEARCH, left=13, right=22, mid=12
ROM Debug: breakpoints[ 4] read 07d0
State: SEARCH, left=13, right=22, mid= 1
ROM Debug: breakpoints[ 4] read 07d0
State: SEARCH, left= 2, right=22, mid= 1
ROM Debug: breakpoints[ 4] read 07d0
State: SEARCH, left= 2, right=22, mid=12
ROM Debug: breakpoints[ 4] read 07d0
State: SEARCH, left=13, right=22, mid=12
ROM Debug: breakpoints[ 4] read 07d0
State: SEARCH, left=13, right=22, mid= 1
ROM Debug: breakpoints[ 4] read 07d0
State: SEARCH, left= 2, right=22, mid= 1
ROM Debug: breakpoints[ 4] read 07d0
State: SEARCH, left= 2, right=22, mid=12
ROM Debug: breakpoints[ 4] read 07d0
State: SEARCH, left=13, right=22, mid=12
ROM Debug: breakpoints[ 4] read 07d0
State: SEARCH, left=13, right=22, mid= 1
ROM Debug: breakpoints[ 4] read 07d0
State: SEARCH, left= 2, right=22, mid= 1
ROM Debug: breakpoints[ 4] read 07d0
State: SEARCH, left= 2, right=22, mid=12
ROM Debug: breakpoints[ 4] read 07d0
State: SEARCH, left=13, right=22, mid=12
ROM Debug: breakpoints[ 4] read 07d0
State: SEARCH, left=13, right=22, mid= 1
ROM Debug: breakpoints[ 4] read 07d0
State: SEARCH, left= 2, right=22, mid= 1
ROM Debug: breakpoints[ 4] read 07d0
State: SEARCH, left= 2, right=22, mid=12
ROM Debug: breakpoints[ 4] read 07d0
State: SEARCH, left=13, right=22, mid=12
ROM Debug: breakpoints[ 4] read 07d0
State: SEARCH, left=13, right=22, mid= 1
ROM Debug: breakpoints[ 4] read 07d0
State: SEARCH, left= 2, right=22, mid= 1
ROM Debug: breakpoints[ 4] read 07d0
State: SEARCH, left= 2, right=22, mid=12
ROM Debug: breakpoints[ 4] read 07d0
State: SEARCH, left=13, right=22, mid=12
ROM Debug: breakpoints[ 4] read 07d0
State: SEARCH, left=13, right=22, mid= 1
ROM Debug: breakpoints[ 4] read 07d0
State: SEARCH, left= 2, right=22, mid= 1
ROM Debug: breakpoints[ 4] read 07d0
State: SEARCH, left= 2, right=22, mid=12
ROM Debug: breakpoints[ 4] read 07d0
State: SEARCH, left=13, right=22, mid=12
ROM Debug: breakpoints[ 4] read 07d0
State: SEARCH, left=13, right=22, mid= 1
ROM Debug: breakpoints[ 4] read 07d0
State: SEARCH, left= 2, right=22, mid= 1
ROM Debug: breakpoints[ 4] read 07d0
State: SEARCH, left= 2, right=22, mid=12
ROM Debug: breakpoints[ 4] read 07d0
State: SEARCH, left=13, right=22, mid=12
ROM Debug: breakpoints[ 4] read 07d0
State: SEARCH, left=13, right=22, mid= 1
ROM Debug: breakpoints[ 4] read 07d0
State: SEARCH, left= 2, right=22, mid= 1
ROM Debug: breakpoints[ 4] read 07d0
State: SEARCH, left= 2, right=22, mid=12
ROM Debug: breakpoints[ 4] read 07d0
State: SEARCH, left=13, right=22, mid=12
ROM Debug: breakpoints[ 4] read 07d0
State: SEARCH, left=13, right=22, mid= 1
ROM Debug: breakpoints[ 4] read 07d0
State: SEARCH, left= 2, right=22, mid= 1
ROM Debug: breakpoints[ 4] read 07d0
State: SEARCH, left= 2, right=22, mid=12
ROM Debug: breakpoints[ 4] read 07d0
State: SEARCH, left=13, right=22, mid=12
ROM Debug: breakpoints[ 4] read 07d0
State: SEARCH, left=13, right=22, mid= 1
ROM Debug: breakpoints[ 4] read 07d0
State: SEARCH, left= 2, right=22, mid= 1
ROM Debug: breakpoints[ 4] read 07d0
State: SEARCH, left= 2, right=22, mid=12
ROM Debug: breakpoints[ 4] read 07d0
State: SEARCH, left=13, right=22, mid=12
ROM Debug: breakpoints[ 4] read 07d0
State: SEARCH, left=13, right=22, mid= 1
ROM Debug: breakpoints[ 4] read 07d0
State: SEARCH, left= 2, right=22, mid= 1
ROM Debug: breakpoints[ 4] read 07d0
State: SEARCH, left= 2, right=22, mid=12
ROM Debug: breakpoints[ 4] read 07d0
State: SEARCH, left=13, right=22, mid=12
ROM Debug: breakpoints[ 4] read 07d0
State: SEARCH, left=13, right=22, mid= 1
ROM Debug: breakpoints[ 4] read 07d0
State: SEARCH, left= 2, right=22, mid= 1
ROM Debug: breakpoints[ 4] read 07d0
State: SEARCH, left= 2, right=22, mid=12
ROM Debug: breakpoints[ 4] read 07d0
State: SEARCH, left=13, right=22, mid=12
ROM Debug: breakpoints[ 4] read 07d0
State: SEARCH, left=13, right=22, mid= 1
ROM Debug: breakpoints[ 4] read 07d0
State: SEARCH, left= 2, right=22, mid= 1
ROM Debug: breakpoints[ 4] read 07d0
State: SEARCH, left= 2, right=22, mid=12
ROM Debug: breakpoints[ 4] read 07d0
State: SEARCH, left=13, right=22, mid=12
ROM Debug: breakpoints[ 4] read 07d0
State: SEARCH, left=13, right=22, mid= 1
ROM Debug: breakpoints[ 4] read 07d0
State: SEARCH, left= 2, right=22, mid= 1
ROM Debug: breakpoints[ 4] read 07d0
State: SEARCH, left= 2, right=22, mid=12
ROM Debug: breakpoints[ 4] read 07d0
State: SEARCH, left=13, right=22, mid=12
ROM Debug: breakpoints[ 4] read 07d0
State: SEARCH, left=13, right=22, mid= 1
ROM Debug: breakpoints[ 4] read 07d0
State: SEARCH, left= 2, right=22, mid= 1
ROM Debug: breakpoints[ 4] read 07d0
State: SEARCH, left= 2, right=22, mid=12
ROM Debug: breakpoints[ 4] read 07d0
State: SEARCH, left=13, right=22, mid=12
ROM Debug: breakpoints[ 4] read 07d0
State: SEARCH, left=13, right=22, mid= 1
ROM Debug: breakpoints[ 4] read 07d0
State: SEARCH, left= 2, right=22, mid= 1
ROM Debug: breakpoints[ 4] read 07d0
State: SEARCH, left= 2, right=22, mid=12
ROM Debug: breakpoints[ 4] read 07d0
State: SEARCH, left=13, right=22, mid=12
ROM Debug: breakpoints[ 4] read 07d0
State: SEARCH, left=13, right=22, mid= 1
ROM Debug: breakpoints[ 4] read 07d0
State: SEARCH, left= 2, right=22, mid= 1
ROM Debug: breakpoints[ 4] read 07d0
State: SEARCH, left= 2, right=22, mid=12
ROM Debug: breakpoints[ 4] read 07d0
State: SEARCH, left=13, right=22, mid=12
ROM Debug: breakpoints[ 4] read 07d0
State: SEARCH, left=13, right=22, mid= 1
ROM Debug: breakpoints[ 4] read 07d0
State: SEARCH, left= 2, right=22, mid= 1
ROM Debug: breakpoints[ 4] read 07d0
State: SEARCH, left= 2, right=22, mid=12
ROM Debug: breakpoints[ 4] read 07d0
State: SEARCH, left=13, right=22, mid=12
ROM Debug: breakpoints[ 4] read 07d0
State: SEARCH, left=13, right=22, mid= 1
ROM Debug: breakpoints[ 4] read 07d0
State: SEARCH, left= 2, right=22, mid= 1
ROM Debug: breakpoints[ 4] read 07d0
State: SEARCH, left= 2, right=22, mid=12
ROM Debug: breakpoints[ 4] read 07d0
State: SEARCH, left=13, right=22, mid=12
ROM Debug: breakpoints[ 4] read 07d0
State: SEARCH, left=13, right=22, mid= 1
ROM Debug: breakpoints[ 4] read 07d0
State: SEARCH, left= 2, right=22, mid= 1
ROM Debug: breakpoints[ 4] read 07d0
State: SEARCH, left= 2, right=22, mid=12
ROM Debug: breakpoints[ 4] read 07d0
State: SEARCH, left=13, right=22, mid=12
ROM Debug: breakpoints[ 4] read 07d0
State: SEARCH, left=13, right=22, mid= 1
ROM Debug: breakpoints[ 4] read 07d0
State: SEARCH, left= 2, right=22, mid= 1
ROM Debug: breakpoints[ 4] read 07d0
State: SEARCH, left= 2, right=22, mid=12
ROM Debug: breakpoints[ 4] read 07d0
State: SEARCH, left=13, right=22, mid=12
ROM Debug: breakpoints[ 4] read 07d0
State: SEARCH, left=13, right=22, mid= 1
ROM Debug: breakpoints[ 4] read 07d0
State: SEARCH, left= 2, right=22, mid= 1
ROM Debug: breakpoints[ 4] read 07d0
State: SEARCH, left= 2, right=22, mid=12
ROM Debug: breakpoints[ 4] read 07d0
State: SEARCH, left=13, right=22, mid=12
ROM Debug: breakpoints[ 4] read 07d0
State: SEARCH, left=13, right=22, mid= 1
ROM Debug: breakpoints[ 4] read 07d0
State: SEARCH, left= 2, right=22, mid= 1
ROM Debug: breakpoints[ 4] read 07d0
State: SEARCH, left= 2, right=22, mid=12
ROM Debug: breakpoints[ 4] read 07d0
State: SEARCH, left=13, right=22, mid=12
ROM Debug: breakpoints[ 4] read 07d0
State: SEARCH, left=13, right=22, mid= 1
ROM Debug: breakpoints[ 4] read 07d0
State: SEARCH, left= 2, right=22, mid= 1
ROM Debug: breakpoints[ 4] read 07d0
State: SEARCH, left= 2, right=22, mid=12
ROM Debug: breakpoints[ 4] read 07d0
State: SEARCH, left=13, right=22, mid=12
ROM Debug: breakpoints[ 4] read 07d0
State: SEARCH, left=13, right=22, mid= 1
ROM Debug: breakpoints[ 4] read 07d0
State: SEARCH, left= 2, right=22, mid= 1
ROM Debug: breakpoints[ 4] read 07d0
State: SEARCH, left= 2, right=22, mid=12
ROM Debug: breakpoints[ 4] read 07d0
State: SEARCH, left=13, right=22, mid=12
ROM Debug: breakpoints[ 4] read 07d0
State: SEARCH, left=13, right=22, mid= 1
ROM Debug: breakpoints[ 4] read 07d0
State: SEARCH, left= 2, right=22, mid= 1
ROM Debug: breakpoints[ 4] read 07d0
State: SEARCH, left= 2, right=22, mid=12
ROM Debug: breakpoints[ 4] read 07d0
State: SEARCH, left=13, right=22, mid=12
ROM Debug: breakpoints[ 4] read 07d0
State: SEARCH, left=13, right=22, mid= 1
ROM Debug: breakpoints[ 4] read 07d0
State: SEARCH, left= 2, right=22, mid= 1
ROM Debug: breakpoints[ 4] read 07d0
State: SEARCH, left= 2, right=22, mid=12
ROM Debug: breakpoints[ 4] read 07d0
State: SEARCH, left=13, right=22, mid=12
ROM Debug: breakpoints[ 4] read 07d0
State: SEARCH, left=13, right=22, mid= 1
ROM Debug: breakpoints[ 4] read 07d0
State: SEARCH, left= 2, right=22, mid= 1
ROM Debug: breakpoints[ 4] read 07d0
State: SEARCH, left= 2, right=22, mid=12
ROM Debug: breakpoints[ 4] read 07d0
State: SEARCH, left=13, right=22, mid=12
ROM Debug: breakpoints[ 4] read 07d0
State: SEARCH, left=13, right=22, mid= 1
ROM Debug: breakpoints[ 4] read 07d0
State: SEARCH, left= 2, right=22, mid= 1
ROM Debug: breakpoints[ 4] read 07d0
State: SEARCH, left= 2, right=22, mid=12
ROM Debug: breakpoints[ 4] read 07d0
State: SEARCH, left=13, right=22, mid=12
ROM Debug: breakpoints[ 4] read 07d0
State: SEARCH, left=13, right=22, mid= 1
ROM Debug: breakpoints[ 4] read 07d0
State: SEARCH, left= 2, right=22, mid= 1
ROM Debug: breakpoints[ 4] read 07d0
State: SEARCH, left= 2, right=22, mid=12
ROM Debug: breakpoints[ 4] read 07d0
State: SEARCH, left=13, right=22, mid=12
ROM Debug: breakpoints[ 4] read 07d0
State: SEARCH, left=13, right=22, mid= 1
ROM Debug: breakpoints[ 4] read 07d0
State: SEARCH, left= 2, right=22, mid= 1
ROM Debug: breakpoints[ 4] read 07d0
State: SEARCH, left= 2, right=22, mid=12
ROM Debug: breakpoints[ 4] read 07d0
State: SEARCH, left=13, right=22, mid=12
ROM Debug: breakpoints[ 4] read 07d0
State: SEARCH, left=13, right=22, mid= 1
ROM Debug: breakpoints[ 4] read 07d0
State: SEARCH, left= 2, right=22, mid= 1
ROM Debug: breakpoints[ 4] read 07d0
State: SEARCH, left= 2, right=22, mid=12
ROM Debug: breakpoints[ 4] read 07d0
State: SEARCH, left=13, right=22, mid=12
ROM Debug: breakpoints[ 4] read 07d0
State: SEARCH, left=13, right=22, mid= 1
ROM Debug: breakpoints[ 4] read 07d0
State: SEARCH, left= 2, right=22, mid= 1
ROM Debug: breakpoints[ 4] read 07d0
State: SEARCH, left= 2, right=22, mid=12
ROM Debug: breakpoints[ 4] read 07d0
State: SEARCH, left=13, right=22, mid=12
ROM Debug: breakpoints[ 4] read 07d0
State: SEARCH, left=13, right=22, mid= 1
ROM Debug: breakpoints[ 4] read 07d0
State: SEARCH, left= 2, right=22, mid= 1
ROM Debug: breakpoints[ 4] read 07d0
State: SEARCH, left= 2, right=22, mid=12
ROM Debug: breakpoints[ 4] read 07d0
State: SEARCH, left=13, right=22, mid=12
ROM Debug: breakpoints[ 4] read 07d0
State: SEARCH, left=13, right=22, mid= 1
ROM Debug: breakpoints[ 4] read 07d0
State: SEARCH, left= 2, right=22, mid= 1
ROM Debug: breakpoints[ 4] read 07d0
State: SEARCH, left= 2, right=22, mid=12
ROM Debug: breakpoints[ 4] read 07d0
State: SEARCH, left=13, right=22, mid=12
ROM Debug: breakpoints[ 4] read 07d0
State: SEARCH, left=13, right=22, mid= 1
ROM Debug: breakpoints[ 4] read 07d0
State: SEARCH, left= 2, right=22, mid= 1
ROM Debug: breakpoints[ 4] read 07d0
State: SEARCH, left= 2, right=22, mid=12
ROM Debug: breakpoints[ 4] read 07d0
State: SEARCH, left=13, right=22, mid=12
ROM Debug: breakpoints[ 4] read 07d0
State: SEARCH, left=13, right=22, mid= 1
ROM Debug: breakpoints[ 4] read 07d0
State: SEARCH, left= 2, right=22, mid= 1
ROM Debug: breakpoints[ 4] read 07d0
State: SEARCH, left= 2, right=22, mid=12
ROM Debug: breakpoints[ 4] read 07d0
State: SEARCH, left=13, right=22, mid=12
ROM Debug: breakpoints[ 4] read 07d0
State: SEARCH, left=13, right=22, mid= 1
ROM Debug: breakpoints[ 4] read 07d0
State: SEARCH, left= 2, right=22, mid= 1
ROM Debug: breakpoints[ 4] read 07d0
State: SEARCH, left= 2, right=22, mid=12
ROM Debug: breakpoints[ 4] read 07d0
State: SEARCH, left=13, right=22, mid=12
ROM Debug: breakpoints[ 4] read 07d0
State: SEARCH, left=13, right=22, mid= 1
ROM Debug: breakpoints[ 4] read 07d0
State: SEARCH, left= 2, right=22, mid= 1
ROM Debug: breakpoints[ 4] read 07d0
State: SEARCH, left= 2, right=22, mid=12
ROM Debug: breakpoints[ 4] read 07d0
State: SEARCH, left=13, right=22, mid=12
ROM Debug: breakpoints[ 4] read 07d0
State: SEARCH, left=13, right=22, mid= 1
ROM Debug: breakpoints[ 4] read 07d0
State: SEARCH, left= 2, right=22, mid= 1
ROM Debug: breakpoints[ 4] read 07d0
State: SEARCH, left= 2, right=22, mid=12
ROM Debug: breakpoints[ 4] read 07d0
State: SEARCH, left=13, right=22, mid=12
ROM Debug: breakpoints[ 4] read 07d0
State: SEARCH, left=13, right=22, mid= 1
ROM Debug: breakpoints[ 4] read 07d0
State: SEARCH, left= 2, right=22, mid= 1
ROM Debug: breakpoints[ 4] read 07d0
State: SEARCH, left= 2, right=22, mid=12
ROM Debug: breakpoints[ 4] read 07d0
State: SEARCH, left=13, right=22, mid=12
ROM Debug: breakpoints[ 4] read 07d0
State: SEARCH, left=13, right=22, mid= 1
ROM Debug: breakpoints[ 4] read 07d0
State: SEARCH, left= 2, right=22, mid= 1
ROM Debug: breakpoints[ 4] read 07d0
State: SEARCH, left= 2, right=22, mid=12
ROM Debug: breakpoints[ 4] read 07d0
State: SEARCH, left=13, right=22, mid=12
ROM Debug: breakpoints[ 4] read 07d0
State: SEARCH, left=13, right=22, mid= 1
ROM Debug: breakpoints[ 4] read 07d0
State: SEARCH, left= 2, right=22, mid= 1
ROM Debug: breakpoints[ 4] read 07d0
State: SEARCH, left= 2, right=22, mid=12
ROM Debug: breakpoints[ 4] read 07d0
State: SEARCH, left=13, right=22, mid=12
ROM Debug: breakpoints[ 4] read 07d0
State: SEARCH, left=13, right=22, mid= 1
ROM Debug: breakpoints[ 4] read 07d0
State: SEARCH, left= 2, right=22, mid= 1
ROM Debug: breakpoints[ 4] read 07d0
State: SEARCH, left= 2, right=22, mid=12
ROM Debug: breakpoints[ 4] read 07d0
State: SEARCH, left=13, right=22, mid=12
ROM Debug: breakpoints[ 4] read 07d0
State: SEARCH, left=13, right=22, mid= 1
ROM Debug: breakpoints[ 4] read 07d0
State: SEARCH, left= 2, right=22, mid= 1
ROM Debug: breakpoints[ 4] read 07d0
State: SEARCH, left= 2, right=22, mid=12
ROM Debug: breakpoints[ 4] read 07d0
State: SEARCH, left=13, right=22, mid=12
ROM Debug: breakpoints[ 4] read 07d0
State: SEARCH, left=13, right=22, mid= 1
ROM Debug: breakpoints[ 4] read 07d0
State: SEARCH, left= 2, right=22, mid= 1
ROM Debug: breakpoints[ 4] read 07d0
State: SEARCH, left= 2, right=22, mid=12
ROM Debug: breakpoints[ 4] read 07d0
State: SEARCH, left=13, right=22, mid=12
ROM Debug: breakpoints[ 4] read 07d0
State: SEARCH, left=13, right=22, mid= 1
ROM Debug: breakpoints[ 4] read 07d0
State: SEARCH, left= 2, right=22, mid= 1
ROM Debug: breakpoints[ 4] read 07d0
State: SEARCH, left= 2, right=22, mid=12
ROM Debug: breakpoints[ 4] read 07d0
State: SEARCH, left=13, right=22, mid=12
ROM Debug: breakpoints[ 4] read 07d0
State: SEARCH, left=13, right=22, mid= 1
ROM Debug: breakpoints[ 4] read 07d0
State: SEARCH, left= 2, right=22, mid= 1
ROM Debug: breakpoints[ 4] read 07d0
State: SEARCH, left= 2, right=22, mid=12
ROM Debug: breakpoints[ 4] read 07d0
State: SEARCH, left=13, right=22, mid=12
ROM Debug: breakpoints[ 4] read 07d0
State: SEARCH, left=13, right=22, mid= 1
ROM Debug: breakpoints[ 4] read 07d0
State: SEARCH, left= 2, right=22, mid= 1
ROM Debug: breakpoints[ 4] read 07d0
State: SEARCH, left= 2, right=22, mid=12
ROM Debug: breakpoints[ 4] read 07d0
State: SEARCH, left=13, right=22, mid=12
ROM Debug: breakpoints[ 4] read 07d0
State: SEARCH, left=13, right=22, mid= 1
ROM Debug: breakpoints[ 4] read 07d0
State: SEARCH, left= 2, right=22, mid= 1
ROM Debug: breakpoints[ 4] read 07d0
State: SEARCH, left= 2, right=22, mid=12
ROM Debug: breakpoints[ 4] read 07d0
State: SEARCH, left=13, right=22, mid=12
ROM Debug: breakpoints[ 4] read 07d0
State: SEARCH, left=13, right=22, mid= 1
ROM Debug: breakpoints[ 4] read 07d0
State: SEARCH, left= 2, right=22, mid= 1
ROM Debug: breakpoints[ 4] read 07d0
State: SEARCH, left= 2, right=22, mid=12
ROM Debug: breakpoints[ 4] read 07d0
State: SEARCH, left=13, right=22, mid=12
ROM Debug: breakpoints[ 4] read 07d0
State: SEARCH, left=13, right=22, mid= 1
ROM Debug: breakpoints[ 4] read 07d0
State: SEARCH, left= 2, right=22, mid= 1
ROM Debug: breakpoints[ 4] read 07d0
State: SEARCH, left= 2, right=22, mid=12
ROM Debug: breakpoints[ 4] read 07d0
State: SEARCH, left=13, right=22, mid=12
ROM Debug: breakpoints[ 4] read 07d0
State: SEARCH, left=13, right=22, mid= 1
ROM Debug: breakpoints[ 4] read 07d0
State: SEARCH, left= 2, right=22, mid= 1
ROM Debug: breakpoints[ 4] read 07d0
State: SEARCH, left= 2, right=22, mid=12
ROM Debug: breakpoints[ 4] read 07d0
State: SEARCH, left=13, right=22, mid=12
ROM Debug: breakpoints[ 4] read 07d0
State: SEARCH, left=13, right=22, mid= 1
ROM Debug: breakpoints[ 4] read 07d0
State: SEARCH, left= 2, right=22, mid= 1
ROM Debug: breakpoints[ 4] read 07d0
State: SEARCH, left= 2, right=22, mid=12
ROM Debug: breakpoints[ 4] read 07d0
State: SEARCH, left=13, right=22, mid=12
ROM Debug: breakpoints[ 4] read 07d0
State: SEARCH, left=13, right=22, mid= 1
ROM Debug: breakpoints[ 4] read 07d0
State: SEARCH, left= 2, right=22, mid= 1
ROM Debug: breakpoints[ 4] read 07d0
State: SEARCH, left= 2, right=22, mid=12
ROM Debug: breakpoints[ 4] read 07d0
State: SEARCH, left=13, right=22, mid=12
ROM Debug: breakpoints[ 4] read 07d0
State: SEARCH, left=13, right=22, mid= 1
ROM Debug: breakpoints[ 4] read 07d0
State: SEARCH, left= 2, right=22, mid= 1
ROM Debug: breakpoints[ 4] read 07d0
State: SEARCH, left= 2, right=22, mid=12
ROM Debug: breakpoints[ 4] read 07d0
State: SEARCH, left=13, right=22, mid=12
ROM Debug: breakpoints[ 4] read 07d0
State: SEARCH, left=13, right=22, mid= 1
ROM Debug: breakpoints[ 4] read 07d0
State: SEARCH, left= 2, right=22, mid= 1
ROM Debug: breakpoints[ 4] read 07d0
State: SEARCH, left= 2, right=22, mid=12
ROM Debug: breakpoints[ 4] read 07d0
State: SEARCH, left=13, right=22, mid=12
ROM Debug: breakpoints[ 4] read 07d0
State: SEARCH, left=13, right=22, mid= 1
ROM Debug: breakpoints[ 4] read 07d0
State: SEARCH, left= 2, right=22, mid= 1
ROM Debug: breakpoints[ 4] read 07d0
State: SEARCH, left= 2, right=22, mid=12
ROM Debug: breakpoints[ 4] read 07d0
State: SEARCH, left=13, right=22, mid=12
ROM Debug: breakpoints[ 4] read 07d0
State: SEARCH, left=13, right=22, mid= 1
ROM Debug: breakpoints[ 4] read 07d0
State: SEARCH, left= 2, right=22, mid= 1
ROM Debug: breakpoints[ 4] read 07d0
State: SEARCH, left= 2, right=22, mid=12
ROM Debug: breakpoints[ 4] read 07d0
State: SEARCH, left=13, right=22, mid=12
ROM Debug: breakpoints[ 4] read 07d0
State: SEARCH, left=13, right=22, mid= 1
ROM Debug: breakpoints[ 4] read 07d0
State: SEARCH, left= 2, right=22, mid= 1
ROM Debug: breakpoints[ 4] read 07d0
State: SEARCH, left= 2, right=22, mid=12
ROM Debug: breakpoints[ 4] read 07d0
State: SEARCH, left=13, right=22, mid=12
ROM Debug: breakpoints[ 4] read 07d0
State: SEARCH, left=13, right=22, mid= 1
ROM Debug: breakpoints[ 4] read 07d0
State: SEARCH, left= 2, right=22, mid= 1
ROM Debug: breakpoints[ 4] read 07d0
State: SEARCH, left= 2, right=22, mid=12
ROM Debug: breakpoints[ 4] read 07d0
State: SEARCH, left=13, right=22, mid=12
ROM Debug: breakpoints[ 4] read 07d0
State: SEARCH, left=13, right=22, mid= 1
ROM Debug: breakpoints[ 4] read 07d0
State: SEARCH, left= 2, right=22, mid= 1
ROM Debug: breakpoints[ 4] read 07d0
State: SEARCH, left= 2, right=22, mid=12
ROM Debug: breakpoints[ 4] read 07d0
State: SEARCH, left=13, right=22, mid=12
ROM Debug: breakpoints[ 4] read 07d0
State: SEARCH, left=13, right=22, mid= 1
ROM Debug: breakpoints[ 4] read 07d0
State: SEARCH, left= 2, right=22, mid= 1
ROM Debug: breakpoints[ 4] read 07d0
State: SEARCH, left= 2, right=22, mid=12
ROM Debug: breakpoints[ 4] read 07d0
State: SEARCH, left=13, right=22, mid=12
ROM Debug: breakpoints[ 4] read 07d0
State: SEARCH, left=13, right=22, mid= 1
ROM Debug: breakpoints[ 4] read 07d0
State: SEARCH, left= 2, right=22, mid= 1
ROM Debug: breakpoints[ 4] read 07d0
State: SEARCH, left= 2, right=22, mid=12
ROM Debug: breakpoints[ 4] read 07d0
State: SEARCH, left=13, right=22, mid=12
ROM Debug: breakpoints[ 4] read 07d0
State: SEARCH, left=13, right=22, mid= 1
ROM Debug: breakpoints[ 4] read 07d0
State: SEARCH, left= 2, right=22, mid= 1
ROM Debug: breakpoints[ 4] read 07d0
State: SEARCH, left= 2, right=22, mid=12
ROM Debug: breakpoints[ 4] read 07d0
State: SEARCH, left=13, right=22, mid=12
ROM Debug: breakpoints[ 4] read 07d0
State: SEARCH, left=13, right=22, mid= 1
ROM Debug: breakpoints[ 4] read 07d0
State: SEARCH, left= 2, right=22, mid= 1
ROM Debug: breakpoints[ 4] read 07d0
State: SEARCH, left= 2, right=22, mid=12
ROM Debug: breakpoints[ 4] read 07d0
State: SEARCH, left=13, right=22, mid=12
ROM Debug: breakpoints[ 4] read 07d0
State: SEARCH, left=13, right=22, mid= 1
ROM Debug: breakpoints[ 4] read 07d0
State: SEARCH, left= 2, right=22, mid= 1
ROM Debug: breakpoints[ 4] read 07d0
State: SEARCH, left= 2, right=22, mid=12
ROM Debug: breakpoints[ 4] read 07d0
State: SEARCH, left=13, right=22, mid=12
ROM Debug: breakpoints[ 4] read 07d0
State: SEARCH, left=13, right=22, mid= 1
ROM Debug: breakpoints[ 4] read 07d0
State: SEARCH, left= 2, right=22, mid= 1
ROM Debug: breakpoints[ 4] read 07d0
State: SEARCH, left= 2, right=22, mid=12
ROM Debug: breakpoints[ 4] read 07d0
State: SEARCH, left=13, right=22, mid=12
ROM Debug: breakpoints[ 4] read 07d0
State: SEARCH, left=13, right=22, mid= 1
ROM Debug: breakpoints[ 4] read 07d0
State: SEARCH, left= 2, right=22, mid= 1
ROM Debug: breakpoints[ 4] read 07d0
State: SEARCH, left= 2, right=22, mid=12
ROM Debug: breakpoints[ 4] read 07d0
State: SEARCH, left=13, right=22, mid=12
ROM Debug: breakpoints[ 4] read 07d0
State: SEARCH, left=13, right=22, mid= 1
ROM Debug: breakpoints[ 4] read 07d0
State: SEARCH, left= 2, right=22, mid= 1
ROM Debug: breakpoints[ 4] read 07d0
State: SEARCH, left= 2, right=22, mid=12
ROM Debug: breakpoints[ 4] read 07d0
State: SEARCH, left=13, right=22, mid=12
ROM Debug: breakpoints[ 4] read 07d0
State: SEARCH, left=13, right=22, mid= 1
ROM Debug: breakpoints[ 4] read 07d0
State: SEARCH, left= 2, right=22, mid= 1
ROM Debug: breakpoints[ 4] read 07d0
State: SEARCH, left= 2, right=22, mid=12
ROM Debug: breakpoints[ 4] read 07d0
State: SEARCH, left=13, right=22, mid=12
ROM Debug: breakpoints[ 4] read 07d0
State: SEARCH, left=13, right=22, mid= 1
ROM Debug: breakpoints[ 4] read 07d0
State: SEARCH, left= 2, right=22, mid= 1
ROM Debug: breakpoints[ 4] read 07d0
State: SEARCH, left= 2, right=22, mid=12
ROM Debug: breakpoints[ 4] read 07d0
State: SEARCH, left=13, right=22, mid=12
ROM Debug: breakpoints[ 4] read 07d0
State: SEARCH, left=13, right=22, mid= 1
ROM Debug: breakpoints[ 4] read 07d0
State: SEARCH, left= 2, right=22, mid= 1
ROM Debug: breakpoints[ 4] read 07d0
State: SEARCH, left= 2, right=22, mid=12
ROM Debug: breakpoints[ 4] read 07d0
State: SEARCH, left=13, right=22, mid=12
ROM Debug: breakpoints[ 4] read 07d0
State: SEARCH, left=13, right=22, mid= 1
ROM Debug: breakpoints[ 4] read 07d0
State: SEARCH, left= 2, right=22, mid= 1
ROM Debug: breakpoints[ 4] read 07d0
State: SEARCH, left= 2, right=22, mid=12
ROM Debug: breakpoints[ 4] read 07d0
State: SEARCH, left=13, right=22, mid=12
ROM Debug: breakpoints[ 4] read 07d0
State: SEARCH, left=13, right=22, mid= 1
ROM Debug: breakpoints[ 4] read 07d0
State: SEARCH, left= 2, right=22, mid= 1
ROM Debug: breakpoints[ 4] read 07d0
State: SEARCH, left= 2, right=22, mid=12
ROM Debug: breakpoints[ 4] read 07d0
State: SEARCH, left=13, right=22, mid=12
ROM Debug: breakpoints[ 4] read 07d0
State: SEARCH, left=13, right=22, mid= 1
ROM Debug: breakpoints[ 4] read 07d0
State: SEARCH, left= 2, right=22, mid= 1
ROM Debug: breakpoints[ 4] read 07d0
State: SEARCH, left= 2, right=22, mid=12
ROM Debug: breakpoints[ 4] read 07d0
State: SEARCH, left=13, right=22, mid=12
ROM Debug: breakpoints[ 4] read 07d0
State: SEARCH, left=13, right=22, mid= 1
ROM Debug: breakpoints[ 4] read 07d0
State: SEARCH, left= 2, right=22, mid= 1
ROM Debug: breakpoints[ 4] read 07d0
State: SEARCH, left= 2, right=22, mid=12
ROM Debug: breakpoints[ 4] read 07d0
State: SEARCH, left=13, right=22, mid=12
ROM Debug: breakpoints[ 4] read 07d0
State: SEARCH, left=13, right=22, mid= 1
ROM Debug: breakpoints[ 4] read 07d0
State: SEARCH, left= 2, right=22, mid= 1
ROM Debug: breakpoints[ 4] read 07d0
State: SEARCH, left= 2, right=22, mid=12
ROM Debug: breakpoints[ 4] read 07d0
State: SEARCH, left=13, right=22, mid=12
ROM Debug: breakpoints[ 4] read 07d0
State: SEARCH, left=13, right=22, mid= 1
ROM Debug: breakpoints[ 4] read 07d0
State: SEARCH, left= 2, right=22, mid= 1
ROM Debug: breakpoints[ 4] read 07d0
State: SEARCH, left= 2, right=22, mid=12
ROM Debug: breakpoints[ 4] read 07d0
State: SEARCH, left=13, right=22, mid=12
ROM Debug: breakpoints[ 4] read 07d0
State: SEARCH, left=13, right=22, mid= 1
ROM Debug: breakpoints[ 4] read 07d0
State: SEARCH, left= 2, right=22, mid= 1
ROM Debug: breakpoints[ 4] read 07d0
State: SEARCH, left= 2, right=22, mid=12
ROM Debug: breakpoints[ 4] read 07d0
State: SEARCH, left=13, right=22, mid=12
ROM Debug: breakpoints[ 4] read 07d0
State: SEARCH, left=13, right=22, mid= 1
ROM Debug: breakpoints[ 4] read 07d0
State: SEARCH, left= 2, right=22, mid= 1
ROM Debug: breakpoints[ 4] read 07d0
State: SEARCH, left= 2, right=22, mid=12
ROM Debug: breakpoints[ 4] read 07d0
State: SEARCH, left=13, right=22, mid=12
ROM Debug: breakpoints[ 4] read 07d0
State: SEARCH, left=13, right=22, mid= 1
ROM Debug: breakpoints[ 4] read 07d0
State: SEARCH, left= 2, right=22, mid= 1
ROM Debug: breakpoints[ 4] read 07d0
State: SEARCH, left= 2, right=22, mid=12
ROM Debug: breakpoints[ 4] read 07d0
State: SEARCH, left=13, right=22, mid=12
ROM Debug: breakpoints[ 4] read 07d0
State: SEARCH, left=13, right=22, mid= 1
ROM Debug: breakpoints[ 4] read 07d0
State: SEARCH, left= 2, right=22, mid= 1
ROM Debug: breakpoints[ 4] read 07d0
State: SEARCH, left= 2, right=22, mid=12
ROM Debug: breakpoints[ 4] read 07d0
State: SEARCH, left=13, right=22, mid=12
ROM Debug: breakpoints[ 4] read 07d0
State: SEARCH, left=13, right=22, mid= 1
ROM Debug: breakpoints[ 4] read 07d0
State: SEARCH, left= 2, right=22, mid= 1
ROM Debug: breakpoints[ 4] read 07d0
State: SEARCH, left= 2, right=22, mid=12
ROM Debug: breakpoints[ 4] read 07d0
State: SEARCH, left=13, right=22, mid=12
ROM Debug: breakpoints[ 4] read 07d0
State: SEARCH, left=13, right=22, mid= 1
ROM Debug: breakpoints[ 4] read 07d0
State: SEARCH, left= 2, right=22, mid= 1
ROM Debug: breakpoints[ 4] read 07d0
State: SEARCH, left= 2, right=22, mid=12
ROM Debug: breakpoints[ 4] read 07d0
State: SEARCH, left=13, right=22, mid=12
ROM Debug: breakpoints[ 4] read 07d0
State: SEARCH, left=13, right=22, mid= 1
ROM Debug: breakpoints[ 4] read 07d0
State: SEARCH, left= 2, right=22, mid= 1
ROM Debug: breakpoints[ 4] read 07d0
State: SEARCH, left= 2, right=22, mid=12
ROM Debug: breakpoints[ 4] read 07d0
State: SEARCH, left=13, right=22, mid=12
ROM Debug: breakpoints[ 4] read 07d0
State: SEARCH, left=13, right=22, mid= 1
ROM Debug: breakpoints[ 4] read 07d0
State: SEARCH, left= 2, right=22, mid= 1
ROM Debug: breakpoints[ 4] read 07d0
State: SEARCH, left= 2, right=22, mid=12
ROM Debug: breakpoints[ 4] read 07d0
State: SEARCH, left=13, right=22, mid=12
ROM Debug: breakpoints[ 4] read 07d0
State: SEARCH, left=13, right=22, mid= 1
ROM Debug: breakpoints[ 4] read 07d0
State: SEARCH, left= 2, right=22, mid= 1
ROM Debug: breakpoints[ 4] read 07d0
State: SEARCH, left= 2, right=22, mid=12
ROM Debug: breakpoints[ 4] read 07d0
State: SEARCH, left=13, right=22, mid=12
ROM Debug: breakpoints[ 4] read 07d0
State: SEARCH, left=13, right=22, mid= 1
ROM Debug: breakpoints[ 4] read 07d0
State: SEARCH, left= 2, right=22, mid= 1
ROM Debug: breakpoints[ 4] read 07d0
State: SEARCH, left= 2, right=22, mid=12
ROM Debug: breakpoints[ 4] read 07d0
State: SEARCH, left=13, right=22, mid=12
ROM Debug: breakpoints[ 4] read 07d0
State: SEARCH, left=13, right=22, mid= 1
ROM Debug: breakpoints[ 4] read 07d0
State: SEARCH, left= 2, right=22, mid= 1
ROM Debug: breakpoints[ 4] read 07d0
State: SEARCH, left= 2, right=22, mid=12
ROM Debug: breakpoints[ 4] read 07d0
State: SEARCH, left=13, right=22, mid=12
ROM Debug: breakpoints[ 4] read 07d0
State: SEARCH, left=13, right=22, mid= 1
ROM Debug: breakpoints[ 4] read 07d0
State: SEARCH, left= 2, right=22, mid= 1
ROM Debug: breakpoints[ 4] read 07d0
State: SEARCH, left= 2, right=22, mid=12
ROM Debug: breakpoints[ 4] read 07d0
State: SEARCH, left=13, right=22, mid=12
ROM Debug: breakpoints[ 4] read 07d0
State: SEARCH, left=13, right=22, mid= 1
ROM Debug: breakpoints[ 4] read 07d0
State: SEARCH, left= 2, right=22, mid= 1
ROM Debug: breakpoints[ 4] read 07d0
State: SEARCH, left= 2, right=22, mid=12
ROM Debug: breakpoints[ 4] read 07d0
State: SEARCH, left=13, right=22, mid=12
ROM Debug: breakpoints[ 4] read 07d0
State: SEARCH, left=13, right=22, mid= 1
ROM Debug: breakpoints[ 4] read 07d0
State: SEARCH, left= 2, right=22, mid= 1
ROM Debug: breakpoints[ 4] read 07d0
State: SEARCH, left= 2, right=22, mid=12
ROM Debug: breakpoints[ 4] read 07d0
State: SEARCH, left=13, right=22, mid=12
ROM Debug: breakpoints[ 4] read 07d0
State: SEARCH, left=13, right=22, mid= 1
ROM Debug: breakpoints[ 4] read 07d0
State: SEARCH, left= 2, right=22, mid= 1
ROM Debug: breakpoints[ 4] read 07d0
State: SEARCH, left= 2, right=22, mid=12
ROM Debug: breakpoints[ 4] read 07d0
State: SEARCH, left=13, right=22, mid=12
ROM Debug: breakpoints[ 4] read 07d0
State: SEARCH, left=13, right=22, mid= 1
ROM Debug: breakpoints[ 4] read 07d0
State: SEARCH, left= 2, right=22, mid= 1
ROM Debug: breakpoints[ 4] read 07d0
State: SEARCH, left= 2, right=22, mid=12
ROM Debug: breakpoints[ 4] read 07d0
State: SEARCH, left=13, right=22, mid=12
ROM Debug: breakpoints[ 4] read 07d0
State: SEARCH, left=13, right=22, mid= 1
ROM Debug: breakpoints[ 4] read 07d0
State: SEARCH, left= 2, right=22, mid= 1
ROM Debug: breakpoints[ 4] read 07d0
State: SEARCH, left= 2, right=22, mid=12
ROM Debug: breakpoints[ 4] read 07d0
State: SEARCH, left=13, right=22, mid=12
ROM Debug: breakpoints[ 4] read 07d0
State: SEARCH, left=13, right=22, mid= 1
ROM Debug: breakpoints[ 4] read 07d0
State: SEARCH, left= 2, right=22, mid= 1
ROM Debug: breakpoints[ 4] read 07d0
State: SEARCH, left= 2, right=22, mid=12
ROM Debug: breakpoints[ 4] read 07d0
State: SEARCH, left=13, right=22, mid=12
ROM Debug: breakpoints[ 4] read 07d0
State: SEARCH, left=13, right=22, mid= 1
ROM Debug: breakpoints[ 4] read 07d0
State: SEARCH, left= 2, right=22, mid= 1
ROM Debug: breakpoints[ 4] read 07d0
State: SEARCH, left= 2, right=22, mid=12
ROM Debug: breakpoints[ 4] read 07d0
State: SEARCH, left=13, right=22, mid=12
ROM Debug: breakpoints[ 4] read 07d0
State: SEARCH, left=13, right=22, mid= 1
ROM Debug: breakpoints[ 4] read 07d0
State: SEARCH, left= 2, right=22, mid= 1
ROM Debug: breakpoints[ 4] read 07d0
State: SEARCH, left= 2, right=22, mid=12
ROM Debug: breakpoints[ 4] read 07d0
State: SEARCH, left=13, right=22, mid=12
ROM Debug: breakpoints[ 4] read 07d0
State: SEARCH, left=13, right=22, mid= 1
ROM Debug: breakpoints[ 4] read 07d0
State: SEARCH, left= 2, right=22, mid= 1
ROM Debug: breakpoints[ 4] read 07d0
State: SEARCH, left= 2, right=22, mid=12
ROM Debug: breakpoints[ 4] read 07d0
State: SEARCH, left=13, right=22, mid=12
ROM Debug: breakpoints[ 4] read 07d0
State: SEARCH, left=13, right=22, mid= 1
ROM Debug: breakpoints[ 4] read 07d0
State: SEARCH, left= 2, right=22, mid= 1
ROM Debug: breakpoints[ 4] read 07d0
State: SEARCH, left= 2, right=22, mid=12
ROM Debug: breakpoints[ 4] read 07d0
State: SEARCH, left=13, right=22, mid=12
ROM Debug: breakpoints[ 4] read 07d0
State: SEARCH, left=13, right=22, mid= 1
ROM Debug: breakpoints[ 4] read 07d0
State: SEARCH, left= 2, right=22, mid= 1
ROM Debug: breakpoints[ 4] read 07d0
State: SEARCH, left= 2, right=22, mid=12
ROM Debug: breakpoints[ 4] read 07d0
State: SEARCH, left=13, right=22, mid=12
ROM Debug: breakpoints[ 4] read 07d0
State: SEARCH, left=13, right=22, mid= 1
ROM Debug: breakpoints[ 4] read 07d0
State: SEARCH, left= 2, right=22, mid= 1
ROM Debug: breakpoints[ 4] read 07d0
State: SEARCH, left= 2, right=22, mid=12
ROM Debug: breakpoints[ 4] read 07d0
State: SEARCH, left=13, right=22, mid=12
ROM Debug: breakpoints[ 4] read 07d0
State: SEARCH, left=13, right=22, mid= 1
ROM Debug: breakpoints[ 4] read 07d0
State: SEARCH, left= 2, right=22, mid= 1
ROM Debug: breakpoints[ 4] read 07d0
State: SEARCH, left= 2, right=22, mid=12
ROM Debug: breakpoints[ 4] read 07d0
State: SEARCH, left=13, right=22, mid=12
ROM Debug: breakpoints[ 4] read 07d0
State: SEARCH, left=13, right=22, mid= 1
ROM Debug: breakpoints[ 4] read 07d0
State: SEARCH, left= 2, right=22, mid= 1
ROM Debug: breakpoints[ 4] read 07d0
State: SEARCH, left= 2, right=22, mid=12
ROM Debug: breakpoints[ 4] read 07d0
State: SEARCH, left=13, right=22, mid=12
ROM Debug: breakpoints[ 4] read 07d0
State: SEARCH, left=13, right=22, mid= 1
ROM Debug: breakpoints[ 4] read 07d0
State: SEARCH, left= 2, right=22, mid= 1
ROM Debug: breakpoints[ 4] read 07d0
State: SEARCH, left= 2, right=22, mid=12
ROM Debug: breakpoints[ 4] read 07d0
State: SEARCH, left=13, right=22, mid=12
ROM Debug: breakpoints[ 4] read 07d0
State: SEARCH, left=13, right=22, mid= 1
ROM Debug: breakpoints[ 4] read 07d0
State: SEARCH, left= 2, right=22, mid= 1
ROM Debug: breakpoints[ 4] read 07d0
State: SEARCH, left= 2, right=22, mid=12
ROM Debug: breakpoints[ 4] read 07d0
State: SEARCH, left=13, right=22, mid=12
ROM Debug: breakpoints[ 4] read 07d0
State: SEARCH, left=13, right=22, mid= 1
ROM Debug: breakpoints[ 4] read 07d0
State: SEARCH, left= 2, right=22, mid= 1
ROM Debug: breakpoints[ 4] read 07d0
State: SEARCH, left= 2, right=22, mid=12
ROM Debug: breakpoints[ 4] read 07d0
State: SEARCH, left=13, right=22, mid=12
ROM Debug: breakpoints[ 4] read 07d0
State: SEARCH, left=13, right=22, mid= 1
ROM Debug: breakpoints[ 4] read 07d0
State: SEARCH, left= 2, right=22, mid= 1
ROM Debug: breakpoints[ 4] read 07d0
State: SEARCH, left= 2, right=22, mid=12
ROM Debug: breakpoints[ 4] read 07d0
State: SEARCH, left=13, right=22, mid=12
ROM Debug: breakpoints[ 4] read 07d0
State: SEARCH, left=13, right=22, mid= 1
ROM Debug: breakpoints[ 4] read 07d0
State: SEARCH, left= 2, right=22, mid= 1
ROM Debug: breakpoints[ 4] read 07d0
State: SEARCH, left= 2, right=22, mid=12
ROM Debug: breakpoints[ 4] read 07d0
State: SEARCH, left=13, right=22, mid=12
ROM Debug: breakpoints[ 4] read 07d0
State: SEARCH, left=13, right=22, mid= 1
ROM Debug: breakpoints[ 4] read 07d0
State: SEARCH, left= 2, right=22, mid= 1
ROM Debug: breakpoints[ 4] read 07d0
State: SEARCH, left= 2, right=22, mid=12
ROM Debug: breakpoints[ 4] read 07d0
State: SEARCH, left=13, right=22, mid=12
ROM Debug: breakpoints[ 4] read 07d0
State: SEARCH, left=13, right=22, mid= 1
ROM Debug: breakpoints[ 4] read 07d0
State: SEARCH, left= 2, right=22, mid= 1
ROM Debug: breakpoints[ 4] read 07d0
State: SEARCH, left= 2, right=22, mid=12
ROM Debug: breakpoints[ 4] read 07d0
State: SEARCH, left=13, right=22, mid=12
ROM Debug: breakpoints[ 4] read 07d0
State: SEARCH, left=13, right=22, mid= 1
ROM Debug: breakpoints[ 4] read 07d0
State: SEARCH, left= 2, right=22, mid= 1
ROM Debug: breakpoints[ 4] read 07d0
State: SEARCH, left= 2, right=22, mid=12
ROM Debug: breakpoints[ 4] read 07d0
State: SEARCH, left=13, right=22, mid=12
ROM Debug: breakpoints[ 4] read 07d0
State: SEARCH, left=13, right=22, mid= 1
ROM Debug: breakpoints[ 4] read 07d0
State: SEARCH, left= 2, right=22, mid= 1
ROM Debug: breakpoints[ 4] read 07d0
State: SEARCH, left= 2, right=22, mid=12
ROM Debug: breakpoints[ 4] read 07d0
State: SEARCH, left=13, right=22, mid=12
ROM Debug: breakpoints[ 4] read 07d0
State: SEARCH, left=13, right=22, mid= 1
ROM Debug: breakpoints[ 4] read 07d0
State: SEARCH, left= 2, right=22, mid= 1
ROM Debug: breakpoints[ 4] read 07d0
State: SEARCH, left= 2, right=22, mid=12
ROM Debug: breakpoints[ 4] read 07d0
State: SEARCH, left=13, right=22, mid=12
ROM Debug: breakpoints[ 4] read 07d0
State: SEARCH, left=13, right=22, mid= 1
ROM Debug: breakpoints[ 4] read 07d0
State: SEARCH, left= 2, right=22, mid= 1
ROM Debug: breakpoints[ 4] read 07d0
State: SEARCH, left= 2, right=22, mid=12
ROM Debug: breakpoints[ 4] read 07d0
State: SEARCH, left=13, right=22, mid=12
ROM Debug: breakpoints[ 4] read 07d0
State: SEARCH, left=13, right=22, mid= 1
ROM Debug: breakpoints[ 4] read 07d0
State: SEARCH, left= 2, right=22, mid= 1
ROM Debug: breakpoints[ 4] read 07d0
State: SEARCH, left= 2, right=22, mid=12
ROM Debug: breakpoints[ 4] read 07d0
State: SEARCH, left=13, right=22, mid=12
ROM Debug: breakpoints[ 4] read 07d0
State: SEARCH, left=13, right=22, mid= 1
ROM Debug: breakpoints[ 4] read 07d0
State: SEARCH, left= 2, right=22, mid= 1
ROM Debug: breakpoints[ 4] read 07d0
State: SEARCH, left= 2, right=22, mid=12
ROM Debug: breakpoints[ 4] read 07d0
State: SEARCH, left=13, right=22, mid=12
ROM Debug: breakpoints[ 4] read 07d0
State: SEARCH, left=13, right=22, mid= 1
ROM Debug: breakpoints[ 4] read 07d0
State: SEARCH, left= 2, right=22, mid= 1
ROM Debug: breakpoints[ 4] read 07d0
State: SEARCH, left= 2, right=22, mid=12
ROM Debug: breakpoints[ 4] read 07d0
State: SEARCH, left=13, right=22, mid=12
ROM Debug: breakpoints[ 4] read 07d0
State: SEARCH, left=13, right=22, mid= 1
ROM Debug: breakpoints[ 4] read 07d0
State: SEARCH, left= 2, right=22, mid= 1
ROM Debug: breakpoints[ 4] read 07d0
State: SEARCH, left= 2, right=22, mid=12
ROM Debug: breakpoints[ 4] read 07d0
State: SEARCH, left=13, right=22, mid=12
ROM Debug: breakpoints[ 4] read 07d0
State: SEARCH, left=13, right=22, mid= 1
ROM Debug: breakpoints[ 4] read 07d0
State: SEARCH, left= 2, right=22, mid= 1
ROM Debug: breakpoints[ 4] read 07d0
State: SEARCH, left= 2, right=22, mid=12
ROM Debug: breakpoints[ 4] read 07d0
State: SEARCH, left=13, right=22, mid=12
ROM Debug: breakpoints[ 4] read 07d0
State: SEARCH, left=13, right=22, mid= 1
ROM Debug: breakpoints[ 4] read 07d0
State: SEARCH, left= 2, right=22, mid= 1
ROM Debug: breakpoints[ 4] read 07d0
State: SEARCH, left= 2, right=22, mid=12
ROM Debug: breakpoints[ 4] read 07d0
State: SEARCH, left=13, right=22, mid=12
ROM Debug: breakpoints[ 4] read 07d0
State: SEARCH, left=13, right=22, mid= 1
ROM Debug: breakpoints[ 4] read 07d0
State: SEARCH, left= 2, right=22, mid= 1
ROM Debug: breakpoints[ 4] read 07d0
State: SEARCH, left= 2, right=22, mid=12
ROM Debug: breakpoints[ 4] read 07d0
State: SEARCH, left=13, right=22, mid=12
ROM Debug: breakpoints[ 4] read 07d0
State: SEARCH, left=13, right=22, mid= 1
ROM Debug: breakpoints[ 4] read 07d0
State: SEARCH, left= 2, right=22, mid= 1
ROM Debug: breakpoints[ 4] read 07d0
State: SEARCH, left= 2, right=22, mid=12
ROM Debug: breakpoints[ 4] read 07d0
State: SEARCH, left=13, right=22, mid=12
ROM Debug: breakpoints[ 4] read 07d0
State: SEARCH, left=13, right=22, mid= 1
ROM Debug: breakpoints[ 4] read 07d0
State: SEARCH, left= 2, right=22, mid= 1
ROM Debug: breakpoints[ 4] read 07d0
State: SEARCH, left= 2, right=22, mid=12
ROM Debug: breakpoints[ 4] read 07d0
State: SEARCH, left=13, right=22, mid=12
ROM Debug: breakpoints[ 4] read 07d0
State: SEARCH, left=13, right=22, mid= 1
ROM Debug: breakpoints[ 4] read 07d0
State: SEARCH, left= 2, right=22, mid= 1
ROM Debug: breakpoints[ 4] read 07d0
State: SEARCH, left= 2, right=22, mid=12
ROM Debug: breakpoints[ 4] read 07d0
State: SEARCH, left=13, right=22, mid=12
ROM Debug: breakpoints[ 4] read 07d0
State: SEARCH, left=13, right=22, mid= 1
ROM Debug: breakpoints[ 4] read 07d0
State: SEARCH, left= 2, right=22, mid= 1
ROM Debug: breakpoints[ 4] read 07d0
State: SEARCH, left= 2, right=22, mid=12
ROM Debug: breakpoints[ 4] read 07d0
State: SEARCH, left=13, right=22, mid=12
ROM Debug: breakpoints[ 4] read 07d0
State: SEARCH, left=13, right=22, mid= 1
ROM Debug: breakpoints[ 4] read 07d0
State: SEARCH, left= 2, right=22, mid= 1
ROM Debug: breakpoints[ 4] read 07d0
State: SEARCH, left= 2, right=22, mid=12
ROM Debug: breakpoints[ 4] read 07d0
State: SEARCH, left=13, right=22, mid=12
ROM Debug: breakpoints[ 4] read 07d0
State: SEARCH, left=13, right=22, mid= 1
ROM Debug: breakpoints[ 4] read 07d0
State: SEARCH, left= 2, right=22, mid= 1
ROM Debug: breakpoints[ 4] read 07d0
State: SEARCH, left= 2, right=22, mid=12
ROM Debug: breakpoints[ 4] read 07d0
State: SEARCH, left=13, right=22, mid=12
ROM Debug: breakpoints[ 4] read 07d0
State: SEARCH, left=13, right=22, mid= 1
ROM Debug: breakpoints[ 4] read 07d0
State: SEARCH, left= 2, right=22, mid= 1
ROM Debug: breakpoints[ 4] read 07d0
State: SEARCH, left= 2, right=22, mid=12
ROM Debug: breakpoints[ 4] read 07d0
State: SEARCH, left=13, right=22, mid=12
ROM Debug: breakpoints[ 4] read 07d0
State: SEARCH, left=13, right=22, mid= 1
ROM Debug: breakpoints[ 4] read 07d0
State: SEARCH, left= 2, right=22, mid= 1
ROM Debug: breakpoints[ 4] read 07d0
State: SEARCH, left= 2, right=22, mid=12
ROM Debug: breakpoints[ 4] read 07d0
State: SEARCH, left=13, right=22, mid=12
ROM Debug: breakpoints[ 4] read 07d0
State: SEARCH, left=13, right=22, mid= 1
ROM Debug: breakpoints[ 4] read 07d0
State: SEARCH, left= 2, right=22, mid= 1
ROM Debug: breakpoints[ 4] read 07d0
State: SEARCH, left= 2, right=22, mid=12
ROM Debug: breakpoints[ 4] read 07d0
State: SEARCH, left=13, right=22, mid=12
ROM Debug: breakpoints[ 4] read 07d0
State: SEARCH, left=13, right=22, mid= 1
ROM Debug: breakpoints[ 4] read 07d0
State: SEARCH, left= 2, right=22, mid= 1
ROM Debug: breakpoints[ 4] read 07d0
State: SEARCH, left= 2, right=22, mid=12
ROM Debug: breakpoints[ 4] read 07d0
State: SEARCH, left=13, right=22, mid=12
ROM Debug: breakpoints[ 4] read 07d0
State: SEARCH, left=13, right=22, mid= 1
ROM Debug: breakpoints[ 4] read 07d0
State: SEARCH, left= 2, right=22, mid= 1
ROM Debug: breakpoints[ 4] read 07d0
State: SEARCH, left= 2, right=22, mid=12
ROM Debug: breakpoints[ 4] read 07d0
State: SEARCH, left=13, right=22, mid=12
ROM Debug: breakpoints[ 4] read 07d0
State: SEARCH, left=13, right=22, mid= 1
ROM Debug: breakpoints[ 4] read 07d0
State: SEARCH, left= 2, right=22, mid= 1
ROM Debug: breakpoints[ 4] read 07d0
State: SEARCH, left= 2, right=22, mid=12
ROM Debug: breakpoints[ 4] read 07d0
State: SEARCH, left=13, right=22, mid=12
ROM Debug: breakpoints[ 4] read 07d0
State: SEARCH, left=13, right=22, mid= 1
ROM Debug: breakpoints[ 4] read 07d0
State: SEARCH, left= 2, right=22, mid= 1
ROM Debug: breakpoints[ 4] read 07d0
State: SEARCH, left= 2, right=22, mid=12
ROM Debug: breakpoints[ 4] read 07d0
State: SEARCH, left=13, right=22, mid=12
ROM Debug: breakpoints[ 4] read 07d0
State: SEARCH, left=13, right=22, mid= 1
ROM Debug: breakpoints[ 4] read 07d0
State: SEARCH, left= 2, right=22, mid= 1
ROM Debug: breakpoints[ 4] read 07d0
State: SEARCH, left= 2, right=22, mid=12
ROM Debug: breakpoints[ 4] read 07d0
State: SEARCH, left=13, right=22, mid=12
ROM Debug: breakpoints[ 4] read 07d0
State: SEARCH, left=13, right=22, mid= 1
ROM Debug: breakpoints[ 4] read 07d0
State: SEARCH, left= 2, right=22, mid= 1
ROM Debug: breakpoints[ 4] read 07d0
State: SEARCH, left= 2, right=22, mid=12
ROM Debug: breakpoints[ 4] read 07d0
State: SEARCH, left=13, right=22, mid=12
ROM Debug: breakpoints[ 4] read 07d0
State: SEARCH, left=13, right=22, mid= 1
ROM Debug: breakpoints[ 4] read 07d0
State: SEARCH, left= 2, right=22, mid= 1
ROM Debug: breakpoints[ 4] read 07d0
State: SEARCH, left= 2, right=22, mid=12
ROM Debug: breakpoints[ 4] read 07d0
State: SEARCH, left=13, right=22, mid=12
ROM Debug: breakpoints[ 4] read 07d0
State: SEARCH, left=13, right=22, mid= 1
ROM Debug: breakpoints[ 4] read 07d0
State: SEARCH, left= 2, right=22, mid= 1
ROM Debug: breakpoints[ 4] read 07d0
State: SEARCH, left= 2, right=22, mid=12
ROM Debug: breakpoints[ 4] read 07d0
State: SEARCH, left=13, right=22, mid=12
ROM Debug: breakpoints[ 4] read 07d0
State: SEARCH, left=13, right=22, mid= 1
ROM Debug: breakpoints[ 4] read 07d0
State: SEARCH, left= 2, right=22, mid= 1
ROM Debug: breakpoints[ 4] read 07d0
State: SEARCH, left= 2, right=22, mid=12
ROM Debug: breakpoints[ 4] read 07d0
State: SEARCH, left=13, right=22, mid=12
ROM Debug: breakpoints[ 4] read 07d0
State: SEARCH, left=13, right=22, mid= 1
ROM Debug: breakpoints[ 4] read 07d0
State: SEARCH, left= 2, right=22, mid= 1
ROM Debug: breakpoints[ 4] read 07d0
State: SEARCH, left= 2, right=22, mid=12
ROM Debug: breakpoints[ 4] read 07d0
State: SEARCH, left=13, right=22, mid=12
ROM Debug: breakpoints[ 4] read 07d0
State: SEARCH, left=13, right=22, mid= 1
ROM Debug: breakpoints[ 4] read 07d0
State: SEARCH, left= 2, right=22, mid= 1
ROM Debug: breakpoints[ 4] read 07d0
State: SEARCH, left= 2, right=22, mid=12
ROM Debug: breakpoints[ 4] read 07d0
State: SEARCH, left=13, right=22, mid=12
ROM Debug: breakpoints[ 4] read 07d0
State: SEARCH, left=13, right=22, mid= 1
ROM Debug: breakpoints[ 4] read 07d0
State: SEARCH, left= 2, right=22, mid= 1
ROM Debug: breakpoints[ 4] read 07d0
State: SEARCH, left= 2, right=22, mid=12
ROM Debug: breakpoints[ 4] read 07d0
State: SEARCH, left=13, right=22, mid=12
ROM Debug: breakpoints[ 4] read 07d0
State: SEARCH, left=13, right=22, mid= 1
ROM Debug: breakpoints[ 4] read 07d0
State: SEARCH, left= 2, right=22, mid= 1
ROM Debug: breakpoints[ 4] read 07d0
State: SEARCH, left= 2, right=22, mid=12
ROM Debug: breakpoints[ 4] read 07d0
State: SEARCH, left=13, right=22, mid=12
ROM Debug: breakpoints[ 4] read 07d0
State: SEARCH, left=13, right=22, mid= 1
ROM Debug: breakpoints[ 4] read 07d0
State: SEARCH, left= 2, right=22, mid= 1
ROM Debug: breakpoints[ 4] read 07d0
State: SEARCH, left= 2, right=22, mid=12
ROM Debug: breakpoints[ 4] read 07d0
State: SEARCH, left=13, right=22, mid=12
ROM Debug: breakpoints[ 4] read 07d0
State: SEARCH, left=13, right=22, mid= 1
ROM Debug: breakpoints[ 4] read 07d0
State: SEARCH, left= 2, right=22, mid= 1
ROM Debug: breakpoints[ 4] read 07d0
State: SEARCH, left= 2, right=22, mid=12
ROM Debug: breakpoints[ 4] read 07d0
State: SEARCH, left=13, right=22, mid=12
ROM Debug: breakpoints[ 4] read 07d0
State: SEARCH, left=13, right=22, mid= 1
ROM Debug: breakpoints[ 4] read 07d0
State: SEARCH, left= 2, right=22, mid= 1
ROM Debug: breakpoints[ 4] read 07d0
State: SEARCH, left= 2, right=22, mid=12
ROM Debug: breakpoints[ 4] read 07d0
State: SEARCH, left=13, right=22, mid=12
ROM Debug: breakpoints[ 4] read 07d0
State: SEARCH, left=13, right=22, mid= 1
ROM Debug: breakpoints[ 4] read 07d0
State: SEARCH, left= 2, right=22, mid= 1
ROM Debug: breakpoints[ 4] read 07d0
State: SEARCH, left= 2, right=22, mid=12
ROM Debug: breakpoints[ 4] read 07d0
State: SEARCH, left=13, right=22, mid=12
ROM Debug: breakpoints[ 4] read 07d0
State: SEARCH, left=13, right=22, mid= 1
ROM Debug: breakpoints[ 4] read 07d0
State: SEARCH, left= 2, right=22, mid= 1
ROM Debug: breakpoints[ 4] read 07d0
State: SEARCH, left= 2, right=22, mid=12
ROM Debug: breakpoints[ 4] read 07d0
State: SEARCH, left=13, right=22, mid=12
ROM Debug: breakpoints[ 4] read 07d0
State: SEARCH, left=13, right=22, mid= 1
ROM Debug: breakpoints[ 4] read 07d0
State: SEARCH, left= 2, right=22, mid= 1
ROM Debug: breakpoints[ 4] read 07d0
State: SEARCH, left= 2, right=22, mid=12
ROM Debug: breakpoints[ 4] read 07d0
State: SEARCH, left=13, right=22, mid=12
ROM Debug: breakpoints[ 4] read 07d0
State: SEARCH, left=13, right=22, mid= 1
ROM Debug: breakpoints[ 4] read 07d0
State: SEARCH, left= 2, right=22, mid= 1
ROM Debug: breakpoints[ 4] read 07d0
State: SEARCH, left= 2, right=22, mid=12
ROM Debug: breakpoints[ 4] read 07d0
State: SEARCH, left=13, right=22, mid=12
ROM Debug: breakpoints[ 4] read 07d0
State: SEARCH, left=13, right=22, mid= 1
ROM Debug: breakpoints[ 4] read 07d0
State: SEARCH, left= 2, right=22, mid= 1
ROM Debug: breakpoints[ 4] read 07d0
State: SEARCH, left= 2, right=22, mid=12
ROM Debug: breakpoints[ 4] read 07d0
State: SEARCH, left=13, right=22, mid=12
ROM Debug: breakpoints[ 4] read 07d0
State: SEARCH, left=13, right=22, mid= 1
ROM Debug: breakpoints[ 4] read 07d0
State: SEARCH, left= 2, right=22, mid= 1
ROM Debug: breakpoints[ 4] read 07d0
State: SEARCH, left= 2, right=22, mid=12
ROM Debug: breakpoints[ 4] read 07d0
State: SEARCH, left=13, right=22, mid=12
ROM Debug: breakpoints[ 4] read 07d0
State: SEARCH, left=13, right=22, mid= 1
ROM Debug: breakpoints[ 4] read 07d0
State: SEARCH, left= 2, right=22, mid= 1
ROM Debug: breakpoints[ 4] read 07d0
State: SEARCH, left= 2, right=22, mid=12
ROM Debug: breakpoints[ 4] read 07d0
State: SEARCH, left=13, right=22, mid=12
ROM Debug: breakpoints[ 4] read 07d0
State: SEARCH, left=13, right=22, mid= 1
ROM Debug: breakpoints[ 4] read 07d0
State: SEARCH, left= 2, right=22, mid= 1
ROM Debug: breakpoints[ 4] read 07d0
State: SEARCH, left= 2, right=22, mid=12
ROM Debug: breakpoints[ 4] read 07d0
State: SEARCH, left=13, right=22, mid=12
ROM Debug: breakpoints[ 4] read 07d0
State: SEARCH, left=13, right=22, mid= 1
ROM Debug: breakpoints[ 4] read 07d0
State: SEARCH, left= 2, right=22, mid= 1
ROM Debug: breakpoints[ 4] read 07d0
State: SEARCH, left= 2, right=22, mid=12
ROM Debug: breakpoints[ 4] read 07d0
State: SEARCH, left=13, right=22, mid=12
ROM Debug: breakpoints[ 4] read 07d0
State: SEARCH, left=13, right=22, mid= 1
ROM Debug: breakpoints[ 4] read 07d0
State: SEARCH, left= 2, right=22, mid= 1
ROM Debug: breakpoints[ 4] read 07d0
State: SEARCH, left= 2, right=22, mid=12
ROM Debug: breakpoints[ 4] read 07d0
State: SEARCH, left=13, right=22, mid=12
ROM Debug: breakpoints[ 4] read 07d0
State: SEARCH, left=13, right=22, mid= 1
ROM Debug: breakpoints[ 4] read 07d0
State: SEARCH, left= 2, right=22, mid= 1
ROM Debug: breakpoints[ 4] read 07d0
State: SEARCH, left= 2, right=22, mid=12
ROM Debug: breakpoints[ 4] read 07d0
State: SEARCH, left=13, right=22, mid=12
ROM Debug: breakpoints[ 4] read 07d0
State: SEARCH, left=13, right=22, mid= 1
ROM Debug: breakpoints[ 4] read 07d0
State: SEARCH, left= 2, right=22, mid= 1
ROM Debug: breakpoints[ 4] read 07d0
State: SEARCH, left= 2, right=22, mid=12
ROM Debug: breakpoints[ 4] read 07d0
State: SEARCH, left=13, right=22, mid=12
ROM Debug: breakpoints[ 4] read 07d0
State: SEARCH, left=13, right=22, mid= 1
ROM Debug: breakpoints[ 4] read 07d0
State: SEARCH, left= 2, right=22, mid= 1
ROM Debug: breakpoints[ 4] read 07d0
State: SEARCH, left= 2, right=22, mid=12
ROM Debug: breakpoints[ 4] read 07d0
State: SEARCH, left=13, right=22, mid=12
ROM Debug: breakpoints[ 4] read 07d0
State: SEARCH, left=13, right=22, mid= 1
ROM Debug: breakpoints[ 4] read 07d0
State: SEARCH, left= 2, right=22, mid= 1
ROM Debug: breakpoints[ 4] read 07d0
State: SEARCH, left= 2, right=22, mid=12
ROM Debug: breakpoints[ 4] read 07d0
State: SEARCH, left=13, right=22, mid=12
ROM Debug: breakpoints[ 4] read 07d0
State: SEARCH, left=13, right=22, mid= 1
ROM Debug: breakpoints[ 4] read 07d0
State: SEARCH, left= 2, right=22, mid= 1
ROM Debug: breakpoints[ 4] read 07d0
State: SEARCH, left= 2, right=22, mid=12
ROM Debug: breakpoints[ 4] read 07d0
State: SEARCH, left=13, right=22, mid=12
ROM Debug: breakpoints[ 4] read 07d0
State: SEARCH, left=13, right=22, mid= 1
ROM Debug: breakpoints[ 4] read 07d0
State: SEARCH, left= 2, right=22, mid= 1
ROM Debug: breakpoints[ 4] read 07d0
State: SEARCH, left= 2, right=22, mid=12
ROM Debug: breakpoints[ 4] read 07d0
State: SEARCH, left=13, right=22, mid=12
ROM Debug: breakpoints[ 4] read 07d0
State: SEARCH, left=13, right=22, mid= 1
ROM Debug: breakpoints[ 4] read 07d0
State: SEARCH, left= 2, right=22, mid= 1
ROM Debug: breakpoints[ 4] read 07d0
State: SEARCH, left= 2, right=22, mid=12
ROM Debug: breakpoints[ 4] read 07d0
State: SEARCH, left=13, right=22, mid=12
ROM Debug: breakpoints[ 4] read 07d0
State: SEARCH, left=13, right=22, mid= 1
ROM Debug: breakpoints[ 4] read 07d0
State: SEARCH, left= 2, right=22, mid= 1
ROM Debug: breakpoints[ 4] read 07d0
State: SEARCH, left= 2, right=22, mid=12
ROM Debug: breakpoints[ 4] read 07d0
State: SEARCH, left=13, right=22, mid=12
ROM Debug: breakpoints[ 4] read 07d0
State: SEARCH, left=13, right=22, mid= 1
ROM Debug: breakpoints[ 4] read 07d0
State: SEARCH, left= 2, right=22, mid= 1
ROM Debug: breakpoints[ 4] read 07d0
State: SEARCH, left= 2, right=22, mid=12
ROM Debug: breakpoints[ 4] read 07d0
State: SEARCH, left=13, right=22, mid=12
ROM Debug: breakpoints[ 4] read 07d0
State: SEARCH, left=13, right=22, mid= 1
ROM Debug: breakpoints[ 4] read 07d0
State: SEARCH, left= 2, right=22, mid= 1
ROM Debug: breakpoints[ 4] read 07d0
State: SEARCH, left= 2, right=22, mid=12
ROM Debug: breakpoints[ 4] read 07d0
State: SEARCH, left=13, right=22, mid=12
ROM Debug: breakpoints[ 4] read 07d0
State: SEARCH, left=13, right=22, mid= 1
ROM Debug: breakpoints[ 4] read 07d0
State: SEARCH, left= 2, right=22, mid= 1
ROM Debug: breakpoints[ 4] read 07d0
State: SEARCH, left= 2, right=22, mid=12
ROM Debug: breakpoints[ 4] read 07d0
State: SEARCH, left=13, right=22, mid=12
ROM Debug: breakpoints[ 4] read 07d0
State: SEARCH, left=13, right=22, mid= 1
ROM Debug: breakpoints[ 4] read 07d0
State: SEARCH, left= 2, right=22, mid= 1
ROM Debug: breakpoints[ 4] read 07d0
State: SEARCH, left= 2, right=22, mid=12
ROM Debug: breakpoints[ 4] read 07d0
State: SEARCH, left=13, right=22, mid=12
ROM Debug: breakpoints[ 4] read 07d0
State: SEARCH, left=13, right=22, mid= 1
ROM Debug: breakpoints[ 4] read 07d0
State: SEARCH, left= 2, right=22, mid= 1
ROM Debug: breakpoints[ 4] read 07d0
State: SEARCH, left= 2, right=22, mid=12
ROM Debug: breakpoints[ 4] read 07d0
State: SEARCH, left=13, right=22, mid=12
ROM Debug: breakpoints[ 4] read 07d0
State: SEARCH, left=13, right=22, mid= 1
ROM Debug: breakpoints[ 4] read 07d0
State: SEARCH, left= 2, right=22, mid= 1
ROM Debug: breakpoints[ 4] read 07d0
State: SEARCH, left= 2, right=22, mid=12
ROM Debug: breakpoints[ 4] read 07d0
State: SEARCH, left=13, right=22, mid=12
ROM Debug: breakpoints[ 4] read 07d0
State: SEARCH, left=13, right=22, mid= 1
ROM Debug: breakpoints[ 4] read 07d0
State: SEARCH, left= 2, right=22, mid= 1
ROM Debug: breakpoints[ 4] read 07d0
State: SEARCH, left= 2, right=22, mid=12
ROM Debug: breakpoints[ 4] read 07d0
State: SEARCH, left=13, right=22, mid=12
ROM Debug: breakpoints[ 4] read 07d0
State: SEARCH, left=13, right=22, mid= 1
ROM Debug: breakpoints[ 4] read 07d0
State: SEARCH, left= 2, right=22, mid= 1
ROM Debug: breakpoints[ 4] read 07d0
State: SEARCH, left= 2, right=22, mid=12
ROM Debug: breakpoints[ 4] read 07d0
State: SEARCH, left=13, right=22, mid=12
ROM Debug: breakpoints[ 4] read 07d0
State: SEARCH, left=13, right=22, mid= 1
ROM Debug: breakpoints[ 4] read 07d0
State: SEARCH, left= 2, right=22, mid= 1
ROM Debug: breakpoints[ 4] read 07d0
State: SEARCH, left= 2, right=22, mid=12
ROM Debug: breakpoints[ 4] read 07d0
State: SEARCH, left=13, right=22, mid=12
ROM Debug: breakpoints[ 4] read 07d0
State: SEARCH, left=13, right=22, mid= 1
ROM Debug: breakpoints[ 4] read 07d0
State: SEARCH, left= 2, right=22, mid= 1
ROM Debug: breakpoints[ 4] read 07d0
State: SEARCH, left= 2, right=22, mid=12
ROM Debug: breakpoints[ 4] read 07d0
State: SEARCH, left=13, right=22, mid=12
ROM Debug: breakpoints[ 4] read 07d0
State: SEARCH, left=13, right=22, mid= 1
ROM Debug: breakpoints[ 4] read 07d0
State: SEARCH, left= 2, right=22, mid= 1
ROM Debug: breakpoints[ 4] read 07d0
State: SEARCH, left= 2, right=22, mid=12
ROM Debug: breakpoints[ 4] read 07d0
State: SEARCH, left=13, right=22, mid=12
ROM Debug: breakpoints[ 4] read 07d0
State: SEARCH, left=13, right=22, mid= 1
ROM Debug: breakpoints[ 4] read 07d0
State: SEARCH, left= 2, right=22, mid= 1
ROM Debug: breakpoints[ 4] read 07d0
State: SEARCH, left= 2, right=22, mid=12
ROM Debug: breakpoints[ 4] read 07d0
State: SEARCH, left=13, right=22, mid=12
ROM Debug: breakpoints[ 4] read 07d0
State: SEARCH, left=13, right=22, mid= 1
ROM Debug: breakpoints[ 4] read 07d0
State: SEARCH, left= 2, right=22, mid= 1
ROM Debug: breakpoints[ 4] read 07d0
State: SEARCH, left= 2, right=22, mid=12
ROM Debug: breakpoints[ 4] read 07d0
State: SEARCH, left=13, right=22, mid=12
ROM Debug: breakpoints[ 4] read 07d0
State: SEARCH, left=13, right=22, mid= 1
ROM Debug: breakpoints[ 4] read 07d0
State: SEARCH, left= 2, right=22, mid= 1
ROM Debug: breakpoints[ 4] read 07d0
State: SEARCH, left= 2, right=22, mid=12
ROM Debug: breakpoints[ 4] read 07d0
State: SEARCH, left=13, right=22, mid=12
ROM Debug: breakpoints[ 4] read 07d0
State: SEARCH, left=13, right=22, mid= 1
ROM Debug: breakpoints[ 4] read 07d0
State: SEARCH, left= 2, right=22, mid= 1
ROM Debug: breakpoints[ 4] read 07d0
State: SEARCH, left= 2, right=22, mid=12
ROM Debug: breakpoints[ 4] read 07d0
State: SEARCH, left=13, right=22, mid=12
ROM Debug: breakpoints[ 4] read 07d0
State: SEARCH, left=13, right=22, mid= 1
ROM Debug: breakpoints[ 4] read 07d0
State: SEARCH, left= 2, right=22, mid= 1
ROM Debug: breakpoints[ 4] read 07d0
State: SEARCH, left= 2, right=22, mid=12
ROM Debug: breakpoints[ 4] read 07d0
State: SEARCH, left=13, right=22, mid=12
ROM Debug: breakpoints[ 4] read 07d0
State: SEARCH, left=13, right=22, mid= 1
ROM Debug: breakpoints[ 4] read 07d0
State: SEARCH, left= 2, right=22, mid= 1
ROM Debug: breakpoints[ 4] read 07d0
State: SEARCH, left= 2, right=22, mid=12
ROM Debug: breakpoints[ 4] read 07d0
State: SEARCH, left=13, right=22, mid=12
ROM Debug: breakpoints[ 4] read 07d0
State: SEARCH, left=13, right=22, mid= 1
ROM Debug: breakpoints[ 4] read 07d0
State: SEARCH, left= 2, right=22, mid= 1
ROM Debug: breakpoints[ 4] read 07d0
State: SEARCH, left= 2, right=22, mid=12
ROM Debug: breakpoints[ 4] read 07d0
State: SEARCH, left=13, right=22, mid=12
ROM Debug: breakpoints[ 4] read 07d0
State: SEARCH, left=13, right=22, mid= 1
ROM Debug: breakpoints[ 4] read 07d0
State: SEARCH, left= 2, right=22, mid= 1
ROM Debug: breakpoints[ 4] read 07d0
State: SEARCH, left= 2, right=22, mid=12
ROM Debug: breakpoints[ 4] read 07d0
State: SEARCH, left=13, right=22, mid=12
ROM Debug: breakpoints[ 4] read 07d0
State: SEARCH, left=13, right=22, mid= 1
ROM Debug: breakpoints[ 4] read 07d0
State: SEARCH, left= 2, right=22, mid= 1
ROM Debug: breakpoints[ 4] read 07d0
State: SEARCH, left= 2, right=22, mid=12
ROM Debug: breakpoints[ 4] read 07d0
State: SEARCH, left=13, right=22, mid=12
ROM Debug: breakpoints[ 4] read 07d0
State: SEARCH, left=13, right=22, mid= 1
ROM Debug: breakpoints[ 4] read 07d0
State: SEARCH, left= 2, right=22, mid= 1
ROM Debug: breakpoints[ 4] read 07d0
State: SEARCH, left= 2, right=22, mid=12
ROM Debug: breakpoints[ 4] read 07d0
State: SEARCH, left=13, right=22, mid=12
ROM Debug: breakpoints[ 4] read 07d0
State: SEARCH, left=13, right=22, mid= 1
ROM Debug: breakpoints[ 4] read 07d0
State: SEARCH, left= 2, right=22, mid= 1
ROM Debug: breakpoints[ 4] read 07d0
State: SEARCH, left= 2, right=22, mid=12
ROM Debug: breakpoints[ 4] read 07d0
State: SEARCH, left=13, right=22, mid=12
ROM Debug: breakpoints[ 4] read 07d0
State: SEARCH, left=13, right=22, mid= 1
ROM Debug: breakpoints[ 4] read 07d0
State: SEARCH, left= 2, right=22, mid= 1
ROM Debug: breakpoints[ 4] read 07d0
State: SEARCH, left= 2, right=22, mid=12
ROM Debug: breakpoints[ 4] read 07d0
State: SEARCH, left=13, right=22, mid=12
ROM Debug: breakpoints[ 4] read 07d0
State: SEARCH, left=13, right=22, mid= 1
ROM Debug: breakpoints[ 4] read 07d0
State: SEARCH, left= 2, right=22, mid= 1
ROM Debug: breakpoints[ 4] read 07d0
State: SEARCH, left= 2, right=22, mid=12
ROM Debug: breakpoints[ 4] read 07d0
State: SEARCH, left=13, right=22, mid=12
ROM Debug: breakpoints[ 4] read 07d0
State: SEARCH, left=13, right=22, mid= 1
ROM Debug: breakpoints[ 4] read 07d0
State: SEARCH, left= 2, right=22, mid= 1
ROM Debug: breakpoints[ 4] read 07d0
State: SEARCH, left= 2, right=22, mid=12
ROM Debug: breakpoints[ 4] read 07d0
State: SEARCH, left=13, right=22, mid=12
ROM Debug: breakpoints[ 4] read 07d0
State: SEARCH, left=13, right=22, mid= 1
ROM Debug: breakpoints[ 4] read 07d0
State: SEARCH, left= 2, right=22, mid= 1
ROM Debug: breakpoints[ 4] read 07d0
State: SEARCH, left= 2, right=22, mid=12
ROM Debug: breakpoints[ 4] read 07d0
State: SEARCH, left=13, right=22, mid=12
ROM Debug: breakpoints[ 4] read 07d0
State: SEARCH, left=13, right=22, mid= 1
ROM Debug: breakpoints[ 4] read 07d0
State: SEARCH, left= 2, right=22, mid= 1
ROM Debug: breakpoints[ 4] read 07d0
State: SEARCH, left= 2, right=22, mid=12
ROM Debug: breakpoints[ 4] read 07d0
State: SEARCH, left=13, right=22, mid=12
ROM Debug: breakpoints[ 4] read 07d0
State: SEARCH, left=13, right=22, mid= 1
ROM Debug: breakpoints[ 4] read 07d0
State: SEARCH, left= 2, right=22, mid= 1
ROM Debug: breakpoints[ 4] read 07d0
State: SEARCH, left= 2, right=22, mid=12
ROM Debug: breakpoints[ 4] read 07d0
State: SEARCH, left=13, right=22, mid=12
ROM Debug: breakpoints[ 4] read 07d0
State: SEARCH, left=13, right=22, mid= 1
ROM Debug: breakpoints[ 4] read 07d0
State: SEARCH, left= 2, right=22, mid= 1
ROM Debug: breakpoints[ 4] read 07d0
State: SEARCH, left= 2, right=22, mid=12
ROM Debug: breakpoints[ 4] read 07d0
State: SEARCH, left=13, right=22, mid=12
ROM Debug: breakpoints[ 4] read 07d0
State: SEARCH, left=13, right=22, mid= 1
ROM Debug: breakpoints[ 4] read 07d0
State: SEARCH, left= 2, right=22, mid= 1
ROM Debug: breakpoints[ 4] read 07d0
State: SEARCH, left= 2, right=22, mid=12
ROM Debug: breakpoints[ 4] read 07d0
State: SEARCH, left=13, right=22, mid=12
ROM Debug: breakpoints[ 4] read 07d0
State: SEARCH, left=13, right=22, mid= 1
ROM Debug: breakpoints[ 4] read 07d0
State: SEARCH, left= 2, right=22, mid= 1
ROM Debug: breakpoints[ 4] read 07d0
State: SEARCH, left= 2, right=22, mid=12
ROM Debug: breakpoints[ 4] read 07d0
State: SEARCH, left=13, right=22, mid=12
ROM Debug: breakpoints[ 4] read 07d0
State: SEARCH, left=13, right=22, mid= 1
ROM Debug: breakpoints[ 4] read 07d0
State: SEARCH, left= 2, right=22, mid= 1
ROM Debug: breakpoints[ 4] read 07d0
State: SEARCH, left= 2, right=22, mid=12
ROM Debug: breakpoints[ 4] read 07d0
State: SEARCH, left=13, right=22, mid=12
ROM Debug: breakpoints[ 4] read 07d0
State: SEARCH, left=13, right=22, mid= 1
ROM Debug: breakpoints[ 4] read 07d0
State: SEARCH, left= 2, right=22, mid= 1
ROM Debug: breakpoints[ 4] read 07d0
State: SEARCH, left= 2, right=22, mid=12
ROM Debug: breakpoints[ 4] read 07d0
State: SEARCH, left=13, right=22, mid=12
ROM Debug: breakpoints[ 4] read 07d0
State: SEARCH, left=13, right=22, mid= 1
ROM Debug: breakpoints[ 4] read 07d0
State: SEARCH, left= 2, right=22, mid= 1
ROM Debug: breakpoints[ 4] read 07d0
State: SEARCH, left= 2, right=22, mid=12
ROM Debug: breakpoints[ 4] read 07d0
State: SEARCH, left=13, right=22, mid=12
ROM Debug: breakpoints[ 4] read 07d0
State: SEARCH, left=13, right=22, mid= 1
ROM Debug: breakpoints[ 4] read 07d0
State: SEARCH, left= 2, right=22, mid= 1
ROM Debug: breakpoints[ 4] read 07d0
State: SEARCH, left= 2, right=22, mid=12
ROM Debug: breakpoints[ 4] read 07d0
State: SEARCH, left=13, right=22, mid=12
ROM Debug: breakpoints[ 4] read 07d0
State: SEARCH, left=13, right=22, mid= 1
ROM Debug: breakpoints[ 4] read 07d0
State: SEARCH, left= 2, right=22, mid= 1
ROM Debug: breakpoints[ 4] read 07d0
State: SEARCH, left= 2, right=22, mid=12
ROM Debug: breakpoints[ 4] read 07d0
State: SEARCH, left=13, right=22, mid=12
ROM Debug: breakpoints[ 4] read 07d0
State: SEARCH, left=13, right=22, mid= 1
ROM Debug: breakpoints[ 4] read 07d0
State: SEARCH, left= 2, right=22, mid= 1
ROM Debug: breakpoints[ 4] read 07d0
State: SEARCH, left= 2, right=22, mid=12
ROM Debug: breakpoints[ 4] read 07d0
State: SEARCH, left=13, right=22, mid=12
ROM Debug: breakpoints[ 4] read 07d0
State: SEARCH, left=13, right=22, mid= 1
ROM Debug: breakpoints[ 4] read 07d0
State: SEARCH, left= 2, right=22, mid= 1
ROM Debug: breakpoints[ 4] read 07d0
State: SEARCH, left= 2, right=22, mid=12
ROM Debug: breakpoints[ 4] read 07d0
State: SEARCH, left=13, right=22, mid=12
ROM Debug: breakpoints[ 4] read 07d0
State: SEARCH, left=13, right=22, mid= 1
ROM Debug: breakpoints[ 4] read 07d0
State: SEARCH, left= 2, right=22, mid= 1
ROM Debug: breakpoints[ 4] read 07d0
State: SEARCH, left= 2, right=22, mid=12
ROM Debug: breakpoints[ 4] read 07d0
State: SEARCH, left=13, right=22, mid=12
ROM Debug: breakpoints[ 4] read 07d0
State: SEARCH, left=13, right=22, mid= 1
ROM Debug: breakpoints[ 4] read 07d0
State: SEARCH, left= 2, right=22, mid= 1
ROM Debug: breakpoints[ 4] read 07d0
State: SEARCH, left= 2, right=22, mid=12
ROM Debug: breakpoints[ 4] read 07d0
State: SEARCH, left=13, right=22, mid=12
ROM Debug: breakpoints[ 4] read 07d0
State: SEARCH, left=13, right=22, mid= 1
ROM Debug: breakpoints[ 4] read 07d0
State: SEARCH, left= 2, right=22, mid= 1
ROM Debug: breakpoints[ 4] read 07d0
State: SEARCH, left= 2, right=22, mid=12
ROM Debug: breakpoints[ 4] read 07d0
State: SEARCH, left=13, right=22, mid=12
ROM Debug: breakpoints[ 4] read 07d0
State: SEARCH, left=13, right=22, mid= 1
ROM Debug: breakpoints[ 4] read 07d0
State: SEARCH, left= 2, right=22, mid= 1
ROM Debug: breakpoints[ 4] read 07d0
State: SEARCH, left= 2, right=22, mid=12
ROM Debug: breakpoints[ 4] read 07d0
State: SEARCH, left=13, right=22, mid=12
ROM Debug: breakpoints[ 4] read 07d0
State: SEARCH, left=13, right=22, mid= 1
ROM Debug: breakpoints[ 4] read 07d0
State: SEARCH, left= 2, right=22, mid= 1
ROM Debug: breakpoints[ 4] read 07d0
State: SEARCH, left= 2, right=22, mid=12
ROM Debug: breakpoints[ 4] read 07d0
State: SEARCH, left=13, right=22, mid=12
ROM Debug: breakpoints[ 4] read 07d0
State: SEARCH, left=13, right=22, mid= 1
ROM Debug: breakpoints[ 4] read 07d0
State: SEARCH, left= 2, right=22, mid= 1
ROM Debug: breakpoints[ 4] read 07d0
State: SEARCH, left= 2, right=22, mid=12
ROM Debug: breakpoints[ 4] read 07d0
State: SEARCH, left=13, right=22, mid=12
ROM Debug: breakpoints[ 4] read 07d0
State: SEARCH, left=13, right=22, mid= 1
ROM Debug: breakpoints[ 4] read 07d0
State: SEARCH, left= 2, right=22, mid= 1
ROM Debug: breakpoints[ 4] read 07d0
State: SEARCH, left= 2, right=22, mid=12
ROM Debug: breakpoints[ 4] read 07d0
State: SEARCH, left=13, right=22, mid=12
ROM Debug: breakpoints[ 4] read 07d0
State: SEARCH, left=13, right=22, mid= 1
ROM Debug: breakpoints[ 4] read 07d0
State: SEARCH, left= 2, right=22, mid= 1
ROM Debug: breakpoints[ 4] read 07d0
State: SEARCH, left= 2, right=22, mid=12
ROM Debug: breakpoints[ 4] read 07d0
State: SEARCH, left=13, right=22, mid=12
ROM Debug: breakpoints[ 4] read 07d0
State: SEARCH, left=13, right=22, mid= 1
ROM Debug: breakpoints[ 4] read 07d0
State: SEARCH, left= 2, right=22, mid= 1
ROM Debug: breakpoints[ 4] read 07d0
State: SEARCH, left= 2, right=22, mid=12
ROM Debug: breakpoints[ 4] read 07d0
State: SEARCH, left=13, right=22, mid=12
ROM Debug: breakpoints[ 4] read 07d0
State: SEARCH, left=13, right=22, mid= 1
ROM Debug: breakpoints[ 4] read 07d0
State: SEARCH, left= 2, right=22, mid= 1
ROM Debug: breakpoints[ 4] read 07d0
State: SEARCH, left= 2, right=22, mid=12
ROM Debug: breakpoints[ 4] read 07d0
State: SEARCH, left=13, right=22, mid=12
ROM Debug: breakpoints[ 4] read 07d0
State: SEARCH, left=13, right=22, mid= 1
ROM Debug: breakpoints[ 4] read 07d0
State: SEARCH, left= 2, right=22, mid= 1
ROM Debug: breakpoints[ 4] read 07d0
State: SEARCH, left= 2, right=22, mid=12
ROM Debug: breakpoints[ 4] read 07d0
State: SEARCH, left=13, right=22, mid=12
ROM Debug: breakpoints[ 4] read 07d0
State: SEARCH, left=13, right=22, mid= 1
ROM Debug: breakpoints[ 4] read 07d0
State: SEARCH, left= 2, right=22, mid= 1
ROM Debug: breakpoints[ 4] read 07d0
State: SEARCH, left= 2, right=22, mid=12
ROM Debug: breakpoints[ 4] read 07d0
State: SEARCH, left=13, right=22, mid=12
ROM Debug: breakpoints[ 4] read 07d0
State: SEARCH, left=13, right=22, mid= 1
ROM Debug: breakpoints[ 4] read 07d0
State: SEARCH, left= 2, right=22, mid= 1
ROM Debug: breakpoints[ 4] read 07d0
State: SEARCH, left= 2, right=22, mid=12
ROM Debug: breakpoints[ 4] read 07d0
State: SEARCH, left=13, right=22, mid=12
ROM Debug: breakpoints[ 4] read 07d0
State: SEARCH, left=13, right=22, mid= 1
ROM Debug: breakpoints[ 4] read 07d0
State: SEARCH, left= 2, right=22, mid= 1
ROM Debug: breakpoints[ 4] read 07d0
State: SEARCH, left= 2, right=22, mid=12
ROM Debug: breakpoints[ 4] read 07d0
State: SEARCH, left=13, right=22, mid=12
ROM Debug: breakpoints[ 4] read 07d0
State: SEARCH, left=13, right=22, mid= 1
ROM Debug: breakpoints[ 4] read 07d0
State: SEARCH, left= 2, right=22, mid= 1
ROM Debug: breakpoints[ 4] read 07d0
State: SEARCH, left= 2, right=22, mid=12
ROM Debug: breakpoints[ 4] read 07d0
State: SEARCH, left=13, right=22, mid=12
ROM Debug: breakpoints[ 4] read 07d0
State: SEARCH, left=13, right=22, mid= 1
ROM Debug: breakpoints[ 4] read 07d0
State: SEARCH, left= 2, right=22, mid= 1
ROM Debug: breakpoints[ 4] read 07d0
State: SEARCH, left= 2, right=22, mid=12
ROM Debug: breakpoints[ 4] read 07d0
State: SEARCH, left=13, right=22, mid=12
ROM Debug: breakpoints[ 4] read 07d0
State: SEARCH, left=13, right=22, mid= 1
ROM Debug: breakpoints[ 4] read 07d0
State: SEARCH, left= 2, right=22, mid= 1
ROM Debug: breakpoints[ 4] read 07d0
State: SEARCH, left= 2, right=22, mid=12
ROM Debug: breakpoints[ 4] read 07d0
State: SEARCH, left=13, right=22, mid=12
ROM Debug: breakpoints[ 4] read 07d0
State: SEARCH, left=13, right=22, mid= 1
ROM Debug: breakpoints[ 4] read 07d0
State: SEARCH, left= 2, right=22, mid= 1
ROM Debug: breakpoints[ 4] read 07d0
State: SEARCH, left= 2, right=22, mid=12
ROM Debug: breakpoints[ 4] read 07d0
State: SEARCH, left=13, right=22, mid=12
ROM Debug: breakpoints[ 4] read 07d0
State: SEARCH, left=13, right=22, mid= 1
ROM Debug: breakpoints[ 4] read 07d0
State: SEARCH, left= 2, right=22, mid= 1
ROM Debug: breakpoints[ 4] read 07d0
State: SEARCH, left= 2, right=22, mid=12
ROM Debug: breakpoints[ 4] read 07d0
State: SEARCH, left=13, right=22, mid=12
ROM Debug: breakpoints[ 4] read 07d0
State: SEARCH, left=13, right=22, mid= 1
ROM Debug: breakpoints[ 4] read 07d0
State: SEARCH, left= 2, right=22, mid= 1
ROM Debug: breakpoints[ 4] read 07d0
State: SEARCH, left= 2, right=22, mid=12
ROM Debug: breakpoints[ 4] read 07d0
State: SEARCH, left=13, right=22, mid=12
ROM Debug: breakpoints[ 4] read 07d0
State: SEARCH, left=13, right=22, mid= 1
ROM Debug: breakpoints[ 4] read 07d0
State: SEARCH, left= 2, right=22, mid= 1
ROM Debug: breakpoints[ 4] read 07d0
State: SEARCH, left= 2, right=22, mid=12
ROM Debug: breakpoints[ 4] read 07d0
State: SEARCH, left=13, right=22, mid=12
ROM Debug: breakpoints[ 4] read 07d0
State: SEARCH, left=13, right=22, mid= 1
ROM Debug: breakpoints[ 4] read 07d0
State: SEARCH, left= 2, right=22, mid= 1
ROM Debug: breakpoints[ 4] read 07d0
State: SEARCH, left= 2, right=22, mid=12
ROM Debug: breakpoints[ 4] read 07d0
State: SEARCH, left=13, right=22, mid=12
ROM Debug: breakpoints[ 4] read 07d0
State: SEARCH, left=13, right=22, mid= 1
ROM Debug: breakpoints[ 4] read 07d0
State: SEARCH, left= 2, right=22, mid= 1
ROM Debug: breakpoints[ 4] read 07d0
State: SEARCH, left= 2, right=22, mid=12
ROM Debug: breakpoints[ 4] read 07d0
State: SEARCH, left=13, right=22, mid=12
ROM Debug: breakpoints[ 4] read 07d0
State: SEARCH, left=13, right=22, mid= 1
ROM Debug: breakpoints[ 4] read 07d0
State: SEARCH, left= 2, right=22, mid= 1
ROM Debug: breakpoints[ 4] read 07d0
State: SEARCH, left= 2, right=22, mid=12
ROM Debug: breakpoints[ 4] read 07d0
State: SEARCH, left=13, right=22, mid=12
ROM Debug: breakpoints[ 4] read 07d0
State: SEARCH, left=13, right=22, mid= 1
ROM Debug: breakpoints[ 4] read 07d0
State: SEARCH, left= 2, right=22, mid= 1
ROM Debug: breakpoints[ 4] read 07d0
State: SEARCH, left= 2, right=22, mid=12
ROM Debug: breakpoints[ 4] read 07d0
State: SEARCH, left=13, right=22, mid=12
ROM Debug: breakpoints[ 4] read 07d0
State: SEARCH, left=13, right=22, mid= 1
ROM Debug: breakpoints[ 4] read 07d0
State: SEARCH, left= 2, right=22, mid= 1
ROM Debug: breakpoints[ 4] read 07d0
State: SEARCH, left= 2, right=22, mid=12
ROM Debug: breakpoints[ 4] read 07d0
State: SEARCH, left=13, right=22, mid=12
ROM Debug: breakpoints[ 4] read 07d0
State: SEARCH, left=13, right=22, mid= 1
ROM Debug: breakpoints[ 4] read 07d0
State: SEARCH, left= 2, right=22, mid= 1
ROM Debug: breakpoints[ 4] read 07d0
State: SEARCH, left= 2, right=22, mid=12
ROM Debug: breakpoints[ 4] read 07d0
State: SEARCH, left=13, right=22, mid=12
ROM Debug: breakpoints[ 4] read 07d0
State: SEARCH, left=13, right=22, mid= 1
ROM Debug: breakpoints[ 4] read 07d0
State: SEARCH, left= 2, right=22, mid= 1
ROM Debug: breakpoints[ 4] read 07d0
State: SEARCH, left= 2, right=22, mid=12
ROM Debug: breakpoints[ 4] read 07d0
State: SEARCH, left=13, right=22, mid=12
ROM Debug: breakpoints[ 4] read 07d0
State: SEARCH, left=13, right=22, mid= 1
ROM Debug: breakpoints[ 4] read 07d0
State: SEARCH, left= 2, right=22, mid= 1
ROM Debug: breakpoints[ 4] read 07d0
State: SEARCH, left= 2, right=22, mid=12
ROM Debug: breakpoints[ 4] read 07d0
State: SEARCH, left=13, right=22, mid=12
ROM Debug: breakpoints[ 4] read 07d0
State: SEARCH, left=13, right=22, mid= 1
ROM Debug: breakpoints[ 4] read 07d0
State: SEARCH, left= 2, right=22, mid= 1
ROM Debug: breakpoints[ 4] read 07d0
State: SEARCH, left= 2, right=22, mid=12
ROM Debug: breakpoints[ 4] read 07d0
State: SEARCH, left=13, right=22, mid=12
ROM Debug: breakpoints[ 4] read 07d0
State: SEARCH, left=13, right=22, mid= 1
ROM Debug: breakpoints[ 4] read 07d0
State: SEARCH, left= 2, right=22, mid= 1
ROM Debug: breakpoints[ 4] read 07d0
State: SEARCH, left= 2, right=22, mid=12
ROM Debug: breakpoints[ 4] read 07d0
State: SEARCH, left=13, right=22, mid=12
ROM Debug: breakpoints[ 4] read 07d0
State: SEARCH, left=13, right=22, mid= 1
ROM Debug: breakpoints[ 4] read 07d0
State: SEARCH, left= 2, right=22, mid= 1
ROM Debug: breakpoints[ 4] read 07d0
State: SEARCH, left= 2, right=22, mid=12
ROM Debug: breakpoints[ 4] read 07d0
State: SEARCH, left=13, right=22, mid=12
ROM Debug: breakpoints[ 4] read 07d0
State: SEARCH, left=13, right=22, mid= 1
ROM Debug: breakpoints[ 4] read 07d0
State: SEARCH, left= 2, right=22, mid= 1
ROM Debug: breakpoints[ 4] read 07d0
State: SEARCH, left= 2, right=22, mid=12
ROM Debug: breakpoints[ 4] read 07d0
State: SEARCH, left=13, right=22, mid=12
ROM Debug: breakpoints[ 4] read 07d0
State: SEARCH, left=13, right=22, mid= 1
ROM Debug: breakpoints[ 4] read 07d0
State: SEARCH, left= 2, right=22, mid= 1
ROM Debug: breakpoints[ 4] read 07d0
State: SEARCH, left= 2, right=22, mid=12
ROM Debug: breakpoints[ 4] read 07d0
State: SEARCH, left=13, right=22, mid=12
ROM Debug: breakpoints[ 4] read 07d0
State: SEARCH, left=13, right=22, mid= 1
ROM Debug: breakpoints[ 4] read 07d0
State: SEARCH, left= 2, right=22, mid= 1
ROM Debug: breakpoints[ 4] read 07d0
State: SEARCH, left= 2, right=22, mid=12
ROM Debug: breakpoints[ 4] read 07d0
State: SEARCH, left=13, right=22, mid=12
ROM Debug: breakpoints[ 4] read 07d0
State: SEARCH, left=13, right=22, mid= 1
ROM Debug: breakpoints[ 4] read 07d0
State: SEARCH, left= 2, right=22, mid= 1
ROM Debug: breakpoints[ 4] read 07d0
State: SEARCH, left= 2, right=22, mid=12
ROM Debug: breakpoints[ 4] read 07d0
State: SEARCH, left=13, right=22, mid=12
ROM Debug: breakpoints[ 4] read 07d0
State: SEARCH, left=13, right=22, mid= 1
ROM Debug: breakpoints[ 4] read 07d0
State: SEARCH, left= 2, right=22, mid= 1
ROM Debug: breakpoints[ 4] read 07d0
State: SEARCH, left= 2, right=22, mid=12
ROM Debug: breakpoints[ 4] read 07d0
State: SEARCH, left=13, right=22, mid=12
ROM Debug: breakpoints[ 4] read 07d0
State: SEARCH, left=13, right=22, mid= 1
ROM Debug: breakpoints[ 4] read 07d0
State: SEARCH, left= 2, right=22, mid= 1
ROM Debug: breakpoints[ 4] read 07d0
State: SEARCH, left= 2, right=22, mid=12
ROM Debug: breakpoints[ 4] read 07d0
State: SEARCH, left=13, right=22, mid=12
ROM Debug: breakpoints[ 4] read 07d0
State: SEARCH, left=13, right=22, mid= 1
ROM Debug: breakpoints[ 4] read 07d0
State: SEARCH, left= 2, right=22, mid= 1
ROM Debug: breakpoints[ 4] read 07d0
State: SEARCH, left= 2, right=22, mid=12
ROM Debug: breakpoints[ 4] read 07d0
State: SEARCH, left=13, right=22, mid=12
ROM Debug: breakpoints[ 4] read 07d0
State: SEARCH, left=13, right=22, mid= 1
ROM Debug: breakpoints[ 4] read 07d0
State: SEARCH, left= 2, right=22, mid= 1
ROM Debug: breakpoints[ 4] read 07d0
State: SEARCH, left= 2, right=22, mid=12
ROM Debug: breakpoints[ 4] read 07d0
State: SEARCH, left=13, right=22, mid=12
ROM Debug: breakpoints[ 4] read 07d0
State: SEARCH, left=13, right=22, mid= 1
ROM Debug: breakpoints[ 4] read 07d0
State: SEARCH, left= 2, right=22, mid= 1
ROM Debug: breakpoints[ 4] read 07d0
State: SEARCH, left= 2, right=22, mid=12
ROM Debug: breakpoints[ 4] read 07d0
State: SEARCH, left=13, right=22, mid=12
ROM Debug: breakpoints[ 4] read 07d0
State: SEARCH, left=13, right=22, mid= 1
ROM Debug: breakpoints[ 4] read 07d0
State: SEARCH, left= 2, right=22, mid= 1
ROM Debug: breakpoints[ 4] read 07d0
State: SEARCH, left= 2, right=22, mid=12
ROM Debug: breakpoints[ 4] read 07d0
State: SEARCH, left=13, right=22, mid=12
ROM Debug: breakpoints[ 4] read 07d0
State: SEARCH, left=13, right=22, mid= 1
ROM Debug: breakpoints[ 4] read 07d0
State: SEARCH, left= 2, right=22, mid= 1
ROM Debug: breakpoints[ 4] read 07d0
State: SEARCH, left= 2, right=22, mid=12
ROM Debug: breakpoints[ 4] read 07d0
State: SEARCH, left=13, right=22, mid=12
ROM Debug: breakpoints[ 4] read 07d0
State: SEARCH, left=13, right=22, mid= 1
ROM Debug: breakpoints[ 4] read 07d0
State: SEARCH, left= 2, right=22, mid= 1
ROM Debug: breakpoints[ 4] read 07d0
State: SEARCH, left= 2, right=22, mid=12
ROM Debug: breakpoints[ 4] read 07d0
State: SEARCH, left=13, right=22, mid=12
ROM Debug: breakpoints[ 4] read 07d0
State: SEARCH, left=13, right=22, mid= 1
ROM Debug: breakpoints[ 4] read 07d0
State: SEARCH, left= 2, right=22, mid= 1
ROM Debug: breakpoints[ 4] read 07d0
State: SEARCH, left= 2, right=22, mid=12
ROM Debug: breakpoints[ 4] read 07d0
State: SEARCH, left=13, right=22, mid=12
ROM Debug: breakpoints[ 4] read 07d0
State: SEARCH, left=13, right=22, mid= 1
ROM Debug: breakpoints[ 4] read 07d0
State: SEARCH, left= 2, right=22, mid= 1
ROM Debug: breakpoints[ 4] read 07d0
State: SEARCH, left= 2, right=22, mid=12
ROM Debug: breakpoints[ 4] read 07d0
State: SEARCH, left=13, right=22, mid=12
ROM Debug: breakpoints[ 4] read 07d0
State: SEARCH, left=13, right=22, mid= 1
ROM Debug: breakpoints[ 4] read 07d0
State: SEARCH, left= 2, right=22, mid= 1
ROM Debug: breakpoints[ 4] read 07d0
State: SEARCH, left= 2, right=22, mid=12
ROM Debug: breakpoints[ 4] read 07d0
State: SEARCH, left=13, right=22, mid=12
ROM Debug: breakpoints[ 4] read 07d0
State: SEARCH, left=13, right=22, mid= 1
ROM Debug: breakpoints[ 4] read 07d0
State: SEARCH, left= 2, right=22, mid= 1
ROM Debug: breakpoints[ 4] read 07d0
State: SEARCH, left= 2, right=22, mid=12
ROM Debug: breakpoints[ 4] read 07d0
State: SEARCH, left=13, right=22, mid=12
ROM Debug: breakpoints[ 4] read 07d0
State: SEARCH, left=13, right=22, mid= 1
ROM Debug: breakpoints[ 4] read 07d0
State: SEARCH, left= 2, right=22, mid= 1
ROM Debug: breakpoints[ 4] read 07d0
State: SEARCH, left= 2, right=22, mid=12
ROM Debug: breakpoints[ 4] read 07d0
State: SEARCH, left=13, right=22, mid=12
ROM Debug: breakpoints[ 4] read 07d0
State: SEARCH, left=13, right=22, mid= 1
ROM Debug: breakpoints[ 4] read 07d0
State: SEARCH, left= 2, right=22, mid= 1
ROM Debug: breakpoints[ 4] read 07d0
State: SEARCH, left= 2, right=22, mid=12
ROM Debug: breakpoints[ 4] read 07d0
State: SEARCH, left=13, right=22, mid=12
ROM Debug: breakpoints[ 4] read 07d0
State: SEARCH, left=13, right=22, mid= 1
ROM Debug: breakpoints[ 4] read 07d0
State: SEARCH, left= 2, right=22, mid= 1
ROM Debug: breakpoints[ 4] read 07d0
State: SEARCH, left= 2, right=22, mid=12
ROM Debug: breakpoints[ 4] read 07d0
State: SEARCH, left=13, right=22, mid=12
ROM Debug: breakpoints[ 4] read 07d0
State: SEARCH, left=13, right=22, mid= 1
ROM Debug: breakpoints[ 4] read 07d0
State: SEARCH, left= 2, right=22, mid= 1
ROM Debug: breakpoints[ 4] read 07d0
State: SEARCH, left= 2, right=22, mid=12
ROM Debug: breakpoints[ 4] read 07d0
State: SEARCH, left=13, right=22, mid=12
ROM Debug: breakpoints[ 4] read 07d0
State: SEARCH, left=13, right=22, mid= 1
ROM Debug: breakpoints[ 4] read 07d0
State: SEARCH, left= 2, right=22, mid= 1
ROM Debug: breakpoints[ 4] read 07d0
State: SEARCH, left= 2, right=22, mid=12
ROM Debug: breakpoints[ 4] read 07d0
State: SEARCH, left=13, right=22, mid=12
ROM Debug: breakpoints[ 4] read 07d0
State: SEARCH, left=13, right=22, mid= 1
ROM Debug: breakpoints[ 4] read 07d0
State: SEARCH, left= 2, right=22, mid= 1
ROM Debug: breakpoints[ 4] read 07d0
State: SEARCH, left= 2, right=22, mid=12
ROM Debug: breakpoints[ 4] read 07d0
State: SEARCH, left=13, right=22, mid=12
ROM Debug: breakpoints[ 4] read 07d0
State: SEARCH, left=13, right=22, mid= 1
ROM Debug: breakpoints[ 4] read 07d0
State: SEARCH, left= 2, right=22, mid= 1
ROM Debug: breakpoints[ 4] read 07d0
State: SEARCH, left= 2, right=22, mid=12
ROM Debug: breakpoints[ 4] read 07d0
State: SEARCH, left=13, right=22, mid=12
ROM Debug: breakpoints[ 4] read 07d0
State: SEARCH, left=13, right=22, mid= 1
ROM Debug: breakpoints[ 4] read 07d0
State: SEARCH, left= 2, right=22, mid= 1
ROM Debug: breakpoints[ 4] read 07d0
State: SEARCH, left= 2, right=22, mid=12
ROM Debug: breakpoints[ 4] read 07d0
State: SEARCH, left=13, right=22, mid=12
ROM Debug: breakpoints[ 4] read 07d0
State: SEARCH, left=13, right=22, mid= 1
ROM Debug: breakpoints[ 4] read 07d0
State: SEARCH, left= 2, right=22, mid= 1
ROM Debug: breakpoints[ 4] read 07d0
State: SEARCH, left= 2, right=22, mid=12
ROM Debug: breakpoints[ 4] read 07d0
State: SEARCH, left=13, right=22, mid=12
ROM Debug: breakpoints[ 4] read 07d0
State: SEARCH, left=13, right=22, mid= 1
ROM Debug: breakpoints[ 4] read 07d0
State: SEARCH, left= 2, right=22, mid= 1
ROM Debug: breakpoints[ 4] read 07d0
State: SEARCH, left= 2, right=22, mid=12
ROM Debug: breakpoints[ 4] read 07d0
State: SEARCH, left=13, right=22, mid=12
ROM Debug: breakpoints[ 4] read 07d0
State: SEARCH, left=13, right=22, mid= 1
ROM Debug: breakpoints[ 4] read 07d0
State: SEARCH, left= 2, right=22, mid= 1
ROM Debug: breakpoints[ 4] read 07d0
State: SEARCH, left= 2, right=22, mid=12
ROM Debug: breakpoints[ 4] read 07d0
State: SEARCH, left=13, right=22, mid=12
ROM Debug: breakpoints[ 4] read 07d0
State: SEARCH, left=13, right=22, mid= 1
ROM Debug: breakpoints[ 4] read 07d0
State: SEARCH, left= 2, right=22, mid= 1
ROM Debug: breakpoints[ 4] read 07d0
State: SEARCH, left= 2, right=22, mid=12
ROM Debug: breakpoints[ 4] read 07d0
State: SEARCH, left=13, right=22, mid=12
ROM Debug: breakpoints[ 4] read 07d0
State: SEARCH, left=13, right=22, mid= 1
ROM Debug: breakpoints[ 4] read 07d0
State: SEARCH, left= 2, right=22, mid= 1
ROM Debug: breakpoints[ 4] read 07d0
State: SEARCH, left= 2, right=22, mid=12
ROM Debug: breakpoints[ 4] read 07d0
State: SEARCH, left=13, right=22, mid=12
ROM Debug: breakpoints[ 4] read 07d0
State: SEARCH, left=13, right=22, mid= 1
ROM Debug: breakpoints[ 4] read 07d0
State: SEARCH, left= 2, right=22, mid= 1
ROM Debug: breakpoints[ 4] read 07d0
State: SEARCH, left= 2, right=22, mid=12
ROM Debug: breakpoints[ 4] read 07d0
State: SEARCH, left=13, right=22, mid=12
ROM Debug: breakpoints[ 4] read 07d0
State: SEARCH, left=13, right=22, mid= 1
ROM Debug: breakpoints[ 4] read 07d0
State: SEARCH, left= 2, right=22, mid= 1
ROM Debug: breakpoints[ 4] read 07d0
State: SEARCH, left= 2, right=22, mid=12
ROM Debug: breakpoints[ 4] read 07d0
State: SEARCH, left=13, right=22, mid=12
ROM Debug: breakpoints[ 4] read 07d0
State: SEARCH, left=13, right=22, mid= 1
ROM Debug: breakpoints[ 4] read 07d0
State: SEARCH, left= 2, right=22, mid= 1
ROM Debug: breakpoints[ 4] read 07d0
State: SEARCH, left= 2, right=22, mid=12
ROM Debug: breakpoints[ 4] read 07d0
State: SEARCH, left=13, right=22, mid=12
ROM Debug: breakpoints[ 4] read 07d0
State: SEARCH, left=13, right=22, mid= 1
ROM Debug: breakpoints[ 4] read 07d0
State: SEARCH, left= 2, right=22, mid= 1
ROM Debug: breakpoints[ 4] read 07d0
State: SEARCH, left= 2, right=22, mid=12
ROM Debug: breakpoints[ 4] read 07d0
State: SEARCH, left=13, right=22, mid=12
ROM Debug: breakpoints[ 4] read 07d0
State: SEARCH, left=13, right=22, mid= 1
ROM Debug: breakpoints[ 4] read 07d0
State: SEARCH, left= 2, right=22, mid= 1
ROM Debug: breakpoints[ 4] read 07d0
State: SEARCH, left= 2, right=22, mid=12
ROM Debug: breakpoints[ 4] read 07d0
State: SEARCH, left=13, right=22, mid=12
ROM Debug: breakpoints[ 4] read 07d0
State: SEARCH, left=13, right=22, mid= 1
ROM Debug: breakpoints[ 4] read 07d0
State: SEARCH, left= 2, right=22, mid= 1
ROM Debug: breakpoints[ 4] read 07d0
State: SEARCH, left= 2, right=22, mid=12
ROM Debug: breakpoints[ 4] read 07d0
State: SEARCH, left=13, right=22, mid=12
ROM Debug: breakpoints[ 4] read 07d0
State: SEARCH, left=13, right=22, mid= 1
ROM Debug: breakpoints[ 4] read 07d0
State: SEARCH, left= 2, right=22, mid= 1
ROM Debug: breakpoints[ 4] read 07d0
State: SEARCH, left= 2, right=22, mid=12
ROM Debug: breakpoints[ 4] read 07d0
State: SEARCH, left=13, right=22, mid=12
ROM Debug: breakpoints[ 4] read 07d0
State: SEARCH, left=13, right=22, mid= 1
ROM Debug: breakpoints[ 4] read 07d0
State: SEARCH, left= 2, right=22, mid= 1
ROM Debug: breakpoints[ 4] read 07d0
State: SEARCH, left= 2, right=22, mid=12
ROM Debug: breakpoints[ 4] read 07d0
State: SEARCH, left=13, right=22, mid=12
ROM Debug: breakpoints[ 4] read 07d0
State: SEARCH, left=13, right=22, mid= 1
ROM Debug: breakpoints[ 4] read 07d0
State: SEARCH, left= 2, right=22, mid= 1
ROM Debug: breakpoints[ 4] read 07d0
State: SEARCH, left= 2, right=22, mid=12
ROM Debug: breakpoints[ 4] read 07d0
State: SEARCH, left=13, right=22, mid=12
ROM Debug: breakpoints[ 4] read 07d0
State: SEARCH, left=13, right=22, mid= 1
ROM Debug: breakpoints[ 4] read 07d0
State: SEARCH, left= 2, right=22, mid= 1
ROM Debug: breakpoints[ 4] read 07d0
State: SEARCH, left= 2, right=22, mid=12
ROM Debug: breakpoints[ 4] read 07d0
State: SEARCH, left=13, right=22, mid=12
ROM Debug: breakpoints[ 4] read 07d0
State: SEARCH, left=13, right=22, mid= 1
ROM Debug: breakpoints[ 4] read 07d0
State: SEARCH, left= 2, right=22, mid= 1
ROM Debug: breakpoints[ 4] read 07d0
State: SEARCH, left= 2, right=22, mid=12
ROM Debug: breakpoints[ 4] read 07d0
State: SEARCH, left=13, right=22, mid=12
ROM Debug: breakpoints[ 4] read 07d0
State: SEARCH, left=13, right=22, mid= 1
ROM Debug: breakpoints[ 4] read 07d0
State: SEARCH, left= 2, right=22, mid= 1
ROM Debug: breakpoints[ 4] read 07d0
State: SEARCH, left= 2, right=22, mid=12
ROM Debug: breakpoints[ 4] read 07d0
State: SEARCH, left=13, right=22, mid=12
ROM Debug: breakpoints[ 4] read 07d0
State: SEARCH, left=13, right=22, mid= 1
ROM Debug: breakpoints[ 4] read 07d0
State: SEARCH, left= 2, right=22, mid= 1
ROM Debug: breakpoints[ 4] read 07d0
State: SEARCH, left= 2, right=22, mid=12
ROM Debug: breakpoints[ 4] read 07d0
State: SEARCH, left=13, right=22, mid=12
ROM Debug: breakpoints[ 4] read 07d0
State: SEARCH, left=13, right=22, mid= 1
ROM Debug: breakpoints[ 4] read 07d0
State: SEARCH, left= 2, right=22, mid= 1
ROM Debug: breakpoints[ 4] read 07d0
State: SEARCH, left= 2, right=22, mid=12
ROM Debug: breakpoints[ 4] read 07d0
State: SEARCH, left=13, right=22, mid=12
ROM Debug: breakpoints[ 4] read 07d0
State: SEARCH, left=13, right=22, mid= 1
ROM Debug: breakpoints[ 4] read 07d0
State: SEARCH, left= 2, right=22, mid= 1
ROM Debug: breakpoints[ 4] read 07d0
State: SEARCH, left= 2, right=22, mid=12
ROM Debug: breakpoints[ 4] read 07d0
State: SEARCH, left=13, right=22, mid=12
ROM Debug: breakpoints[ 4] read 07d0
State: SEARCH, left=13, right=22, mid= 1
ROM Debug: breakpoints[ 4] read 07d0
State: SEARCH, left= 2, right=22, mid= 1
ROM Debug: breakpoints[ 4] read 07d0
State: SEARCH, left= 2, right=22, mid=12
ROM Debug: breakpoints[ 4] read 07d0
State: SEARCH, left=13, right=22, mid=12
ROM Debug: breakpoints[ 4] read 07d0
State: SEARCH, left=13, right=22, mid= 1
ROM Debug: breakpoints[ 4] read 07d0
State: SEARCH, left= 2, right=22, mid= 1
ROM Debug: breakpoints[ 4] read 07d0
State: SEARCH, left= 2, right=22, mid=12
ROM Debug: breakpoints[ 4] read 07d0
State: SEARCH, left=13, right=22, mid=12
ROM Debug: breakpoints[ 4] read 07d0
State: SEARCH, left=13, right=22, mid= 1
ROM Debug: breakpoints[ 4] read 07d0
State: SEARCH, left= 2, right=22, mid= 1
ROM Debug: breakpoints[ 4] read 07d0
State: SEARCH, left= 2, right=22, mid=12
ROM Debug: breakpoints[ 4] read 07d0
State: SEARCH, left=13, right=22, mid=12
ROM Debug: breakpoints[ 4] read 07d0
State: SEARCH, left=13, right=22, mid= 1
ROM Debug: breakpoints[ 4] read 07d0
State: SEARCH, left= 2, right=22, mid= 1
ROM Debug: breakpoints[ 4] read 07d0
State: SEARCH, left= 2, right=22, mid=12
ROM Debug: breakpoints[ 4] read 07d0
State: SEARCH, left=13, right=22, mid=12
ROM Debug: breakpoints[ 4] read 07d0
State: SEARCH, left=13, right=22, mid= 1
ROM Debug: breakpoints[ 4] read 07d0
State: SEARCH, left= 2, right=22, mid= 1
ROM Debug: breakpoints[ 4] read 07d0
State: SEARCH, left= 2, right=22, mid=12
ROM Debug: breakpoints[ 4] read 07d0
State: SEARCH, left=13, right=22, mid=12
ROM Debug: breakpoints[ 4] read 07d0
State: SEARCH, left=13, right=22, mid= 1
ROM Debug: breakpoints[ 4] read 07d0
State: SEARCH, left= 2, right=22, mid= 1
ROM Debug: breakpoints[ 4] read 07d0
State: SEARCH, left= 2, right=22, mid=12
ROM Debug: breakpoints[ 4] read 07d0
State: SEARCH, left=13, right=22, mid=12
ROM Debug: breakpoints[ 4] read 07d0
State: SEARCH, left=13, right=22, mid= 1
ROM Debug: breakpoints[ 4] read 07d0
State: SEARCH, left= 2, right=22, mid= 1
ROM Debug: breakpoints[ 4] read 07d0
State: SEARCH, left= 2, right=22, mid=12
ROM Debug: breakpoints[ 4] read 07d0
State: SEARCH, left=13, right=22, mid=12
ROM Debug: breakpoints[ 4] read 07d0
State: SEARCH, left=13, right=22, mid= 1
ROM Debug: breakpoints[ 4] read 07d0
State: SEARCH, left= 2, right=22, mid= 1
ROM Debug: breakpoints[ 4] read 07d0
State: SEARCH, left= 2, right=22, mid=12
ROM Debug: breakpoints[ 4] read 07d0
State: SEARCH, left=13, right=22, mid=12
ROM Debug: breakpoints[ 4] read 07d0
State: SEARCH, left=13, right=22, mid= 1
ROM Debug: breakpoints[ 4] read 07d0
State: SEARCH, left= 2, right=22, mid= 1
ROM Debug: breakpoints[ 4] read 07d0
State: SEARCH, left= 2, right=22, mid=12
ROM Debug: breakpoints[ 4] read 07d0
State: SEARCH, left=13, right=22, mid=12
ROM Debug: breakpoints[ 4] read 07d0
State: SEARCH, left=13, right=22, mid= 1
ROM Debug: breakpoints[ 4] read 07d0
State: SEARCH, left= 2, right=22, mid= 1
ROM Debug: breakpoints[ 4] read 07d0
State: SEARCH, left= 2, right=22, mid=12
ROM Debug: breakpoints[ 4] read 07d0
State: SEARCH, left=13, right=22, mid=12
ROM Debug: breakpoints[ 4] read 07d0
State: SEARCH, left=13, right=22, mid= 1
ROM Debug: breakpoints[ 4] read 07d0
State: SEARCH, left= 2, right=22, mid= 1
ROM Debug: breakpoints[ 4] read 07d0
State: SEARCH, left= 2, right=22, mid=12
ROM Debug: breakpoints[ 4] read 07d0
State: SEARCH, left=13, right=22, mid=12
ROM Debug: breakpoints[ 4] read 07d0
State: SEARCH, left=13, right=22, mid= 1
ROM Debug: breakpoints[ 4] read 07d0
State: SEARCH, left= 2, right=22, mid= 1
ROM Debug: breakpoints[ 4] read 07d0
State: SEARCH, left= 2, right=22, mid=12
ROM Debug: breakpoints[ 4] read 07d0
State: SEARCH, left=13, right=22, mid=12
ROM Debug: breakpoints[ 4] read 07d0
State: SEARCH, left=13, right=22, mid= 1
ROM Debug: breakpoints[ 4] read 07d0
State: SEARCH, left= 2, right=22, mid= 1
ROM Debug: breakpoints[ 4] read 07d0
State: SEARCH, left= 2, right=22, mid=12
ROM Debug: breakpoints[ 4] read 07d0
State: SEARCH, left=13, right=22, mid=12
ROM Debug: breakpoints[ 4] read 07d0
State: SEARCH, left=13, right=22, mid= 1
ROM Debug: breakpoints[ 4] read 07d0
State: SEARCH, left= 2, right=22, mid= 1
ROM Debug: breakpoints[ 4] read 07d0
State: SEARCH, left= 2, right=22, mid=12
ROM Debug: breakpoints[ 4] read 07d0
State: SEARCH, left=13, right=22, mid=12
ROM Debug: breakpoints[ 4] read 07d0
State: SEARCH, left=13, right=22, mid= 1
ROM Debug: breakpoints[ 4] read 07d0
State: SEARCH, left= 2, right=22, mid= 1
ROM Debug: breakpoints[ 4] read 07d0
State: SEARCH, left= 2, right=22, mid=12
ROM Debug: breakpoints[ 4] read 07d0
State: SEARCH, left=13, right=22, mid=12
ROM Debug: breakpoints[ 4] read 07d0
State: SEARCH, left=13, right=22, mid= 1
ROM Debug: breakpoints[ 4] read 07d0
State: SEARCH, left= 2, right=22, mid= 1
ROM Debug: breakpoints[ 4] read 07d0
State: SEARCH, left= 2, right=22, mid=12
ROM Debug: breakpoints[ 4] read 07d0
State: SEARCH, left=13, right=22, mid=12
ROM Debug: breakpoints[ 4] read 07d0
State: SEARCH, left=13, right=22, mid= 1
ROM Debug: breakpoints[ 4] read 07d0
State: SEARCH, left= 2, right=22, mid= 1
ROM Debug: breakpoints[ 4] read 07d0
State: SEARCH, left= 2, right=22, mid=12
ROM Debug: breakpoints[ 4] read 07d0
State: SEARCH, left=13, right=22, mid=12
ROM Debug: breakpoints[ 4] read 07d0
State: SEARCH, left=13, right=22, mid= 1
ROM Debug: breakpoints[ 4] read 07d0
State: SEARCH, left= 2, right=22, mid= 1
ROM Debug: breakpoints[ 4] read 07d0
State: SEARCH, left= 2, right=22, mid=12
ROM Debug: breakpoints[ 4] read 07d0
State: SEARCH, left=13, right=22, mid=12
ROM Debug: breakpoints[ 4] read 07d0
State: SEARCH, left=13, right=22, mid= 1
ROM Debug: breakpoints[ 4] read 07d0
State: SEARCH, left= 2, right=22, mid= 1
ROM Debug: breakpoints[ 4] read 07d0
State: SEARCH, left= 2, right=22, mid=12
ROM Debug: breakpoints[ 4] read 07d0
State: SEARCH, left=13, right=22, mid=12
ROM Debug: breakpoints[ 4] read 07d0
State: SEARCH, left=13, right=22, mid= 1
ROM Debug: breakpoints[ 4] read 07d0
State: SEARCH, left= 2, right=22, mid= 1
ROM Debug: breakpoints[ 4] read 07d0
State: SEARCH, left= 2, right=22, mid=12
ROM Debug: breakpoints[ 4] read 07d0
State: SEARCH, left=13, right=22, mid=12
ROM Debug: breakpoints[ 4] read 07d0
State: SEARCH, left=13, right=22, mid= 1
ROM Debug: breakpoints[ 4] read 07d0
State: SEARCH, left= 2, right=22, mid= 1
ROM Debug: breakpoints[ 4] read 07d0
State: SEARCH, left= 2, right=22, mid=12
ROM Debug: breakpoints[ 4] read 07d0
State: SEARCH, left=13, right=22, mid=12
ROM Debug: breakpoints[ 4] read 07d0
State: SEARCH, left=13, right=22, mid= 1
ROM Debug: breakpoints[ 4] read 07d0
State: SEARCH, left= 2, right=22, mid= 1
ROM Debug: breakpoints[ 4] read 07d0
State: SEARCH, left= 2, right=22, mid=12
ROM Debug: breakpoints[ 4] read 07d0
State: SEARCH, left=13, right=22, mid=12
ROM Debug: breakpoints[ 4] read 07d0
State: SEARCH, left=13, right=22, mid= 1
ROM Debug: breakpoints[ 4] read 07d0
State: SEARCH, left= 2, right=22, mid= 1
ROM Debug: breakpoints[ 4] read 07d0
State: SEARCH, left= 2, right=22, mid=12
ROM Debug: breakpoints[ 4] read 07d0
State: SEARCH, left=13, right=22, mid=12
ROM Debug: breakpoints[ 4] read 07d0
State: SEARCH, left=13, right=22, mid= 1
ROM Debug: breakpoints[ 4] read 07d0
State: SEARCH, left= 2, right=22, mid= 1
ROM Debug: breakpoints[ 4] read 07d0
State: SEARCH, left= 2, right=22, mid=12
ROM Debug: breakpoints[ 4] read 07d0
State: SEARCH, left=13, right=22, mid=12
ROM Debug: breakpoints[ 4] read 07d0
State: SEARCH, left=13, right=22, mid= 1
ROM Debug: breakpoints[ 4] read 07d0
State: SEARCH, left= 2, right=22, mid= 1
ROM Debug: breakpoints[ 4] read 07d0
State: SEARCH, left= 2, right=22, mid=12
ROM Debug: breakpoints[ 4] read 07d0
State: SEARCH, left=13, right=22, mid=12
ROM Debug: breakpoints[ 4] read 07d0
State: SEARCH, left=13, right=22, mid= 1
ROM Debug: breakpoints[ 4] read 07d0
State: SEARCH, left= 2, right=22, mid= 1
ROM Debug: breakpoints[ 4] read 07d0
State: SEARCH, left= 2, right=22, mid=12
ROM Debug: breakpoints[ 4] read 07d0
State: SEARCH, left=13, right=22, mid=12
ROM Debug: breakpoints[ 4] read 07d0
State: SEARCH, left=13, right=22, mid= 1
ROM Debug: breakpoints[ 4] read 07d0
State: SEARCH, left= 2, right=22, mid= 1
ROM Debug: breakpoints[ 4] read 07d0
State: SEARCH, left= 2, right=22, mid=12
ROM Debug: breakpoints[ 4] read 07d0
State: SEARCH, left=13, right=22, mid=12
ROM Debug: breakpoints[ 4] read 07d0
State: SEARCH, left=13, right=22, mid= 1
ROM Debug: breakpoints[ 4] read 07d0
State: SEARCH, left= 2, right=22, mid= 1
ROM Debug: breakpoints[ 4] read 07d0
State: SEARCH, left= 2, right=22, mid=12
ROM Debug: breakpoints[ 4] read 07d0
State: SEARCH, left=13, right=22, mid=12
ROM Debug: breakpoints[ 4] read 07d0
State: SEARCH, left=13, right=22, mid= 1
ROM Debug: breakpoints[ 4] read 07d0
State: SEARCH, left= 2, right=22, mid= 1
ROM Debug: breakpoints[ 4] read 07d0
State: SEARCH, left= 2, right=22, mid=12
ROM Debug: breakpoints[ 4] read 07d0
State: SEARCH, left=13, right=22, mid=12
ROM Debug: breakpoints[ 4] read 07d0
State: SEARCH, left=13, right=22, mid= 1
ROM Debug: breakpoints[ 4] read 07d0
State: SEARCH, left= 2, right=22, mid= 1
ROM Debug: breakpoints[ 4] read 07d0
State: SEARCH, left= 2, right=22, mid=12
ROM Debug: breakpoints[ 4] read 07d0
State: SEARCH, left=13, right=22, mid=12
ROM Debug: breakpoints[ 4] read 07d0
State: SEARCH, left=13, right=22, mid= 1
ROM Debug: breakpoints[ 4] read 07d0
State: SEARCH, left= 2, right=22, mid= 1
ROM Debug: breakpoints[ 4] read 07d0
State: SEARCH, left= 2, right=22, mid=12
ROM Debug: breakpoints[ 4] read 07d0
State: SEARCH, left=13, right=22, mid=12
ROM Debug: breakpoints[ 4] read 07d0
State: SEARCH, left=13, right=22, mid= 1
ROM Debug: breakpoints[ 4] read 07d0
State: SEARCH, left= 2, right=22, mid= 1
ROM Debug: breakpoints[ 4] read 07d0
State: SEARCH, left= 2, right=22, mid=12
ROM Debug: breakpoints[ 4] read 07d0
State: SEARCH, left=13, right=22, mid=12
ROM Debug: breakpoints[ 4] read 07d0
State: SEARCH, left=13, right=22, mid= 1
ROM Debug: breakpoints[ 4] read 07d0
State: SEARCH, left= 2, right=22, mid= 1
ROM Debug: breakpoints[ 4] read 07d0
State: SEARCH, left= 2, right=22, mid=12
ROM Debug: breakpoints[ 4] read 07d0
State: SEARCH, left=13, right=22, mid=12
ROM Debug: breakpoints[ 4] read 07d0
State: SEARCH, left=13, right=22, mid= 1
ROM Debug: breakpoints[ 4] read 07d0
State: SEARCH, left= 2, right=22, mid= 1
ROM Debug: breakpoints[ 4] read 07d0
State: SEARCH, left= 2, right=22, mid=12
ROM Debug: breakpoints[ 4] read 07d0
State: SEARCH, left=13, right=22, mid=12
ROM Debug: breakpoints[ 4] read 07d0
State: SEARCH, left=13, right=22, mid= 1
ROM Debug: breakpoints[ 4] read 07d0
State: SEARCH, left= 2, right=22, mid= 1
ROM Debug: breakpoints[ 4] read 07d0
State: SEARCH, left= 2, right=22, mid=12
ROM Debug: breakpoints[ 4] read 07d0
State: SEARCH, left=13, right=22, mid=12
ROM Debug: breakpoints[ 4] read 07d0
State: SEARCH, left=13, right=22, mid= 1
ROM Debug: breakpoints[ 4] read 07d0
State: SEARCH, left= 2, right=22, mid= 1
ROM Debug: breakpoints[ 4] read 07d0
State: SEARCH, left= 2, right=22, mid=12
ROM Debug: breakpoints[ 4] read 07d0
State: SEARCH, left=13, right=22, mid=12
ROM Debug: breakpoints[ 4] read 07d0
State: SEARCH, left=13, right=22, mid= 1
ROM Debug: breakpoints[ 4] read 07d0
State: SEARCH, left= 2, right=22, mid= 1
ROM Debug: breakpoints[ 4] read 07d0
State: SEARCH, left= 2, right=22, mid=12
ROM Debug: breakpoints[ 4] read 07d0
State: SEARCH, left=13, right=22, mid=12
ROM Debug: breakpoints[ 4] read 07d0
State: SEARCH, left=13, right=22, mid= 1
ROM Debug: breakpoints[ 4] read 07d0
State: SEARCH, left= 2, right=22, mid= 1
ROM Debug: breakpoints[ 4] read 07d0
State: SEARCH, left= 2, right=22, mid=12
ROM Debug: breakpoints[ 4] read 07d0
State: SEARCH, left=13, right=22, mid=12
ROM Debug: breakpoints[ 4] read 07d0
State: SEARCH, left=13, right=22, mid= 1
ROM Debug: breakpoints[ 4] read 07d0
State: SEARCH, left= 2, right=22, mid= 1
ROM Debug: breakpoints[ 4] read 07d0
State: SEARCH, left= 2, right=22, mid=12
ROM Debug: breakpoints[ 4] read 07d0
State: SEARCH, left=13, right=22, mid=12
ROM Debug: breakpoints[ 4] read 07d0
State: SEARCH, left=13, right=22, mid= 1
ROM Debug: breakpoints[ 4] read 07d0
State: SEARCH, left= 2, right=22, mid= 1
ROM Debug: breakpoints[ 4] read 07d0
State: SEARCH, left= 2, right=22, mid=12
ROM Debug: breakpoints[ 4] read 07d0
State: SEARCH, left=13, right=22, mid=12
ROM Debug: breakpoints[ 4] read 07d0
State: SEARCH, left=13, right=22, mid= 1
ROM Debug: breakpoints[ 4] read 07d0
State: SEARCH, left= 2, right=22, mid= 1
ROM Debug: breakpoints[ 4] read 07d0
State: SEARCH, left= 2, right=22, mid=12
ROM Debug: breakpoints[ 4] read 07d0
State: SEARCH, left=13, right=22, mid=12
ROM Debug: breakpoints[ 4] read 07d0
State: SEARCH, left=13, right=22, mid= 1
ROM Debug: breakpoints[ 4] read 07d0
State: SEARCH, left= 2, right=22, mid= 1
ROM Debug: breakpoints[ 4] read 07d0
State: SEARCH, left= 2, right=22, mid=12
ROM Debug: breakpoints[ 4] read 07d0
State: SEARCH, left=13, right=22, mid=12
ROM Debug: breakpoints[ 4] read 07d0
State: SEARCH, left=13, right=22, mid= 1
ROM Debug: breakpoints[ 4] read 07d0
State: SEARCH, left= 2, right=22, mid= 1
ROM Debug: breakpoints[ 4] read 07d0
State: SEARCH, left= 2, right=22, mid=12
ROM Debug: breakpoints[ 4] read 07d0
State: SEARCH, left=13, right=22, mid=12
ROM Debug: breakpoints[ 4] read 07d0
State: SEARCH, left=13, right=22, mid= 1
ROM Debug: breakpoints[ 4] read 07d0
State: SEARCH, left= 2, right=22, mid= 1
ROM Debug: breakpoints[ 4] read 07d0
State: SEARCH, left= 2, right=22, mid=12
ROM Debug: breakpoints[ 4] read 07d0
State: SEARCH, left=13, right=22, mid=12
ROM Debug: breakpoints[ 4] read 07d0
State: SEARCH, left=13, right=22, mid= 1
ROM Debug: breakpoints[ 4] read 07d0
State: SEARCH, left= 2, right=22, mid= 1
ROM Debug: breakpoints[ 4] read 07d0
State: SEARCH, left= 2, right=22, mid=12
ROM Debug: breakpoints[ 4] read 07d0
State: SEARCH, left=13, right=22, mid=12
ROM Debug: breakpoints[ 4] read 07d0
State: SEARCH, left=13, right=22, mid= 1
ROM Debug: breakpoints[ 4] read 07d0
State: SEARCH, left= 2, right=22, mid= 1
ROM Debug: breakpoints[ 4] read 07d0
State: SEARCH, left= 2, right=22, mid=12
ROM Debug: breakpoints[ 4] read 07d0
State: SEARCH, left=13, right=22, mid=12
ROM Debug: breakpoints[ 4] read 07d0
State: SEARCH, left=13, right=22, mid= 1
ROM Debug: breakpoints[ 4] read 07d0
State: SEARCH, left= 2, right=22, mid= 1
ROM Debug: breakpoints[ 4] read 07d0
State: SEARCH, left= 2, right=22, mid=12
ROM Debug: breakpoints[ 4] read 07d0
State: SEARCH, left=13, right=22, mid=12
ROM Debug: breakpoints[ 4] read 07d0
State: SEARCH, left=13, right=22, mid= 1
ROM Debug: breakpoints[ 4] read 07d0
State: SEARCH, left= 2, right=22, mid= 1
ROM Debug: breakpoints[ 4] read 07d0
State: SEARCH, left= 2, right=22, mid=12
ROM Debug: breakpoints[ 4] read 07d0
State: SEARCH, left=13, right=22, mid=12
ROM Debug: breakpoints[ 4] read 07d0
State: SEARCH, left=13, right=22, mid= 1
ROM Debug: breakpoints[ 4] read 07d0
State: SEARCH, left= 2, right=22, mid= 1
ROM Debug: breakpoints[ 4] read 07d0
State: SEARCH, left= 2, right=22, mid=12
ROM Debug: breakpoints[ 4] read 07d0
State: SEARCH, left=13, right=22, mid=12
ROM Debug: breakpoints[ 4] read 07d0
State: SEARCH, left=13, right=22, mid= 1
ROM Debug: breakpoints[ 4] read 07d0
State: SEARCH, left= 2, right=22, mid= 1
ROM Debug: breakpoints[ 4] read 07d0
State: SEARCH, left= 2, right=22, mid=12
ROM Debug: breakpoints[ 4] read 07d0
State: SEARCH, left=13, right=22, mid=12
ROM Debug: breakpoints[ 4] read 07d0
State: SEARCH, left=13, right=22, mid= 1
ROM Debug: breakpoints[ 4] read 07d0
State: SEARCH, left= 2, right=22, mid= 1
ROM Debug: breakpoints[ 4] read 07d0
State: SEARCH, left= 2, right=22, mid=12
ROM Debug: breakpoints[ 4] read 07d0
State: SEARCH, left=13, right=22, mid=12
ROM Debug: breakpoints[ 4] read 07d0
State: SEARCH, left=13, right=22, mid= 1
ROM Debug: breakpoints[ 4] read 07d0
State: SEARCH, left= 2, right=22, mid= 1
ROM Debug: breakpoints[ 4] read 07d0
State: SEARCH, left= 2, right=22, mid=12
ROM Debug: breakpoints[ 4] read 07d0
State: SEARCH, left=13, right=22, mid=12
ROM Debug: breakpoints[ 4] read 07d0
State: SEARCH, left=13, right=22, mid= 1
ROM Debug: breakpoints[ 4] read 07d0
State: SEARCH, left= 2, right=22, mid= 1
ROM Debug: breakpoints[ 4] read 07d0
State: SEARCH, left= 2, right=22, mid=12
ROM Debug: breakpoints[ 4] read 07d0
State: SEARCH, left=13, right=22, mid=12
ROM Debug: breakpoints[ 4] read 07d0
State: SEARCH, left=13, right=22, mid= 1
ROM Debug: breakpoints[ 4] read 07d0
State: SEARCH, left= 2, right=22, mid= 1
ROM Debug: breakpoints[ 4] read 07d0
State: SEARCH, left= 2, right=22, mid=12
ROM Debug: breakpoints[ 4] read 07d0
State: SEARCH, left=13, right=22, mid=12
ROM Debug: breakpoints[ 4] read 07d0
State: SEARCH, left=13, right=22, mid= 1
ROM Debug: breakpoints[ 4] read 07d0
State: SEARCH, left= 2, right=22, mid= 1
ROM Debug: breakpoints[ 4] read 07d0
State: SEARCH, left= 2, right=22, mid=12
ROM Debug: breakpoints[ 4] read 07d0
State: SEARCH, left=13, right=22, mid=12
ROM Debug: breakpoints[ 4] read 07d0
State: SEARCH, left=13, right=22, mid= 1
ROM Debug: breakpoints[ 4] read 07d0
State: SEARCH, left= 2, right=22, mid= 1
ROM Debug: breakpoints[ 4] read 07d0
State: SEARCH, left= 2, right=22, mid=12
ROM Debug: breakpoints[ 4] read 07d0
State: SEARCH, left=13, right=22, mid=12
ROM Debug: breakpoints[ 4] read 07d0
State: SEARCH, left=13, right=22, mid= 1
ROM Debug: breakpoints[ 4] read 07d0
State: SEARCH, left= 2, right=22, mid= 1
ROM Debug: breakpoints[ 4] read 07d0
State: SEARCH, left= 2, right=22, mid=12
ROM Debug: breakpoints[ 4] read 07d0
State: SEARCH, left=13, right=22, mid=12
ROM Debug: breakpoints[ 4] read 07d0
State: SEARCH, left=13, right=22, mid= 1
ROM Debug: breakpoints[ 4] read 07d0
State: SEARCH, left= 2, right=22, mid= 1
ROM Debug: breakpoints[ 4] read 07d0
State: SEARCH, left= 2, right=22, mid=12
ROM Debug: breakpoints[ 4] read 07d0
State: SEARCH, left=13, right=22, mid=12
ROM Debug: breakpoints[ 4] read 07d0
State: SEARCH, left=13, right=22, mid= 1
ROM Debug: breakpoints[ 4] read 07d0
State: SEARCH, left= 2, right=22, mid= 1
ROM Debug: breakpoints[ 4] read 07d0
State: SEARCH, left= 2, right=22, mid=12
ROM Debug: breakpoints[ 4] read 07d0
State: SEARCH, left=13, right=22, mid=12
ROM Debug: breakpoints[ 4] read 07d0
State: SEARCH, left=13, right=22, mid= 1
ROM Debug: breakpoints[ 4] read 07d0
State: SEARCH, left= 2, right=22, mid= 1
ROM Debug: breakpoints[ 4] read 07d0
State: SEARCH, left= 2, right=22, mid=12
ROM Debug: breakpoints[ 4] read 07d0
State: SEARCH, left=13, right=22, mid=12
ROM Debug: breakpoints[ 4] read 07d0
State: SEARCH, left=13, right=22, mid= 1
ROM Debug: breakpoints[ 4] read 07d0
State: SEARCH, left= 2, right=22, mid= 1
ROM Debug: breakpoints[ 4] read 07d0
State: SEARCH, left= 2, right=22, mid=12
ROM Debug: breakpoints[ 4] read 07d0
State: SEARCH, left=13, right=22, mid=12
ROM Debug: breakpoints[ 4] read 07d0
State: SEARCH, left=13, right=22, mid= 1
ROM Debug: breakpoints[ 4] read 07d0
State: SEARCH, left= 2, right=22, mid= 1
ROM Debug: breakpoints[ 4] read 07d0
State: SEARCH, left= 2, right=22, mid=12
ROM Debug: breakpoints[ 4] read 07d0
State: SEARCH, left=13, right=22, mid=12
ROM Debug: breakpoints[ 4] read 07d0
State: SEARCH, left=13, right=22, mid= 1
ROM Debug: breakpoints[ 4] read 07d0
State: SEARCH, left= 2, right=22, mid= 1
ROM Debug: breakpoints[ 4] read 07d0
State: SEARCH, left= 2, right=22, mid=12
ROM Debug: breakpoints[ 4] read 07d0
State: SEARCH, left=13, right=22, mid=12
ROM Debug: breakpoints[ 4] read 07d0
State: SEARCH, left=13, right=22, mid= 1
ROM Debug: breakpoints[ 4] read 07d0
State: SEARCH, left= 2, right=22, mid= 1
ROM Debug: breakpoints[ 4] read 07d0
State: SEARCH, left= 2, right=22, mid=12
ROM Debug: breakpoints[ 4] read 07d0
State: SEARCH, left=13, right=22, mid=12
ROM Debug: breakpoints[ 4] read 07d0
State: SEARCH, left=13, right=22, mid= 1
ROM Debug: breakpoints[ 4] read 07d0
State: SEARCH, left= 2, right=22, mid= 1
ROM Debug: breakpoints[ 4] read 07d0
State: SEARCH, left= 2, right=22, mid=12
ROM Debug: breakpoints[ 4] read 07d0
State: SEARCH, left=13, right=22, mid=12
ROM Debug: breakpoints[ 4] read 07d0
State: SEARCH, left=13, right=22, mid= 1
ROM Debug: breakpoints[ 4] read 07d0
State: SEARCH, left= 2, right=22, mid= 1
ROM Debug: breakpoints[ 4] read 07d0
State: SEARCH, left= 2, right=22, mid=12
ROM Debug: breakpoints[ 4] read 07d0
State: SEARCH, left=13, right=22, mid=12
ROM Debug: breakpoints[ 4] read 07d0
State: SEARCH, left=13, right=22, mid= 1
ROM Debug: breakpoints[ 4] read 07d0
State: SEARCH, left= 2, right=22, mid= 1
ROM Debug: breakpoints[ 4] read 07d0
State: SEARCH, left= 2, right=22, mid=12
ROM Debug: breakpoints[ 4] read 07d0
State: SEARCH, left=13, right=22, mid=12
ROM Debug: breakpoints[ 4] read 07d0
State: SEARCH, left=13, right=22, mid= 1
ROM Debug: breakpoints[ 4] read 07d0
State: SEARCH, left= 2, right=22, mid= 1
ROM Debug: breakpoints[ 4] read 07d0
State: SEARCH, left= 2, right=22, mid=12
ROM Debug: breakpoints[ 4] read 07d0
State: SEARCH, left=13, right=22, mid=12
ROM Debug: breakpoints[ 4] read 07d0
State: SEARCH, left=13, right=22, mid= 1
ROM Debug: breakpoints[ 4] read 07d0
State: SEARCH, left= 2, right=22, mid= 1
ROM Debug: breakpoints[ 4] read 07d0
State: SEARCH, left= 2, right=22, mid=12
ROM Debug: breakpoints[ 4] read 07d0
State: SEARCH, left=13, right=22, mid=12
ROM Debug: breakpoints[ 4] read 07d0
State: SEARCH, left=13, right=22, mid= 1
ROM Debug: breakpoints[ 4] read 07d0
State: SEARCH, left= 2, right=22, mid= 1
ROM Debug: breakpoints[ 4] read 07d0
State: SEARCH, left= 2, right=22, mid=12
ROM Debug: breakpoints[ 4] read 07d0
State: SEARCH, left=13, right=22, mid=12
ROM Debug: breakpoints[ 4] read 07d0
State: SEARCH, left=13, right=22, mid= 1
ROM Debug: breakpoints[ 4] read 07d0
State: SEARCH, left= 2, right=22, mid= 1
ROM Debug: breakpoints[ 4] read 07d0
State: SEARCH, left= 2, right=22, mid=12
ROM Debug: breakpoints[ 4] read 07d0
State: SEARCH, left=13, right=22, mid=12
ROM Debug: breakpoints[ 4] read 07d0
State: SEARCH, left=13, right=22, mid= 1
ROM Debug: breakpoints[ 4] read 07d0
State: SEARCH, left= 2, right=22, mid= 1
ROM Debug: breakpoints[ 4] read 07d0
State: SEARCH, left= 2, right=22, mid=12
ROM Debug: breakpoints[ 4] read 07d0
State: SEARCH, left=13, right=22, mid=12
ROM Debug: breakpoints[ 4] read 07d0
State: SEARCH, left=13, right=22, mid= 1
ROM Debug: breakpoints[ 4] read 07d0
State: SEARCH, left= 2, right=22, mid= 1
ROM Debug: breakpoints[ 4] read 07d0
State: SEARCH, left= 2, right=22, mid=12
ROM Debug: breakpoints[ 4] read 07d0
State: SEARCH, left=13, right=22, mid=12
ROM Debug: breakpoints[ 4] read 07d0
State: SEARCH, left=13, right=22, mid= 1
ROM Debug: breakpoints[ 4] read 07d0
State: SEARCH, left= 2, right=22, mid= 1
ROM Debug: breakpoints[ 4] read 07d0
State: SEARCH, left= 2, right=22, mid=12
ROM Debug: breakpoints[ 4] read 07d0
State: SEARCH, left=13, right=22, mid=12
ROM Debug: breakpoints[ 4] read 07d0
State: SEARCH, left=13, right=22, mid= 1
ROM Debug: breakpoints[ 4] read 07d0
State: SEARCH, left= 2, right=22, mid= 1
ROM Debug: breakpoints[ 4] read 07d0
State: SEARCH, left= 2, right=22, mid=12
ROM Debug: breakpoints[ 4] read 07d0
State: SEARCH, left=13, right=22, mid=12
ROM Debug: breakpoints[ 4] read 07d0
State: SEARCH, left=13, right=22, mid= 1
ROM Debug: breakpoints[ 4] read 07d0
State: SEARCH, left= 2, right=22, mid= 1
ROM Debug: breakpoints[ 4] read 07d0
State: SEARCH, left= 2, right=22, mid=12
ROM Debug: breakpoints[ 4] read 07d0
State: SEARCH, left=13, right=22, mid=12
ROM Debug: breakpoints[ 4] read 07d0
State: SEARCH, left=13, right=22, mid= 1
ROM Debug: breakpoints[ 4] read 07d0
State: SEARCH, left= 2, right=22, mid= 1
ROM Debug: breakpoints[ 4] read 07d0
State: SEARCH, left= 2, right=22, mid=12
ROM Debug: breakpoints[ 4] read 07d0
State: SEARCH, left=13, right=22, mid=12
ROM Debug: breakpoints[ 4] read 07d0
State: SEARCH, left=13, right=22, mid= 1
ROM Debug: breakpoints[ 4] read 07d0
State: SEARCH, left= 2, right=22, mid= 1
ROM Debug: breakpoints[ 4] read 07d0
State: SEARCH, left= 2, right=22, mid=12
ROM Debug: breakpoints[ 4] read 07d0
State: SEARCH, left=13, right=22, mid=12
ROM Debug: breakpoints[ 4] read 07d0
State: SEARCH, left=13, right=22, mid= 1
ROM Debug: breakpoints[ 4] read 07d0
State: SEARCH, left= 2, right=22, mid= 1
ROM Debug: breakpoints[ 4] read 07d0
State: SEARCH, left= 2, right=22, mid=12
ROM Debug: breakpoints[ 4] read 07d0
State: SEARCH, left=13, right=22, mid=12
ROM Debug: breakpoints[ 4] read 07d0
State: SEARCH, left=13, right=22, mid= 1
ROM Debug: breakpoints[ 4] read 07d0
State: SEARCH, left= 2, right=22, mid= 1
ROM Debug: breakpoints[ 4] read 07d0
State: SEARCH, left= 2, right=22, mid=12
ROM Debug: breakpoints[ 4] read 07d0
State: SEARCH, left=13, right=22, mid=12
ROM Debug: breakpoints[ 4] read 07d0
State: SEARCH, left=13, right=22, mid= 1
ROM Debug: breakpoints[ 4] read 07d0
State: SEARCH, left= 2, right=22, mid= 1
ROM Debug: breakpoints[ 4] read 07d0
State: SEARCH, left= 2, right=22, mid=12
ROM Debug: breakpoints[ 4] read 07d0
State: SEARCH, left=13, right=22, mid=12
ROM Debug: breakpoints[ 4] read 07d0
State: SEARCH, left=13, right=22, mid= 1
ROM Debug: breakpoints[ 4] read 07d0
State: SEARCH, left= 2, right=22, mid= 1
ROM Debug: breakpoints[ 4] read 07d0
State: SEARCH, left= 2, right=22, mid=12
ROM Debug: breakpoints[ 4] read 07d0
State: SEARCH, left=13, right=22, mid=12
ROM Debug: breakpoints[ 4] read 07d0
State: SEARCH, left=13, right=22, mid= 1
ROM Debug: breakpoints[ 4] read 07d0
State: SEARCH, left= 2, right=22, mid= 1
ROM Debug: breakpoints[ 4] read 07d0
State: SEARCH, left= 2, right=22, mid=12
ROM Debug: breakpoints[ 4] read 07d0
State: SEARCH, left=13, right=22, mid=12
ROM Debug: breakpoints[ 4] read 07d0
State: SEARCH, left=13, right=22, mid= 1
ROM Debug: breakpoints[ 4] read 07d0
State: SEARCH, left= 2, right=22, mid= 1
ROM Debug: breakpoints[ 4] read 07d0
State: SEARCH, left= 2, right=22, mid=12
ROM Debug: breakpoints[ 4] read 07d0
State: SEARCH, left=13, right=22, mid=12
ROM Debug: breakpoints[ 4] read 07d0
State: SEARCH, left=13, right=22, mid= 1
ROM Debug: breakpoints[ 4] read 07d0
State: SEARCH, left= 2, right=22, mid= 1
ROM Debug: breakpoints[ 4] read 07d0
State: SEARCH, left= 2, right=22, mid=12
ROM Debug: breakpoints[ 4] read 07d0
State: SEARCH, left=13, right=22, mid=12
ROM Debug: breakpoints[ 4] read 07d0
State: SEARCH, left=13, right=22, mid= 1
ROM Debug: breakpoints[ 4] read 07d0
State: SEARCH, left= 2, right=22, mid= 1
ROM Debug: breakpoints[ 4] read 07d0
State: SEARCH, left= 2, right=22, mid=12
ROM Debug: breakpoints[ 4] read 07d0
State: SEARCH, left=13, right=22, mid=12
ROM Debug: breakpoints[ 4] read 07d0
State: SEARCH, left=13, right=22, mid= 1
ROM Debug: breakpoints[ 4] read 07d0
State: SEARCH, left= 2, right=22, mid= 1
ROM Debug: breakpoints[ 4] read 07d0
State: SEARCH, left= 2, right=22, mid=12
ROM Debug: breakpoints[ 4] read 07d0
State: SEARCH, left=13, right=22, mid=12
ROM Debug: breakpoints[ 4] read 07d0
State: SEARCH, left=13, right=22, mid= 1
ROM Debug: breakpoints[ 4] read 07d0
State: SEARCH, left= 2, right=22, mid= 1
ROM Debug: breakpoints[ 4] read 07d0
State: SEARCH, left= 2, right=22, mid=12
ROM Debug: breakpoints[ 4] read 07d0
State: SEARCH, left=13, right=22, mid=12
ROM Debug: breakpoints[ 4] read 07d0
State: SEARCH, left=13, right=22, mid= 1
ROM Debug: breakpoints[ 4] read 07d0
State: SEARCH, left= 2, right=22, mid= 1
ROM Debug: breakpoints[ 4] read 07d0
State: SEARCH, left= 2, right=22, mid=12
ROM Debug: breakpoints[ 4] read 07d0
State: SEARCH, left=13, right=22, mid=12
ROM Debug: breakpoints[ 4] read 07d0
State: SEARCH, left=13, right=22, mid= 1
ROM Debug: breakpoints[ 4] read 07d0
State: SEARCH, left= 2, right=22, mid= 1
ROM Debug: breakpoints[ 4] read 07d0
State: SEARCH, left= 2, right=22, mid=12
ROM Debug: breakpoints[ 4] read 07d0
State: SEARCH, left=13, right=22, mid=12
ROM Debug: breakpoints[ 4] read 07d0
State: SEARCH, left=13, right=22, mid= 1
ROM Debug: breakpoints[ 4] read 07d0
State: SEARCH, left= 2, right=22, mid= 1
ROM Debug: breakpoints[ 4] read 07d0
State: SEARCH, left= 2, right=22, mid=12
ROM Debug: breakpoints[ 4] read 07d0
State: SEARCH, left=13, right=22, mid=12
ROM Debug: breakpoints[ 4] read 07d0
State: SEARCH, left=13, right=22, mid= 1
ROM Debug: breakpoints[ 4] read 07d0
State: SEARCH, left= 2, right=22, mid= 1
ROM Debug: breakpoints[ 4] read 07d0
State: SEARCH, left= 2, right=22, mid=12
ROM Debug: breakpoints[ 4] read 07d0
State: SEARCH, left=13, right=22, mid=12
ROM Debug: breakpoints[ 4] read 07d0
State: SEARCH, left=13, right=22, mid= 1
ROM Debug: breakpoints[ 4] read 07d0
State: SEARCH, left= 2, right=22, mid= 1
ROM Debug: breakpoints[ 4] read 07d0
State: SEARCH, left= 2, right=22, mid=12
ROM Debug: breakpoints[ 4] read 07d0
State: SEARCH, left=13, right=22, mid=12
ROM Debug: breakpoints[ 4] read 07d0
State: SEARCH, left=13, right=22, mid= 1
ROM Debug: breakpoints[ 4] read 07d0
State: SEARCH, left= 2, right=22, mid= 1
ROM Debug: breakpoints[ 4] read 07d0
State: SEARCH, left= 2, right=22, mid=12
ROM Debug: breakpoints[ 4] read 07d0
State: SEARCH, left=13, right=22, mid=12
ROM Debug: breakpoints[ 4] read 07d0
State: SEARCH, left=13, right=22, mid= 1
ROM Debug: breakpoints[ 4] read 07d0
State: SEARCH, left= 2, right=22, mid= 1
ROM Debug: breakpoints[ 4] read 07d0
State: SEARCH, left= 2, right=22, mid=12
ROM Debug: breakpoints[ 4] read 07d0
State: SEARCH, left=13, right=22, mid=12
ROM Debug: breakpoints[ 4] read 07d0
State: SEARCH, left=13, right=22, mid= 1
ROM Debug: breakpoints[ 4] read 07d0
State: SEARCH, left= 2, right=22, mid= 1
ROM Debug: breakpoints[ 4] read 07d0
State: SEARCH, left= 2, right=22, mid=12
ROM Debug: breakpoints[ 4] read 07d0
State: SEARCH, left=13, right=22, mid=12
ROM Debug: breakpoints[ 4] read 07d0
State: SEARCH, left=13, right=22, mid= 1
ROM Debug: breakpoints[ 4] read 07d0
State: SEARCH, left= 2, right=22, mid= 1
ROM Debug: breakpoints[ 4] read 07d0
State: SEARCH, left= 2, right=22, mid=12
ROM Debug: breakpoints[ 4] read 07d0
State: SEARCH, left=13, right=22, mid=12
ROM Debug: breakpoints[ 4] read 07d0
State: SEARCH, left=13, right=22, mid= 1
ROM Debug: breakpoints[ 4] read 07d0
State: SEARCH, left= 2, right=22, mid= 1
ROM Debug: breakpoints[ 4] read 07d0
State: SEARCH, left= 2, right=22, mid=12
ROM Debug: breakpoints[ 4] read 07d0
State: SEARCH, left=13, right=22, mid=12
ROM Debug: breakpoints[ 4] read 07d0
State: SEARCH, left=13, right=22, mid= 1
ROM Debug: breakpoints[ 4] read 07d0
State: SEARCH, left= 2, right=22, mid= 1
ROM Debug: breakpoints[ 4] read 07d0
State: SEARCH, left= 2, right=22, mid=12
ROM Debug: breakpoints[ 4] read 07d0
State: SEARCH, left=13, right=22, mid=12
ROM Debug: breakpoints[ 4] read 07d0
State: SEARCH, left=13, right=22, mid= 1
ROM Debug: breakpoints[ 4] read 07d0
State: SEARCH, left= 2, right=22, mid= 1
ROM Debug: breakpoints[ 4] read 07d0
State: SEARCH, left= 2, right=22, mid=12
ROM Debug: breakpoints[ 4] read 07d0
State: SEARCH, left=13, right=22, mid=12
ROM Debug: breakpoints[ 4] read 07d0
State: SEARCH, left=13, right=22, mid= 1
ROM Debug: breakpoints[ 4] read 07d0
State: SEARCH, left= 2, right=22, mid= 1
ROM Debug: breakpoints[ 4] read 07d0
State: SEARCH, left= 2, right=22, mid=12
ROM Debug: breakpoints[ 4] read 07d0
State: SEARCH, left=13, right=22, mid=12
ROM Debug: breakpoints[ 4] read 07d0
State: SEARCH, left=13, right=22, mid= 1
ROM Debug: breakpoints[ 4] read 07d0
State: SEARCH, left= 2, right=22, mid= 1
ROM Debug: breakpoints[ 4] read 07d0
State: SEARCH, left= 2, right=22, mid=12
ROM Debug: breakpoints[ 4] read 07d0
State: SEARCH, left=13, right=22, mid=12
ROM Debug: breakpoints[ 4] read 07d0
State: SEARCH, left=13, right=22, mid= 1
ROM Debug: breakpoints[ 4] read 07d0
State: SEARCH, left= 2, right=22, mid= 1
ROM Debug: breakpoints[ 4] read 07d0
State: SEARCH, left= 2, right=22, mid=12
ROM Debug: breakpoints[ 4] read 07d0
State: SEARCH, left=13, right=22, mid=12
ROM Debug: breakpoints[ 4] read 07d0
State: SEARCH, left=13, right=22, mid= 1
ROM Debug: breakpoints[ 4] read 07d0
State: SEARCH, left= 2, right=22, mid= 1
ROM Debug: breakpoints[ 4] read 07d0
State: SEARCH, left= 2, right=22, mid=12
ROM Debug: breakpoints[ 4] read 07d0
State: SEARCH, left=13, right=22, mid=12
ROM Debug: breakpoints[ 4] read 07d0
State: SEARCH, left=13, right=22, mid= 1
ROM Debug: breakpoints[ 4] read 07d0
State: SEARCH, left= 2, right=22, mid= 1
ROM Debug: breakpoints[ 4] read 07d0
State: SEARCH, left= 2, right=22, mid=12
ROM Debug: breakpoints[ 4] read 07d0
State: SEARCH, left=13, right=22, mid=12
ROM Debug: breakpoints[ 4] read 07d0
State: SEARCH, left=13, right=22, mid= 1
ROM Debug: breakpoints[ 4] read 07d0
State: SEARCH, left= 2, right=22, mid= 1
ROM Debug: breakpoints[ 4] read 07d0
State: SEARCH, left= 2, right=22, mid=12
ROM Debug: breakpoints[ 4] read 07d0
State: SEARCH, left=13, right=22, mid=12
ROM Debug: breakpoints[ 4] read 07d0
State: SEARCH, left=13, right=22, mid= 1
ROM Debug: breakpoints[ 4] read 07d0
State: SEARCH, left= 2, right=22, mid= 1
ROM Debug: breakpoints[ 4] read 07d0
State: SEARCH, left= 2, right=22, mid=12
ROM Debug: breakpoints[ 4] read 07d0
State: SEARCH, left=13, right=22, mid=12
ROM Debug: breakpoints[ 4] read 07d0
State: SEARCH, left=13, right=22, mid= 1
ROM Debug: breakpoints[ 4] read 07d0
State: SEARCH, left= 2, right=22, mid= 1
ROM Debug: breakpoints[ 4] read 07d0
State: SEARCH, left= 2, right=22, mid=12
ROM Debug: breakpoints[ 4] read 07d0
State: SEARCH, left=13, right=22, mid=12
ROM Debug: breakpoints[ 4] read 07d0
State: SEARCH, left=13, right=22, mid= 1
ROM Debug: breakpoints[ 4] read 07d0
State: SEARCH, left= 2, right=22, mid= 1
ROM Debug: breakpoints[ 4] read 07d0
State: SEARCH, left= 2, right=22, mid=12
ROM Debug: breakpoints[ 4] read 07d0
State: SEARCH, left=13, right=22, mid=12
ROM Debug: breakpoints[ 4] read 07d0
State: SEARCH, left=13, right=22, mid= 1
ROM Debug: breakpoints[ 4] read 07d0
State: SEARCH, left= 2, right=22, mid= 1
ROM Debug: breakpoints[ 4] read 07d0
State: SEARCH, left= 2, right=22, mid=12
ROM Debug: breakpoints[ 4] read 07d0
State: SEARCH, left=13, right=22, mid=12
ROM Debug: breakpoints[ 4] read 07d0
State: SEARCH, left=13, right=22, mid= 1
ROM Debug: breakpoints[ 4] read 07d0
State: SEARCH, left= 2, right=22, mid= 1
ROM Debug: breakpoints[ 4] read 07d0
State: SEARCH, left= 2, right=22, mid=12
ROM Debug: breakpoints[ 4] read 07d0
State: SEARCH, left=13, right=22, mid=12
ROM Debug: breakpoints[ 4] read 07d0
State: SEARCH, left=13, right=22, mid= 1
ROM Debug: breakpoints[ 4] read 07d0
State: SEARCH, left= 2, right=22, mid= 1
ROM Debug: breakpoints[ 4] read 07d0
State: SEARCH, left= 2, right=22, mid=12
ROM Debug: breakpoints[ 4] read 07d0
State: SEARCH, left=13, right=22, mid=12
ROM Debug: breakpoints[ 4] read 07d0
State: SEARCH, left=13, right=22, mid= 1
ROM Debug: breakpoints[ 4] read 07d0
State: SEARCH, left= 2, right=22, mid= 1
ROM Debug: breakpoints[ 4] read 07d0
State: SEARCH, left= 2, right=22, mid=12
ROM Debug: breakpoints[ 4] read 07d0
State: SEARCH, left=13, right=22, mid=12
ROM Debug: breakpoints[ 4] read 07d0
State: SEARCH, left=13, right=22, mid= 1
ROM Debug: breakpoints[ 4] read 07d0
State: SEARCH, left= 2, right=22, mid= 1
ROM Debug: breakpoints[ 4] read 07d0
State: SEARCH, left= 2, right=22, mid=12
ROM Debug: breakpoints[ 4] read 07d0
State: SEARCH, left=13, right=22, mid=12
ROM Debug: breakpoints[ 4] read 07d0
State: SEARCH, left=13, right=22, mid= 1
ROM Debug: breakpoints[ 4] read 07d0
State: SEARCH, left= 2, right=22, mid= 1
ROM Debug: breakpoints[ 4] read 07d0
State: SEARCH, left= 2, right=22, mid=12
ROM Debug: breakpoints[ 4] read 07d0
State: SEARCH, left=13, right=22, mid=12
ROM Debug: breakpoints[ 4] read 07d0
State: SEARCH, left=13, right=22, mid= 1
ROM Debug: breakpoints[ 4] read 07d0
State: SEARCH, left= 2, right=22, mid= 1
ROM Debug: breakpoints[ 4] read 07d0
State: SEARCH, left= 2, right=22, mid=12
ROM Debug: breakpoints[ 4] read 07d0
State: SEARCH, left=13, right=22, mid=12
ROM Debug: breakpoints[ 4] read 07d0
State: SEARCH, left=13, right=22, mid= 1
ROM Debug: breakpoints[ 4] read 07d0
State: SEARCH, left= 2, right=22, mid= 1
ROM Debug: breakpoints[ 4] read 07d0
State: SEARCH, left= 2, right=22, mid=12
ROM Debug: breakpoints[ 4] read 07d0
State: SEARCH, left=13, right=22, mid=12
ROM Debug: breakpoints[ 4] read 07d0
State: SEARCH, left=13, right=22, mid= 1
ROM Debug: breakpoints[ 4] read 07d0
State: SEARCH, left= 2, right=22, mid= 1
ROM Debug: breakpoints[ 4] read 07d0
State: SEARCH, left= 2, right=22, mid=12
ROM Debug: breakpoints[ 4] read 07d0
State: SEARCH, left=13, right=22, mid=12
ROM Debug: breakpoints[ 4] read 07d0
State: SEARCH, left=13, right=22, mid= 1
ROM Debug: breakpoints[ 4] read 07d0
State: SEARCH, left= 2, right=22, mid= 1
ROM Debug: breakpoints[ 4] read 07d0
State: SEARCH, left= 2, right=22, mid=12
ROM Debug: breakpoints[ 4] read 07d0
State: SEARCH, left=13, right=22, mid=12
ROM Debug: breakpoints[ 4] read 07d0
State: SEARCH, left=13, right=22, mid= 1
ROM Debug: breakpoints[ 4] read 07d0
State: SEARCH, left= 2, right=22, mid= 1
ROM Debug: breakpoints[ 4] read 07d0
State: SEARCH, left= 2, right=22, mid=12
ROM Debug: breakpoints[ 4] read 07d0
State: SEARCH, left=13, right=22, mid=12
ROM Debug: breakpoints[ 4] read 07d0
State: SEARCH, left=13, right=22, mid= 1
ROM Debug: breakpoints[ 4] read 07d0
State: SEARCH, left= 2, right=22, mid= 1
ROM Debug: breakpoints[ 4] read 07d0
State: SEARCH, left= 2, right=22, mid=12
ROM Debug: breakpoints[ 4] read 07d0
State: SEARCH, left=13, right=22, mid=12
ROM Debug: breakpoints[ 4] read 07d0
State: SEARCH, left=13, right=22, mid= 1
ROM Debug: breakpoints[ 4] read 07d0
State: SEARCH, left= 2, right=22, mid= 1
ROM Debug: breakpoints[ 4] read 07d0
State: SEARCH, left= 2, right=22, mid=12
ROM Debug: breakpoints[ 4] read 07d0
State: SEARCH, left=13, right=22, mid=12
ROM Debug: breakpoints[ 4] read 07d0
State: SEARCH, left=13, right=22, mid= 1
ROM Debug: breakpoints[ 4] read 07d0
State: SEARCH, left= 2, right=22, mid= 1
ROM Debug: breakpoints[ 4] read 07d0
State: SEARCH, left= 2, right=22, mid=12
ROM Debug: breakpoints[ 4] read 07d0
State: SEARCH, left=13, right=22, mid=12
ROM Debug: breakpoints[ 4] read 07d0
State: SEARCH, left=13, right=22, mid= 1
ROM Debug: breakpoints[ 4] read 07d0
State: SEARCH, left= 2, right=22, mid= 1
ROM Debug: breakpoints[ 4] read 07d0
State: SEARCH, left= 2, right=22, mid=12
ROM Debug: breakpoints[ 4] read 07d0
State: SEARCH, left=13, right=22, mid=12
ROM Debug: breakpoints[ 4] read 07d0
State: SEARCH, left=13, right=22, mid= 1
ROM Debug: breakpoints[ 4] read 07d0
State: SEARCH, left= 2, right=22, mid= 1
ROM Debug: breakpoints[ 4] read 07d0
State: SEARCH, left= 2, right=22, mid=12
ROM Debug: breakpoints[ 4] read 07d0
State: SEARCH, left=13, right=22, mid=12
ROM Debug: breakpoints[ 4] read 07d0
State: SEARCH, left=13, right=22, mid= 1
ROM Debug: breakpoints[ 4] read 07d0
State: SEARCH, left= 2, right=22, mid= 1
ROM Debug: breakpoints[ 4] read 07d0
State: SEARCH, left= 2, right=22, mid=12
ROM Debug: breakpoints[ 4] read 07d0
State: SEARCH, left=13, right=22, mid=12
ROM Debug: breakpoints[ 4] read 07d0
State: SEARCH, left=13, right=22, mid= 1
ROM Debug: breakpoints[ 4] read 07d0
State: SEARCH, left= 2, right=22, mid= 1
ROM Debug: breakpoints[ 4] read 07d0
State: SEARCH, left= 2, right=22, mid=12
ROM Debug: breakpoints[ 4] read 07d0
State: SEARCH, left=13, right=22, mid=12
ROM Debug: breakpoints[ 4] read 07d0
State: SEARCH, left=13, right=22, mid= 1
ROM Debug: breakpoints[ 4] read 07d0
State: SEARCH, left= 2, right=22, mid= 1
ROM Debug: breakpoints[ 4] read 07d0
State: SEARCH, left= 2, right=22, mid=12
ROM Debug: breakpoints[ 4] read 07d0
State: SEARCH, left=13, right=22, mid=12
ROM Debug: breakpoints[ 4] read 07d0
State: SEARCH, left=13, right=22, mid= 1
ROM Debug: breakpoints[ 4] read 07d0
State: SEARCH, left= 2, right=22, mid= 1
ROM Debug: breakpoints[ 4] read 07d0
State: SEARCH, left= 2, right=22, mid=12
ROM Debug: breakpoints[ 4] read 07d0
State: SEARCH, left=13, right=22, mid=12
ROM Debug: breakpoints[ 4] read 07d0
State: SEARCH, left=13, right=22, mid= 1
ROM Debug: breakpoints[ 4] read 07d0
State: SEARCH, left= 2, right=22, mid= 1
ROM Debug: breakpoints[ 4] read 07d0
State: SEARCH, left= 2, right=22, mid=12
ROM Debug: breakpoints[ 4] read 07d0
State: SEARCH, left=13, right=22, mid=12
ROM Debug: breakpoints[ 4] read 07d0
State: SEARCH, left=13, right=22, mid= 1
ROM Debug: breakpoints[ 4] read 07d0
State: SEARCH, left= 2, right=22, mid= 1
ROM Debug: breakpoints[ 4] read 07d0
State: SEARCH, left= 2, right=22, mid=12
ROM Debug: breakpoints[ 4] read 07d0
State: SEARCH, left=13, right=22, mid=12
ROM Debug: breakpoints[ 4] read 07d0
State: SEARCH, left=13, right=22, mid= 1
ROM Debug: breakpoints[ 4] read 07d0
State: SEARCH, left= 2, right=22, mid= 1
ROM Debug: breakpoints[ 4] read 07d0
State: SEARCH, left= 2, right=22, mid=12
ROM Debug: breakpoints[ 4] read 07d0
State: SEARCH, left=13, right=22, mid=12
ROM Debug: breakpoints[ 4] read 07d0
State: SEARCH, left=13, right=22, mid= 1
ROM Debug: breakpoints[ 4] read 07d0
State: SEARCH, left= 2, right=22, mid= 1
ROM Debug: breakpoints[ 4] read 07d0
State: SEARCH, left= 2, right=22, mid=12
ROM Debug: breakpoints[ 4] read 07d0
State: SEARCH, left=13, right=22, mid=12
ROM Debug: breakpoints[ 4] read 07d0
State: SEARCH, left=13, right=22, mid= 1
ROM Debug: breakpoints[ 4] read 07d0
State: SEARCH, left= 2, right=22, mid= 1
ROM Debug: breakpoints[ 4] read 07d0
State: SEARCH, left= 2, right=22, mid=12
ROM Debug: breakpoints[ 4] read 07d0
State: SEARCH, left=13, right=22, mid=12
ROM Debug: breakpoints[ 4] read 07d0
State: SEARCH, left=13, right=22, mid= 1
ROM Debug: breakpoints[ 4] read 07d0
State: SEARCH, left= 2, right=22, mid= 1
ROM Debug: breakpoints[ 4] read 07d0
State: SEARCH, left= 2, right=22, mid=12
ROM Debug: breakpoints[ 4] read 07d0
State: SEARCH, left=13, right=22, mid=12
ROM Debug: breakpoints[ 4] read 07d0
State: SEARCH, left=13, right=22, mid= 1
ROM Debug: breakpoints[ 4] read 07d0
State: SEARCH, left= 2, right=22, mid= 1
ROM Debug: breakpoints[ 4] read 07d0
State: SEARCH, left= 2, right=22, mid=12
ROM Debug: breakpoints[ 4] read 07d0
State: SEARCH, left=13, right=22, mid=12
ROM Debug: breakpoints[ 4] read 07d0
State: SEARCH, left=13, right=22, mid= 1
ROM Debug: breakpoints[ 4] read 07d0
State: SEARCH, left= 2, right=22, mid= 1
ROM Debug: breakpoints[ 4] read 07d0
State: SEARCH, left= 2, right=22, mid=12
ROM Debug: breakpoints[ 4] read 07d0
State: SEARCH, left=13, right=22, mid=12
ROM Debug: breakpoints[ 4] read 07d0
State: SEARCH, left=13, right=22, mid= 1
ROM Debug: breakpoints[ 4] read 07d0
State: SEARCH, left= 2, right=22, mid= 1
ROM Debug: breakpoints[ 4] read 07d0
State: SEARCH, left= 2, right=22, mid=12
ROM Debug: breakpoints[ 4] read 07d0
State: SEARCH, left=13, right=22, mid=12
ROM Debug: breakpoints[ 4] read 07d0
State: SEARCH, left=13, right=22, mid= 1
ROM Debug: breakpoints[ 4] read 07d0
State: SEARCH, left= 2, right=22, mid= 1
ROM Debug: breakpoints[ 4] read 07d0
State: SEARCH, left= 2, right=22, mid=12
ROM Debug: breakpoints[ 4] read 07d0
State: SEARCH, left=13, right=22, mid=12
ROM Debug: breakpoints[ 4] read 07d0
State: SEARCH, left=13, right=22, mid= 1
ROM Debug: breakpoints[ 4] read 07d0
State: SEARCH, left= 2, right=22, mid= 1
ROM Debug: breakpoints[ 4] read 07d0
State: SEARCH, left= 2, right=22, mid=12
ROM Debug: breakpoints[ 4] read 07d0
State: SEARCH, left=13, right=22, mid=12
ROM Debug: breakpoints[ 4] read 07d0
State: SEARCH, left=13, right=22, mid= 1
ROM Debug: breakpoints[ 4] read 07d0
State: SEARCH, left= 2, right=22, mid= 1
ROM Debug: breakpoints[ 4] read 07d0
State: SEARCH, left= 2, right=22, mid=12
ROM Debug: breakpoints[ 4] read 07d0
State: SEARCH, left=13, right=22, mid=12
ROM Debug: breakpoints[ 4] read 07d0
State: SEARCH, left=13, right=22, mid= 1
ROM Debug: breakpoints[ 4] read 07d0
State: SEARCH, left= 2, right=22, mid= 1
ROM Debug: breakpoints[ 4] read 07d0
State: SEARCH, left= 2, right=22, mid=12
ROM Debug: breakpoints[ 4] read 07d0
State: SEARCH, left=13, right=22, mid=12
ROM Debug: breakpoints[ 4] read 07d0
State: SEARCH, left=13, right=22, mid= 1
ROM Debug: breakpoints[ 4] read 07d0
State: SEARCH, left= 2, right=22, mid= 1
ROM Debug: breakpoints[ 4] read 07d0
State: SEARCH, left= 2, right=22, mid=12
ROM Debug: breakpoints[ 4] read 07d0
State: SEARCH, left=13, right=22, mid=12
ROM Debug: breakpoints[ 4] read 07d0
State: SEARCH, left=13, right=22, mid= 1
ROM Debug: breakpoints[ 4] read 07d0
State: SEARCH, left= 2, right=22, mid= 1
ROM Debug: breakpoints[ 4] read 07d0
State: SEARCH, left= 2, right=22, mid=12
ROM Debug: breakpoints[ 4] read 07d0
State: SEARCH, left=13, right=22, mid=12
ROM Debug: breakpoints[ 4] read 07d0
State: SEARCH, left=13, right=22, mid= 1
ROM Debug: breakpoints[ 4] read 07d0
State: SEARCH, left= 2, right=22, mid= 1
ROM Debug: breakpoints[ 4] read 07d0
State: SEARCH, left= 2, right=22, mid=12
ROM Debug: breakpoints[ 4] read 07d0
State: SEARCH, left=13, right=22, mid=12
ROM Debug: breakpoints[ 4] read 07d0
State: SEARCH, left=13, right=22, mid= 1
ROM Debug: breakpoints[ 4] read 07d0
State: SEARCH, left= 2, right=22, mid= 1
ROM Debug: breakpoints[ 4] read 07d0
State: SEARCH, left= 2, right=22, mid=12
ROM Debug: breakpoints[ 4] read 07d0
State: SEARCH, left=13, right=22, mid=12
ROM Debug: breakpoints[ 4] read 07d0
State: SEARCH, left=13, right=22, mid= 1
ROM Debug: breakpoints[ 4] read 07d0
State: SEARCH, left= 2, right=22, mid= 1
ROM Debug: breakpoints[ 4] read 07d0
State: SEARCH, left= 2, right=22, mid=12
ROM Debug: breakpoints[ 4] read 07d0
State: SEARCH, left=13, right=22, mid=12
ROM Debug: breakpoints[ 4] read 07d0
State: SEARCH, left=13, right=22, mid= 1
ROM Debug: breakpoints[ 4] read 07d0
State: SEARCH, left= 2, right=22, mid= 1
ROM Debug: breakpoints[ 4] read 07d0
State: SEARCH, left= 2, right=22, mid=12
ROM Debug: breakpoints[ 4] read 07d0
State: SEARCH, left=13, right=22, mid=12
ROM Debug: breakpoints[ 4] read 07d0
State: SEARCH, left=13, right=22, mid= 1
ROM Debug: breakpoints[ 4] read 07d0
State: SEARCH, left= 2, right=22, mid= 1
ROM Debug: breakpoints[ 4] read 07d0
State: SEARCH, left= 2, right=22, mid=12
ROM Debug: breakpoints[ 4] read 07d0
State: SEARCH, left=13, right=22, mid=12
ROM Debug: breakpoints[ 4] read 07d0
State: SEARCH, left=13, right=22, mid= 1
ROM Debug: breakpoints[ 4] read 07d0
State: SEARCH, left= 2, right=22, mid= 1
ROM Debug: breakpoints[ 4] read 07d0
State: SEARCH, left= 2, right=22, mid=12
ROM Debug: breakpoints[ 4] read 07d0
State: SEARCH, left=13, right=22, mid=12
ROM Debug: breakpoints[ 4] read 07d0
State: SEARCH, left=13, right=22, mid= 1
ROM Debug: breakpoints[ 4] read 07d0
State: SEARCH, left= 2, right=22, mid= 1
ROM Debug: breakpoints[ 4] read 07d0
State: SEARCH, left= 2, right=22, mid=12
ROM Debug: breakpoints[ 4] read 07d0
State: SEARCH, left=13, right=22, mid=12
ROM Debug: breakpoints[ 4] read 07d0
State: SEARCH, left=13, right=22, mid= 1
ROM Debug: breakpoints[ 4] read 07d0
State: SEARCH, left= 2, right=22, mid= 1
ROM Debug: breakpoints[ 4] read 07d0
State: SEARCH, left= 2, right=22, mid=12
ROM Debug: breakpoints[ 4] read 07d0
State: SEARCH, left=13, right=22, mid=12
ROM Debug: breakpoints[ 4] read 07d0
State: SEARCH, left=13, right=22, mid= 1
ROM Debug: breakpoints[ 4] read 07d0
State: SEARCH, left= 2, right=22, mid= 1
ROM Debug: breakpoints[ 4] read 07d0
State: SEARCH, left= 2, right=22, mid=12
ROM Debug: breakpoints[ 4] read 07d0
State: SEARCH, left=13, right=22, mid=12
ROM Debug: breakpoints[ 4] read 07d0
State: SEARCH, left=13, right=22, mid= 1
ROM Debug: breakpoints[ 4] read 07d0
State: SEARCH, left= 2, right=22, mid= 1
ROM Debug: breakpoints[ 4] read 07d0
State: SEARCH, left= 2, right=22, mid=12
ROM Debug: breakpoints[ 4] read 07d0
State: SEARCH, left=13, right=22, mid=12
ROM Debug: breakpoints[ 4] read 07d0
State: SEARCH, left=13, right=22, mid= 1
ROM Debug: breakpoints[ 4] read 07d0
State: SEARCH, left= 2, right=22, mid= 1
ROM Debug: breakpoints[ 4] read 07d0
State: SEARCH, left= 2, right=22, mid=12
ROM Debug: breakpoints[ 4] read 07d0
State: SEARCH, left=13, right=22, mid=12
ROM Debug: breakpoints[ 4] read 07d0
State: SEARCH, left=13, right=22, mid= 1
ROM Debug: breakpoints[ 4] read 07d0
State: SEARCH, left= 2, right=22, mid= 1
ROM Debug: breakpoints[ 4] read 07d0
State: SEARCH, left= 2, right=22, mid=12
ROM Debug: breakpoints[ 4] read 07d0
State: SEARCH, left=13, right=22, mid=12
ROM Debug: breakpoints[ 4] read 07d0
State: SEARCH, left=13, right=22, mid= 1
ROM Debug: breakpoints[ 4] read 07d0
State: SEARCH, left= 2, right=22, mid= 1
ROM Debug: breakpoints[ 4] read 07d0
State: SEARCH, left= 2, right=22, mid=12
ROM Debug: breakpoints[ 4] read 07d0
State: SEARCH, left=13, right=22, mid=12
ROM Debug: breakpoints[ 4] read 07d0
State: SEARCH, left=13, right=22, mid= 1
ROM Debug: breakpoints[ 4] read 07d0
State: SEARCH, left= 2, right=22, mid= 1
ROM Debug: breakpoints[ 4] read 07d0
State: SEARCH, left= 2, right=22, mid=12
ROM Debug: breakpoints[ 4] read 07d0
State: SEARCH, left=13, right=22, mid=12
ROM Debug: breakpoints[ 4] read 07d0
State: SEARCH, left=13, right=22, mid= 1
ROM Debug: breakpoints[ 4] read 07d0
State: SEARCH, left= 2, right=22, mid= 1
ROM Debug: breakpoints[ 4] read 07d0
State: SEARCH, left= 2, right=22, mid=12
ROM Debug: breakpoints[ 4] read 07d0
State: SEARCH, left=13, right=22, mid=12
ROM Debug: breakpoints[ 4] read 07d0
State: SEARCH, left=13, right=22, mid= 1
ROM Debug: breakpoints[ 4] read 07d0
State: SEARCH, left= 2, right=22, mid= 1
ROM Debug: breakpoints[ 4] read 07d0
State: SEARCH, left= 2, right=22, mid=12
ROM Debug: breakpoints[ 4] read 07d0
State: SEARCH, left=13, right=22, mid=12
ROM Debug: breakpoints[ 4] read 07d0
State: SEARCH, left=13, right=22, mid= 1
ROM Debug: breakpoints[ 4] read 07d0
State: SEARCH, left= 2, right=22, mid= 1
ROM Debug: breakpoints[ 4] read 07d0
State: SEARCH, left= 2, right=22, mid=12
ROM Debug: breakpoints[ 4] read 07d0
State: SEARCH, left=13, right=22, mid=12
ROM Debug: breakpoints[ 4] read 07d0
State: SEARCH, left=13, right=22, mid= 1
ROM Debug: breakpoints[ 4] read 07d0
State: SEARCH, left= 2, right=22, mid= 1
ROM Debug: breakpoints[ 4] read 07d0
State: SEARCH, left= 2, right=22, mid=12
ROM Debug: breakpoints[ 4] read 07d0
State: SEARCH, left=13, right=22, mid=12
ROM Debug: breakpoints[ 4] read 07d0
State: SEARCH, left=13, right=22, mid= 1
ROM Debug: breakpoints[ 4] read 07d0
State: SEARCH, left= 2, right=22, mid= 1
ROM Debug: breakpoints[ 4] read 07d0
State: SEARCH, left= 2, right=22, mid=12
ROM Debug: breakpoints[ 4] read 07d0
State: SEARCH, left=13, right=22, mid=12
ROM Debug: breakpoints[ 4] read 07d0
State: SEARCH, left=13, right=22, mid= 1
ROM Debug: breakpoints[ 4] read 07d0
State: SEARCH, left= 2, right=22, mid= 1
ROM Debug: breakpoints[ 4] read 07d0
State: SEARCH, left= 2, right=22, mid=12
ROM Debug: breakpoints[ 4] read 07d0
State: SEARCH, left=13, right=22, mid=12
ROM Debug: breakpoints[ 4] read 07d0
State: SEARCH, left=13, right=22, mid= 1
ROM Debug: breakpoints[ 4] read 07d0
State: SEARCH, left= 2, right=22, mid= 1
ROM Debug: breakpoints[ 4] read 07d0
State: SEARCH, left= 2, right=22, mid=12
ROM Debug: breakpoints[ 4] read 07d0
State: SEARCH, left=13, right=22, mid=12
ROM Debug: breakpoints[ 4] read 07d0
State: SEARCH, left=13, right=22, mid= 1
ROM Debug: breakpoints[ 4] read 07d0
State: SEARCH, left= 2, right=22, mid= 1
ROM Debug: breakpoints[ 4] read 07d0
State: SEARCH, left= 2, right=22, mid=12
ROM Debug: breakpoints[ 4] read 07d0
State: SEARCH, left=13, right=22, mid=12
ROM Debug: breakpoints[ 4] read 07d0
State: SEARCH, left=13, right=22, mid= 1
ROM Debug: breakpoints[ 4] read 07d0
State: SEARCH, left= 2, right=22, mid= 1
ROM Debug: breakpoints[ 4] read 07d0
State: SEARCH, left= 2, right=22, mid=12
ROM Debug: breakpoints[ 4] read 07d0
State: SEARCH, left=13, right=22, mid=12
ROM Debug: breakpoints[ 4] read 07d0
State: SEARCH, left=13, right=22, mid= 1
ROM Debug: breakpoints[ 4] read 07d0
State: SEARCH, left= 2, right=22, mid= 1
ROM Debug: breakpoints[ 4] read 07d0
State: SEARCH, left= 2, right=22, mid=12
ROM Debug: breakpoints[ 4] read 07d0
State: SEARCH, left=13, right=22, mid=12
ROM Debug: breakpoints[ 4] read 07d0
State: SEARCH, left=13, right=22, mid= 1
ROM Debug: breakpoints[ 4] read 07d0
State: SEARCH, left= 2, right=22, mid= 1
ROM Debug: breakpoints[ 4] read 07d0
State: SEARCH, left= 2, right=22, mid=12
ROM Debug: breakpoints[ 4] read 07d0
State: SEARCH, left=13, right=22, mid=12
ROM Debug: breakpoints[ 4] read 07d0
State: SEARCH, left=13, right=22, mid= 1
ROM Debug: breakpoints[ 4] read 07d0
State: SEARCH, left= 2, right=22, mid= 1
ROM Debug: breakpoints[ 4] read 07d0
State: SEARCH, left= 2, right=22, mid=12
ROM Debug: breakpoints[ 4] read 07d0
State: SEARCH, left=13, right=22, mid=12
ROM Debug: breakpoints[ 4] read 07d0
State: SEARCH, left=13, right=22, mid= 1
ROM Debug: breakpoints[ 4] read 07d0
State: SEARCH, left= 2, right=22, mid= 1
ROM Debug: breakpoints[ 4] read 07d0
State: SEARCH, left= 2, right=22, mid=12
ROM Debug: breakpoints[ 4] read 07d0
State: SEARCH, left=13, right=22, mid=12
ROM Debug: breakpoints[ 4] read 07d0
State: SEARCH, left=13, right=22, mid= 1
ROM Debug: breakpoints[ 4] read 07d0
State: SEARCH, left= 2, right=22, mid= 1
ROM Debug: breakpoints[ 4] read 07d0
State: SEARCH, left= 2, right=22, mid=12
ROM Debug: breakpoints[ 4] read 07d0
State: SEARCH, left=13, right=22, mid=12
ROM Debug: breakpoints[ 4] read 07d0
State: SEARCH, left=13, right=22, mid= 1
ROM Debug: breakpoints[ 4] read 07d0
State: SEARCH, left= 2, right=22, mid= 1
ROM Debug: breakpoints[ 4] read 07d0
State: SEARCH, left= 2, right=22, mid=12
ROM Debug: breakpoints[ 4] read 07d0
State: SEARCH, left=13, right=22, mid=12
ROM Debug: breakpoints[ 4] read 07d0
State: SEARCH, left=13, right=22, mid= 1
ROM Debug: breakpoints[ 4] read 07d0
State: SEARCH, left= 2, right=22, mid= 1
ROM Debug: breakpoints[ 4] read 07d0
State: SEARCH, left= 2, right=22, mid=12
ROM Debug: breakpoints[ 4] read 07d0
State: SEARCH, left=13, right=22, mid=12
ROM Debug: breakpoints[ 4] read 07d0
State: SEARCH, left=13, right=22, mid= 1
ROM Debug: breakpoints[ 4] read 07d0
State: SEARCH, left= 2, right=22, mid= 1
ROM Debug: breakpoints[ 4] read 07d0
State: SEARCH, left= 2, right=22, mid=12
ROM Debug: breakpoints[ 4] read 07d0
State: SEARCH, left=13, right=22, mid=12
ROM Debug: breakpoints[ 4] read 07d0
State: SEARCH, left=13, right=22, mid= 1
ROM Debug: breakpoints[ 4] read 07d0
State: SEARCH, left= 2, right=22, mid= 1
ROM Debug: breakpoints[ 4] read 07d0
State: SEARCH, left= 2, right=22, mid=12
ROM Debug: breakpoints[ 4] read 07d0
State: SEARCH, left=13, right=22, mid=12
ROM Debug: breakpoints[ 4] read 07d0
State: SEARCH, left=13, right=22, mid= 1
ROM Debug: breakpoints[ 4] read 07d0
State: SEARCH, left= 2, right=22, mid= 1
ROM Debug: breakpoints[ 4] read 07d0
State: SEARCH, left= 2, right=22, mid=12
ROM Debug: breakpoints[ 4] read 07d0
State: SEARCH, left=13, right=22, mid=12
ROM Debug: breakpoints[ 4] read 07d0
State: SEARCH, left=13, right=22, mid= 1
ROM Debug: breakpoints[ 4] read 07d0
State: SEARCH, left= 2, right=22, mid= 1
ROM Debug: breakpoints[ 4] read 07d0
State: SEARCH, left= 2, right=22, mid=12
ROM Debug: breakpoints[ 4] read 07d0
State: SEARCH, left=13, right=22, mid=12
ROM Debug: breakpoints[ 4] read 07d0
State: SEARCH, left=13, right=22, mid= 1
ROM Debug: breakpoints[ 4] read 07d0
State: SEARCH, left= 2, right=22, mid= 1
ROM Debug: breakpoints[ 4] read 07d0
State: SEARCH, left= 2, right=22, mid=12
ROM Debug: breakpoints[ 4] read 07d0
State: SEARCH, left=13, right=22, mid=12
ROM Debug: breakpoints[ 4] read 07d0
State: SEARCH, left=13, right=22, mid= 1
ROM Debug: breakpoints[ 4] read 07d0
State: SEARCH, left= 2, right=22, mid= 1
ROM Debug: breakpoints[ 4] read 07d0
State: SEARCH, left= 2, right=22, mid=12
ROM Debug: breakpoints[ 4] read 07d0
State: SEARCH, left=13, right=22, mid=12
ROM Debug: breakpoints[ 4] read 07d0
State: SEARCH, left=13, right=22, mid= 1
ROM Debug: breakpoints[ 4] read 07d0
State: SEARCH, left= 2, right=22, mid= 1
ROM Debug: breakpoints[ 4] read 07d0
State: SEARCH, left= 2, right=22, mid=12
ROM Debug: breakpoints[ 4] read 07d0
State: SEARCH, left=13, right=22, mid=12
ROM Debug: breakpoints[ 4] read 07d0
State: SEARCH, left=13, right=22, mid= 1
ROM Debug: breakpoints[ 4] read 07d0
State: SEARCH, left= 2, right=22, mid= 1
ROM Debug: breakpoints[ 4] read 07d0
State: SEARCH, left= 2, right=22, mid=12
ROM Debug: breakpoints[ 4] read 07d0
State: SEARCH, left=13, right=22, mid=12
ROM Debug: breakpoints[ 4] read 07d0
State: SEARCH, left=13, right=22, mid= 1
ROM Debug: breakpoints[ 4] read 07d0
State: SEARCH, left= 2, right=22, mid= 1
ROM Debug: breakpoints[ 4] read 07d0
State: SEARCH, left= 2, right=22, mid=12
ROM Debug: breakpoints[ 4] read 07d0
State: SEARCH, left=13, right=22, mid=12
ROM Debug: breakpoints[ 4] read 07d0
State: SEARCH, left=13, right=22, mid= 1
ROM Debug: breakpoints[ 4] read 07d0
State: SEARCH, left= 2, right=22, mid= 1
ROM Debug: breakpoints[ 4] read 07d0
State: SEARCH, left= 2, right=22, mid=12
ROM Debug: breakpoints[ 4] read 07d0
State: SEARCH, left=13, right=22, mid=12
ROM Debug: breakpoints[ 4] read 07d0
State: SEARCH, left=13, right=22, mid= 1
ROM Debug: breakpoints[ 4] read 07d0
State: SEARCH, left= 2, right=22, mid= 1
ROM Debug: breakpoints[ 4] read 07d0
State: SEARCH, left= 2, right=22, mid=12
ROM Debug: breakpoints[ 4] read 07d0
State: SEARCH, left=13, right=22, mid=12
ROM Debug: breakpoints[ 4] read 07d0
State: SEARCH, left=13, right=22, mid= 1
ROM Debug: breakpoints[ 4] read 07d0
State: SEARCH, left= 2, right=22, mid= 1
ROM Debug: breakpoints[ 4] read 07d0
State: SEARCH, left= 2, right=22, mid=12
ROM Debug: breakpoints[ 4] read 07d0
State: SEARCH, left=13, right=22, mid=12
ROM Debug: breakpoints[ 4] read 07d0
State: SEARCH, left=13, right=22, mid= 1
ROM Debug: breakpoints[ 4] read 07d0
State: SEARCH, left= 2, right=22, mid= 1
ROM Debug: breakpoints[ 4] read 07d0
State: SEARCH, left= 2, right=22, mid=12
ROM Debug: breakpoints[ 4] read 07d0
State: SEARCH, left=13, right=22, mid=12
ROM Debug: breakpoints[ 4] read 07d0
State: SEARCH, left=13, right=22, mid= 1
ROM Debug: breakpoints[ 4] read 07d0
State: SEARCH, left= 2, right=22, mid= 1
ROM Debug: breakpoints[ 4] read 07d0
State: SEARCH, left= 2, right=22, mid=12
ROM Debug: breakpoints[ 4] read 07d0
State: SEARCH, left=13, right=22, mid=12
ROM Debug: breakpoints[ 4] read 07d0
State: SEARCH, left=13, right=22, mid= 1
ROM Debug: breakpoints[ 4] read 07d0
State: SEARCH, left= 2, right=22, mid= 1
ROM Debug: breakpoints[ 4] read 07d0
State: SEARCH, left= 2, right=22, mid=12
ROM Debug: breakpoints[ 4] read 07d0
State: SEARCH, left=13, right=22, mid=12
ROM Debug: breakpoints[ 4] read 07d0
State: SEARCH, left=13, right=22, mid= 1
ROM Debug: breakpoints[ 4] read 07d0
State: SEARCH, left= 2, right=22, mid= 1
ROM Debug: breakpoints[ 4] read 07d0
State: SEARCH, left= 2, right=22, mid=12
ROM Debug: breakpoints[ 4] read 07d0
State: SEARCH, left=13, right=22, mid=12
ROM Debug: breakpoints[ 4] read 07d0
State: SEARCH, left=13, right=22, mid= 1
ROM Debug: breakpoints[ 4] read 07d0
State: SEARCH, left= 2, right=22, mid= 1
ROM Debug: breakpoints[ 4] read 07d0
State: SEARCH, left= 2, right=22, mid=12
ROM Debug: breakpoints[ 4] read 07d0
State: SEARCH, left=13, right=22, mid=12
ROM Debug: breakpoints[ 4] read 07d0
State: SEARCH, left=13, right=22, mid= 1
ROM Debug: breakpoints[ 4] read 07d0
State: SEARCH, left= 2, right=22, mid= 1
ROM Debug: breakpoints[ 4] read 07d0
State: SEARCH, left= 2, right=22, mid=12
ROM Debug: breakpoints[ 4] read 07d0
State: SEARCH, left=13, right=22, mid=12
ROM Debug: breakpoints[ 4] read 07d0
State: SEARCH, left=13, right=22, mid= 1
ROM Debug: breakpoints[ 4] read 07d0
State: SEARCH, left= 2, right=22, mid= 1
ROM Debug: breakpoints[ 4] read 07d0
State: SEARCH, left= 2, right=22, mid=12
ROM Debug: breakpoints[ 4] read 07d0
State: SEARCH, left=13, right=22, mid=12
ROM Debug: breakpoints[ 4] read 07d0
State: SEARCH, left=13, right=22, mid= 1
ROM Debug: breakpoints[ 4] read 07d0
State: SEARCH, left= 2, right=22, mid= 1
ROM Debug: breakpoints[ 4] read 07d0
State: SEARCH, left= 2, right=22, mid=12
ROM Debug: breakpoints[ 4] read 07d0
State: SEARCH, left=13, right=22, mid=12
ROM Debug: breakpoints[ 4] read 07d0
State: SEARCH, left=13, right=22, mid= 1
ROM Debug: breakpoints[ 4] read 07d0
State: SEARCH, left= 2, right=22, mid= 1
ROM Debug: breakpoints[ 4] read 07d0
State: SEARCH, left= 2, right=22, mid=12
ROM Debug: breakpoints[ 4] read 07d0
State: SEARCH, left=13, right=22, mid=12
ROM Debug: breakpoints[ 4] read 07d0
State: SEARCH, left=13, right=22, mid= 1
ROM Debug: breakpoints[ 4] read 07d0
State: SEARCH, left= 2, right=22, mid= 1
ROM Debug: breakpoints[ 4] read 07d0
State: SEARCH, left= 2, right=22, mid=12
ROM Debug: breakpoints[ 4] read 07d0
State: SEARCH, left=13, right=22, mid=12
ROM Debug: breakpoints[ 4] read 07d0
State: SEARCH, left=13, right=22, mid= 1
ROM Debug: breakpoints[ 4] read 07d0
State: SEARCH, left= 2, right=22, mid= 1
ROM Debug: breakpoints[ 4] read 07d0
State: SEARCH, left= 2, right=22, mid=12
ROM Debug: breakpoints[ 4] read 07d0
State: SEARCH, left=13, right=22, mid=12
ROM Debug: breakpoints[ 4] read 07d0
State: SEARCH, left=13, right=22, mid= 1
ROM Debug: breakpoints[ 4] read 07d0
State: SEARCH, left= 2, right=22, mid= 1
ROM Debug: breakpoints[ 4] read 07d0
State: SEARCH, left= 2, right=22, mid=12
ROM Debug: breakpoints[ 4] read 07d0
State: SEARCH, left=13, right=22, mid=12
ROM Debug: breakpoints[ 4] read 07d0
State: SEARCH, left=13, right=22, mid= 1
ROM Debug: breakpoints[ 4] read 07d0
State: SEARCH, left= 2, right=22, mid= 1
ROM Debug: breakpoints[ 4] read 07d0
State: SEARCH, left= 2, right=22, mid=12
ROM Debug: breakpoints[ 4] read 07d0
State: SEARCH, left=13, right=22, mid=12
ROM Debug: breakpoints[ 4] read 07d0
State: SEARCH, left=13, right=22, mid= 1
ROM Debug: breakpoints[ 4] read 07d0
State: SEARCH, left= 2, right=22, mid= 1
ROM Debug: breakpoints[ 4] read 07d0
State: SEARCH, left= 2, right=22, mid=12
ROM Debug: breakpoints[ 4] read 07d0
State: SEARCH, left=13, right=22, mid=12
ROM Debug: breakpoints[ 4] read 07d0
State: SEARCH, left=13, right=22, mid= 1
ROM Debug: breakpoints[ 4] read 07d0
State: SEARCH, left= 2, right=22, mid= 1
ROM Debug: breakpoints[ 4] read 07d0
State: SEARCH, left= 2, right=22, mid=12
ROM Debug: breakpoints[ 4] read 07d0
State: SEARCH, left=13, right=22, mid=12
ROM Debug: breakpoints[ 4] read 07d0
State: SEARCH, left=13, right=22, mid= 1
ROM Debug: breakpoints[ 4] read 07d0
State: SEARCH, left= 2, right=22, mid= 1
ROM Debug: breakpoints[ 4] read 07d0
State: SEARCH, left= 2, right=22, mid=12
ROM Debug: breakpoints[ 4] read 07d0
State: SEARCH, left=13, right=22, mid=12
ROM Debug: breakpoints[ 4] read 07d0
State: SEARCH, left=13, right=22, mid= 1
ROM Debug: breakpoints[ 4] read 07d0
State: SEARCH, left= 2, right=22, mid= 1
ROM Debug: breakpoints[ 4] read 07d0
State: SEARCH, left= 2, right=22, mid=12
ROM Debug: breakpoints[ 4] read 07d0
State: SEARCH, left=13, right=22, mid=12
ROM Debug: breakpoints[ 4] read 07d0
State: SEARCH, left=13, right=22, mid= 1
ROM Debug: breakpoints[ 4] read 07d0
State: SEARCH, left= 2, right=22, mid= 1
ROM Debug: breakpoints[ 4] read 07d0
State: SEARCH, left= 2, right=22, mid=12
ROM Debug: breakpoints[ 4] read 07d0
State: SEARCH, left=13, right=22, mid=12
ROM Debug: breakpoints[ 4] read 07d0
State: SEARCH, left=13, right=22, mid= 1
ROM Debug: breakpoints[ 4] read 07d0
State: SEARCH, left= 2, right=22, mid= 1
ROM Debug: breakpoints[ 4] read 07d0
State: SEARCH, left= 2, right=22, mid=12
ROM Debug: breakpoints[ 4] read 07d0
State: SEARCH, left=13, right=22, mid=12
ROM Debug: breakpoints[ 4] read 07d0
State: SEARCH, left=13, right=22, mid= 1
ROM Debug: breakpoints[ 4] read 07d0
State: SEARCH, left= 2, right=22, mid= 1
ROM Debug: breakpoints[ 4] read 07d0
State: SEARCH, left= 2, right=22, mid=12
ROM Debug: breakpoints[ 4] read 07d0
State: SEARCH, left=13, right=22, mid=12
ROM Debug: breakpoints[ 4] read 07d0
State: SEARCH, left=13, right=22, mid= 1
ROM Debug: breakpoints[ 4] read 07d0
State: SEARCH, left= 2, right=22, mid= 1
ROM Debug: breakpoints[ 4] read 07d0
State: SEARCH, left= 2, right=22, mid=12
ROM Debug: breakpoints[ 4] read 07d0
State: SEARCH, left=13, right=22, mid=12
ROM Debug: breakpoints[ 4] read 07d0
State: SEARCH, left=13, right=22, mid= 1
ROM Debug: breakpoints[ 4] read 07d0
State: SEARCH, left= 2, right=22, mid= 1
ROM Debug: breakpoints[ 4] read 07d0
State: SEARCH, left= 2, right=22, mid=12
ROM Debug: breakpoints[ 4] read 07d0
State: SEARCH, left=13, right=22, mid=12
ROM Debug: breakpoints[ 4] read 07d0
State: SEARCH, left=13, right=22, mid= 1
ROM Debug: breakpoints[ 4] read 07d0
State: SEARCH, left= 2, right=22, mid= 1
ROM Debug: breakpoints[ 4] read 07d0
State: SEARCH, left= 2, right=22, mid=12
ROM Debug: breakpoints[ 4] read 07d0
State: SEARCH, left=13, right=22, mid=12
ROM Debug: breakpoints[ 4] read 07d0
State: SEARCH, left=13, right=22, mid= 1
ROM Debug: breakpoints[ 4] read 07d0
State: SEARCH, left= 2, right=22, mid= 1
ROM Debug: breakpoints[ 4] read 07d0
State: SEARCH, left= 2, right=22, mid=12
ROM Debug: breakpoints[ 4] read 07d0
State: SEARCH, left=13, right=22, mid=12
ROM Debug: breakpoints[ 4] read 07d0
State: SEARCH, left=13, right=22, mid= 1
ROM Debug: breakpoints[ 4] read 07d0
State: SEARCH, left= 2, right=22, mid= 1
ROM Debug: breakpoints[ 4] read 07d0
State: SEARCH, left= 2, right=22, mid=12
ROM Debug: breakpoints[ 4] read 07d0
State: SEARCH, left=13, right=22, mid=12
ROM Debug: breakpoints[ 4] read 07d0
State: SEARCH, left=13, right=22, mid= 1
ROM Debug: breakpoints[ 4] read 07d0
State: SEARCH, left= 2, right=22, mid= 1
ROM Debug: breakpoints[ 4] read 07d0
State: SEARCH, left= 2, right=22, mid=12
ROM Debug: breakpoints[ 4] read 07d0
State: SEARCH, left=13, right=22, mid=12
ROM Debug: breakpoints[ 4] read 07d0
State: SEARCH, left=13, right=22, mid= 1
ROM Debug: breakpoints[ 4] read 07d0
State: SEARCH, left= 2, right=22, mid= 1
ROM Debug: breakpoints[ 4] read 07d0
State: SEARCH, left= 2, right=22, mid=12
ROM Debug: breakpoints[ 4] read 07d0
State: SEARCH, left=13, right=22, mid=12
ROM Debug: breakpoints[ 4] read 07d0
State: SEARCH, left=13, right=22, mid= 1
ROM Debug: breakpoints[ 4] read 07d0
State: SEARCH, left= 2, right=22, mid= 1
ROM Debug: breakpoints[ 4] read 07d0
State: SEARCH, left= 2, right=22, mid=12
ROM Debug: breakpoints[ 4] read 07d0
State: SEARCH, left=13, right=22, mid=12
ROM Debug: breakpoints[ 4] read 07d0
State: SEARCH, left=13, right=22, mid= 1
ROM Debug: breakpoints[ 4] read 07d0
State: SEARCH, left= 2, right=22, mid= 1
ROM Debug: breakpoints[ 4] read 07d0
State: SEARCH, left= 2, right=22, mid=12
ROM Debug: breakpoints[ 4] read 07d0
State: SEARCH, left=13, right=22, mid=12
ROM Debug: breakpoints[ 4] read 07d0
State: SEARCH, left=13, right=22, mid= 1
ROM Debug: breakpoints[ 4] read 07d0
State: SEARCH, left= 2, right=22, mid= 1
ROM Debug: breakpoints[ 4] read 07d0
State: SEARCH, left= 2, right=22, mid=12
ROM Debug: breakpoints[ 4] read 07d0
State: SEARCH, left=13, right=22, mid=12
ROM Debug: breakpoints[ 4] read 07d0
State: SEARCH, left=13, right=22, mid= 1
ROM Debug: breakpoints[ 4] read 07d0
State: SEARCH, left= 2, right=22, mid= 1
ROM Debug: breakpoints[ 4] read 07d0
State: SEARCH, left= 2, right=22, mid=12
ROM Debug: breakpoints[ 4] read 07d0
State: SEARCH, left=13, right=22, mid=12
ROM Debug: breakpoints[ 4] read 07d0
State: SEARCH, left=13, right=22, mid= 1
ROM Debug: breakpoints[ 4] read 07d0
State: SEARCH, left= 2, right=22, mid= 1
ROM Debug: breakpoints[ 4] read 07d0
State: SEARCH, left= 2, right=22, mid=12
ROM Debug: breakpoints[ 4] read 07d0
State: SEARCH, left=13, right=22, mid=12
ROM Debug: breakpoints[ 4] read 07d0
State: SEARCH, left=13, right=22, mid= 1
ROM Debug: breakpoints[ 4] read 07d0
State: SEARCH, left= 2, right=22, mid= 1
ROM Debug: breakpoints[ 4] read 07d0
State: SEARCH, left= 2, right=22, mid=12
ROM Debug: breakpoints[ 4] read 07d0
State: SEARCH, left=13, right=22, mid=12
ROM Debug: breakpoints[ 4] read 07d0
State: SEARCH, left=13, right=22, mid= 1
ROM Debug: breakpoints[ 4] read 07d0
State: SEARCH, left= 2, right=22, mid= 1
ROM Debug: breakpoints[ 4] read 07d0
State: SEARCH, left= 2, right=22, mid=12
ROM Debug: breakpoints[ 4] read 07d0
State: SEARCH, left=13, right=22, mid=12
ROM Debug: breakpoints[ 4] read 07d0
State: SEARCH, left=13, right=22, mid= 1
ROM Debug: breakpoints[ 4] read 07d0
State: SEARCH, left= 2, right=22, mid= 1
ROM Debug: breakpoints[ 4] read 07d0
State: SEARCH, left= 2, right=22, mid=12
ROM Debug: breakpoints[ 4] read 07d0
State: SEARCH, left=13, right=22, mid=12
ROM Debug: breakpoints[ 4] read 07d0
State: SEARCH, left=13, right=22, mid= 1
ROM Debug: breakpoints[ 4] read 07d0
State: SEARCH, left= 2, right=22, mid= 1
ROM Debug: breakpoints[ 4] read 07d0
State: SEARCH, left= 2, right=22, mid=12
ROM Debug: breakpoints[ 4] read 07d0
State: SEARCH, left=13, right=22, mid=12
ROM Debug: breakpoints[ 4] read 07d0
State: SEARCH, left=13, right=22, mid= 1
ROM Debug: breakpoints[ 4] read 07d0
State: SEARCH, left= 2, right=22, mid= 1
ROM Debug: breakpoints[ 4] read 07d0
State: SEARCH, left= 2, right=22, mid=12
ROM Debug: breakpoints[ 4] read 07d0
State: SEARCH, left=13, right=22, mid=12
ROM Debug: breakpoints[ 4] read 07d0
State: SEARCH, left=13, right=22, mid= 1
ROM Debug: breakpoints[ 4] read 07d0
State: SEARCH, left= 2, right=22, mid= 1
ROM Debug: breakpoints[ 4] read 07d0
State: SEARCH, left= 2, right=22, mid=12
ROM Debug: breakpoints[ 4] read 07d0
State: SEARCH, left=13, right=22, mid=12
ROM Debug: breakpoints[ 4] read 07d0
State: SEARCH, left=13, right=22, mid= 1
ROM Debug: breakpoints[ 4] read 07d0
State: SEARCH, left= 2, right=22, mid= 1
ROM Debug: breakpoints[ 4] read 07d0
State: SEARCH, left= 2, right=22, mid=12
ROM Debug: breakpoints[ 4] read 07d0
State: SEARCH, left=13, right=22, mid=12
ROM Debug: breakpoints[ 4] read 07d0
State: SEARCH, left=13, right=22, mid= 1
ROM Debug: breakpoints[ 4] read 07d0
State: SEARCH, left= 2, right=22, mid= 1
ROM Debug: breakpoints[ 4] read 07d0
State: SEARCH, left= 2, right=22, mid=12
ROM Debug: breakpoints[ 4] read 07d0
State: SEARCH, left=13, right=22, mid=12
ROM Debug: breakpoints[ 4] read 07d0
State: SEARCH, left=13, right=22, mid= 1
ROM Debug: breakpoints[ 4] read 07d0
State: SEARCH, left= 2, right=22, mid= 1
ROM Debug: breakpoints[ 4] read 07d0
State: SEARCH, left= 2, right=22, mid=12
ROM Debug: breakpoints[ 4] read 07d0
State: SEARCH, left=13, right=22, mid=12
ROM Debug: breakpoints[ 4] read 07d0
State: SEARCH, left=13, right=22, mid= 1
ROM Debug: breakpoints[ 4] read 07d0
State: SEARCH, left= 2, right=22, mid= 1
ROM Debug: breakpoints[ 4] read 07d0
State: SEARCH, left= 2, right=22, mid=12
ROM Debug: breakpoints[ 4] read 07d0
State: SEARCH, left=13, right=22, mid=12
ROM Debug: breakpoints[ 4] read 07d0
State: SEARCH, left=13, right=22, mid= 1
ROM Debug: breakpoints[ 4] read 07d0
State: SEARCH, left= 2, right=22, mid= 1
ROM Debug: breakpoints[ 4] read 07d0
State: SEARCH, left= 2, right=22, mid=12
ROM Debug: breakpoints[ 4] read 07d0
State: SEARCH, left=13, right=22, mid=12
ROM Debug: breakpoints[ 4] read 07d0
State: SEARCH, left=13, right=22, mid= 1
ROM Debug: breakpoints[ 4] read 07d0
State: SEARCH, left= 2, right=22, mid= 1
ROM Debug: breakpoints[ 4] read 07d0
State: SEARCH, left= 2, right=22, mid=12
ROM Debug: breakpoints[ 4] read 07d0
State: SEARCH, left=13, right=22, mid=12
ROM Debug: breakpoints[ 4] read 07d0
State: SEARCH, left=13, right=22, mid= 1
ROM Debug: breakpoints[ 4] read 07d0
State: SEARCH, left= 2, right=22, mid= 1
ROM Debug: breakpoints[ 4] read 07d0
State: SEARCH, left= 2, right=22, mid=12
ROM Debug: breakpoints[ 4] read 07d0
State: SEARCH, left=13, right=22, mid=12
ROM Debug: breakpoints[ 4] read 07d0
State: SEARCH, left=13, right=22, mid= 1
ROM Debug: breakpoints[ 4] read 07d0
State: SEARCH, left= 2, right=22, mid= 1
ROM Debug: breakpoints[ 4] read 07d0
State: SEARCH, left= 2, right=22, mid=12
ROM Debug: breakpoints[ 4] read 07d0
State: SEARCH, left=13, right=22, mid=12
ROM Debug: breakpoints[ 4] read 07d0
State: SEARCH, left=13, right=22, mid= 1
ROM Debug: breakpoints[ 4] read 07d0
State: SEARCH, left= 2, right=22, mid= 1
ROM Debug: breakpoints[ 4] read 07d0
State: SEARCH, left= 2, right=22, mid=12
ROM Debug: breakpoints[ 4] read 07d0
State: SEARCH, left=13, right=22, mid=12
ROM Debug: breakpoints[ 4] read 07d0
State: SEARCH, left=13, right=22, mid= 1
ROM Debug: breakpoints[ 4] read 07d0
State: SEARCH, left= 2, right=22, mid= 1
ROM Debug: breakpoints[ 4] read 07d0
State: SEARCH, left= 2, right=22, mid=12
ROM Debug: breakpoints[ 4] read 07d0
State: SEARCH, left=13, right=22, mid=12
ROM Debug: breakpoints[ 4] read 07d0
State: SEARCH, left=13, right=22, mid= 1
ROM Debug: breakpoints[ 4] read 07d0
State: SEARCH, left= 2, right=22, mid= 1
ROM Debug: breakpoints[ 4] read 07d0
State: SEARCH, left= 2, right=22, mid=12
ROM Debug: breakpoints[ 4] read 07d0
State: SEARCH, left=13, right=22, mid=12
ROM Debug: breakpoints[ 4] read 07d0
State: SEARCH, left=13, right=22, mid= 1
ROM Debug: breakpoints[ 4] read 07d0
State: SEARCH, left= 2, right=22, mid= 1
ROM Debug: breakpoints[ 4] read 07d0
State: SEARCH, left= 2, right=22, mid=12
ROM Debug: breakpoints[ 4] read 07d0
State: SEARCH, left=13, right=22, mid=12
ROM Debug: breakpoints[ 4] read 07d0
State: SEARCH, left=13, right=22, mid= 1
ROM Debug: breakpoints[ 4] read 07d0
State: SEARCH, left= 2, right=22, mid= 1
ROM Debug: breakpoints[ 4] read 07d0
State: SEARCH, left= 2, right=22, mid=12
ROM Debug: breakpoints[ 4] read 07d0
State: SEARCH, left=13, right=22, mid=12
ROM Debug: breakpoints[ 4] read 07d0
State: SEARCH, left=13, right=22, mid= 1
ROM Debug: breakpoints[ 4] read 07d0
State: SEARCH, left= 2, right=22, mid= 1
ROM Debug: breakpoints[ 4] read 07d0
State: SEARCH, left= 2, right=22, mid=12
ROM Debug: breakpoints[ 4] read 07d0
State: SEARCH, left=13, right=22, mid=12
ROM Debug: breakpoints[ 4] read 07d0
State: SEARCH, left=13, right=22, mid= 1
ROM Debug: breakpoints[ 4] read 07d0
State: SEARCH, left= 2, right=22, mid= 1
ROM Debug: breakpoints[ 4] read 07d0
State: SEARCH, left= 2, right=22, mid=12
ROM Debug: breakpoints[ 4] read 07d0
State: SEARCH, left=13, right=22, mid=12
ROM Debug: breakpoints[ 4] read 07d0
State: SEARCH, left=13, right=22, mid= 1
ROM Debug: breakpoints[ 4] read 07d0
State: SEARCH, left= 2, right=22, mid= 1
ROM Debug: breakpoints[ 4] read 07d0
State: SEARCH, left= 2, right=22, mid=12
ROM Debug: breakpoints[ 4] read 07d0
State: SEARCH, left=13, right=22, mid=12
ROM Debug: breakpoints[ 4] read 07d0
State: SEARCH, left=13, right=22, mid= 1
ROM Debug: breakpoints[ 4] read 07d0
State: SEARCH, left= 2, right=22, mid= 1
ROM Debug: breakpoints[ 4] read 07d0
State: SEARCH, left= 2, right=22, mid=12
ROM Debug: breakpoints[ 4] read 07d0
State: SEARCH, left=13, right=22, mid=12
ROM Debug: breakpoints[ 4] read 07d0
State: SEARCH, left=13, right=22, mid= 1
ROM Debug: breakpoints[ 4] read 07d0
State: SEARCH, left= 2, right=22, mid= 1
ROM Debug: breakpoints[ 4] read 07d0
State: SEARCH, left= 2, right=22, mid=12
ROM Debug: breakpoints[ 4] read 07d0
State: SEARCH, left=13, right=22, mid=12
ROM Debug: breakpoints[ 4] read 07d0
State: SEARCH, left=13, right=22, mid= 1
ROM Debug: breakpoints[ 4] read 07d0
State: SEARCH, left= 2, right=22, mid= 1
ROM Debug: breakpoints[ 4] read 07d0
State: SEARCH, left= 2, right=22, mid=12
ROM Debug: breakpoints[ 4] read 07d0
State: SEARCH, left=13, right=22, mid=12
ROM Debug: breakpoints[ 4] read 07d0
State: SEARCH, left=13, right=22, mid= 1
ROM Debug: breakpoints[ 4] read 07d0
State: SEARCH, left= 2, right=22, mid= 1
ROM Debug: breakpoints[ 4] read 07d0
State: SEARCH, left= 2, right=22, mid=12
ROM Debug: breakpoints[ 4] read 07d0
State: SEARCH, left=13, right=22, mid=12
ROM Debug: breakpoints[ 4] read 07d0
State: SEARCH, left=13, right=22, mid= 1
ROM Debug: breakpoints[ 4] read 07d0
State: SEARCH, left= 2, right=22, mid= 1
ROM Debug: breakpoints[ 4] read 07d0
State: SEARCH, left= 2, right=22, mid=12
ROM Debug: breakpoints[ 4] read 07d0
State: SEARCH, left=13, right=22, mid=12
ROM Debug: breakpoints[ 4] read 07d0
State: SEARCH, left=13, right=22, mid= 1
ROM Debug: breakpoints[ 4] read 07d0
State: SEARCH, left= 2, right=22, mid= 1
ROM Debug: breakpoints[ 4] read 07d0
State: SEARCH, left= 2, right=22, mid=12
ROM Debug: breakpoints[ 4] read 07d0
State: SEARCH, left=13, right=22, mid=12
ROM Debug: breakpoints[ 4] read 07d0
State: SEARCH, left=13, right=22, mid= 1
ROM Debug: breakpoints[ 4] read 07d0
State: SEARCH, left= 2, right=22, mid= 1
ROM Debug: breakpoints[ 4] read 07d0
State: SEARCH, left= 2, right=22, mid=12
ROM Debug: breakpoints[ 4] read 07d0
State: SEARCH, left=13, right=22, mid=12
ROM Debug: breakpoints[ 4] read 07d0
State: SEARCH, left=13, right=22, mid= 1
ROM Debug: breakpoints[ 4] read 07d0
State: SEARCH, left= 2, right=22, mid= 1
ROM Debug: breakpoints[ 4] read 07d0
State: SEARCH, left= 2, right=22, mid=12
ROM Debug: breakpoints[ 4] read 07d0
State: SEARCH, left=13, right=22, mid=12
ROM Debug: breakpoints[ 4] read 07d0
State: SEARCH, left=13, right=22, mid= 1
ROM Debug: breakpoints[ 4] read 07d0
State: SEARCH, left= 2, right=22, mid= 1
ROM Debug: breakpoints[ 4] read 07d0
State: SEARCH, left= 2, right=22, mid=12
ROM Debug: breakpoints[ 4] read 07d0
State: SEARCH, left=13, right=22, mid=12
ROM Debug: breakpoints[ 4] read 07d0
State: SEARCH, left=13, right=22, mid= 1
ROM Debug: breakpoints[ 4] read 07d0
State: SEARCH, left= 2, right=22, mid= 1
ROM Debug: breakpoints[ 4] read 07d0
State: SEARCH, left= 2, right=22, mid=12
ROM Debug: breakpoints[ 4] read 07d0
State: SEARCH, left=13, right=22, mid=12
ROM Debug: breakpoints[ 4] read 07d0
State: SEARCH, left=13, right=22, mid= 1
ROM Debug: breakpoints[ 4] read 07d0
State: SEARCH, left= 2, right=22, mid= 1
ROM Debug: breakpoints[ 4] read 07d0
State: SEARCH, left= 2, right=22, mid=12
ROM Debug: breakpoints[ 4] read 07d0
State: SEARCH, left=13, right=22, mid=12
ROM Debug: breakpoints[ 4] read 07d0
State: SEARCH, left=13, right=22, mid= 1
ROM Debug: breakpoints[ 4] read 07d0
State: SEARCH, left= 2, right=22, mid= 1
ROM Debug: breakpoints[ 4] read 07d0
State: SEARCH, left= 2, right=22, mid=12
ROM Debug: breakpoints[ 4] read 07d0
State: SEARCH, left=13, right=22, mid=12
ROM Debug: breakpoints[ 4] read 07d0
State: SEARCH, left=13, right=22, mid= 1
ROM Debug: breakpoints[ 4] read 07d0
State: SEARCH, left= 2, right=22, mid= 1
ROM Debug: breakpoints[ 4] read 07d0
State: SEARCH, left= 2, right=22, mid=12
ROM Debug: breakpoints[ 4] read 07d0
State: SEARCH, left=13, right=22, mid=12
ROM Debug: breakpoints[ 4] read 07d0
State: SEARCH, left=13, right=22, mid= 1
ROM Debug: breakpoints[ 4] read 07d0
State: SEARCH, left= 2, right=22, mid= 1
ROM Debug: breakpoints[ 4] read 07d0
State: SEARCH, left= 2, right=22, mid=12
ROM Debug: breakpoints[ 4] read 07d0
State: SEARCH, left=13, right=22, mid=12
ROM Debug: breakpoints[ 4] read 07d0
State: SEARCH, left=13, right=22, mid= 1
ROM Debug: breakpoints[ 4] read 07d0
State: SEARCH, left= 2, right=22, mid= 1
ROM Debug: breakpoints[ 4] read 07d0
State: SEARCH, left= 2, right=22, mid=12
ROM Debug: breakpoints[ 4] read 07d0
State: SEARCH, left=13, right=22, mid=12
ROM Debug: breakpoints[ 4] read 07d0
State: SEARCH, left=13, right=22, mid= 1
ROM Debug: breakpoints[ 4] read 07d0
State: SEARCH, left= 2, right=22, mid= 1
ROM Debug: breakpoints[ 4] read 07d0
State: SEARCH, left= 2, right=22, mid=12
ROM Debug: breakpoints[ 4] read 07d0
State: SEARCH, left=13, right=22, mid=12
ROM Debug: breakpoints[ 4] read 07d0
State: SEARCH, left=13, right=22, mid= 1
ROM Debug: breakpoints[ 4] read 07d0
State: SEARCH, left= 2, right=22, mid= 1
ROM Debug: breakpoints[ 4] read 07d0
State: SEARCH, left= 2, right=22, mid=12
ROM Debug: breakpoints[ 4] read 07d0
State: SEARCH, left=13, right=22, mid=12
ROM Debug: breakpoints[ 4] read 07d0
State: SEARCH, left=13, right=22, mid= 1
ROM Debug: breakpoints[ 4] read 07d0
State: SEARCH, left= 2, right=22, mid= 1
ROM Debug: breakpoints[ 4] read 07d0
State: SEARCH, left= 2, right=22, mid=12
ROM Debug: breakpoints[ 4] read 07d0
State: SEARCH, left=13, right=22, mid=12
ROM Debug: breakpoints[ 4] read 07d0
State: SEARCH, left=13, right=22, mid= 1
ROM Debug: breakpoints[ 4] read 07d0
State: SEARCH, left= 2, right=22, mid= 1
ROM Debug: breakpoints[ 4] read 07d0
State: SEARCH, left= 2, right=22, mid=12
ROM Debug: breakpoints[ 4] read 07d0
State: SEARCH, left=13, right=22, mid=12
ROM Debug: breakpoints[ 4] read 07d0
State: SEARCH, left=13, right=22, mid= 1
ROM Debug: breakpoints[ 4] read 07d0
State: SEARCH, left= 2, right=22, mid= 1
ROM Debug: breakpoints[ 4] read 07d0
State: SEARCH, left= 2, right=22, mid=12
ROM Debug: breakpoints[ 4] read 07d0
State: SEARCH, left=13, right=22, mid=12
ROM Debug: breakpoints[ 4] read 07d0
State: SEARCH, left=13, right=22, mid= 1
ROM Debug: breakpoints[ 4] read 07d0
State: SEARCH, left= 2, right=22, mid= 1
ROM Debug: breakpoints[ 4] read 07d0
State: SEARCH, left= 2, right=22, mid=12
ROM Debug: breakpoints[ 4] read 07d0
State: SEARCH, left=13, right=22, mid=12
ROM Debug: breakpoints[ 4] read 07d0
State: SEARCH, left=13, right=22, mid= 1
ROM Debug: breakpoints[ 4] read 07d0
State: SEARCH, left= 2, right=22, mid= 1
ROM Debug: breakpoints[ 4] read 07d0
State: SEARCH, left= 2, right=22, mid=12
ROM Debug: breakpoints[ 4] read 07d0
State: SEARCH, left=13, right=22, mid=12
ROM Debug: breakpoints[ 4] read 07d0
State: SEARCH, left=13, right=22, mid= 1
ROM Debug: breakpoints[ 4] read 07d0
State: SEARCH, left= 2, right=22, mid= 1
ROM Debug: breakpoints[ 4] read 07d0
State: SEARCH, left= 2, right=22, mid=12
ROM Debug: breakpoints[ 4] read 07d0
State: SEARCH, left=13, right=22, mid=12
ROM Debug: breakpoints[ 4] read 07d0
State: SEARCH, left=13, right=22, mid= 1
ROM Debug: breakpoints[ 4] read 07d0
State: SEARCH, left= 2, right=22, mid= 1
ROM Debug: breakpoints[ 4] read 07d0
State: SEARCH, left= 2, right=22, mid=12
ROM Debug: breakpoints[ 4] read 07d0
State: SEARCH, left=13, right=22, mid=12
ROM Debug: breakpoints[ 4] read 07d0
State: SEARCH, left=13, right=22, mid= 1
ROM Debug: breakpoints[ 4] read 07d0
State: SEARCH, left= 2, right=22, mid= 1
ROM Debug: breakpoints[ 4] read 07d0
State: SEARCH, left= 2, right=22, mid=12
ROM Debug: breakpoints[ 4] read 07d0
State: SEARCH, left=13, right=22, mid=12
ROM Debug: breakpoints[ 4] read 07d0
State: SEARCH, left=13, right=22, mid= 1
ROM Debug: breakpoints[ 4] read 07d0
State: SEARCH, left= 2, right=22, mid= 1
ROM Debug: breakpoints[ 4] read 07d0
State: SEARCH, left= 2, right=22, mid=12
ROM Debug: breakpoints[ 4] read 07d0
State: SEARCH, left=13, right=22, mid=12
ROM Debug: breakpoints[ 4] read 07d0
State: SEARCH, left=13, right=22, mid= 1
ROM Debug: breakpoints[ 4] read 07d0
State: SEARCH, left= 2, right=22, mid= 1
ROM Debug: breakpoints[ 4] read 07d0
State: SEARCH, left= 2, right=22, mid=12
ROM Debug: breakpoints[ 4] read 07d0
State: SEARCH, left=13, right=22, mid=12
ROM Debug: breakpoints[ 4] read 07d0
State: SEARCH, left=13, right=22, mid= 1
ROM Debug: breakpoints[ 4] read 07d0
State: SEARCH, left= 2, right=22, mid= 1
ROM Debug: breakpoints[ 4] read 07d0
State: SEARCH, left= 2, right=22, mid=12
ROM Debug: breakpoints[ 4] read 07d0
State: SEARCH, left=13, right=22, mid=12
ROM Debug: breakpoints[ 4] read 07d0
State: SEARCH, left=13, right=22, mid= 1
ROM Debug: breakpoints[ 4] read 07d0
State: SEARCH, left= 2, right=22, mid= 1
ROM Debug: breakpoints[ 4] read 07d0
State: SEARCH, left= 2, right=22, mid=12
ROM Debug: breakpoints[ 4] read 07d0
State: SEARCH, left=13, right=22, mid=12
ROM Debug: breakpoints[ 4] read 07d0
State: SEARCH, left=13, right=22, mid= 1
ROM Debug: breakpoints[ 4] read 07d0
State: SEARCH, left= 2, right=22, mid= 1
ROM Debug: breakpoints[ 4] read 07d0
State: SEARCH, left= 2, right=22, mid=12
ROM Debug: breakpoints[ 4] read 07d0
State: SEARCH, left=13, right=22, mid=12
ROM Debug: breakpoints[ 4] read 07d0
State: SEARCH, left=13, right=22, mid= 1
ROM Debug: breakpoints[ 4] read 07d0
State: SEARCH, left= 2, right=22, mid= 1
ROM Debug: breakpoints[ 4] read 07d0
State: SEARCH, left= 2, right=22, mid=12
ROM Debug: breakpoints[ 4] read 07d0
State: SEARCH, left=13, right=22, mid=12
ROM Debug: breakpoints[ 4] read 07d0
State: SEARCH, left=13, right=22, mid= 1
ROM Debug: breakpoints[ 4] read 07d0
State: SEARCH, left= 2, right=22, mid= 1
ROM Debug: breakpoints[ 4] read 07d0
State: SEARCH, left= 2, right=22, mid=12
ROM Debug: breakpoints[ 4] read 07d0
State: SEARCH, left=13, right=22, mid=12
ROM Debug: breakpoints[ 4] read 07d0
State: SEARCH, left=13, right=22, mid= 1
ROM Debug: breakpoints[ 4] read 07d0
State: SEARCH, left= 2, right=22, mid= 1
ROM Debug: breakpoints[ 4] read 07d0
State: SEARCH, left= 2, right=22, mid=12
ROM Debug: breakpoints[ 4] read 07d0
State: SEARCH, left=13, right=22, mid=12
ROM Debug: breakpoints[ 4] read 07d0
State: SEARCH, left=13, right=22, mid= 1
ROM Debug: breakpoints[ 4] read 07d0
State: SEARCH, left= 2, right=22, mid= 1
ROM Debug: breakpoints[ 4] read 07d0
State: SEARCH, left= 2, right=22, mid=12
ROM Debug: breakpoints[ 4] read 07d0
State: SEARCH, left=13, right=22, mid=12
ROM Debug: breakpoints[ 4] read 07d0
State: SEARCH, left=13, right=22, mid= 1
ROM Debug: breakpoints[ 4] read 07d0
State: SEARCH, left= 2, right=22, mid= 1
ROM Debug: breakpoints[ 4] read 07d0
State: SEARCH, left= 2, right=22, mid=12
ROM Debug: breakpoints[ 4] read 07d0
State: SEARCH, left=13, right=22, mid=12
ROM Debug: breakpoints[ 4] read 07d0
State: SEARCH, left=13, right=22, mid= 1
ROM Debug: breakpoints[ 4] read 07d0
State: SEARCH, left= 2, right=22, mid= 1
ROM Debug: breakpoints[ 4] read 07d0
State: SEARCH, left= 2, right=22, mid=12
ROM Debug: breakpoints[ 4] read 07d0
State: SEARCH, left=13, right=22, mid=12
ROM Debug: breakpoints[ 4] read 07d0
State: SEARCH, left=13, right=22, mid= 1
ROM Debug: breakpoints[ 4] read 07d0
State: SEARCH, left= 2, right=22, mid= 1
ROM Debug: breakpoints[ 4] read 07d0
State: SEARCH, left= 2, right=22, mid=12
ROM Debug: breakpoints[ 4] read 07d0
State: SEARCH, left=13, right=22, mid=12
ROM Debug: breakpoints[ 4] read 07d0
State: SEARCH, left=13, right=22, mid= 1
ROM Debug: breakpoints[ 4] read 07d0
State: SEARCH, left= 2, right=22, mid= 1
ROM Debug: breakpoints[ 4] read 07d0
State: SEARCH, left= 2, right=22, mid=12
ROM Debug: breakpoints[ 4] read 07d0
State: SEARCH, left=13, right=22, mid=12
ROM Debug: breakpoints[ 4] read 07d0
State: SEARCH, left=13, right=22, mid= 1
ROM Debug: breakpoints[ 4] read 07d0
State: SEARCH, left= 2, right=22, mid= 1
ROM Debug: breakpoints[ 4] read 07d0
State: SEARCH, left= 2, right=22, mid=12
ROM Debug: breakpoints[ 4] read 07d0
State: SEARCH, left=13, right=22, mid=12
ROM Debug: breakpoints[ 4] read 07d0
State: SEARCH, left=13, right=22, mid= 1
ROM Debug: breakpoints[ 4] read 07d0
State: SEARCH, left= 2, right=22, mid= 1
ROM Debug: breakpoints[ 4] read 07d0
State: SEARCH, left= 2, right=22, mid=12
ROM Debug: breakpoints[ 4] read 07d0
State: SEARCH, left=13, right=22, mid=12
ROM Debug: breakpoints[ 4] read 07d0
State: SEARCH, left=13, right=22, mid= 1
ROM Debug: breakpoints[ 4] read 07d0
State: SEARCH, left= 2, right=22, mid= 1
ROM Debug: breakpoints[ 4] read 07d0
State: SEARCH, left= 2, right=22, mid=12
ROM Debug: breakpoints[ 4] read 07d0
State: SEARCH, left=13, right=22, mid=12
ROM Debug: breakpoints[ 4] read 07d0
State: SEARCH, left=13, right=22, mid= 1
ROM Debug: breakpoints[ 4] read 07d0
State: SEARCH, left= 2, right=22, mid= 1
ROM Debug: breakpoints[ 4] read 07d0
State: SEARCH, left= 2, right=22, mid=12
ROM Debug: breakpoints[ 4] read 07d0
State: SEARCH, left=13, right=22, mid=12
ROM Debug: breakpoints[ 4] read 07d0
State: SEARCH, left=13, right=22, mid= 1
ROM Debug: breakpoints[ 4] read 07d0
State: SEARCH, left= 2, right=22, mid= 1
ROM Debug: breakpoints[ 4] read 07d0
State: SEARCH, left= 2, right=22, mid=12
ROM Debug: breakpoints[ 4] read 07d0
State: SEARCH, left=13, right=22, mid=12
ROM Debug: breakpoints[ 4] read 07d0
State: SEARCH, left=13, right=22, mid= 1
ROM Debug: breakpoints[ 4] read 07d0
State: SEARCH, left= 2, right=22, mid= 1
ROM Debug: breakpoints[ 4] read 07d0
State: SEARCH, left= 2, right=22, mid=12
ROM Debug: breakpoints[ 4] read 07d0
State: SEARCH, left=13, right=22, mid=12
ROM Debug: breakpoints[ 4] read 07d0
State: SEARCH, left=13, right=22, mid= 1
ROM Debug: breakpoints[ 4] read 07d0
State: SEARCH, left= 2, right=22, mid= 1
ROM Debug: breakpoints[ 4] read 07d0
State: SEARCH, left= 2, right=22, mid=12
ROM Debug: breakpoints[ 4] read 07d0
State: SEARCH, left=13, right=22, mid=12
ROM Debug: breakpoints[ 4] read 07d0
State: SEARCH, left=13, right=22, mid= 1
ROM Debug: breakpoints[ 4] read 07d0
State: SEARCH, left= 2, right=22, mid= 1
ROM Debug: breakpoints[ 4] read 07d0
State: SEARCH, left= 2, right=22, mid=12
ROM Debug: breakpoints[ 4] read 07d0
State: SEARCH, left=13, right=22, mid=12
ROM Debug: breakpoints[ 4] read 07d0
State: SEARCH, left=13, right=22, mid= 1
ROM Debug: breakpoints[ 4] read 07d0
State: SEARCH, left= 2, right=22, mid= 1
ROM Debug: breakpoints[ 4] read 07d0
State: SEARCH, left= 2, right=22, mid=12
ROM Debug: breakpoints[ 4] read 07d0
State: SEARCH, left=13, right=22, mid=12
ROM Debug: breakpoints[ 4] read 07d0
State: SEARCH, left=13, right=22, mid= 1
ROM Debug: breakpoints[ 4] read 07d0
State: SEARCH, left= 2, right=22, mid= 1
ROM Debug: breakpoints[ 4] read 07d0
State: SEARCH, left= 2, right=22, mid=12
ROM Debug: breakpoints[ 4] read 07d0
State: SEARCH, left=13, right=22, mid=12
ROM Debug: breakpoints[ 4] read 07d0
State: SEARCH, left=13, right=22, mid= 1
ROM Debug: breakpoints[ 4] read 07d0
State: SEARCH, left= 2, right=22, mid= 1
ROM Debug: breakpoints[ 4] read 07d0
State: SEARCH, left= 2, right=22, mid=12
ROM Debug: breakpoints[ 4] read 07d0
State: SEARCH, left=13, right=22, mid=12
ROM Debug: breakpoints[ 4] read 07d0
State: SEARCH, left=13, right=22, mid= 1
ROM Debug: breakpoints[ 4] read 07d0
State: SEARCH, left= 2, right=22, mid= 1
ROM Debug: breakpoints[ 4] read 07d0
State: SEARCH, left= 2, right=22, mid=12
ROM Debug: breakpoints[ 4] read 07d0
State: SEARCH, left=13, right=22, mid=12
ROM Debug: breakpoints[ 4] read 07d0
State: SEARCH, left=13, right=22, mid= 1
ROM Debug: breakpoints[ 4] read 07d0
State: SEARCH, left= 2, right=22, mid= 1
ROM Debug: breakpoints[ 4] read 07d0
State: SEARCH, left= 2, right=22, mid=12
ROM Debug: breakpoints[ 4] read 07d0
State: SEARCH, left=13, right=22, mid=12
ROM Debug: breakpoints[ 4] read 07d0
State: SEARCH, left=13, right=22, mid= 1
ROM Debug: breakpoints[ 4] read 07d0
State: SEARCH, left= 2, right=22, mid= 1
ROM Debug: breakpoints[ 4] read 07d0
State: SEARCH, left= 2, right=22, mid=12
ROM Debug: breakpoints[ 4] read 07d0
State: SEARCH, left=13, right=22, mid=12
ROM Debug: breakpoints[ 4] read 07d0
State: SEARCH, left=13, right=22, mid= 1
ROM Debug: breakpoints[ 4] read 07d0
State: SEARCH, left= 2, right=22, mid= 1
ROM Debug: breakpoints[ 4] read 07d0
State: SEARCH, left= 2, right=22, mid=12
ROM Debug: breakpoints[ 4] read 07d0
State: SEARCH, left=13, right=22, mid=12
ROM Debug: breakpoints[ 4] read 07d0
State: SEARCH, left=13, right=22, mid= 1
ROM Debug: breakpoints[ 4] read 07d0
State: SEARCH, left= 2, right=22, mid= 1
ROM Debug: breakpoints[ 4] read 07d0
State: SEARCH, left= 2, right=22, mid=12
ROM Debug: breakpoints[ 4] read 07d0
State: SEARCH, left=13, right=22, mid=12
ROM Debug: breakpoints[ 4] read 07d0
State: SEARCH, left=13, right=22, mid= 1
ROM Debug: breakpoints[ 4] read 07d0
State: SEARCH, left= 2, right=22, mid= 1
ROM Debug: breakpoints[ 4] read 07d0
State: SEARCH, left= 2, right=22, mid=12
ROM Debug: breakpoints[ 4] read 07d0
State: SEARCH, left=13, right=22, mid=12
ROM Debug: breakpoints[ 4] read 07d0
State: SEARCH, left=13, right=22, mid= 1
ROM Debug: breakpoints[ 4] read 07d0
State: SEARCH, left= 2, right=22, mid= 1
ROM Debug: breakpoints[ 4] read 07d0
State: SEARCH, left= 2, right=22, mid=12
ROM Debug: breakpoints[ 4] read 07d0
State: SEARCH, left=13, right=22, mid=12
ROM Debug: breakpoints[ 4] read 07d0
State: SEARCH, left=13, right=22, mid= 1
ROM Debug: breakpoints[ 4] read 07d0
State: SEARCH, left= 2, right=22, mid= 1
ROM Debug: breakpoints[ 4] read 07d0
State: SEARCH, left= 2, right=22, mid=12
ROM Debug: breakpoints[ 4] read 07d0
State: SEARCH, left=13, right=22, mid=12
ROM Debug: breakpoints[ 4] read 07d0
State: SEARCH, left=13, right=22, mid= 1
ROM Debug: breakpoints[ 4] read 07d0
State: SEARCH, left= 2, right=22, mid= 1
ROM Debug: breakpoints[ 4] read 07d0
State: SEARCH, left= 2, right=22, mid=12
ROM Debug: breakpoints[ 4] read 07d0
State: SEARCH, left=13, right=22, mid=12
ROM Debug: breakpoints[ 4] read 07d0
State: SEARCH, left=13, right=22, mid= 1
ROM Debug: breakpoints[ 4] read 07d0
State: SEARCH, left= 2, right=22, mid= 1
ROM Debug: breakpoints[ 4] read 07d0
State: SEARCH, left= 2, right=22, mid=12
ROM Debug: breakpoints[ 4] read 07d0
State: SEARCH, left=13, right=22, mid=12
ROM Debug: breakpoints[ 4] read 07d0
State: SEARCH, left=13, right=22, mid= 1
ROM Debug: breakpoints[ 4] read 07d0
State: SEARCH, left= 2, right=22, mid= 1
ROM Debug: breakpoints[ 4] read 07d0
State: SEARCH, left= 2, right=22, mid=12
ROM Debug: breakpoints[ 4] read 07d0
State: SEARCH, left=13, right=22, mid=12
ROM Debug: breakpoints[ 4] read 07d0
State: SEARCH, left=13, right=22, mid= 1
ROM Debug: breakpoints[ 4] read 07d0
State: SEARCH, left= 2, right=22, mid= 1
ROM Debug: breakpoints[ 4] read 07d0
State: SEARCH, left= 2, right=22, mid=12
ROM Debug: breakpoints[ 4] read 07d0
State: SEARCH, left=13, right=22, mid=12
ROM Debug: breakpoints[ 4] read 07d0
State: SEARCH, left=13, right=22, mid= 1
ROM Debug: breakpoints[ 4] read 07d0
State: SEARCH, left= 2, right=22, mid= 1
ROM Debug: breakpoints[ 4] read 07d0
State: SEARCH, left= 2, right=22, mid=12
ROM Debug: breakpoints[ 4] read 07d0
State: SEARCH, left=13, right=22, mid=12
ROM Debug: breakpoints[ 4] read 07d0
State: SEARCH, left=13, right=22, mid= 1
ROM Debug: breakpoints[ 4] read 07d0
State: SEARCH, left= 2, right=22, mid= 1
ROM Debug: breakpoints[ 4] read 07d0
State: SEARCH, left= 2, right=22, mid=12
ROM Debug: breakpoints[ 4] read 07d0
State: SEARCH, left=13, right=22, mid=12
ROM Debug: breakpoints[ 4] read 07d0
State: SEARCH, left=13, right=22, mid= 1
ROM Debug: breakpoints[ 4] read 07d0
State: SEARCH, left= 2, right=22, mid= 1
ROM Debug: breakpoints[ 4] read 07d0
State: SEARCH, left= 2, right=22, mid=12
ROM Debug: breakpoints[ 4] read 07d0
State: SEARCH, left=13, right=22, mid=12
ROM Debug: breakpoints[ 4] read 07d0
State: SEARCH, left=13, right=22, mid= 1
ROM Debug: breakpoints[ 4] read 07d0
State: SEARCH, left= 2, right=22, mid= 1
ROM Debug: breakpoints[ 4] read 07d0
State: SEARCH, left= 2, right=22, mid=12
ROM Debug: breakpoints[ 4] read 07d0
State: SEARCH, left=13, right=22, mid=12
ROM Debug: breakpoints[ 4] read 07d0
State: SEARCH, left=13, right=22, mid= 1
ROM Debug: breakpoints[ 4] read 07d0
State: SEARCH, left= 2, right=22, mid= 1
ROM Debug: breakpoints[ 4] read 07d0
State: SEARCH, left= 2, right=22, mid=12
ROM Debug: breakpoints[ 4] read 07d0
State: SEARCH, left=13, right=22, mid=12
ROM Debug: breakpoints[ 4] read 07d0
State: SEARCH, left=13, right=22, mid= 1
ROM Debug: breakpoints[ 4] read 07d0
State: SEARCH, left= 2, right=22, mid= 1
ROM Debug: breakpoints[ 4] read 07d0
State: SEARCH, left= 2, right=22, mid=12
ROM Debug: breakpoints[ 4] read 07d0
State: SEARCH, left=13, right=22, mid=12
ROM Debug: breakpoints[ 4] read 07d0
State: SEARCH, left=13, right=22, mid= 1
ROM Debug: breakpoints[ 4] read 07d0
State: SEARCH, left= 2, right=22, mid= 1
ROM Debug: breakpoints[ 4] read 07d0
State: SEARCH, left= 2, right=22, mid=12
ROM Debug: breakpoints[ 4] read 07d0
State: SEARCH, left=13, right=22, mid=12
ROM Debug: breakpoints[ 4] read 07d0
State: SEARCH, left=13, right=22, mid= 1
ROM Debug: breakpoints[ 4] read 07d0
State: SEARCH, left= 2, right=22, mid= 1
ROM Debug: breakpoints[ 4] read 07d0
State: SEARCH, left= 2, right=22, mid=12
ROM Debug: breakpoints[ 4] read 07d0
State: SEARCH, left=13, right=22, mid=12
ROM Debug: breakpoints[ 4] read 07d0
State: SEARCH, left=13, right=22, mid= 1
ROM Debug: breakpoints[ 4] read 07d0
State: SEARCH, left= 2, right=22, mid= 1
ROM Debug: breakpoints[ 4] read 07d0
State: SEARCH, left= 2, right=22, mid=12
ROM Debug: breakpoints[ 4] read 07d0
State: SEARCH, left=13, right=22, mid=12
ROM Debug: breakpoints[ 4] read 07d0
State: SEARCH, left=13, right=22, mid= 1
ROM Debug: breakpoints[ 4] read 07d0
State: SEARCH, left= 2, right=22, mid= 1
ROM Debug: breakpoints[ 4] read 07d0
State: SEARCH, left= 2, right=22, mid=12
ROM Debug: breakpoints[ 4] read 07d0
State: SEARCH, left=13, right=22, mid=12
ROM Debug: breakpoints[ 4] read 07d0
State: SEARCH, left=13, right=22, mid= 1
ROM Debug: breakpoints[ 4] read 07d0
State: SEARCH, left= 2, right=22, mid= 1
ROM Debug: breakpoints[ 4] read 07d0
State: SEARCH, left= 2, right=22, mid=12
ROM Debug: breakpoints[ 4] read 07d0
State: SEARCH, left=13, right=22, mid=12
ROM Debug: breakpoints[ 4] read 07d0
State: SEARCH, left=13, right=22, mid= 1
ROM Debug: breakpoints[ 4] read 07d0
State: SEARCH, left= 2, right=22, mid= 1
ROM Debug: breakpoints[ 4] read 07d0
State: SEARCH, left= 2, right=22, mid=12
ROM Debug: breakpoints[ 4] read 07d0
State: SEARCH, left=13, right=22, mid=12
ROM Debug: breakpoints[ 4] read 07d0
State: SEARCH, left=13, right=22, mid= 1
ROM Debug: breakpoints[ 4] read 07d0
State: SEARCH, left= 2, right=22, mid= 1
ROM Debug: breakpoints[ 4] read 07d0
State: SEARCH, left= 2, right=22, mid=12
ROM Debug: breakpoints[ 4] read 07d0
State: SEARCH, left=13, right=22, mid=12
ROM Debug: breakpoints[ 4] read 07d0
State: SEARCH, left=13, right=22, mid= 1
ROM Debug: breakpoints[ 4] read 07d0
State: SEARCH, left= 2, right=22, mid= 1
ROM Debug: breakpoints[ 4] read 07d0
State: SEARCH, left= 2, right=22, mid=12
ROM Debug: breakpoints[ 4] read 07d0
State: SEARCH, left=13, right=22, mid=12
ROM Debug: breakpoints[ 4] read 07d0
Simulation timeout
$finish called at time : 50 us : File "/vol/datastore/jmzhao/CompressedLUT/b-spline/testCPP/hardware/sim/tb_pwl_core.v" Line 97
