#-----------------------------------------------------------
# Vivado v2021.2 (64-bit)
# SW Build 3367213 on Tue Oct 19 02:47:39 MDT 2021
# IP Build 3369179 on Thu Oct 21 08:25:16 MDT 2021
# Start of session at: Wed Apr 16 19:14:30 2025
# Process ID: 2423736
# Current directory: /vol/datastore/jmzhao/CompressedLUT/b-spline/testCPP/hardware
# Command line: vivado
# Log file: /vol/datastore/jmzhao/CompressedLUT/b-spline/testCPP/hardware/vivado.log
# Journal file: /vol/datastore/jmzhao/CompressedLUT/b-spline/testCPP/hardware/vivado.jou
# Running On: americano02, OS: Linux, CPU Frequency: 1200.000 MHz, CPU Physical cores: 20, Host memory: 270320 MB
#-----------------------------------------------------------
start_gui
WARNING: [Board 49-26] cannot add Board Part xilinx.com:vck190_es:part0:1.3 available at /tools/Xilinx/Vivado/2021.2/data/xhub/boards/XilinxBoardStore/boards/Xilinx/vck190/es/1.3/board.xml as part xcvc1902-vsva2197-2mp-e-s-es1 specified in board_part file is either invalid or not available
WARNING: [Board 49-26] cannot add Board Part xilinx.com:vmk180_es:part0:1.3 available at /tools/Xilinx/Vivado/2021.2/data/xhub/boards/XilinxBoardStore/boards/Xilinx/vmk180/es/1.3/board.xml as part xcvm1802-vsva2197-2mp-e-s-es1 specified in board_part file is either invalid or not available
WARNING: [Board 49-26] cannot add Board Part xilinx.com:vpk120_es:part0:1.2 available at /tools/Xilinx/Vivado/2021.2/data/xhub/boards/XilinxBoardStore/boards/Xilinx/vpk120/es/1.2/board.xml as part xcvp1202-vsva2785-2mp-e-s-es1 specified in board_part file is either invalid or not available
WARNING: [Board 49-26] cannot add Board Part xilinx.com:zcu208_es:part0:1.0 available at /tools/Xilinx/Vivado/2021.2/data/xhub/boards/XilinxBoardStore/boards/Xilinx/zcu208/es/1.0/board.xml as part xczu48dr-fsvg1517-2-e-es1 specified in board_part file is either invalid or not available
WARNING: [Board 49-26] cannot add Board Part xilinx.com:zcu208_es:part0:1.1 available at /tools/Xilinx/Vivado/2021.2/data/xhub/boards/XilinxBoardStore/boards/Xilinx/zcu208/es/1.1/board.xml as part xczu48dr-fsvg1517-2-e-es1 specified in board_part file is either invalid or not available
WARNING: [Board 49-26] cannot add Board Part xilinx.com:zcu208_es:part0:1.2 available at /tools/Xilinx/Vivado/2021.2/data/xhub/boards/XilinxBoardStore/boards/Xilinx/zcu208/es/1.2/board.xml as part xczu48dr-fsvg1517-2-e-es1 specified in board_part file is either invalid or not available
WARNING: [Board 49-26] cannot add Board Part xilinx.com:zcu208ld:part0:2.0 available at /tools/Xilinx/Vivado/2021.2/data/xhub/boards/XilinxBoardStore/boards/Xilinx/zcu208ld/production/2.0/board.xml as part xczu58dr-fsvg1517-2-i specified in board_part file is either invalid or not available
WARNING: [Board 49-26] cannot add Board Part xilinx.com:zcu208ld_es:part0:1.0 available at /tools/Xilinx/Vivado/2021.2/data/xhub/boards/XilinxBoardStore/boards/Xilinx/zcu208ld/es/1.0/board.xml as part xczu58dr-fsvg1517-2-i-es1 specified in board_part file is either invalid or not available
WARNING: [Board 49-26] cannot add Board Part xilinx.com:zcu216_es:part0:1.0 available at /tools/Xilinx/Vivado/2021.2/data/xhub/boards/XilinxBoardStore/boards/Xilinx/zcu216/es/1.0/board.xml as part xczu49dr-ffvf1760-2-e-es1 specified in board_part file is either invalid or not available
WARNING: [Board 49-26] cannot add Board Part xilinx.com:zcu216_es:part0:1.1 available at /tools/Xilinx/Vivado/2021.2/data/xhub/boards/XilinxBoardStore/boards/Xilinx/zcu216/es/1.1/board.xml as part xczu49dr-ffvf1760-2-e-es1 specified in board_part file is either invalid or not available
WARNING: [Board 49-26] cannot add Board Part xilinx.com:zcu216_es:part0:1.2 available at /tools/Xilinx/Vivado/2021.2/data/xhub/boards/XilinxBoardStore/boards/Xilinx/zcu216/es/1.2/board.xml as part xczu49dr-ffvf1760-2-e-es1 specified in board_part file is either invalid or not available
WARNING: [Board 49-26] cannot add Board Part xilinx.com:zcu216ld:part0:2.0 available at /tools/Xilinx/Vivado/2021.2/data/xhub/boards/XilinxBoardStore/boards/Xilinx/zcu216ld/production/2.0/board.xml as part xczu59dr-ffvf1760-2-i specified in board_part file is either invalid or not available
WARNING: [Board 49-26] cannot add Board Part xilinx.com:zcu216ld_es:part0:1.0 available at /tools/Xilinx/Vivado/2021.2/data/xhub/boards/XilinxBoardStore/boards/Xilinx/zcu216ld/es/1.0/board.xml as part xczu59dr-ffvf1760-2-i-es1 specified in board_part file is either invalid or not available
WARNING: [Board 49-26] cannot add Board Part xilinx.com:zcu670:part0:1.0 available at /tools/Xilinx/Vivado/2021.2/data/xhub/boards/XilinxBoardStore/boards/Xilinx/zcu670/1.0/board.xml as part xczu67dr-fsve1156-2-i specified in board_part file is either invalid or not available
open_project /vol/datastore/jmzhao/CompressedLUT/b-spline/testCPP/hardware/pwl_recover/project_1/project_1.xpr
INFO: [filemgmt 56-3] Default IP Output Path : Could not find the directory '/vol/datastore/jmzhao/CompressedLUT/b-spline/testCPP/hardware/pwl_recover/project_1/project_1.gen/sources_1'.
Scanning sources...
Finished scanning sources
INFO: [IP_Flow 19-234] Refreshing IP repositories
INFO: [IP_Flow 19-1704] No user IP repositories specified
INFO: [IP_Flow 19-2313] Loaded Vivado IP repository '/tools/Xilinx/Vivado/2021.2/data/ip'.
open_project: Time (s): cpu = 00:00:25 ; elapsed = 00:00:06 . Memory (MB): peak = 7792.004 ; gain = 88.488 ; free physical = 231317 ; free virtual = 248437
update_compile_order -fileset sources_1
reset_run synth_1
launch_runs synth_1 -jobs 20
[Thu Apr 17 11:56:41 2025] Launched synth_1...
Run output will be captured here: /vol/datastore/jmzhao/CompressedLUT/b-spline/testCPP/hardware/pwl_recover/project_1/project_1.runs/synth_1/runme.log
reset_run synth_1
launch_runs synth_1 -jobs 20
[Thu Apr 17 11:58:08 2025] Launched synth_1...
Run output will be captured here: /vol/datastore/jmzhao/CompressedLUT/b-spline/testCPP/hardware/pwl_recover/project_1/project_1.runs/synth_1/runme.log
reset_run synth_1
launch_runs synth_1 -jobs 20
[Thu Apr 17 12:01:47 2025] Launched synth_1...
Run output will be captured here: /vol/datastore/jmzhao/CompressedLUT/b-spline/testCPP/hardware/pwl_recover/project_1/project_1.runs/synth_1/runme.log
launch_runs impl_1 -jobs 20
[Thu Apr 17 12:03:07 2025] Launched impl_1...
Run output will be captured here: /vol/datastore/jmzhao/CompressedLUT/b-spline/testCPP/hardware/pwl_recover/project_1/project_1.runs/impl_1/runme.log
open_run impl_1
INFO: [Device 21-403] Loading part xczu9eg-ffvb1156-2-e
Netlist sorting complete. Time (s): cpu = 00:00:00.01 ; elapsed = 00:00:00 . Memory (MB): peak = 8471.832 ; gain = 0.000 ; free physical = 229441 ; free virtual = 247093
INFO: [Netlist 29-17] Analyzing 24 Unisim elements for replacement
INFO: [Netlist 29-28] Unisim Transformation completed in 0 CPU seconds
INFO: [Project 1-479] Netlist was created with Vivado 2021.2
INFO: [Project 1-570] Preparing netlist for logic optimization
INFO: [Timing 38-478] Restoring timing data from binary archive.
INFO: [Timing 38-479] Binary timing data restore complete.
INFO: [Project 1-856] Restoring constraints from binary archive.
INFO: [Project 1-853] Binary constraint restore complete.
Reading XDEF placement.
Reading placer database...
Reading XDEF routing.
Read XDEF File: Time (s): cpu = 00:00:00.07 ; elapsed = 00:00:00.07 . Memory (MB): peak = 8715.957 ; gain = 0.000 ; free physical = 229147 ; free virtual = 246799
Restored from archive | CPU: 0.080000 secs | Memory: 0.409042 MB |
Finished XDEF File Restore: Time (s): cpu = 00:00:00.08 ; elapsed = 00:00:00.08 . Memory (MB): peak = 8715.957 ; gain = 0.000 ; free physical = 229147 ; free virtual = 246799
Netlist sorting complete. Time (s): cpu = 00:00:00 ; elapsed = 00:00:00 . Memory (MB): peak = 9109.918 ; gain = 0.000 ; free physical = 228806 ; free virtual = 246458
INFO: [Project 1-111] Unisim Transformation Summary:
  A total of 21 instances were transformed.
  DSP48E2 => DSP48E2 (DSP_ALU, DSP_A_B_DATA, DSP_C_DATA, DSP_MULTIPLIER, DSP_M_DATA, DSP_OUTPUT, DSP_PREADD, DSP_PREADD_DATA): 2 instances
  IBUF => IBUF (IBUFCTRL, INBUF): 19 instances

open_run: Time (s): cpu = 00:00:48 ; elapsed = 00:00:28 . Memory (MB): peak = 9409.332 ; gain = 1180.891 ; free physical = 228553 ; free virtual = 246205
set_property SOURCE_SET sources_1 [get_filesets sim_1]
add_files -fileset sim_1 -norecurse {/vol/datastore/jmzhao/CompressedLUT/b-spline/testCPP/hardware/sim/tb_pwl_core.v /vol/datastore/jmzhao/CompressedLUT/b-spline/testCPP/hardware/sim/tb_pwl_top.v}
update_compile_order -fileset sim_1
update_compile_order -fileset sim_1
reset_run synth_1
INFO: [Project 1-1161] Replacing file /vol/datastore/jmzhao/CompressedLUT/b-spline/testCPP/hardware/pwl_recover/project_1/project_1.srcs/utils_1/imports/synth_1/pwl_top.dcp with file /vol/datastore/jmzhao/CompressedLUT/b-spline/testCPP/hardware/pwl_recover/project_1/project_1.runs/synth_1/pwl_top.dcp
launch_runs synth_1 -jobs 20
[Thu Apr 17 12:17:03 2025] Launched synth_1...
Run output will be captured here: /vol/datastore/jmzhao/CompressedLUT/b-spline/testCPP/hardware/pwl_recover/project_1/project_1.runs/synth_1/runme.log
reset_run synth_1
INFO: [Project 1-1161] Replacing file /vol/datastore/jmzhao/CompressedLUT/b-spline/testCPP/hardware/pwl_recover/project_1/project_1.srcs/utils_1/imports/synth_1/pwl_top.dcp with file /vol/datastore/jmzhao/CompressedLUT/b-spline/testCPP/hardware/pwl_recover/project_1/project_1.runs/synth_1/pwl_top.dcp
launch_runs impl_1 -jobs 20
[Thu Apr 17 12:18:23 2025] Launched synth_1...
Run output will be captured here: /vol/datastore/jmzhao/CompressedLUT/b-spline/testCPP/hardware/pwl_recover/project_1/project_1.runs/synth_1/runme.log
[Thu Apr 17 12:18:23 2025] Launched impl_1...
Run output will be captured here: /vol/datastore/jmzhao/CompressedLUT/b-spline/testCPP/hardware/pwl_recover/project_1/project_1.runs/impl_1/runme.log
reset_run synth_1
INFO: [Project 1-1161] Replacing file /vol/datastore/jmzhao/CompressedLUT/b-spline/testCPP/hardware/pwl_recover/project_1/project_1.srcs/utils_1/imports/synth_1/pwl_top.dcp with file /vol/datastore/jmzhao/CompressedLUT/b-spline/testCPP/hardware/pwl_recover/project_1/project_1.runs/synth_1/pwl_top.dcp
launch_runs synth_1 -jobs 20
[Thu Apr 17 12:23:06 2025] Launched synth_1...
Run output will be captured here: /vol/datastore/jmzhao/CompressedLUT/b-spline/testCPP/hardware/pwl_recover/project_1/project_1.runs/synth_1/runme.log
launch_runs impl_1 -jobs 20
[Thu Apr 17 12:25:13 2025] Launched impl_1...
Run output will be captured here: /vol/datastore/jmzhao/CompressedLUT/b-spline/testCPP/hardware/pwl_recover/project_1/project_1.runs/impl_1/runme.log
reset_run synth_1
INFO: [Project 1-1161] Replacing file /vol/datastore/jmzhao/CompressedLUT/b-spline/testCPP/hardware/pwl_recover/project_1/project_1.srcs/utils_1/imports/synth_1/pwl_top.dcp with file /vol/datastore/jmzhao/CompressedLUT/b-spline/testCPP/hardware/pwl_recover/project_1/project_1.runs/synth_1/pwl_top.dcp
launch_runs synth_1 -jobs 20
[Thu Apr 17 12:54:51 2025] Launched synth_1...
Run output will be captured here: /vol/datastore/jmzhao/CompressedLUT/b-spline/testCPP/hardware/pwl_recover/project_1/project_1.runs/synth_1/runme.log
launch_simulation
Command: launch_simulation 
INFO: [Vivado 12-12493] Simulation top is 'tb_pwl_core'
WARNING: [Vivado 12-12986] Compiled library path does not exist: ''
INFO: [Vivado 12-5682] Launching behavioral simulation in '/vol/datastore/jmzhao/CompressedLUT/b-spline/testCPP/hardware/pwl_recover/project_1/project_1.sim/sim_1/behav/xsim'
INFO: [SIM-utils-51] Simulation object is 'sim_1'
INFO: [SIM-utils-72] Using boost library from '/tools/Xilinx/Vivado/2021.2/tps/boost_1_72_0'
INFO: [SIM-utils-54] Inspecting design source files for 'tb_pwl_core' in fileset 'sim_1'...
INFO: [USF-XSim-97] Finding global include files...
INFO: [USF-XSim-98] Fetching design files from 'sim_1'...
INFO: [USF-XSim-2] XSim::Compile design
INFO: [USF-XSim-61] Executing 'COMPILE and ANALYZE' step in '/vol/datastore/jmzhao/CompressedLUT/b-spline/testCPP/hardware/pwl_recover/project_1/project_1.sim/sim_1/behav/xsim'
xvlog --incr --relax -prj tb_pwl_core_vlog.prj
INFO: [VRFC 10-2263] Analyzing Verilog file "/vol/datastore/jmzhao/CompressedLUT/b-spline/testCPP/hardware/rtl/pwl_core.v" into library xil_defaultlib
INFO: [VRFC 10-311] analyzing module pwl_core
INFO: [VRFC 10-2263] Analyzing Verilog file "/vol/datastore/jmzhao/CompressedLUT/b-spline/testCPP/hardware/rtl/pwl_hlut.v" into library xil_defaultlib
INFO: [VRFC 10-311] analyzing module pwl_hlut
INFO: [VRFC 10-2263] Analyzing Verilog file "/vol/datastore/jmzhao/CompressedLUT/b-spline/testCPP/hardware/sim/tb_pwl_core.v" into library xil_defaultlib
INFO: [VRFC 10-311] analyzing module tb_pwl_core
INFO: [VRFC 10-2263] Analyzing Verilog file "/vol/datastore/jmzhao/CompressedLUT/b-spline/testCPP/hardware/pwl_recover/project_1/project_1.sim/sim_1/behav/xsim/glbl.v" into library xil_defaultlib
INFO: [VRFC 10-311] analyzing module glbl
Waiting for jobs to finish...
No pending jobs, compilation finished.
INFO: [USF-XSim-69] 'compile' step finished in '3' seconds
INFO: [USF-XSim-3] XSim::Elaborate design
INFO: [USF-XSim-61] Executing 'ELABORATE' step in '/vol/datastore/jmzhao/CompressedLUT/b-spline/testCPP/hardware/pwl_recover/project_1/project_1.sim/sim_1/behav/xsim'
xelab --incr --debug typical --relax --mt 8 -L xil_defaultlib -L unisims_ver -L unimacro_ver -L secureip --snapshot tb_pwl_core_behav xil_defaultlib.tb_pwl_core xil_defaultlib.glbl -log elaborate.log
Vivado Simulator v2021.2
Copyright 1986-1999, 2001-2021 Xilinx, Inc. All Rights Reserved.
Running: /tools/Xilinx/Vivado/2021.2/bin/unwrapped/lnx64.o/xelab --incr --debug typical --relax --mt 8 -L xil_defaultlib -L unisims_ver -L unimacro_ver -L secureip --snapshot tb_pwl_core_behav xil_defaultlib.tb_pwl_core xil_defaultlib.glbl -log elaborate.log 
Using 8 slave threads.
Starting static elaboration
Pass Through NonSizing Optimizer
Completed static elaboration
Starting simulation data flow analysis
WARNING: [XSIM 43-4099] "/vol/datastore/jmzhao/CompressedLUT/b-spline/testCPP/hardware/rtl/pwl_core.v" Line 7. Module pwl_core doesn't have a timescale but at least one module in design has a timescale.
WARNING: [XSIM 43-4099] "/vol/datastore/jmzhao/CompressedLUT/b-spline/testCPP/hardware/rtl/pwl_hlut.v" Line 7. Module pwl_hlut doesn't have a timescale but at least one module in design has a timescale.
WARNING: [XSIM 43-4099] "/vol/datastore/jmzhao/CompressedLUT/b-spline/testCPP/hardware/rtl/pwl_core.v" Line 7. Module pwl_core doesn't have a timescale but at least one module in design has a timescale.
WARNING: [XSIM 43-4099] "/vol/datastore/jmzhao/CompressedLUT/b-spline/testCPP/hardware/rtl/pwl_hlut.v" Line 7. Module pwl_hlut doesn't have a timescale but at least one module in design has a timescale.
Completed simulation data flow analysis
Time Resolution for simulation is 1ps
Compiling module xil_defaultlib.pwl_hlut
Compiling module xil_defaultlib.pwl_core
Compiling module xil_defaultlib.tb_pwl_core
Compiling module xil_defaultlib.glbl
Built simulation snapshot tb_pwl_core_behav
INFO: [USF-XSim-69] 'elaborate' step finished in '2' seconds
INFO: [USF-XSim-4] XSim::Simulate design
INFO: [USF-XSim-61] Executing 'SIMULATE' step in '/vol/datastore/jmzhao/CompressedLUT/b-spline/testCPP/hardware/pwl_recover/project_1/project_1.sim/sim_1/behav/xsim'
INFO: [USF-XSim-98] *** Running xsim
   with args "tb_pwl_core_behav -key {Behavioral:sim_1:Functional:tb_pwl_core} -tclbatch {tb_pwl_core.tcl} -log {simulate.log}"
INFO: [USF-XSim-8] Loading simulator feature
Time resolution is 1 ps
source tb_pwl_core.tcl
# set curr_wave [current_wave_config]
# if { [string length $curr_wave] == 0 } {
#   if { [llength [get_objects]] > 0} {
#     add_wave /
#     set_property needs_save false [current_wave_config]
#   } else {
#      send_msg_id Add_Wave-1 WARNING "No top level signals found. Simulator will start without a wave window. If you want to open a wave window go to 'File->New Waveform Configuration' or type 'create_wave_config' in the TCL console."
#   }
# }
# run 1000ns
WARNING: File tanh_vectors.txt referenced on /vol/datastore/jmzhao/CompressedLUT/b-spline/testCPP/hardware/sim/tb_pwl_core.v at line 45 cannot be opened for reading. Please ensure that this file is available in the current working directory.
Vector 0: FAIL - x=xxxx, got y=xxxx, expected=xxxx (tanh)
Vector 1: FAIL - x=xxxx, got y=xxxx, expected=xxxx (tanh)
Vector 2: FAIL - x=xxxx, got y=xxxx, expected=xxxx (tanh)
Vector 3: FAIL - x=xxxx, got y=xxxx, expected=xxxx (tanh)
Vector 4: FAIL - x=xxxx, got y=xxxx, expected=xxxx (tanh)
Vector 5: FAIL - x=xxxx, got y=xxxx, expected=xxxx (tanh)
Vector 6: FAIL - x=xxxx, got y=xxxx, expected=xxxx (tanh)
Vector 7: FAIL - x=xxxx, got y=xxxx, expected=xxxx (tanh)
Vector 8: FAIL - x=xxxx, got y=xxxx, expected=xxxx (tanh)
Vector 9: FAIL - x=xxxx, got y=xxxx, expected=xxxx (tanh)
Vector 10: FAIL - x=xxxx, got y=xxxx, expected=xxxx (tanh)
Vector 11: FAIL - x=xxxx, got y=xxxx, expected=xxxx (tanh)
Vector 12: FAIL - x=xxxx, got y=xxxx, expected=xxxx (tanh)
Vector 13: FAIL - x=xxxx, got y=xxxx, expected=xxxx (tanh)
Vector 14: FAIL - x=xxxx, got y=xxxx, expected=xxxx (tanh)
Vector 15: FAIL - x=xxxx, got y=xxxx, expected=xxxx (tanh)
INFO: [USF-XSim-96] XSim completed. Design snapshot 'tb_pwl_core_behav' loaded.
INFO: [USF-XSim-97] XSim simulation ran for 1000ns
launch_simulation: Time (s): cpu = 00:00:19 ; elapsed = 00:00:09 . Memory (MB): peak = 10229.566 ; gain = 53.977 ; free physical = 227831 ; free virtual = 245482
run all
Vector 16: FAIL - x=xxxx, got y=xxxx, expected=xxxx (tanh)
Vector 17: FAIL - x=xxxx, got y=xxxx, expected=xxxx (tanh)
Vector 18: FAIL - x=xxxx, got y=xxxx, expected=xxxx (tanh)
Vector 19: FAIL - x=xxxx, got y=xxxx, expected=xxxx (tanh)
Vector 20: FAIL - x=xxxx, got y=xxxx, expected=xxxx (tanh)
Vector 21: FAIL - x=xxxx, got y=xxxx, expected=xxxx (tanh)
Vector 22: FAIL - x=xxxx, got y=xxxx, expected=xxxx (tanh)
Vector 23: FAIL - x=xxxx, got y=xxxx, expected=xxxx (tanh)
Vector 24: FAIL - x=xxxx, got y=xxxx, expected=xxxx (tanh)
Vector 25: FAIL - x=xxxx, got y=xxxx, expected=xxxx (tanh)
Vector 26: FAIL - x=xxxx, got y=xxxx, expected=xxxx (tanh)
Vector 27: FAIL - x=xxxx, got y=xxxx, expected=xxxx (tanh)
Vector 28: FAIL - x=xxxx, got y=xxxx, expected=xxxx (tanh)
Vector 29: FAIL - x=xxxx, got y=xxxx, expected=xxxx (tanh)
Vector 30: FAIL - x=xxxx, got y=xxxx, expected=xxxx (tanh)
Vector 31: FAIL - x=xxxx, got y=xxxx, expected=xxxx (tanh)
Vector 32: FAIL - x=xxxx, got y=xxxx, expected=xxxx (tanh)
Vector 33: FAIL - x=xxxx, got y=xxxx, expected=xxxx (tanh)
Vector 34: FAIL - x=xxxx, got y=xxxx, expected=xxxx (tanh)
Vector 35: FAIL - x=xxxx, got y=xxxx, expected=xxxx (tanh)
Vector 36: FAIL - x=xxxx, got y=xxxx, expected=xxxx (tanh)
Vector 37: FAIL - x=xxxx, got y=xxxx, expected=xxxx (tanh)
Vector 38: FAIL - x=xxxx, got y=xxxx, expected=xxxx (tanh)
Vector 39: FAIL - x=xxxx, got y=xxxx, expected=xxxx (tanh)
Vector 40: FAIL - x=xxxx, got y=xxxx, expected=xxxx (tanh)
Vector 41: FAIL - x=xxxx, got y=xxxx, expected=xxxx (tanh)
Vector 42: FAIL - x=xxxx, got y=xxxx, expected=xxxx (tanh)
Vector 43: FAIL - x=xxxx, got y=xxxx, expected=xxxx (tanh)
Vector 44: FAIL - x=xxxx, got y=xxxx, expected=xxxx (tanh)
Vector 45: FAIL - x=xxxx, got y=xxxx, expected=xxxx (tanh)
Vector 46: FAIL - x=xxxx, got y=xxxx, expected=xxxx (tanh)
Vector 47: FAIL - x=xxxx, got y=xxxx, expected=xxxx (tanh)
Vector 48: FAIL - x=xxxx, got y=xxxx, expected=xxxx (tanh)
Vector 49: FAIL - x=xxxx, got y=xxxx, expected=xxxx (tanh)
Vector 50: FAIL - x=xxxx, got y=xxxx, expected=xxxx (tanh)
Vector 51: FAIL - x=xxxx, got y=xxxx, expected=xxxx (tanh)
Vector 52: FAIL - x=xxxx, got y=xxxx, expected=xxxx (tanh)
Vector 53: FAIL - x=xxxx, got y=xxxx, expected=xxxx (tanh)
Vector 54: FAIL - x=xxxx, got y=xxxx, expected=xxxx (tanh)
Vector 55: FAIL - x=xxxx, got y=xxxx, expected=xxxx (tanh)
Vector 56: FAIL - x=xxxx, got y=xxxx, expected=xxxx (tanh)
Vector 57: FAIL - x=xxxx, got y=xxxx, expected=xxxx (tanh)
Vector 58: FAIL - x=xxxx, got y=xxxx, expected=xxxx (tanh)
Vector 59: FAIL - x=xxxx, got y=xxxx, expected=xxxx (tanh)
Vector 60: FAIL - x=xxxx, got y=xxxx, expected=xxxx (tanh)
Vector 61: FAIL - x=xxxx, got y=xxxx, expected=xxxx (tanh)
Vector 62: FAIL - x=xxxx, got y=xxxx, expected=xxxx (tanh)
Vector 63: FAIL - x=xxxx, got y=xxxx, expected=xxxx (tanh)
Vector 64: FAIL - x=xxxx, got y=xxxx, expected=xxxx (tanh)
Vector 65: FAIL - x=xxxx, got y=xxxx, expected=xxxx (tanh)
Vector 66: FAIL - x=xxxx, got y=xxxx, expected=xxxx (tanh)
Vector 67: FAIL - x=xxxx, got y=xxxx, expected=xxxx (tanh)
Vector 68: FAIL - x=xxxx, got y=xxxx, expected=xxxx (tanh)
Vector 69: FAIL - x=xxxx, got y=xxxx, expected=xxxx (tanh)
Vector 70: FAIL - x=xxxx, got y=xxxx, expected=xxxx (tanh)
Vector 71: FAIL - x=xxxx, got y=xxxx, expected=xxxx (tanh)
Vector 72: FAIL - x=xxxx, got y=xxxx, expected=xxxx (tanh)
Vector 73: FAIL - x=xxxx, got y=xxxx, expected=xxxx (tanh)
Vector 74: FAIL - x=xxxx, got y=xxxx, expected=xxxx (tanh)
Vector 75: FAIL - x=xxxx, got y=xxxx, expected=xxxx (tanh)
Vector 76: FAIL - x=xxxx, got y=xxxx, expected=xxxx (tanh)
Vector 77: FAIL - x=xxxx, got y=xxxx, expected=xxxx (tanh)
Vector 78: FAIL - x=xxxx, got y=xxxx, expected=xxxx (tanh)
Vector 79: FAIL - x=xxxx, got y=xxxx, expected=xxxx (tanh)
Vector 80: FAIL - x=xxxx, got y=xxxx, expected=xxxx (tanh)
Vector 81: FAIL - x=xxxx, got y=xxxx, expected=xxxx (tanh)
Vector 82: FAIL - x=xxxx, got y=xxxx, expected=xxxx (tanh)
Vector 83: FAIL - x=xxxx, got y=xxxx, expected=xxxx (tanh)
Vector 84: FAIL - x=xxxx, got y=xxxx, expected=xxxx (tanh)
Vector 85: FAIL - x=xxxx, got y=xxxx, expected=xxxx (tanh)
Vector 86: FAIL - x=xxxx, got y=xxxx, expected=xxxx (tanh)
Vector 87: FAIL - x=xxxx, got y=xxxx, expected=xxxx (tanh)
Vector 88: FAIL - x=xxxx, got y=xxxx, expected=xxxx (tanh)
Vector 89: FAIL - x=xxxx, got y=xxxx, expected=xxxx (tanh)
Vector 90: FAIL - x=xxxx, got y=xxxx, expected=xxxx (tanh)
Vector 91: FAIL - x=xxxx, got y=xxxx, expected=xxxx (tanh)
Vector 92: FAIL - x=xxxx, got y=xxxx, expected=xxxx (tanh)
Vector 93: FAIL - x=xxxx, got y=xxxx, expected=xxxx (tanh)
Vector 94: FAIL - x=xxxx, got y=xxxx, expected=xxxx (tanh)
Vector 95: FAIL - x=xxxx, got y=xxxx, expected=xxxx (tanh)
Vector 96: FAIL - x=xxxx, got y=xxxx, expected=xxxx (tanh)
Vector 97: FAIL - x=xxxx, got y=xxxx, expected=xxxx (tanh)
Vector 98: FAIL - x=xxxx, got y=xxxx, expected=xxxx (tanh)
Vector 99: FAIL - x=xxxx, got y=xxxx, expected=xxxx (tanh)

Tanh Core Test Summary:
Total vectors: 100
Passed: 0
Failed: 100

$finish called at time : 6035 ns : File "/vol/datastore/jmzhao/CompressedLUT/b-spline/testCPP/hardware/sim/tb_pwl_core.v" Line 87
close_sim
INFO: [Simtcl 6-16] Simulation closed
launch_simulation
Command: launch_simulation 
INFO: [Vivado 12-12493] Simulation top is 'tb_pwl_core'
WARNING: [Vivado 12-12986] Compiled library path does not exist: ''
INFO: [Vivado 12-5682] Launching behavioral simulation in '/vol/datastore/jmzhao/CompressedLUT/b-spline/testCPP/hardware/pwl_recover/project_1/project_1.sim/sim_1/behav/xsim'
INFO: [SIM-utils-51] Simulation object is 'sim_1'
INFO: [SIM-utils-72] Using boost library from '/tools/Xilinx/Vivado/2021.2/tps/boost_1_72_0'
INFO: [SIM-utils-54] Inspecting design source files for 'tb_pwl_core' in fileset 'sim_1'...
INFO: [USF-XSim-97] Finding global include files...
INFO: [USF-XSim-98] Fetching design files from 'sim_1'...
INFO: [USF-XSim-2] XSim::Compile design
INFO: [USF-XSim-61] Executing 'COMPILE and ANALYZE' step in '/vol/datastore/jmzhao/CompressedLUT/b-spline/testCPP/hardware/pwl_recover/project_1/project_1.sim/sim_1/behav/xsim'
xvlog --incr --relax -prj tb_pwl_core_vlog.prj
INFO: [VRFC 10-2263] Analyzing Verilog file "/vol/datastore/jmzhao/CompressedLUT/b-spline/testCPP/hardware/rtl/pwl_core.v" into library xil_defaultlib
INFO: [VRFC 10-311] analyzing module pwl_core
INFO: [VRFC 10-2263] Analyzing Verilog file "/vol/datastore/jmzhao/CompressedLUT/b-spline/testCPP/hardware/rtl/pwl_hlut.v" into library xil_defaultlib
INFO: [VRFC 10-311] analyzing module pwl_hlut
INFO: [VRFC 10-2263] Analyzing Verilog file "/vol/datastore/jmzhao/CompressedLUT/b-spline/testCPP/hardware/sim/tb_pwl_core.v" into library xil_defaultlib
INFO: [VRFC 10-311] analyzing module tb_pwl_core
Waiting for jobs to finish...
No pending jobs, compilation finished.
INFO: [USF-XSim-69] 'compile' step finished in '2' seconds
INFO: [USF-XSim-3] XSim::Elaborate design
INFO: [USF-XSim-61] Executing 'ELABORATE' step in '/vol/datastore/jmzhao/CompressedLUT/b-spline/testCPP/hardware/pwl_recover/project_1/project_1.sim/sim_1/behav/xsim'
xelab --incr --debug typical --relax --mt 8 -L xil_defaultlib -L unisims_ver -L unimacro_ver -L secureip --snapshot tb_pwl_core_behav xil_defaultlib.tb_pwl_core xil_defaultlib.glbl -log elaborate.log
Vivado Simulator v2021.2
Copyright 1986-1999, 2001-2021 Xilinx, Inc. All Rights Reserved.
Running: /tools/Xilinx/Vivado/2021.2/bin/unwrapped/lnx64.o/xelab --incr --debug typical --relax --mt 8 -L xil_defaultlib -L unisims_ver -L unimacro_ver -L secureip --snapshot tb_pwl_core_behav xil_defaultlib.tb_pwl_core xil_defaultlib.glbl -log elaborate.log 
Using 8 slave threads.
Starting static elaboration
Pass Through NonSizing Optimizer
Completed static elaboration
Starting simulation data flow analysis
WARNING: [XSIM 43-4099] "/vol/datastore/jmzhao/CompressedLUT/b-spline/testCPP/hardware/rtl/pwl_core.v" Line 7. Module pwl_core doesn't have a timescale but at least one module in design has a timescale.
WARNING: [XSIM 43-4099] "/vol/datastore/jmzhao/CompressedLUT/b-spline/testCPP/hardware/rtl/pwl_hlut.v" Line 7. Module pwl_hlut doesn't have a timescale but at least one module in design has a timescale.
WARNING: [XSIM 43-4099] "/vol/datastore/jmzhao/CompressedLUT/b-spline/testCPP/hardware/rtl/pwl_core.v" Line 7. Module pwl_core doesn't have a timescale but at least one module in design has a timescale.
WARNING: [XSIM 43-4099] "/vol/datastore/jmzhao/CompressedLUT/b-spline/testCPP/hardware/rtl/pwl_hlut.v" Line 7. Module pwl_hlut doesn't have a timescale but at least one module in design has a timescale.
Completed simulation data flow analysis
Time Resolution for simulation is 1ps
Compiling module xil_defaultlib.pwl_hlut
Compiling module xil_defaultlib.pwl_core
Compiling module xil_defaultlib.tb_pwl_core
Compiling module xil_defaultlib.glbl
Built simulation snapshot tb_pwl_core_behav
INFO: [USF-XSim-69] 'elaborate' step finished in '3' seconds
INFO: [USF-XSim-4] XSim::Simulate design
INFO: [USF-XSim-61] Executing 'SIMULATE' step in '/vol/datastore/jmzhao/CompressedLUT/b-spline/testCPP/hardware/pwl_recover/project_1/project_1.sim/sim_1/behav/xsim'
INFO: [USF-XSim-98] *** Running xsim
   with args "tb_pwl_core_behav -key {Behavioral:sim_1:Functional:tb_pwl_core} -tclbatch {tb_pwl_core.tcl} -log {simulate.log}"
INFO: [USF-XSim-8] Loading simulator feature
Time resolution is 1 ps
source tb_pwl_core.tcl
# set curr_wave [current_wave_config]
# if { [string length $curr_wave] == 0 } {
#   if { [llength [get_objects]] > 0} {
#     add_wave /
#     set_property needs_save false [current_wave_config]
#   } else {
#      send_msg_id Add_Wave-1 WARNING "No top level signals found. Simulator will start without a wave window. If you want to open a wave window go to 'File->New Waveform Configuration' or type 'create_wave_config' in the TCL console."
#   }
# }
# run 1000ns
Vector 0: FAIL - x=0000, got y=xxxx, expected=0000 (tanh)
Vector 1: FAIL - x=0296, got y=xxxx, expected=0296 (tanh)
Vector 2: FAIL - x=052c, got y=xxxx, expected=052c (tanh)
Vector 3: FAIL - x=07c2, got y=0459, expected=07c1 (tanh)
Vector 4: FAIL - x=0a58, got y=0664, expected=0a56 (tanh)
Vector 5: FAIL - x=0cee, got y=086e, expected=0ceb (tanh)
Vector 6: FAIL - x=0f84, got y=0a78, expected=0f7f (tanh)
Vector 7: FAIL - x=121a, got y=0c83, expected=1212 (tanh)
Vector 8: FAIL - x=14b0, got y=0e8d, expected=14a4 (tanh)
Vector 9: FAIL - x=1746, got y=1097, expected=1735 (tanh)
Vector 10: FAIL - x=19dc, got y=12a2, expected=19c5 (tanh)
Vector 11: FAIL - x=1c72, got y=14ac, expected=1c54 (tanh)
Vector 12: FAIL - x=1f08, got y=16b6, expected=1ee1 (tanh)
Vector 13: FAIL - x=219e, got y=18c1, expected=216d (tanh)
Vector 14: FAIL - x=2434, got y=1acb, expected=23f6 (tanh)
Vector 15: FAIL - x=26ca, got y=1cd6, expected=267e (tanh)
INFO: [USF-XSim-96] XSim completed. Design snapshot 'tb_pwl_core_behav' loaded.
INFO: [USF-XSim-97] XSim simulation ran for 1000ns
launch_simulation: Time (s): cpu = 00:00:14 ; elapsed = 00:00:08 . Memory (MB): peak = 10267.578 ; gain = 0.000 ; free physical = 227852 ; free virtual = 245503
run all
Vector 16: FAIL - x=2960, got y=1ee0, expected=2904 (tanh)
Vector 17: FAIL - x=2bf6, got y=20ea, expected=2b88 (tanh)
Vector 18: FAIL - x=2e8c, got y=22f5, expected=2e0a (tanh)
Vector 19: FAIL - x=3122, got y=24ff, expected=3089 (tanh)
Vector 20: FAIL - x=33b8, got y=2709, expected=3306 (tanh)
Vector 21: FAIL - x=364e, got y=2914, expected=3581 (tanh)
Vector 22: FAIL - x=38e4, got y=2b1e, expected=37f8 (tanh)
Vector 23: FAIL - x=3b7a, got y=2d28, expected=3a6d (tanh)
Vector 24: FAIL - x=3e10, got y=2f33, expected=3cdf (tanh)
Vector 25: FAIL - x=40a5, got y=313d, expected=3f4e (tanh)
Vector 26: FAIL - x=433b, got y=3347, expected=41ba (tanh)
Vector 27: FAIL - x=45d1, got y=3551, expected=4423 (tanh)
Vector 28: FAIL - x=4867, got y=375b, expected=4689 (tanh)
Vector 29: FAIL - x=4afd, got y=3966, expected=48eb (tanh)
Vector 30: FAIL - x=4d93, got y=3b70, expected=4b49 (tanh)
Vector 31: FAIL - x=5029, got y=3d7a, expected=4da4 (tanh)
Vector 32: FAIL - x=52bf, got y=3f85, expected=4ffb (tanh)
Vector 33: FAIL - x=5555, got y=418f, expected=524f (tanh)
Vector 34: FAIL - x=57eb, got y=439a, expected=549e (tanh)
Vector 35: FAIL - x=5a81, got y=45a4, expected=56ea (tanh)
Vector 36: FAIL - x=5d17, got y=47ae, expected=5932 (tanh)
Vector 37: FAIL - x=5fad, got y=49b9, expected=5b75 (tanh)
Vector 38: FAIL - x=6243, got y=4bc3, expected=5db5 (tanh)
Vector 39: FAIL - x=64d9, got y=4dcd, expected=5ff0 (tanh)
Vector 40: FAIL - x=676f, got y=4fd8, expected=6227 (tanh)
Vector 41: FAIL - x=6a05, got y=51e2, expected=6459 (tanh)
Vector 42: FAIL - x=6c9b, got y=53ec, expected=6687 (tanh)
Vector 43: FAIL - x=6f31, got y=55f7, expected=68b1 (tanh)
Vector 44: FAIL - x=71c7, got y=5801, expected=6ad6 (tanh)
Vector 45: FAIL - x=745d, got y=5a0c, expected=6cf6 (tanh)
Vector 46: FAIL - x=76f3, got y=5c16, expected=6f12 (tanh)
Vector 47: FAIL - x=7989, got y=5e20, expected=7129 (tanh)
Vector 48: FAIL - x=7c1f, got y=602b, expected=733b (tanh)
Vector 49: FAIL - x=7eb5, got y=6235, expected=7548 (tanh)
Vector 50: FAIL - x=814b, got y=643f, expected=7751 (tanh)
Vector 51: FAIL - x=83e1, got y=9c4a, expected=7955 (tanh)
Vector 52: FAIL - x=8677, got y=9e54, expected=7b54 (tanh)
Vector 53: FAIL - x=890d, got y=a05e, expected=7d4d (tanh)
Vector 54: FAIL - x=8ba3, got y=a269, expected=7f42 (tanh)
Vector 55: FAIL - x=8e39, got y=a473, expected=8132 (tanh)
Vector 56: FAIL - x=90cf, got y=a67d, expected=831d (tanh)
Vector 57: FAIL - x=9365, got y=a888, expected=8503 (tanh)
Vector 58: FAIL - x=95fb, got y=aa92, expected=86e4 (tanh)
Vector 59: FAIL - x=9891, got y=ac9d, expected=88bf (tanh)
Vector 60: FAIL - x=9b27, got y=aea7, expected=8a96 (tanh)
Vector 61: FAIL - x=9dbd, got y=b0b1, expected=8c67 (tanh)
Vector 62: FAIL - x=a053, got y=b2bc, expected=8e34 (tanh)
Vector 63: FAIL - x=a2e9, got y=b4c6, expected=8ffb (tanh)
Vector 64: FAIL - x=a57f, got y=b6d0, expected=91bd (tanh)
Vector 65: FAIL - x=a815, got y=b8db, expected=937a (tanh)
Vector 66: FAIL - x=aaab, got y=bae5, expected=9531 (tanh)
Vector 67: FAIL - x=ad41, got y=bcef, expected=96e4 (tanh)
Vector 68: FAIL - x=afd7, got y=befa, expected=9891 (tanh)
Vector 69: FAIL - x=b26d, got y=c104, expected=9a3a (tanh)
Vector 70: FAIL - x=b503, got y=c30f, expected=9bdd (tanh)
Vector 71: FAIL - x=b799, got y=c519, expected=9d7b (tanh)
Vector 72: FAIL - x=ba2f, got y=c723, expected=9f14 (tanh)
Vector 73: FAIL - x=bcc5, got y=c92e, expected=a0a7 (tanh)
Vector 74: FAIL - x=bf5b, got y=cb38, expected=a236 (tanh)
Vector 75: FAIL - x=c1f0, got y=cd42, expected=a3c0 (tanh)
Vector 76: FAIL - x=c486, got y=cf4c, expected=a545 (tanh)
Vector 77: FAIL - x=c71c, got y=d156, expected=a6c4 (tanh)
Vector 78: FAIL - x=c9b2, got y=d361, expected=a83f (tanh)
Vector 79: FAIL - x=cc48, got y=d56b, expected=a9b4 (tanh)
Vector 80: FAIL - x=cede, got y=d775, expected=ab25 (tanh)
Vector 81: FAIL - x=d174, got y=d980, expected=ac90 (tanh)
Vector 82: FAIL - x=d40a, got y=db8a, expected=adf7 (tanh)
Vector 83: FAIL - x=d6a0, got y=dd94, expected=af59 (tanh)
Vector 84: FAIL - x=d936, got y=df9f, expected=b0b6 (tanh)
Vector 85: FAIL - x=dbcc, got y=e1a9, expected=b20e (tanh)
Vector 86: FAIL - x=de62, got y=e3b3, expected=b361 (tanh)
Vector 87: FAIL - x=e0f8, got y=e5be, expected=b4b0 (tanh)
Vector 88: FAIL - x=e38e, got y=e7c8, expected=b5fa (tanh)
Vector 89: FAIL - x=e624, got y=e9d3, expected=b73f (tanh)
Vector 90: FAIL - x=e8ba, got y=ebdd, expected=b880 (tanh)
Vector 91: FAIL - x=eb50, got y=ede7, expected=b9bb (tanh)
Vector 92: FAIL - x=ede6, got y=eff2, expected=baf3 (tanh)
Vector 93: FAIL - x=f07c, got y=f1fc, expected=bc25 (tanh)
Vector 94: FAIL - x=f312, got y=f406, expected=bd53 (tanh)
Vector 95: FAIL - x=f5a8, got y=f611, expected=be7d (tanh)
Vector 96: FAIL - x=f83e, got y=f81b, expected=bfa2 (tanh)
Vector 97: FAIL - x=fad4, got y=fa25, expected=c0c3 (tanh)
Vector 98: FAIL - x=fd6a, got y=fc30, expected=c1e0 (tanh)
Vector 99: FAIL - x=0000, got y=0000, expected=c2f8 (tanh)

Tanh Core Test Summary:
Total vectors: 100
Passed: 0
Failed: 100

$finish called at time : 6035 ns : File "/vol/datastore/jmzhao/CompressedLUT/b-spline/testCPP/hardware/sim/tb_pwl_core.v" Line 87
relaunch_sim
Command: launch_simulation -step compile -simset sim_1 -mode behavioral
INFO: [Vivado 12-12493] Simulation top is 'tb_pwl_core'
WARNING: [Vivado 12-12986] Compiled library path does not exist: ''
INFO: [Vivado 12-5682] Launching behavioral simulation in '/vol/datastore/jmzhao/CompressedLUT/b-spline/testCPP/hardware/pwl_recover/project_1/project_1.sim/sim_1/behav/xsim'
INFO: [SIM-utils-51] Simulation object is 'sim_1'
INFO: [SIM-utils-72] Using boost library from '/tools/Xilinx/Vivado/2021.2/tps/boost_1_72_0'
INFO: [SIM-utils-54] Inspecting design source files for 'tb_pwl_core' in fileset 'sim_1'...
INFO: [USF-XSim-97] Finding global include files...
INFO: [USF-XSim-98] Fetching design files from 'sim_1'...
INFO: [USF-XSim-2] XSim::Compile design
INFO: [USF-XSim-61] Executing 'COMPILE and ANALYZE' step in '/vol/datastore/jmzhao/CompressedLUT/b-spline/testCPP/hardware/pwl_recover/project_1/project_1.sim/sim_1/behav/xsim'
xvlog --incr --relax -prj tb_pwl_core_vlog.prj
Waiting for jobs to finish...
No pending jobs, compilation finished.
INFO: [USF-XSim-69] 'compile' step finished in '2' seconds
Command: launch_simulation -step elaborate -simset sim_1 -mode behavioral
INFO: [Vivado 12-12493] Simulation top is 'tb_pwl_core'
WARNING: [Vivado 12-12986] Compiled library path does not exist: ''
INFO: [Vivado 12-5682] Launching behavioral simulation in '/vol/datastore/jmzhao/CompressedLUT/b-spline/testCPP/hardware/pwl_recover/project_1/project_1.sim/sim_1/behav/xsim'
INFO: [SIM-utils-51] Simulation object is 'sim_1'
INFO: [USF-XSim-3] XSim::Elaborate design
INFO: [USF-XSim-61] Executing 'ELABORATE' step in '/vol/datastore/jmzhao/CompressedLUT/b-spline/testCPP/hardware/pwl_recover/project_1/project_1.sim/sim_1/behav/xsim'
xelab --incr --debug typical --relax --mt 8 -L xil_defaultlib -L unisims_ver -L unimacro_ver -L secureip --snapshot tb_pwl_core_behav xil_defaultlib.tb_pwl_core xil_defaultlib.glbl -log elaborate.log
Vivado Simulator v2021.2
Copyright 1986-1999, 2001-2021 Xilinx, Inc. All Rights Reserved.
Running: /tools/Xilinx/Vivado/2021.2/bin/unwrapped/lnx64.o/xelab --incr --debug typical --relax --mt 8 -L xil_defaultlib -L unisims_ver -L unimacro_ver -L secureip --snapshot tb_pwl_core_behav xil_defaultlib.tb_pwl_core xil_defaultlib.glbl -log elaborate.log 
Using 8 slave threads.
Starting static elaboration
Pass Through NonSizing Optimizer
Completed static elaboration
INFO: [XSIM 43-4323] No Change in HDL. Linking previously generated obj files to create kernel
INFO: [USF-XSim-69] 'elaborate' step finished in '2' seconds
Time resolution is 1 ps
Vector 0: FAIL - x=0000, got y=xxxx, expected=0000 (tanh)
Vector 1: FAIL - x=0296, got y=xxxx, expected=0296 (tanh)
Vector 2: FAIL - x=052c, got y=xxxx, expected=052c (tanh)
Vector 3: FAIL - x=07c2, got y=0459, expected=07c1 (tanh)
Vector 4: FAIL - x=0a58, got y=0664, expected=0a56 (tanh)
Vector 5: FAIL - x=0cee, got y=086e, expected=0ceb (tanh)
Vector 6: FAIL - x=0f84, got y=0a78, expected=0f7f (tanh)
Vector 7: FAIL - x=121a, got y=0c83, expected=1212 (tanh)
Vector 8: FAIL - x=14b0, got y=0e8d, expected=14a4 (tanh)
Vector 9: FAIL - x=1746, got y=1097, expected=1735 (tanh)
Vector 10: FAIL - x=19dc, got y=12a2, expected=19c5 (tanh)
Vector 11: FAIL - x=1c72, got y=14ac, expected=1c54 (tanh)
Vector 12: FAIL - x=1f08, got y=16b6, expected=1ee1 (tanh)
Vector 13: FAIL - x=219e, got y=18c1, expected=216d (tanh)
Vector 14: FAIL - x=2434, got y=1acb, expected=23f6 (tanh)
Vector 15: FAIL - x=26ca, got y=1cd6, expected=267e (tanh)
relaunch_sim: Time (s): cpu = 00:00:08 ; elapsed = 00:00:06 . Memory (MB): peak = 10269.570 ; gain = 0.000 ; free physical = 227868 ; free virtual = 245525
relaunch_sim
Command: launch_simulation -step compile -simset sim_1 -mode behavioral
INFO: [Vivado 12-12493] Simulation top is 'tb_pwl_core'
WARNING: [Vivado 12-12986] Compiled library path does not exist: ''
INFO: [Vivado 12-5682] Launching behavioral simulation in '/vol/datastore/jmzhao/CompressedLUT/b-spline/testCPP/hardware/pwl_recover/project_1/project_1.sim/sim_1/behav/xsim'
INFO: [SIM-utils-51] Simulation object is 'sim_1'
INFO: [USF-XSim-2] XSim::Compile design
INFO: [USF-XSim-61] Executing 'COMPILE and ANALYZE' step in '/vol/datastore/jmzhao/CompressedLUT/b-spline/testCPP/hardware/pwl_recover/project_1/project_1.sim/sim_1/behav/xsim'
xvlog --incr --relax -prj tb_pwl_core_vlog.prj
Waiting for jobs to finish...
No pending jobs, compilation finished.
INFO: [USF-XSim-69] 'compile' step finished in '2' seconds
Command: launch_simulation -step elaborate -simset sim_1 -mode behavioral
INFO: [Vivado 12-12493] Simulation top is 'tb_pwl_core'
WARNING: [Vivado 12-12986] Compiled library path does not exist: ''
INFO: [Vivado 12-5682] Launching behavioral simulation in '/vol/datastore/jmzhao/CompressedLUT/b-spline/testCPP/hardware/pwl_recover/project_1/project_1.sim/sim_1/behav/xsim'
INFO: [SIM-utils-51] Simulation object is 'sim_1'
INFO: [USF-XSim-3] XSim::Elaborate design
INFO: [USF-XSim-61] Executing 'ELABORATE' step in '/vol/datastore/jmzhao/CompressedLUT/b-spline/testCPP/hardware/pwl_recover/project_1/project_1.sim/sim_1/behav/xsim'
xelab --incr --debug typical --relax --mt 8 -L xil_defaultlib -L unisims_ver -L unimacro_ver -L secureip --snapshot tb_pwl_core_behav xil_defaultlib.tb_pwl_core xil_defaultlib.glbl -log elaborate.log
Vivado Simulator v2021.2
Copyright 1986-1999, 2001-2021 Xilinx, Inc. All Rights Reserved.
Running: /tools/Xilinx/Vivado/2021.2/bin/unwrapped/lnx64.o/xelab --incr --debug typical --relax --mt 8 -L xil_defaultlib -L unisims_ver -L unimacro_ver -L secureip --snapshot tb_pwl_core_behav xil_defaultlib.tb_pwl_core xil_defaultlib.glbl -log elaborate.log 
Using 8 slave threads.
Starting static elaboration
Pass Through NonSizing Optimizer
Completed static elaboration
INFO: [XSIM 43-4323] No Change in HDL. Linking previously generated obj files to create kernel
INFO: [USF-XSim-69] 'elaborate' step finished in '2' seconds
Time resolution is 1 ps
Vector 0: FAIL - x=0000, got y=xxxx, expected=0000 (tanh)
Vector 1: FAIL - x=0296, got y=xxxx, expected=0296 (tanh)
Vector 2: FAIL - x=052c, got y=xxxx, expected=052c (tanh)
Vector 3: FAIL - x=07c2, got y=0459, expected=07c1 (tanh)
Vector 4: FAIL - x=0a58, got y=0664, expected=0a56 (tanh)
Vector 5: FAIL - x=0cee, got y=086e, expected=0ceb (tanh)
Vector 6: FAIL - x=0f84, got y=0a78, expected=0f7f (tanh)
Vector 7: FAIL - x=121a, got y=0c83, expected=1212 (tanh)
Vector 8: FAIL - x=14b0, got y=0e8d, expected=14a4 (tanh)
Vector 9: FAIL - x=1746, got y=1097, expected=1735 (tanh)
Vector 10: FAIL - x=19dc, got y=12a2, expected=19c5 (tanh)
Vector 11: FAIL - x=1c72, got y=14ac, expected=1c54 (tanh)
Vector 12: FAIL - x=1f08, got y=16b6, expected=1ee1 (tanh)
Vector 13: FAIL - x=219e, got y=18c1, expected=216d (tanh)
Vector 14: FAIL - x=2434, got y=1acb, expected=23f6 (tanh)
Vector 15: FAIL - x=26ca, got y=1cd6, expected=267e (tanh)
relaunch_sim: Time (s): cpu = 00:00:08 ; elapsed = 00:00:06 . Memory (MB): peak = 10269.570 ; gain = 0.000 ; free physical = 227873 ; free virtual = 245530
update_compile_order -fileset sources_1
update_compile_order -fileset sources_1
relaunch_sim
Command: launch_simulation -step compile -simset sim_1 -mode behavioral
INFO: [Vivado 12-12493] Simulation top is 'tb_pwl_core'
WARNING: [Vivado 12-12986] Compiled library path does not exist: ''
INFO: [Vivado 12-5682] Launching behavioral simulation in '/vol/datastore/jmzhao/CompressedLUT/b-spline/testCPP/hardware/pwl_recover/project_1/project_1.sim/sim_1/behav/xsim'
INFO: [SIM-utils-51] Simulation object is 'sim_1'
INFO: [USF-XSim-2] XSim::Compile design
INFO: [USF-XSim-61] Executing 'COMPILE and ANALYZE' step in '/vol/datastore/jmzhao/CompressedLUT/b-spline/testCPP/hardware/pwl_recover/project_1/project_1.sim/sim_1/behav/xsim'
xvlog --incr --relax -prj tb_pwl_core_vlog.prj
INFO: [VRFC 10-2263] Analyzing Verilog file "/vol/datastore/jmzhao/CompressedLUT/b-spline/testCPP/hardware/rtl/pwl_core.v" into library xil_defaultlib
INFO: [VRFC 10-311] analyzing module pwl_core
INFO: [VRFC 10-2263] Analyzing Verilog file "/vol/datastore/jmzhao/CompressedLUT/b-spline/testCPP/hardware/rtl/pwl_hlut.v" into library xil_defaultlib
INFO: [VRFC 10-311] analyzing module pwl_hlut
INFO: [VRFC 10-2263] Analyzing Verilog file "/vol/datastore/jmzhao/CompressedLUT/b-spline/testCPP/hardware/sim/tb_pwl_core.v" into library xil_defaultlib
INFO: [VRFC 10-311] analyzing module tb_pwl_core
Waiting for jobs to finish...
No pending jobs, compilation finished.
INFO: [USF-XSim-69] 'compile' step finished in '2' seconds
Command: launch_simulation -step elaborate -simset sim_1 -mode behavioral
INFO: [Vivado 12-12493] Simulation top is 'tb_pwl_core'
WARNING: [Vivado 12-12986] Compiled library path does not exist: ''
INFO: [Vivado 12-5682] Launching behavioral simulation in '/vol/datastore/jmzhao/CompressedLUT/b-spline/testCPP/hardware/pwl_recover/project_1/project_1.sim/sim_1/behav/xsim'
INFO: [SIM-utils-51] Simulation object is 'sim_1'
INFO: [USF-XSim-3] XSim::Elaborate design
INFO: [USF-XSim-61] Executing 'ELABORATE' step in '/vol/datastore/jmzhao/CompressedLUT/b-spline/testCPP/hardware/pwl_recover/project_1/project_1.sim/sim_1/behav/xsim'
xelab --incr --debug typical --relax --mt 8 -L xil_defaultlib -L unisims_ver -L unimacro_ver -L secureip --snapshot tb_pwl_core_behav xil_defaultlib.tb_pwl_core xil_defaultlib.glbl -log elaborate.log
Vivado Simulator v2021.2
Copyright 1986-1999, 2001-2021 Xilinx, Inc. All Rights Reserved.
Running: /tools/Xilinx/Vivado/2021.2/bin/unwrapped/lnx64.o/xelab --incr --debug typical --relax --mt 8 -L xil_defaultlib -L unisims_ver -L unimacro_ver -L secureip --snapshot tb_pwl_core_behav xil_defaultlib.tb_pwl_core xil_defaultlib.glbl -log elaborate.log 
Using 8 slave threads.
Starting static elaboration
Pass Through NonSizing Optimizer
Completed static elaboration
Starting simulation data flow analysis
WARNING: [XSIM 43-4099] "/vol/datastore/jmzhao/CompressedLUT/b-spline/testCPP/hardware/rtl/pwl_core.v" Line 7. Module pwl_core doesn't have a timescale but at least one module in design has a timescale.
WARNING: [XSIM 43-4099] "/vol/datastore/jmzhao/CompressedLUT/b-spline/testCPP/hardware/rtl/pwl_hlut.v" Line 7. Module pwl_hlut doesn't have a timescale but at least one module in design has a timescale.
WARNING: [XSIM 43-4099] "/vol/datastore/jmzhao/CompressedLUT/b-spline/testCPP/hardware/rtl/pwl_core.v" Line 7. Module pwl_core doesn't have a timescale but at least one module in design has a timescale.
WARNING: [XSIM 43-4099] "/vol/datastore/jmzhao/CompressedLUT/b-spline/testCPP/hardware/rtl/pwl_hlut.v" Line 7. Module pwl_hlut doesn't have a timescale but at least one module in design has a timescale.
Completed simulation data flow analysis
Time Resolution for simulation is 1ps
Compiling module xil_defaultlib.pwl_hlut
Compiling module xil_defaultlib.pwl_core
Compiling module xil_defaultlib.tb_pwl_core
Compiling module xil_defaultlib.glbl
Built simulation snapshot tb_pwl_core_behav
INFO: [USF-XSim-69] 'elaborate' step finished in '3' seconds
Time resolution is 1 ps

===== Hardware Simulation (x = 0000) =====
Matched group:           2
  Group ranges: [01f4, 0213], [007d, 00bc], [0000, 0000]
  Group parameters: start=0000, end=0000, size=  8, base_b=0000, base_c=0000
  Interval calculation: relative_pos=    0/    0, idx=         x
  Delta parameters: start=xxxx, slope=xxxx, intercept=xxxx
  Reflection flags: x=x, y=x
  Interval boundaries: [xxxx, 0000]
  Parameter recovery:
    Base parameters: b=0000, c=0000
    Delta values: delta_b=xxxxxxxx, delta_c=xxxxxxxx
    Recovered parameters: b=xxxx, c=xxxx
  Final calculation: y = xxxx * xxxx + xxxx = xxxx
------------------------------
Vector 0: FAIL - x=0000, got y=xxxx, expected=0000 (tanh)

===== Hardware Simulation (x = 0296) =====
Matched group:          -1
  Group ranges: [01f4, 0213], [007d, 00bc], [0000, 0000]
  Group parameters: start=01f4, end=0213, size= 16, base_b=0328, base_c=0045
  Interval calculation: relative_pos=  162/   31, idx=        83
  Delta parameters: start=xxxx, slope=xxxx, intercept=xxxx
  Reflection flags: x=x, y=x
  Interval boundaries: [xxxx, 0213]
  Parameter recovery:
    Base parameters: b=0328, c=0045
    Delta values: delta_b=xxxxxxxx, delta_c=xxxxxxxx
    Recovered parameters: b=xxxx, c=xxxx
  Final calculation: y = xxxx * 0000 + xxxx = xxxx
------------------------------
Vector 1: FAIL - x=0296, got y=xxxx, expected=0296 (tanh)

===== Hardware Simulation (x = 052c) =====
Matched group:          -1
  Group ranges: [01f4, 0213], [007d, 00bc], [0000, 0000]
  Group parameters: start=01f4, end=0213, size= 16, base_b=0328, base_c=0045
  Interval calculation: relative_pos=  824/   31, idx=       425
  Delta parameters: start=0001, slope=0000, intercept=0000
  Reflection flags: x=0, y=0
  Interval boundaries: [01f5, 01f5]
  Parameter recovery:
    Base parameters: b=0328, c=0045
    Delta values: delta_b=xxxxxxxx, delta_c=xxxxxxxx
    Recovered parameters: b=xxxx, c=xxxx
  Final calculation: y = xxxx * 0296 + xxxx = xxxx
------------------------------
Vector 2: FAIL - x=052c, got y=xxxx, expected=052c (tanh)

===== Hardware Simulation (x = 07c2) =====
Matched group:          -1
  Group ranges: [01f4, 0213], [007d, 00bc], [0000, 0000]
  Group parameters: start=01f4, end=0213, size= 16, base_b=0328, base_c=0045
  Interval calculation: relative_pos= 1486/   31, idx=       766
  Delta parameters: start=0001, slope=0000, intercept=0000
  Reflection flags: x=0, y=0
  Interval boundaries: [01f5, 01f5]
  Parameter recovery:
    Base parameters: b=0328, c=0045
    Delta values: delta_b=00000000, delta_c=00000000
    Recovered parameters: b=0328, c=0045
  Final calculation: y = 0328 * 052c + 0045 = 0459
------------------------------
Vector 3: FAIL - x=07c2, got y=0459, expected=07c1 (tanh)

===== Hardware Simulation (x = 0a58) =====
Matched group:          -1
  Group ranges: [01f4, 0213], [007d, 00bc], [0000, 0000]
  Group parameters: start=01f4, end=0213, size= 16, base_b=0328, base_c=0045
  Interval calculation: relative_pos= 2148/   31, idx=      1108
  Delta parameters: start=0000, slope=0000, intercept=0000
  Reflection flags: x=0, y=0
  Interval boundaries: [01f4, 01f4]
  Parameter recovery:
    Base parameters: b=0328, c=0045
    Delta values: delta_b=00000000, delta_c=00000000
    Recovered parameters: b=0328, c=0045
  Final calculation: y = 0328 * 07c2 + 0045 = 0664
------------------------------
Vector 4: FAIL - x=0a58, got y=0664, expected=0a56 (tanh)

===== Hardware Simulation (x = 0cee) =====
Matched group:          -1
  Group ranges: [01f4, 0213], [007d, 00bc], [0000, 0000]
  Group parameters: start=01f4, end=0213, size= 16, base_b=0328, base_c=0045
  Interval calculation: relative_pos= 2810/   31, idx=      1450
  Delta parameters: start=0001, slope=0000, intercept=0000
  Reflection flags: x=0, y=0
  Interval boundaries: [01f5, 01f5]
  Parameter recovery:
    Base parameters: b=0328, c=0045
    Delta values: delta_b=00000000, delta_c=00000000
    Recovered parameters: b=0328, c=0045
  Final calculation: y = 0328 * 0a58 + 0045 = 086e
------------------------------
Vector 5: FAIL - x=0cee, got y=086e, expected=0ceb (tanh)

===== Hardware Simulation (x = 0f84) =====
Matched group:          -1
  Group ranges: [01f4, 0213], [007d, 00bc], [0000, 0000]
  Group parameters: start=01f4, end=0213, size= 16, base_b=0328, base_c=0045
  Interval calculation: relative_pos= 3472/   31, idx=      1792
  Delta parameters: start=0001, slope=0000, intercept=0000
  Reflection flags: x=0, y=0
  Interval boundaries: [01f5, 01f5]
  Parameter recovery:
    Base parameters: b=0328, c=0045
    Delta values: delta_b=00000000, delta_c=00000000
    Recovered parameters: b=0328, c=0045
  Final calculation: y = 0328 * 0cee + 0045 = 0a78
------------------------------
Vector 6: FAIL - x=0f84, got y=0a78, expected=0f7f (tanh)

===== Hardware Simulation (x = 121a) =====
Matched group:          -1
  Group ranges: [01f4, 0213], [007d, 00bc], [0000, 0000]
  Group parameters: start=01f4, end=0213, size= 16, base_b=0328, base_c=0045
  Interval calculation: relative_pos= 4134/   31, idx=      2133
  Delta parameters: start=0000, slope=0000, intercept=0000
  Reflection flags: x=0, y=0
  Interval boundaries: [01f4, 01f5]
  Parameter recovery:
    Base parameters: b=0328, c=0045
    Delta values: delta_b=00000000, delta_c=00000000
    Recovered parameters: b=0328, c=0045
  Final calculation: y = 0328 * 0f84 + 0045 = 0c83
------------------------------
Vector 7: FAIL - x=121a, got y=0c83, expected=1212 (tanh)

===== Hardware Simulation (x = 14b0) =====
Matched group:          -1
  Group ranges: [01f4, 0213], [007d, 00bc], [0000, 0000]
  Group parameters: start=01f4, end=0213, size= 16, base_b=0328, base_c=0045
  Interval calculation: relative_pos= 4796/   31, idx=      2475
  Delta parameters: start=0001, slope=0000, intercept=0000
  Reflection flags: x=0, y=0
  Interval boundaries: [01f5, 01f5]
  Parameter recovery:
    Base parameters: b=0328, c=0045
    Delta values: delta_b=00000000, delta_c=00000000
    Recovered parameters: b=0328, c=0045
  Final calculation: y = 0328 * 121a + 0045 = 0e8d
------------------------------
Vector 8: FAIL - x=14b0, got y=0e8d, expected=14a4 (tanh)

===== Hardware Simulation (x = 1746) =====
Matched group:          -1
  Group ranges: [01f4, 0213], [007d, 00bc], [0000, 0000]
  Group parameters: start=01f4, end=0213, size= 16, base_b=0328, base_c=0045
  Interval calculation: relative_pos= 5458/   31, idx=      2817
  Delta parameters: start=0001, slope=0000, intercept=0000
  Reflection flags: x=0, y=0
  Interval boundaries: [01f5, 01f4]
  Parameter recovery:
    Base parameters: b=0328, c=0045
    Delta values: delta_b=00000000, delta_c=00000000
    Recovered parameters: b=0328, c=0045
  Final calculation: y = 0328 * 14b0 + 0045 = 1097
------------------------------
Vector 9: FAIL - x=1746, got y=1097, expected=1735 (tanh)

===== Hardware Simulation (x = 19dc) =====
Matched group:          -1
  Group ranges: [01f4, 0213], [007d, 00bc], [0000, 0000]
  Group parameters: start=01f4, end=0213, size= 16, base_b=0328, base_c=0045
  Interval calculation: relative_pos= 6120/   31, idx=      3158
  Delta parameters: start=0001, slope=0000, intercept=0000
  Reflection flags: x=0, y=0
  Interval boundaries: [01f5, 01f5]
  Parameter recovery:
    Base parameters: b=0328, c=0045
    Delta values: delta_b=00000000, delta_c=00000000
    Recovered parameters: b=0328, c=0045
  Final calculation: y = 0328 * 1746 + 0045 = 12a2
------------------------------
Vector 10: FAIL - x=19dc, got y=12a2, expected=19c5 (tanh)

===== Hardware Simulation (x = 1c72) =====
Matched group:          -1
  Group ranges: [01f4, 0213], [007d, 00bc], [0000, 0000]
  Group parameters: start=01f4, end=0213, size= 16, base_b=0328, base_c=0045
  Interval calculation: relative_pos= 6782/   31, idx=      3500
  Delta parameters: start=0001, slope=0000, intercept=0000
  Reflection flags: x=0, y=0
  Interval boundaries: [01f5, 01f5]
  Parameter recovery:
    Base parameters: b=0328, c=0045
    Delta values: delta_b=00000000, delta_c=00000000
    Recovered parameters: b=0328, c=0045
  Final calculation: y = 0328 * 19dc + 0045 = 14ac
------------------------------
Vector 11: FAIL - x=1c72, got y=14ac, expected=1c54 (tanh)

===== Hardware Simulation (x = 1f08) =====
Matched group:          -1
  Group ranges: [01f4, 0213], [007d, 00bc], [0000, 0000]
  Group parameters: start=01f4, end=0213, size= 16, base_b=0328, base_c=0045
  Interval calculation: relative_pos= 7444/   31, idx=      3842
  Delta parameters: start=0000, slope=0000, intercept=0000
  Reflection flags: x=0, y=0
  Interval boundaries: [01f4, 01f4]
  Parameter recovery:
    Base parameters: b=0328, c=0045
    Delta values: delta_b=00000000, delta_c=00000000
    Recovered parameters: b=0328, c=0045
  Final calculation: y = 0328 * 1c72 + 0045 = 16b6
------------------------------
Vector 12: FAIL - x=1f08, got y=16b6, expected=1ee1 (tanh)

===== Hardware Simulation (x = 219e) =====
Matched group:          -1
  Group ranges: [01f4, 0213], [007d, 00bc], [0000, 0000]
  Group parameters: start=01f4, end=0213, size= 16, base_b=0328, base_c=0045
  Interval calculation: relative_pos= 8106/   31, idx=      4183
  Delta parameters: start=0001, slope=0000, intercept=0000
  Reflection flags: x=0, y=0
  Interval boundaries: [01f5, 01f5]
  Parameter recovery:
    Base parameters: b=0328, c=0045
    Delta values: delta_b=00000000, delta_c=00000000
    Recovered parameters: b=0328, c=0045
  Final calculation: y = 0328 * 1f08 + 0045 = 18c1
------------------------------
Vector 13: FAIL - x=219e, got y=18c1, expected=216d (tanh)

===== Hardware Simulation (x = 2434) =====
Matched group:          -1
  Group ranges: [01f4, 0213], [007d, 00bc], [0000, 0000]
  Group parameters: start=01f4, end=0213, size= 16, base_b=0328, base_c=0045
  Interval calculation: relative_pos= 8768/   31, idx=      4525
  Delta parameters: start=0001, slope=0000, intercept=0000
  Reflection flags: x=0, y=0
  Interval boundaries: [01f5, 01f5]
  Parameter recovery:
    Base parameters: b=0328, c=0045
    Delta values: delta_b=00000000, delta_c=00000000
    Recovered parameters: b=0328, c=0045
  Final calculation: y = 0328 * 219e + 0045 = 1acb
------------------------------
Vector 14: FAIL - x=2434, got y=1acb, expected=23f6 (tanh)
  Group parameters: start=01f4, end=0213, size= 16, base_b=0328, base_c=0045
  Interval calculation: relative_pos= 9430/   31, idx=      4867
  Delta parameters: start=0000, slope=0000, intercept=0000
  Reflection flags: x=0, y=0
  Interval boundaries: [01f4, 01f5]
  Parameter recovery:
    Base parameters: b=0328, c=0045
    Delta values: delta_b=00000000, delta_c=00000000
    Recovered parameters: b=0328, c=0045
  Final calculation: y = 0328 * 2434 + 0045 = 1cd6
------------------------------
Vector 15: FAIL - x=26ca, got y=1cd6, expected=267e (tanh)
relaunch_sim: Time (s): cpu = 00:00:09 ; elapsed = 00:00:07 . Memory (MB): peak = 10277.605 ; gain = 5.996 ; free physical = 227858 ; free virtual = 245515
update_compile_order -fileset sources_1
relaunch_sim
Command: launch_simulation -step compile -simset sim_1 -mode behavioral
INFO: [Vivado 12-12493] Simulation top is 'tb_pwl_core'
WARNING: [Vivado 12-12986] Compiled library path does not exist: ''
INFO: [Vivado 12-5682] Launching behavioral simulation in '/vol/datastore/jmzhao/CompressedLUT/b-spline/testCPP/hardware/pwl_recover/project_1/project_1.sim/sim_1/behav/xsim'
INFO: [SIM-utils-51] Simulation object is 'sim_1'
INFO: [USF-XSim-2] XSim::Compile design
INFO: [USF-XSim-61] Executing 'COMPILE and ANALYZE' step in '/vol/datastore/jmzhao/CompressedLUT/b-spline/testCPP/hardware/pwl_recover/project_1/project_1.sim/sim_1/behav/xsim'
xvlog --incr --relax -prj tb_pwl_core_vlog.prj
INFO: [VRFC 10-2263] Analyzing Verilog file "/vol/datastore/jmzhao/CompressedLUT/b-spline/testCPP/hardware/rtl/pwl_core.v" into library xil_defaultlib
INFO: [VRFC 10-311] analyzing module pwl_core
INFO: [VRFC 10-2263] Analyzing Verilog file "/vol/datastore/jmzhao/CompressedLUT/b-spline/testCPP/hardware/rtl/pwl_hlut.v" into library xil_defaultlib
INFO: [VRFC 10-311] analyzing module pwl_hlut
ERROR: [VRFC 10-4982] syntax error near '}' [/vol/datastore/jmzhao/CompressedLUT/b-spline/testCPP/hardware/rtl/pwl_hlut.v:248]
ERROR: [VRFC 10-4982] syntax error near 'always' [/vol/datastore/jmzhao/CompressedLUT/b-spline/testCPP/hardware/rtl/pwl_hlut.v:295]
ERROR: [VRFC 10-2790] Verilog 2000 keyword always used in incorrect context [/vol/datastore/jmzhao/CompressedLUT/b-spline/testCPP/hardware/rtl/pwl_hlut.v:295]
ERROR: [VRFC 10-4982] syntax error near 'endmodule' [/vol/datastore/jmzhao/CompressedLUT/b-spline/testCPP/hardware/rtl/pwl_hlut.v:345]
ERROR: [VRFC 10-2790] Verilog 2000 keyword endmodule used in incorrect context [/vol/datastore/jmzhao/CompressedLUT/b-spline/testCPP/hardware/rtl/pwl_hlut.v:345]
INFO: [USF-XSim-69] 'compile' step finished in '2' seconds
INFO: [USF-XSim-99] Step results log file:'/vol/datastore/jmzhao/CompressedLUT/b-spline/testCPP/hardware/pwl_recover/project_1/project_1.sim/sim_1/behav/xsim/xvlog.log'
ERROR: [USF-XSim-62] 'compile' step failed with error(s). Please check the Tcl console output or '/vol/datastore/jmzhao/CompressedLUT/b-spline/testCPP/hardware/pwl_recover/project_1/project_1.sim/sim_1/behav/xsim/xvlog.log' file for more information.
ERROR: [Vivado 12-4473] Detected error while running simulation. Please correct the issue and retry this operation.
ERROR: [Common 17-39] 'launch_simulation' failed due to earlier errors.
INFO: [Common 17-17] undo 'relaunch_sim'
INFO: [Common 17-17] undo 'relaunch_sim'
INFO: [Common 17-17] undo 'relaunch_sim'
ERROR: [Common 17-69] Command failed: ERROR: [Common 17-39] 'launch_simulation' failed due to earlier errors.

relaunch_sim
Command: launch_simulation -step compile -simset sim_1 -mode behavioral
INFO: [Vivado 12-12493] Simulation top is 'tb_pwl_core'
WARNING: [Vivado 12-12986] Compiled library path does not exist: ''
INFO: [Vivado 12-5682] Launching behavioral simulation in '/vol/datastore/jmzhao/CompressedLUT/b-spline/testCPP/hardware/pwl_recover/project_1/project_1.sim/sim_1/behav/xsim'
INFO: [SIM-utils-51] Simulation object is 'sim_1'
INFO: [USF-XSim-2] XSim::Compile design
INFO: [USF-XSim-61] Executing 'COMPILE and ANALYZE' step in '/vol/datastore/jmzhao/CompressedLUT/b-spline/testCPP/hardware/pwl_recover/project_1/project_1.sim/sim_1/behav/xsim'
xvlog --incr --relax -prj tb_pwl_core_vlog.prj
INFO: [VRFC 10-2263] Analyzing Verilog file "/vol/datastore/jmzhao/CompressedLUT/b-spline/testCPP/hardware/rtl/pwl_core.v" into library xil_defaultlib
INFO: [VRFC 10-311] analyzing module pwl_core
INFO: [VRFC 10-2263] Analyzing Verilog file "/vol/datastore/jmzhao/CompressedLUT/b-spline/testCPP/hardware/rtl/pwl_hlut.v" into library xil_defaultlib
INFO: [VRFC 10-311] analyzing module pwl_hlut
ERROR: [VRFC 10-4982] syntax error near '}' [/vol/datastore/jmzhao/CompressedLUT/b-spline/testCPP/hardware/rtl/pwl_hlut.v:248]
ERROR: [VRFC 10-4982] syntax error near 'always' [/vol/datastore/jmzhao/CompressedLUT/b-spline/testCPP/hardware/rtl/pwl_hlut.v:295]
ERROR: [VRFC 10-2790] Verilog 2000 keyword always used in incorrect context [/vol/datastore/jmzhao/CompressedLUT/b-spline/testCPP/hardware/rtl/pwl_hlut.v:295]
ERROR: [VRFC 10-4982] syntax error near 'endmodule' [/vol/datastore/jmzhao/CompressedLUT/b-spline/testCPP/hardware/rtl/pwl_hlut.v:345]
ERROR: [VRFC 10-2790] Verilog 2000 keyword endmodule used in incorrect context [/vol/datastore/jmzhao/CompressedLUT/b-spline/testCPP/hardware/rtl/pwl_hlut.v:345]
INFO: [USF-XSim-69] 'compile' step finished in '2' seconds
INFO: [USF-XSim-99] Step results log file:'/vol/datastore/jmzhao/CompressedLUT/b-spline/testCPP/hardware/pwl_recover/project_1/project_1.sim/sim_1/behav/xsim/xvlog.log'
ERROR: [USF-XSim-62] 'compile' step failed with error(s). Please check the Tcl console output or '/vol/datastore/jmzhao/CompressedLUT/b-spline/testCPP/hardware/pwl_recover/project_1/project_1.sim/sim_1/behav/xsim/xvlog.log' file for more information.
ERROR: [Vivado 12-4473] Detected error while running simulation. Please correct the issue and retry this operation.
ERROR: [Common 17-39] 'launch_simulation' failed due to earlier errors.
INFO: [Common 17-17] undo 'relaunch_sim'
INFO: [Common 17-17] undo 'relaunch_sim'
INFO: [Common 17-17] undo 'relaunch_sim'
ERROR: [Common 17-69] Command failed: ERROR: [Common 17-39] 'launch_simulation' failed due to earlier errors.

relaunch_sim
Command: launch_simulation -step compile -simset sim_1 -mode behavioral
INFO: [Vivado 12-12493] Simulation top is 'tb_pwl_core'
WARNING: [Vivado 12-12986] Compiled library path does not exist: ''
INFO: [Vivado 12-5682] Launching behavioral simulation in '/vol/datastore/jmzhao/CompressedLUT/b-spline/testCPP/hardware/pwl_recover/project_1/project_1.sim/sim_1/behav/xsim'
INFO: [SIM-utils-51] Simulation object is 'sim_1'
INFO: [USF-XSim-2] XSim::Compile design
INFO: [USF-XSim-61] Executing 'COMPILE and ANALYZE' step in '/vol/datastore/jmzhao/CompressedLUT/b-spline/testCPP/hardware/pwl_recover/project_1/project_1.sim/sim_1/behav/xsim'
xvlog --incr --relax -prj tb_pwl_core_vlog.prj
INFO: [VRFC 10-2263] Analyzing Verilog file "/vol/datastore/jmzhao/CompressedLUT/b-spline/testCPP/hardware/rtl/pwl_core.v" into library xil_defaultlib
INFO: [VRFC 10-311] analyzing module pwl_core
INFO: [VRFC 10-2263] Analyzing Verilog file "/vol/datastore/jmzhao/CompressedLUT/b-spline/testCPP/hardware/rtl/pwl_hlut.v" into library xil_defaultlib
INFO: [VRFC 10-311] analyzing module pwl_hlut
INFO: [VRFC 10-2263] Analyzing Verilog file "/vol/datastore/jmzhao/CompressedLUT/b-spline/testCPP/hardware/sim/tb_pwl_core.v" into library xil_defaultlib
INFO: [VRFC 10-311] analyzing module tb_pwl_core
Waiting for jobs to finish...
No pending jobs, compilation finished.
INFO: [USF-XSim-69] 'compile' step finished in '2' seconds
Command: launch_simulation -step elaborate -simset sim_1 -mode behavioral
INFO: [Vivado 12-12493] Simulation top is 'tb_pwl_core'
WARNING: [Vivado 12-12986] Compiled library path does not exist: ''
INFO: [Vivado 12-5682] Launching behavioral simulation in '/vol/datastore/jmzhao/CompressedLUT/b-spline/testCPP/hardware/pwl_recover/project_1/project_1.sim/sim_1/behav/xsim'
INFO: [SIM-utils-51] Simulation object is 'sim_1'
INFO: [USF-XSim-3] XSim::Elaborate design
INFO: [USF-XSim-61] Executing 'ELABORATE' step in '/vol/datastore/jmzhao/CompressedLUT/b-spline/testCPP/hardware/pwl_recover/project_1/project_1.sim/sim_1/behav/xsim'
xelab --incr --debug typical --relax --mt 8 -L xil_defaultlib -L unisims_ver -L unimacro_ver -L secureip --snapshot tb_pwl_core_behav xil_defaultlib.tb_pwl_core xil_defaultlib.glbl -log elaborate.log
Vivado Simulator v2021.2
Copyright 1986-1999, 2001-2021 Xilinx, Inc. All Rights Reserved.
Running: /tools/Xilinx/Vivado/2021.2/bin/unwrapped/lnx64.o/xelab --incr --debug typical --relax --mt 8 -L xil_defaultlib -L unisims_ver -L unimacro_ver -L secureip --snapshot tb_pwl_core_behav xil_defaultlib.tb_pwl_core xil_defaultlib.glbl -log elaborate.log 
Using 8 slave threads.
Starting static elaboration
Pass Through NonSizing Optimizer
Completed static elaboration
Starting simulation data flow analysis
WARNING: [XSIM 43-4099] "/vol/datastore/jmzhao/CompressedLUT/b-spline/testCPP/hardware/rtl/pwl_core.v" Line 7. Module pwl_core doesn't have a timescale but at least one module in design has a timescale.
WARNING: [XSIM 43-4099] "/vol/datastore/jmzhao/CompressedLUT/b-spline/testCPP/hardware/rtl/pwl_hlut.v" Line 7. Module pwl_hlut doesn't have a timescale but at least one module in design has a timescale.
WARNING: [XSIM 43-4099] "/vol/datastore/jmzhao/CompressedLUT/b-spline/testCPP/hardware/rtl/pwl_core.v" Line 7. Module pwl_core doesn't have a timescale but at least one module in design has a timescale.
WARNING: [XSIM 43-4099] "/vol/datastore/jmzhao/CompressedLUT/b-spline/testCPP/hardware/rtl/pwl_hlut.v" Line 7. Module pwl_hlut doesn't have a timescale but at least one module in design has a timescale.
Completed simulation data flow analysis
Time Resolution for simulation is 1ps
Compiling module xil_defaultlib.pwl_hlut
Compiling module xil_defaultlib.pwl_core
Compiling module xil_defaultlib.tb_pwl_core
Compiling module xil_defaultlib.glbl
Built simulation snapshot tb_pwl_core_behav
INFO: [USF-XSim-69] 'elaborate' step finished in '2' seconds
Time resolution is 1 ps
Vector 0: PASS - x=0000, y=0000 (tanh)

===== Hardware Simulation (x = 0000) =====
Matched group:           2 (valid=1)
  Group ranges: [01f4, 0213], [007d, 00bc], [0000, 0000]
Vector 1: FAIL - x=0296, got y=0000, expected=0296 (tanh)
  Group parameters: start=0000, end=0000, size=  8, base_b=0000, base_c=0000
  Interval calculation: WARNING - zero range, using idx=0
  Delta parameters: start=xxxx, slope=xxxx, intercept=xxxx
  Reflection flags: x=x, y=x
  Interval boundaries: [xxxx, 0000]

===== Hardware Simulation (x = 0296) =====
Matched group:          -1 (valid=0)
  Group ranges: [01f4, 0213], [007d, 00bc], [0000, 0000]
  Parameter recovery:
    Base parameters: b=0000, c=0000
    Delta values: delta_b=xxxxxxxx, delta_c=xxxxxxxx
    Recovered parameters: b=xxxx, c=xxxx
  Final calculation: y = xxxx * 0000 + xxxx = xxxx
------------------------------
Vector 2: FAIL - x=052c, got y=0000, expected=052c (tanh)
  Parameter recovery:
    Base parameters: b=0328, c=0045
    Delta values: delta_b=xxxxxxxx, delta_c=xxxxxxxx
    Recovered parameters: b=xxxx, c=xxxx
  Final calculation: y = xxxx * 0000 + xxxx = xxxx
------------------------------

===== Hardware Simulation (x = 052c) =====
Matched group:          -1 (valid=0)
  Group ranges: [01f4, 0213], [007d, 00bc], [0000, 0000]
  Parameter recovery:
    Base parameters: b=0328, c=0045
    Delta values: delta_b=xxxxxxxx, delta_c=xxxxxxxx
    Recovered parameters: b=xxxx, c=xxxx
  Final calculation: y = xxxx * 0000 + xxxx = xxxx
------------------------------
Vector 3: FAIL - x=07c2, got y=xxxx, expected=07c1 (tanh)
  Parameter recovery:
    Base parameters: b=0328, c=0045
    Delta values: delta_b=xxxxxxxx, delta_c=xxxxxxxx
    Recovered parameters: b=xxxx, c=xxxx
  Final calculation: y = xxxx * 0000 + xxxx = xxxx
------------------------------

===== Hardware Simulation (x = 07c2) =====
Matched group:          -1 (valid=0)
  Group ranges: [01f4, 0213], [007d, 00bc], [0000, 0000]
  Parameter recovery:
    Base parameters: b=0328, c=0045
    Delta values: delta_b=xxxxxxxx, delta_c=xxxxxxxx
    Recovered parameters: b=xxxx, c=xxxx
  Final calculation: y = xxxx * 0000 + xxxx = xxxx
------------------------------
Vector 4: FAIL - x=0a58, got y=xxxx, expected=0a56 (tanh)
  Parameter recovery:
    Base parameters: b=0328, c=0045
    Delta values: delta_b=xxxxxxxx, delta_c=xxxxxxxx
    Recovered parameters: b=xxxx, c=xxxx
  Final calculation: y = xxxx * 0000 + xxxx = xxxx
------------------------------

===== Hardware Simulation (x = 0a58) =====
Matched group:          -1 (valid=0)
  Group ranges: [01f4, 0213], [007d, 00bc], [0000, 0000]
  Parameter recovery:
    Base parameters: b=0328, c=0045
    Delta values: delta_b=xxxxxxxx, delta_c=xxxxxxxx
    Recovered parameters: b=xxxx, c=xxxx
  Final calculation: y = xxxx * 0000 + xxxx = xxxx
------------------------------
Vector 5: FAIL - x=0cee, got y=xxxx, expected=0ceb (tanh)
  Parameter recovery:
    Base parameters: b=0328, c=0045
    Delta values: delta_b=xxxxxxxx, delta_c=xxxxxxxx
    Recovered parameters: b=xxxx, c=xxxx
  Final calculation: y = xxxx * 0000 + xxxx = xxxx
------------------------------

===== Hardware Simulation (x = 0cee) =====
Matched group:          -1 (valid=0)
  Group ranges: [01f4, 0213], [007d, 00bc], [0000, 0000]
  Parameter recovery:
    Base parameters: b=0328, c=0045
    Delta values: delta_b=xxxxxxxx, delta_c=xxxxxxxx
    Recovered parameters: b=xxxx, c=xxxx
  Final calculation: y = xxxx * 0000 + xxxx = xxxx
------------------------------
Vector 6: FAIL - x=0f84, got y=xxxx, expected=0f7f (tanh)
  Parameter recovery:
    Base parameters: b=0328, c=0045
    Delta values: delta_b=xxxxxxxx, delta_c=xxxxxxxx
    Recovered parameters: b=xxxx, c=xxxx
  Final calculation: y = xxxx * 0000 + xxxx = xxxx
------------------------------

===== Hardware Simulation (x = 0f84) =====
Matched group:          -1 (valid=0)
  Group ranges: [01f4, 0213], [007d, 00bc], [0000, 0000]
  Parameter recovery:
    Base parameters: b=0328, c=0045
    Delta values: delta_b=xxxxxxxx, delta_c=xxxxxxxx
    Recovered parameters: b=xxxx, c=xxxx
  Final calculation: y = xxxx * 0000 + xxxx = xxxx
------------------------------
Vector 7: FAIL - x=121a, got y=xxxx, expected=1212 (tanh)
  Parameter recovery:
    Base parameters: b=0328, c=0045
    Delta values: delta_b=xxxxxxxx, delta_c=xxxxxxxx
    Recovered parameters: b=xxxx, c=xxxx
  Final calculation: y = xxxx * 0000 + xxxx = xxxx
------------------------------

===== Hardware Simulation (x = 121a) =====
Matched group:          -1 (valid=0)
  Group ranges: [01f4, 0213], [007d, 00bc], [0000, 0000]
  Parameter recovery:
    Base parameters: b=0328, c=0045
    Delta values: delta_b=xxxxxxxx, delta_c=xxxxxxxx
    Recovered parameters: b=xxxx, c=xxxx
  Final calculation: y = xxxx * 0000 + xxxx = xxxx
------------------------------
Vector 8: FAIL - x=14b0, got y=xxxx, expected=14a4 (tanh)
  Parameter recovery:
    Base parameters: b=0328, c=0045
    Delta values: delta_b=xxxxxxxx, delta_c=xxxxxxxx
    Recovered parameters: b=xxxx, c=xxxx
  Final calculation: y = xxxx * 0000 + xxxx = xxxx
------------------------------

===== Hardware Simulation (x = 14b0) =====
Matched group:          -1 (valid=0)
  Group ranges: [01f4, 0213], [007d, 00bc], [0000, 0000]
  Parameter recovery:
    Base parameters: b=0328, c=0045
    Delta values: delta_b=xxxxxxxx, delta_c=xxxxxxxx
    Recovered parameters: b=xxxx, c=xxxx
  Final calculation: y = xxxx * 0000 + xxxx = xxxx
------------------------------
Vector 9: FAIL - x=1746, got y=xxxx, expected=1735 (tanh)
  Parameter recovery:
    Base parameters: b=0328, c=0045
    Delta values: delta_b=xxxxxxxx, delta_c=xxxxxxxx
    Recovered parameters: b=xxxx, c=xxxx
  Final calculation: y = xxxx * 0000 + xxxx = xxxx
------------------------------

===== Hardware Simulation (x = 1746) =====
Matched group:          -1 (valid=0)
  Group ranges: [01f4, 0213], [007d, 00bc], [0000, 0000]
  Parameter recovery:
    Base parameters: b=0328, c=0045
    Delta values: delta_b=xxxxxxxx, delta_c=xxxxxxxx
    Recovered parameters: b=xxxx, c=xxxx
  Final calculation: y = xxxx * 0000 + xxxx = xxxx
------------------------------
Vector 10: FAIL - x=19dc, got y=xxxx, expected=19c5 (tanh)
  Parameter recovery:
    Base parameters: b=0328, c=0045
    Delta values: delta_b=xxxxxxxx, delta_c=xxxxxxxx
    Recovered parameters: b=xxxx, c=xxxx
  Final calculation: y = xxxx * 0000 + xxxx = xxxx
------------------------------

===== Hardware Simulation (x = 19dc) =====
Matched group:          -1 (valid=0)
  Group ranges: [01f4, 0213], [007d, 00bc], [0000, 0000]
  Parameter recovery:
    Base parameters: b=0328, c=0045
    Delta values: delta_b=xxxxxxxx, delta_c=xxxxxxxx
    Recovered parameters: b=xxxx, c=xxxx
  Final calculation: y = xxxx * 0000 + xxxx = xxxx
------------------------------
Vector 11: FAIL - x=1c72, got y=xxxx, expected=1c54 (tanh)
  Parameter recovery:
    Base parameters: b=0328, c=0045
    Delta values: delta_b=xxxxxxxx, delta_c=xxxxxxxx
    Recovered parameters: b=xxxx, c=xxxx
  Final calculation: y = xxxx * 0000 + xxxx = xxxx
------------------------------

===== Hardware Simulation (x = 1c72) =====
Matched group:          -1 (valid=0)
  Group ranges: [01f4, 0213], [007d, 00bc], [0000, 0000]
  Parameter recovery:
    Base parameters: b=0328, c=0045
    Delta values: delta_b=xxxxxxxx, delta_c=xxxxxxxx
    Recovered parameters: b=xxxx, c=xxxx
  Final calculation: y = xxxx * 0000 + xxxx = xxxx
------------------------------
Vector 12: FAIL - x=1f08, got y=xxxx, expected=1ee1 (tanh)
  Parameter recovery:
    Base parameters: b=0328, c=0045
    Delta values: delta_b=xxxxxxxx, delta_c=xxxxxxxx
    Recovered parameters: b=xxxx, c=xxxx
  Final calculation: y = xxxx * 0000 + xxxx = xxxx
------------------------------

===== Hardware Simulation (x = 1f08) =====
Matched group:          -1 (valid=0)
  Group ranges: [01f4, 0213], [007d, 00bc], [0000, 0000]
  Parameter recovery:
    Base parameters: b=0328, c=0045
    Delta values: delta_b=xxxxxxxx, delta_c=xxxxxxxx
    Recovered parameters: b=xxxx, c=xxxx
  Final calculation: y = xxxx * 0000 + xxxx = xxxx
------------------------------
Vector 13: FAIL - x=219e, got y=xxxx, expected=216d (tanh)
  Parameter recovery:
    Base parameters: b=0328, c=0045
    Delta values: delta_b=xxxxxxxx, delta_c=xxxxxxxx
    Recovered parameters: b=xxxx, c=xxxx
  Final calculation: y = xxxx * 0000 + xxxx = xxxx
------------------------------

===== Hardware Simulation (x = 219e) =====
Matched group:          -1 (valid=0)
  Group ranges: [01f4, 0213], [007d, 00bc], [0000, 0000]
  Parameter recovery:
    Base parameters: b=0328, c=0045
    Delta values: delta_b=xxxxxxxx, delta_c=xxxxxxxx
    Recovered parameters: b=xxxx, c=xxxx
  Final calculation: y = xxxx * 0000 + xxxx = xxxx
------------------------------
Vector 14: FAIL - x=2434, got y=xxxx, expected=23f6 (tanh)
  Parameter recovery:
    Base parameters: b=0328, c=0045
    Delta values: delta_b=xxxxxxxx, delta_c=xxxxxxxx
    Recovered parameters: b=xxxx, c=xxxx
  Final calculation: y = xxxx * 0000 + xxxx = xxxx
------------------------------

===== Hardware Simulation (x = 2434) =====
Matched group:          -1 (valid=0)
  Group ranges: [01f4, 0213], [007d, 00bc], [0000, 0000]
  Parameter recovery:
    Base parameters: b=0328, c=0045
    Delta values: delta_b=xxxxxxxx, delta_c=xxxxxxxx
    Recovered parameters: b=xxxx, c=xxxx
  Final calculation: y = xxxx * 0000 + xxxx = xxxx
------------------------------
Vector 15: FAIL - x=26ca, got y=xxxx, expected=267e (tanh)
  Parameter recovery:
    Base parameters: b=0328, c=0045
    Delta values: delta_b=xxxxxxxx, delta_c=xxxxxxxx
    Recovered parameters: b=xxxx, c=xxxx
  Final calculation: y = xxxx * 0000 + xxxx = xxxx
------------------------------

===== Hardware Simulation (x = 26ca) =====
Matched group:          -1 (valid=0)
  Group ranges: [01f4, 0213], [007d, 00bc], [0000, 0000]
  Parameter recovery:
    Base parameters: b=0328, c=0045
    Delta values: delta_b=xxxxxxxx, delta_c=xxxxxxxx
    Recovered parameters: b=xxxx, c=xxxx
  Final calculation: y = xxxx * 0000 + xxxx = xxxx
------------------------------
Vector 16: FAIL - x=2960, got y=xxxx, expected=2904 (tanh)
  Parameter recovery:
    Base parameters: b=0328, c=0045
    Delta values: delta_b=xxxxxxxx, delta_c=xxxxxxxx
    Recovered parameters: b=xxxx, c=xxxx
  Final calculation: y = xxxx * 0000 + xxxx = xxxx
------------------------------

===== Hardware Simulation (x = 2960) =====
Matched group:          -1 (valid=0)
  Group ranges: [01f4, 0213], [007d, 00bc], [0000, 0000]
  Parameter recovery:
    Base parameters: b=0328, c=0045
    Delta values: delta_b=xxxxxxxx, delta_c=xxxxxxxx
    Recovered parameters: b=xxxx, c=xxxx
  Final calculation: y = xxxx * 0000 + xxxx = xxxx
------------------------------
Vector 17: FAIL - x=2bf6, got y=xxxx, expected=2b88 (tanh)
  Parameter recovery:
    Base parameters: b=0328, c=0045
    Delta values: delta_b=xxxxxxxx, delta_c=xxxxxxxx
    Recovered parameters: b=xxxx, c=xxxx
  Final calculation: y = xxxx * 0000 + xxxx = xxxx
------------------------------

===== Hardware Simulation (x = 2bf6) =====
Matched group:          -1 (valid=0)
  Group ranges: [01f4, 0213], [007d, 00bc], [0000, 0000]
  Parameter recovery:
    Base parameters: b=0328, c=0045
    Delta values: delta_b=xxxxxxxx, delta_c=xxxxxxxx
    Recovered parameters: b=xxxx, c=xxxx
  Final calculation: y = xxxx * 0000 + xxxx = xxxx
------------------------------
Vector 18: FAIL - x=2e8c, got y=xxxx, expected=2e0a (tanh)
  Parameter recovery:
    Base parameters: b=0328, c=0045
    Delta values: delta_b=xxxxxxxx, delta_c=xxxxxxxx
    Recovered parameters: b=xxxx, c=xxxx
  Final calculation: y = xxxx * 0000 + xxxx = xxxx
------------------------------

===== Hardware Simulation (x = 2e8c) =====
Matched group:          -1 (valid=0)
  Group ranges: [01f4, 0213], [007d, 00bc], [0000, 0000]
  Parameter recovery:
    Base parameters: b=0328, c=0045
    Delta values: delta_b=xxxxxxxx, delta_c=xxxxxxxx
    Recovered parameters: b=xxxx, c=xxxx
  Final calculation: y = xxxx * 0000 + xxxx = xxxx
------------------------------
Vector 19: FAIL - x=3122, got y=xxxx, expected=3089 (tanh)
  Parameter recovery:
    Base parameters: b=0328, c=0045
    Delta values: delta_b=xxxxxxxx, delta_c=xxxxxxxx
    Recovered parameters: b=xxxx, c=xxxx
  Final calculation: y = xxxx * 0000 + xxxx = xxxx
------------------------------

===== Hardware Simulation (x = 3122) =====
Matched group:          -1 (valid=0)
  Group ranges: [01f4, 0213], [007d, 00bc], [0000, 0000]
  Parameter recovery:
    Base parameters: b=0328, c=0045
    Delta values: delta_b=xxxxxxxx, delta_c=xxxxxxxx
    Recovered parameters: b=xxxx, c=xxxx
  Final calculation: y = xxxx * 0000 + xxxx = xxxx
------------------------------
Vector 20: FAIL - x=33b8, got y=xxxx, expected=3306 (tanh)
  Parameter recovery:
    Base parameters: b=0328, c=0045
    Delta values: delta_b=xxxxxxxx, delta_c=xxxxxxxx
    Recovered parameters: b=xxxx, c=xxxx
  Final calculation: y = xxxx * 0000 + xxxx = xxxx
------------------------------

===== Hardware Simulation (x = 33b8) =====
Matched group:          -1 (valid=0)
  Group ranges: [01f4, 0213], [007d, 00bc], [0000, 0000]
  Parameter recovery:
    Base parameters: b=0328, c=0045
    Delta values: delta_b=xxxxxxxx, delta_c=xxxxxxxx
    Recovered parameters: b=xxxx, c=xxxx
  Final calculation: y = xxxx * 0000 + xxxx = xxxx
------------------------------
Vector 21: FAIL - x=364e, got y=xxxx, expected=3581 (tanh)
  Parameter recovery:
    Base parameters: b=0328, c=0045
    Delta values: delta_b=xxxxxxxx, delta_c=xxxxxxxx
    Recovered parameters: b=xxxx, c=xxxx
  Final calculation: y = xxxx * 0000 + xxxx = xxxx
------------------------------

===== Hardware Simulation (x = 364e) =====
Matched group:          -1 (valid=0)
  Group ranges: [01f4, 0213], [007d, 00bc], [0000, 0000]
  Parameter recovery:
    Base parameters: b=0328, c=0045
    Delta values: delta_b=xxxxxxxx, delta_c=xxxxxxxx
    Recovered parameters: b=xxxx, c=xxxx
  Final calculation: y = xxxx * 0000 + xxxx = xxxx
------------------------------
Vector 22: FAIL - x=38e4, got y=xxxx, expected=37f8 (tanh)
  Parameter recovery:
    Base parameters: b=0328, c=0045
    Delta values: delta_b=xxxxxxxx, delta_c=xxxxxxxx
    Recovered parameters: b=xxxx, c=xxxx
  Final calculation: y = xxxx * 0000 + xxxx = xxxx
------------------------------

===== Hardware Simulation (x = 38e4) =====
Matched group:          -1 (valid=0)
  Group ranges: [01f4, 0213], [007d, 00bc], [0000, 0000]
  Parameter recovery:
    Base parameters: b=0328, c=0045
    Delta values: delta_b=xxxxxxxx, delta_c=xxxxxxxx
    Recovered parameters: b=xxxx, c=xxxx
  Final calculation: y = xxxx * 0000 + xxxx = xxxx
------------------------------
Vector 23: FAIL - x=3b7a, got y=xxxx, expected=3a6d (tanh)
  Parameter recovery:
    Base parameters: b=0328, c=0045
    Delta values: delta_b=xxxxxxxx, delta_c=xxxxxxxx
    Recovered parameters: b=xxxx, c=xxxx
  Final calculation: y = xxxx * 0000 + xxxx = xxxx
------------------------------

===== Hardware Simulation (x = 3b7a) =====
Matched group:          -1 (valid=0)
  Group ranges: [01f4, 0213], [007d, 00bc], [0000, 0000]
  Parameter recovery:
    Base parameters: b=0328, c=0045
    Delta values: delta_b=xxxxxxxx, delta_c=xxxxxxxx
    Recovered parameters: b=xxxx, c=xxxx
  Final calculation: y = xxxx * 0000 + xxxx = xxxx
------------------------------
Vector 24: FAIL - x=3e10, got y=xxxx, expected=3cdf (tanh)
  Parameter recovery:
    Base parameters: b=0328, c=0045
    Delta values: delta_b=xxxxxxxx, delta_c=xxxxxxxx
    Recovered parameters: b=xxxx, c=xxxx
  Final calculation: y = xxxx * 0000 + xxxx = xxxx
------------------------------

===== Hardware Simulation (x = 3e10) =====
Matched group:          -1 (valid=0)
  Group ranges: [01f4, 0213], [007d, 00bc], [0000, 0000]
  Parameter recovery:
    Base parameters: b=0328, c=0045
    Delta values: delta_b=xxxxxxxx, delta_c=xxxxxxxx
    Recovered parameters: b=xxxx, c=xxxx
  Final calculation: y = xxxx * 0000 + xxxx = xxxx
------------------------------
Vector 25: FAIL - x=40a5, got y=xxxx, expected=3f4e (tanh)
  Parameter recovery:
    Base parameters: b=0328, c=0045
    Delta values: delta_b=xxxxxxxx, delta_c=xxxxxxxx
    Recovered parameters: b=xxxx, c=xxxx
  Final calculation: y = xxxx * 0000 + xxxx = xxxx
------------------------------

===== Hardware Simulation (x = 40a5) =====
Matched group:          -1 (valid=0)
  Group ranges: [01f4, 0213], [007d, 00bc], [0000, 0000]
  Parameter recovery:
    Base parameters: b=0328, c=0045
    Delta values: delta_b=xxxxxxxx, delta_c=xxxxxxxx
    Recovered parameters: b=xxxx, c=xxxx
  Final calculation: y = xxxx * 0000 + xxxx = xxxx
------------------------------
Vector 26: FAIL - x=433b, got y=xxxx, expected=41ba (tanh)
  Parameter recovery:
    Base parameters: b=0328, c=0045
    Delta values: delta_b=xxxxxxxx, delta_c=xxxxxxxx
    Recovered parameters: b=xxxx, c=xxxx
  Final calculation: y = xxxx * 0000 + xxxx = xxxx
------------------------------

===== Hardware Simulation (x = 433b) =====
Matched group:          -1 (valid=0)
  Group ranges: [01f4, 0213], [007d, 00bc], [0000, 0000]
  Parameter recovery:
    Base parameters: b=0328, c=0045
    Delta values: delta_b=xxxxxxxx, delta_c=xxxxxxxx
    Recovered parameters: b=xxxx, c=xxxx
  Final calculation: y = xxxx * 0000 + xxxx = xxxx
------------------------------
Vector 27: FAIL - x=45d1, got y=xxxx, expected=4423 (tanh)
  Parameter recovery:
    Base parameters: b=0328, c=0045
    Delta values: delta_b=xxxxxxxx, delta_c=xxxxxxxx
    Recovered parameters: b=xxxx, c=xxxx
  Final calculation: y = xxxx * 0000 + xxxx = xxxx
------------------------------

===== Hardware Simulation (x = 45d1) =====
Matched group:          -1 (valid=0)
  Group ranges: [01f4, 0213], [007d, 00bc], [0000, 0000]
  Parameter recovery:
    Base parameters: b=0328, c=0045
    Delta values: delta_b=xxxxxxxx, delta_c=xxxxxxxx
    Recovered parameters: b=xxxx, c=xxxx
  Final calculation: y = xxxx * 0000 + xxxx = xxxx
------------------------------
Vector 28: FAIL - x=4867, got y=xxxx, expected=4689 (tanh)
  Parameter recovery:
    Base parameters: b=0328, c=0045
    Delta values: delta_b=xxxxxxxx, delta_c=xxxxxxxx
    Recovered parameters: b=xxxx, c=xxxx
  Final calculation: y = xxxx * 0000 + xxxx = xxxx
------------------------------

===== Hardware Simulation (x = 4867) =====
Matched group:          -1 (valid=0)
  Group ranges: [01f4, 0213], [007d, 00bc], [0000, 0000]
  Parameter recovery:
    Base parameters: b=0328, c=0045
    Delta values: delta_b=xxxxxxxx, delta_c=xxxxxxxx
    Recovered parameters: b=xxxx, c=xxxx
  Final calculation: y = xxxx * 0000 + xxxx = xxxx
------------------------------
Vector 29: FAIL - x=4afd, got y=xxxx, expected=48eb (tanh)
  Parameter recovery:
    Base parameters: b=0328, c=0045
    Delta values: delta_b=xxxxxxxx, delta_c=xxxxxxxx
    Recovered parameters: b=xxxx, c=xxxx
  Final calculation: y = xxxx * 0000 + xxxx = xxxx
------------------------------

===== Hardware Simulation (x = 4afd) =====
Matched group:          -1 (valid=0)
  Group ranges: [01f4, 0213], [007d, 00bc], [0000, 0000]
  Parameter recovery:
    Base parameters: b=0328, c=0045
    Delta values: delta_b=xxxxxxxx, delta_c=xxxxxxxx
    Recovered parameters: b=xxxx, c=xxxx
  Final calculation: y = xxxx * 0000 + xxxx = xxxx
------------------------------
Vector 30: FAIL - x=4d93, got y=xxxx, expected=4b49 (tanh)
  Parameter recovery:
    Base parameters: b=0328, c=0045
    Delta values: delta_b=xxxxxxxx, delta_c=xxxxxxxx
    Recovered parameters: b=xxxx, c=xxxx
  Final calculation: y = xxxx * 0000 + xxxx = xxxx
------------------------------

===== Hardware Simulation (x = 4d93) =====
Matched group:          -1 (valid=0)
  Group ranges: [01f4, 0213], [007d, 00bc], [0000, 0000]
  Parameter recovery:
    Base parameters: b=0328, c=0045
    Delta values: delta_b=xxxxxxxx, delta_c=xxxxxxxx
    Recovered parameters: b=xxxx, c=xxxx
  Final calculation: y = xxxx * 0000 + xxxx = xxxx
------------------------------
Vector 31: FAIL - x=5029, got y=xxxx, expected=4da4 (tanh)
  Parameter recovery:
    Base parameters: b=0328, c=0045
    Delta values: delta_b=xxxxxxxx, delta_c=xxxxxxxx
    Recovered parameters: b=xxxx, c=xxxx
  Final calculation: y = xxxx * 0000 + xxxx = xxxx
------------------------------

===== Hardware Simulation (x = 5029) =====
Matched group:          -1 (valid=0)
  Group ranges: [01f4, 0213], [007d, 00bc], [0000, 0000]
  Parameter recovery:
    Base parameters: b=0328, c=0045
    Delta values: delta_b=xxxxxxxx, delta_c=xxxxxxxx
    Recovered parameters: b=xxxx, c=xxxx
  Final calculation: y = xxxx * 0000 + xxxx = xxxx
------------------------------
Vector 32: FAIL - x=52bf, got y=xxxx, expected=4ffb (tanh)
  Parameter recovery:
    Base parameters: b=0328, c=0045
    Delta values: delta_b=xxxxxxxx, delta_c=xxxxxxxx
    Recovered parameters: b=xxxx, c=xxxx
  Final calculation: y = xxxx * 0000 + xxxx = xxxx
------------------------------

===== Hardware Simulation (x = 52bf) =====
Matched group:          -1 (valid=0)
  Group ranges: [01f4, 0213], [007d, 00bc], [0000, 0000]
  Parameter recovery:
    Base parameters: b=0328, c=0045
    Delta values: delta_b=xxxxxxxx, delta_c=xxxxxxxx
    Recovered parameters: b=xxxx, c=xxxx
  Final calculation: y = xxxx * 0000 + xxxx = xxxx
------------------------------
Vector 33: FAIL - x=5555, got y=xxxx, expected=524f (tanh)
  Parameter recovery:
    Base parameters: b=0328, c=0045
    Delta values: delta_b=xxxxxxxx, delta_c=xxxxxxxx
    Recovered parameters: b=xxxx, c=xxxx
  Final calculation: y = xxxx * 0000 + xxxx = xxxx
------------------------------

===== Hardware Simulation (x = 5555) =====
Matched group:          -1 (valid=0)
  Group ranges: [01f4, 0213], [007d, 00bc], [0000, 0000]
  Parameter recovery:
    Base parameters: b=0328, c=0045
    Delta values: delta_b=xxxxxxxx, delta_c=xxxxxxxx
    Recovered parameters: b=xxxx, c=xxxx
  Final calculation: y = xxxx * 0000 + xxxx = xxxx
------------------------------
Vector 34: FAIL - x=57eb, got y=xxxx, expected=549e (tanh)
  Parameter recovery:
    Base parameters: b=0328, c=0045
    Delta values: delta_b=xxxxxxxx, delta_c=xxxxxxxx
    Recovered parameters: b=xxxx, c=xxxx
  Final calculation: y = xxxx * 0000 + xxxx = xxxx
------------------------------

===== Hardware Simulation (x = 57eb) =====
Matched group:          -1 (valid=0)
  Group ranges: [01f4, 0213], [007d, 00bc], [0000, 0000]
  Parameter recovery:
    Base parameters: b=0328, c=0045
    Delta values: delta_b=xxxxxxxx, delta_c=xxxxxxxx
    Recovered parameters: b=xxxx, c=xxxx
  Final calculation: y = xxxx * 0000 + xxxx = xxxx
------------------------------
Vector 35: FAIL - x=5a81, got y=xxxx, expected=56ea (tanh)
  Parameter recovery:
    Base parameters: b=0328, c=0045
    Delta values: delta_b=xxxxxxxx, delta_c=xxxxxxxx
    Recovered parameters: b=xxxx, c=xxxx
  Final calculation: y = xxxx * 0000 + xxxx = xxxx
------------------------------

===== Hardware Simulation (x = 5a81) =====
Matched group:          -1 (valid=0)
  Group ranges: [01f4, 0213], [007d, 00bc], [0000, 0000]
  Parameter recovery:
    Base parameters: b=0328, c=0045
    Delta values: delta_b=xxxxxxxx, delta_c=xxxxxxxx
    Recovered parameters: b=xxxx, c=xxxx
  Final calculation: y = xxxx * 0000 + xxxx = xxxx
------------------------------
Vector 36: FAIL - x=5d17, got y=xxxx, expected=5932 (tanh)
  Parameter recovery:
    Base parameters: b=0328, c=0045
    Delta values: delta_b=xxxxxxxx, delta_c=xxxxxxxx
    Recovered parameters: b=xxxx, c=xxxx
  Final calculation: y = xxxx * 0000 + xxxx = xxxx
------------------------------

===== Hardware Simulation (x = 5d17) =====
Matched group:          -1 (valid=0)
  Group ranges: [01f4, 0213], [007d, 00bc], [0000, 0000]
  Parameter recovery:
    Base parameters: b=0328, c=0045
    Delta values: delta_b=xxxxxxxx, delta_c=xxxxxxxx
    Recovered parameters: b=xxxx, c=xxxx
  Final calculation: y = xxxx * 0000 + xxxx = xxxx
------------------------------
Vector 37: FAIL - x=5fad, got y=xxxx, expected=5b75 (tanh)
  Parameter recovery:
    Base parameters: b=0328, c=0045
    Delta values: delta_b=xxxxxxxx, delta_c=xxxxxxxx
    Recovered parameters: b=xxxx, c=xxxx
  Final calculation: y = xxxx * 0000 + xxxx = xxxx
------------------------------

===== Hardware Simulation (x = 5fad) =====
Matched group:          -1 (valid=0)
  Group ranges: [01f4, 0213], [007d, 00bc], [0000, 0000]
  Parameter recovery:
    Base parameters: b=0328, c=0045
    Delta values: delta_b=xxxxxxxx, delta_c=xxxxxxxx
    Recovered parameters: b=xxxx, c=xxxx
  Final calculation: y = xxxx * 0000 + xxxx = xxxx
------------------------------
Vector 38: FAIL - x=6243, got y=xxxx, expected=5db5 (tanh)
  Parameter recovery:
    Base parameters: b=0328, c=0045
    Delta values: delta_b=xxxxxxxx, delta_c=xxxxxxxx
    Recovered parameters: b=xxxx, c=xxxx
  Final calculation: y = xxxx * 0000 + xxxx = xxxx
------------------------------

===== Hardware Simulation (x = 6243) =====
Matched group:          -1 (valid=0)
  Group ranges: [01f4, 0213], [007d, 00bc], [0000, 0000]
  Parameter recovery:
    Base parameters: b=0328, c=0045
    Delta values: delta_b=xxxxxxxx, delta_c=xxxxxxxx
    Recovered parameters: b=xxxx, c=xxxx
  Final calculation: y = xxxx * 0000 + xxxx = xxxx
------------------------------
Vector 39: FAIL - x=64d9, got y=xxxx, expected=5ff0 (tanh)
  Parameter recovery:
    Base parameters: b=0328, c=0045
    Delta values: delta_b=xxxxxxxx, delta_c=xxxxxxxx
    Recovered parameters: b=xxxx, c=xxxx
  Final calculation: y = xxxx * 0000 + xxxx = xxxx
------------------------------

===== Hardware Simulation (x = 64d9) =====
Matched group:          -1 (valid=0)
  Group ranges: [01f4, 0213], [007d, 00bc], [0000, 0000]
  Parameter recovery:
    Base parameters: b=0328, c=0045
    Delta values: delta_b=xxxxxxxx, delta_c=xxxxxxxx
    Recovered parameters: b=xxxx, c=xxxx
  Final calculation: y = xxxx * 0000 + xxxx = xxxx
------------------------------
Vector 40: FAIL - x=676f, got y=xxxx, expected=6227 (tanh)
  Parameter recovery:
    Base parameters: b=0328, c=0045
    Delta values: delta_b=xxxxxxxx, delta_c=xxxxxxxx
    Recovered parameters: b=xxxx, c=xxxx
  Final calculation: y = xxxx * 0000 + xxxx = xxxx
------------------------------

===== Hardware Simulation (x = 676f) =====
Matched group:          -1 (valid=0)
  Group ranges: [01f4, 0213], [007d, 00bc], [0000, 0000]
  Parameter recovery:
    Base parameters: b=0328, c=0045
    Delta values: delta_b=xxxxxxxx, delta_c=xxxxxxxx
    Recovered parameters: b=xxxx, c=xxxx
  Final calculation: y = xxxx * 0000 + xxxx = xxxx
------------------------------
Vector 41: FAIL - x=6a05, got y=xxxx, expected=6459 (tanh)
  Parameter recovery:
    Base parameters: b=0328, c=0045
    Delta values: delta_b=xxxxxxxx, delta_c=xxxxxxxx
    Recovered parameters: b=xxxx, c=xxxx
  Final calculation: y = xxxx * 0000 + xxxx = xxxx
------------------------------

===== Hardware Simulation (x = 6a05) =====
Matched group:          -1 (valid=0)
  Group ranges: [01f4, 0213], [007d, 00bc], [0000, 0000]
  Parameter recovery:
    Base parameters: b=0328, c=0045
    Delta values: delta_b=xxxxxxxx, delta_c=xxxxxxxx
    Recovered parameters: b=xxxx, c=xxxx
  Final calculation: y = xxxx * 0000 + xxxx = xxxx
------------------------------
Vector 42: FAIL - x=6c9b, got y=xxxx, expected=6687 (tanh)
  Parameter recovery:
    Base parameters: b=0328, c=0045
    Delta values: delta_b=xxxxxxxx, delta_c=xxxxxxxx
    Recovered parameters: b=xxxx, c=xxxx
  Final calculation: y = xxxx * 0000 + xxxx = xxxx
------------------------------

===== Hardware Simulation (x = 6c9b) =====
Matched group:          -1 (valid=0)
  Group ranges: [01f4, 0213], [007d, 00bc], [0000, 0000]
  Parameter recovery:
    Base parameters: b=0328, c=0045
    Delta values: delta_b=xxxxxxxx, delta_c=xxxxxxxx
    Recovered parameters: b=xxxx, c=xxxx
  Final calculation: y = xxxx * 0000 + xxxx = xxxx
------------------------------
Vector 43: FAIL - x=6f31, got y=xxxx, expected=68b1 (tanh)
  Parameter recovery:
    Base parameters: b=0328, c=0045
    Delta values: delta_b=xxxxxxxx, delta_c=xxxxxxxx
    Recovered parameters: b=xxxx, c=xxxx
  Final calculation: y = xxxx * 0000 + xxxx = xxxx
------------------------------

===== Hardware Simulation (x = 6f31) =====
Matched group:          -1 (valid=0)
  Group ranges: [01f4, 0213], [007d, 00bc], [0000, 0000]
  Parameter recovery:
    Base parameters: b=0328, c=0045
    Delta values: delta_b=xxxxxxxx, delta_c=xxxxxxxx
    Recovered parameters: b=xxxx, c=xxxx
  Final calculation: y = xxxx * 0000 + xxxx = xxxx
------------------------------
Vector 44: FAIL - x=71c7, got y=xxxx, expected=6ad6 (tanh)
  Parameter recovery:
    Base parameters: b=0328, c=0045
    Delta values: delta_b=xxxxxxxx, delta_c=xxxxxxxx
    Recovered parameters: b=xxxx, c=xxxx
  Final calculation: y = xxxx * 0000 + xxxx = xxxx
------------------------------

===== Hardware Simulation (x = 71c7) =====
Matched group:          -1 (valid=0)
  Group ranges: [01f4, 0213], [007d, 00bc], [0000, 0000]
  Parameter recovery:
    Base parameters: b=0328, c=0045
    Delta values: delta_b=xxxxxxxx, delta_c=xxxxxxxx
    Recovered parameters: b=xxxx, c=xxxx
  Final calculation: y = xxxx * 0000 + xxxx = xxxx
------------------------------
Vector 45: FAIL - x=745d, got y=xxxx, expected=6cf6 (tanh)
  Parameter recovery:
    Base parameters: b=0328, c=0045
    Delta values: delta_b=xxxxxxxx, delta_c=xxxxxxxx
    Recovered parameters: b=xxxx, c=xxxx
  Final calculation: y = xxxx * 0000 + xxxx = xxxx
------------------------------

===== Hardware Simulation (x = 745d) =====
Matched group:          -1 (valid=0)
  Group ranges: [01f4, 0213], [007d, 00bc], [0000, 0000]
  Parameter recovery:
    Base parameters: b=0328, c=0045
    Delta values: delta_b=xxxxxxxx, delta_c=xxxxxxxx
    Recovered parameters: b=xxxx, c=xxxx
  Final calculation: y = xxxx * 0000 + xxxx = xxxx
------------------------------
Vector 46: FAIL - x=76f3, got y=xxxx, expected=6f12 (tanh)
  Parameter recovery:
    Base parameters: b=0328, c=0045
    Delta values: delta_b=xxxxxxxx, delta_c=xxxxxxxx
    Recovered parameters: b=xxxx, c=xxxx
  Final calculation: y = xxxx * 0000 + xxxx = xxxx
------------------------------

===== Hardware Simulation (x = 76f3) =====
Matched group:          -1 (valid=0)
  Group ranges: [01f4, 0213], [007d, 00bc], [0000, 0000]
  Parameter recovery:
    Base parameters: b=0328, c=0045
    Delta values: delta_b=xxxxxxxx, delta_c=xxxxxxxx
    Recovered parameters: b=xxxx, c=xxxx
  Final calculation: y = xxxx * 0000 + xxxx = xxxx
------------------------------
Vector 47: FAIL - x=7989, got y=xxxx, expected=7129 (tanh)
  Parameter recovery:
    Base parameters: b=0328, c=0045
    Delta values: delta_b=xxxxxxxx, delta_c=xxxxxxxx
    Recovered parameters: b=xxxx, c=xxxx
  Final calculation: y = xxxx * 0000 + xxxx = xxxx
------------------------------

===== Hardware Simulation (x = 7989) =====
Matched group:          -1 (valid=0)
  Group ranges: [01f4, 0213], [007d, 00bc], [0000, 0000]
  Parameter recovery:
    Base parameters: b=0328, c=0045
    Delta values: delta_b=xxxxxxxx, delta_c=xxxxxxxx
    Recovered parameters: b=xxxx, c=xxxx
  Final calculation: y = xxxx * 0000 + xxxx = xxxx
------------------------------
relaunch_sim: Time (s): cpu = 00:00:09 ; elapsed = 00:00:07 . Memory (MB): peak = 10336.629 ; gain = 50.012 ; free physical = 227818 ; free virtual = 245476
update_compile_order -fileset sources_1
close_sim
INFO: [Simtcl 6-16] Simulation closed
launch_simulation
Command: launch_simulation 
INFO: [Vivado 12-12493] Simulation top is 'tb_pwl_core'
WARNING: [Vivado 12-12986] Compiled library path does not exist: ''
INFO: [Vivado 12-5682] Launching behavioral simulation in '/vol/datastore/jmzhao/CompressedLUT/b-spline/testCPP/hardware/pwl_recover/project_1/project_1.sim/sim_1/behav/xsim'
INFO: [SIM-utils-51] Simulation object is 'sim_1'
INFO: [SIM-utils-72] Using boost library from '/tools/Xilinx/Vivado/2021.2/tps/boost_1_72_0'
INFO: [SIM-utils-54] Inspecting design source files for 'tb_pwl_core' in fileset 'sim_1'...
INFO: [USF-XSim-97] Finding global include files...
INFO: [USF-XSim-98] Fetching design files from 'sim_1'...
INFO: [USF-XSim-2] XSim::Compile design
INFO: [USF-XSim-61] Executing 'COMPILE and ANALYZE' step in '/vol/datastore/jmzhao/CompressedLUT/b-spline/testCPP/hardware/pwl_recover/project_1/project_1.sim/sim_1/behav/xsim'
xvlog --incr --relax -prj tb_pwl_core_vlog.prj
INFO: [VRFC 10-2263] Analyzing Verilog file "/vol/datastore/jmzhao/CompressedLUT/b-spline/testCPP/hardware/rtl/pwl_core.v" into library xil_defaultlib
INFO: [VRFC 10-311] analyzing module pwl_core
INFO: [VRFC 10-2263] Analyzing Verilog file "/vol/datastore/jmzhao/CompressedLUT/b-spline/testCPP/hardware/rtl/pwl_hlut.v" into library xil_defaultlib
INFO: [VRFC 10-311] analyzing module pwl_hlut
ERROR: [VRFC 10-2989] 'group_match' is not declared [/vol/datastore/jmzhao/CompressedLUT/b-spline/testCPP/hardware/rtl/pwl_hlut.v:30]
ERROR: [VRFC 10-2989] 'group_valid' is not declared [/vol/datastore/jmzhao/CompressedLUT/b-spline/testCPP/hardware/rtl/pwl_hlut.v:31]
ERROR: [VRFC 10-2989] 'group_start' is not declared [/vol/datastore/jmzhao/CompressedLUT/b-spline/testCPP/hardware/rtl/pwl_hlut.v:34]
ERROR: [VRFC 10-2989] 'group_match' is not declared [/vol/datastore/jmzhao/CompressedLUT/b-spline/testCPP/hardware/rtl/pwl_hlut.v:35]
ERROR: [VRFC 10-2989] 'group_valid' is not declared [/vol/datastore/jmzhao/CompressedLUT/b-spline/testCPP/hardware/rtl/pwl_hlut.v:36]
ERROR: [VRFC 10-2989] 'group_start' is not declared [/vol/datastore/jmzhao/CompressedLUT/b-spline/testCPP/hardware/rtl/pwl_hlut.v:38]
ERROR: [VRFC 10-2989] 'group_match' is not declared [/vol/datastore/jmzhao/CompressedLUT/b-spline/testCPP/hardware/rtl/pwl_hlut.v:39]
ERROR: [VRFC 10-2989] 'group_valid' is not declared [/vol/datastore/jmzhao/CompressedLUT/b-spline/testCPP/hardware/rtl/pwl_hlut.v:40]
ERROR: [VRFC 10-2989] 'group_start' is not declared [/vol/datastore/jmzhao/CompressedLUT/b-spline/testCPP/hardware/rtl/pwl_hlut.v:42]
ERROR: [VRFC 10-2989] 'group_match' is not declared [/vol/datastore/jmzhao/CompressedLUT/b-spline/testCPP/hardware/rtl/pwl_hlut.v:43]
ERROR: [VRFC 10-2989] 'group_valid' is not declared [/vol/datastore/jmzhao/CompressedLUT/b-spline/testCPP/hardware/rtl/pwl_hlut.v:44]
ERROR: [VRFC 10-2989] 'x_reg' is not declared [/vol/datastore/jmzhao/CompressedLUT/b-spline/testCPP/hardware/rtl/pwl_hlut.v:51]
ERROR: [VRFC 10-2989] 'valid_reg' is not declared [/vol/datastore/jmzhao/CompressedLUT/b-spline/testCPP/hardware/rtl/pwl_hlut.v:52]
ERROR: [VRFC 10-2989] 'group_id' is not declared [/vol/datastore/jmzhao/CompressedLUT/b-spline/testCPP/hardware/rtl/pwl_hlut.v:53]
ERROR: [VRFC 10-2989] 'x_reg' is not declared [/vol/datastore/jmzhao/CompressedLUT/b-spline/testCPP/hardware/rtl/pwl_hlut.v:55]
ERROR: [VRFC 10-2989] 'valid_reg' is not declared [/vol/datastore/jmzhao/CompressedLUT/b-spline/testCPP/hardware/rtl/pwl_hlut.v:56]
ERROR: [VRFC 10-2989] 'group_match' is not declared [/vol/datastore/jmzhao/CompressedLUT/b-spline/testCPP/hardware/rtl/pwl_hlut.v:60]
ERROR: [VRFC 10-2989] 'group_id' is not declared [/vol/datastore/jmzhao/CompressedLUT/b-spline/testCPP/hardware/rtl/pwl_hlut.v:61]
ERROR: [VRFC 10-2989] 'group_match' is not declared [/vol/datastore/jmzhao/CompressedLUT/b-spline/testCPP/hardware/rtl/pwl_hlut.v:62]
INFO: [#UNDEF] Sorry, too many errors..
INFO: [USF-XSim-69] 'compile' step finished in '2' seconds
INFO: [USF-XSim-99] Step results log file:'/vol/datastore/jmzhao/CompressedLUT/b-spline/testCPP/hardware/pwl_recover/project_1/project_1.sim/sim_1/behav/xsim/xvlog.log'
ERROR: [USF-XSim-62] 'compile' step failed with error(s). Please check the Tcl console output or '/vol/datastore/jmzhao/CompressedLUT/b-spline/testCPP/hardware/pwl_recover/project_1/project_1.sim/sim_1/behav/xsim/xvlog.log' file for more information.
ERROR: [Vivado 12-4473] Detected error while running simulation. Please correct the issue and retry this operation.
ERROR: [Common 17-39] 'launch_simulation' failed due to earlier errors.
launch_simulation
Command: launch_simulation 
INFO: [Vivado 12-12493] Simulation top is 'tb_pwl_core'
WARNING: [Vivado 12-12986] Compiled library path does not exist: ''
INFO: [Vivado 12-5682] Launching behavioral simulation in '/vol/datastore/jmzhao/CompressedLUT/b-spline/testCPP/hardware/pwl_recover/project_1/project_1.sim/sim_1/behav/xsim'
INFO: [SIM-utils-51] Simulation object is 'sim_1'
INFO: [SIM-utils-72] Using boost library from '/tools/Xilinx/Vivado/2021.2/tps/boost_1_72_0'
INFO: [SIM-utils-54] Inspecting design source files for 'tb_pwl_core' in fileset 'sim_1'...
INFO: [USF-XSim-97] Finding global include files...
INFO: [USF-XSim-98] Fetching design files from 'sim_1'...
INFO: [USF-XSim-2] XSim::Compile design
INFO: [USF-XSim-61] Executing 'COMPILE and ANALYZE' step in '/vol/datastore/jmzhao/CompressedLUT/b-spline/testCPP/hardware/pwl_recover/project_1/project_1.sim/sim_1/behav/xsim'
xvlog --incr --relax -prj tb_pwl_core_vlog.prj
INFO: [VRFC 10-2263] Analyzing Verilog file "/vol/datastore/jmzhao/CompressedLUT/b-spline/testCPP/hardware/rtl/pwl_core.v" into library xil_defaultlib
INFO: [VRFC 10-311] analyzing module pwl_core
INFO: [VRFC 10-2263] Analyzing Verilog file "/vol/datastore/jmzhao/CompressedLUT/b-spline/testCPP/hardware/rtl/pwl_hlut.v" into library xil_defaultlib
INFO: [VRFC 10-311] analyzing module pwl_hlut
ERROR: [VRFC 10-2989] 'group_match' is not declared [/vol/datastore/jmzhao/CompressedLUT/b-spline/testCPP/hardware/rtl/pwl_hlut.v:30]
ERROR: [VRFC 10-2989] 'group_valid' is not declared [/vol/datastore/jmzhao/CompressedLUT/b-spline/testCPP/hardware/rtl/pwl_hlut.v:31]
ERROR: [VRFC 10-2989] 'group_start' is not declared [/vol/datastore/jmzhao/CompressedLUT/b-spline/testCPP/hardware/rtl/pwl_hlut.v:34]
ERROR: [VRFC 10-2989] 'group_match' is not declared [/vol/datastore/jmzhao/CompressedLUT/b-spline/testCPP/hardware/rtl/pwl_hlut.v:35]
ERROR: [VRFC 10-2989] 'group_valid' is not declared [/vol/datastore/jmzhao/CompressedLUT/b-spline/testCPP/hardware/rtl/pwl_hlut.v:36]
ERROR: [VRFC 10-2989] 'group_start' is not declared [/vol/datastore/jmzhao/CompressedLUT/b-spline/testCPP/hardware/rtl/pwl_hlut.v:38]
ERROR: [VRFC 10-2989] 'group_match' is not declared [/vol/datastore/jmzhao/CompressedLUT/b-spline/testCPP/hardware/rtl/pwl_hlut.v:39]
ERROR: [VRFC 10-2989] 'group_valid' is not declared [/vol/datastore/jmzhao/CompressedLUT/b-spline/testCPP/hardware/rtl/pwl_hlut.v:40]
ERROR: [VRFC 10-2989] 'group_start' is not declared [/vol/datastore/jmzhao/CompressedLUT/b-spline/testCPP/hardware/rtl/pwl_hlut.v:42]
ERROR: [VRFC 10-2989] 'group_match' is not declared [/vol/datastore/jmzhao/CompressedLUT/b-spline/testCPP/hardware/rtl/pwl_hlut.v:43]
ERROR: [VRFC 10-2989] 'group_valid' is not declared [/vol/datastore/jmzhao/CompressedLUT/b-spline/testCPP/hardware/rtl/pwl_hlut.v:44]
ERROR: [VRFC 10-2989] 'x_reg' is not declared [/vol/datastore/jmzhao/CompressedLUT/b-spline/testCPP/hardware/rtl/pwl_hlut.v:51]
ERROR: [VRFC 10-2989] 'valid_reg' is not declared [/vol/datastore/jmzhao/CompressedLUT/b-spline/testCPP/hardware/rtl/pwl_hlut.v:52]
ERROR: [VRFC 10-2989] 'group_id' is not declared [/vol/datastore/jmzhao/CompressedLUT/b-spline/testCPP/hardware/rtl/pwl_hlut.v:53]
ERROR: [VRFC 10-2989] 'x_reg' is not declared [/vol/datastore/jmzhao/CompressedLUT/b-spline/testCPP/hardware/rtl/pwl_hlut.v:55]
ERROR: [VRFC 10-2989] 'valid_reg' is not declared [/vol/datastore/jmzhao/CompressedLUT/b-spline/testCPP/hardware/rtl/pwl_hlut.v:56]
ERROR: [VRFC 10-2989] 'group_match' is not declared [/vol/datastore/jmzhao/CompressedLUT/b-spline/testCPP/hardware/rtl/pwl_hlut.v:60]
ERROR: [VRFC 10-2989] 'group_id' is not declared [/vol/datastore/jmzhao/CompressedLUT/b-spline/testCPP/hardware/rtl/pwl_hlut.v:61]
ERROR: [VRFC 10-2989] 'group_match' is not declared [/vol/datastore/jmzhao/CompressedLUT/b-spline/testCPP/hardware/rtl/pwl_hlut.v:62]
INFO: [#UNDEF] Sorry, too many errors..
INFO: [USF-XSim-69] 'compile' step finished in '2' seconds
INFO: [USF-XSim-99] Step results log file:'/vol/datastore/jmzhao/CompressedLUT/b-spline/testCPP/hardware/pwl_recover/project_1/project_1.sim/sim_1/behav/xsim/xvlog.log'
ERROR: [USF-XSim-62] 'compile' step failed with error(s). Please check the Tcl console output or '/vol/datastore/jmzhao/CompressedLUT/b-spline/testCPP/hardware/pwl_recover/project_1/project_1.sim/sim_1/behav/xsim/xvlog.log' file for more information.
ERROR: [Vivado 12-4473] Detected error while running simulation. Please correct the issue and retry this operation.
ERROR: [Common 17-39] 'launch_simulation' failed due to earlier errors.
close_design
launch_simulation
Command: launch_simulation 
INFO: [Vivado 12-12493] Simulation top is 'tb_pwl_core'
WARNING: [Vivado 12-12986] Compiled library path does not exist: ''
INFO: [Vivado 12-5682] Launching behavioral simulation in '/vol/datastore/jmzhao/CompressedLUT/b-spline/testCPP/hardware/pwl_recover/project_1/project_1.sim/sim_1/behav/xsim'
INFO: [SIM-utils-51] Simulation object is 'sim_1'
INFO: [SIM-utils-72] Using boost library from '/tools/Xilinx/Vivado/2021.2/tps/boost_1_72_0'
INFO: [SIM-utils-54] Inspecting design source files for 'tb_pwl_core' in fileset 'sim_1'...
INFO: [USF-XSim-97] Finding global include files...
INFO: [USF-XSim-98] Fetching design files from 'sim_1'...
INFO: [USF-XSim-2] XSim::Compile design
INFO: [USF-XSim-61] Executing 'COMPILE and ANALYZE' step in '/vol/datastore/jmzhao/CompressedLUT/b-spline/testCPP/hardware/pwl_recover/project_1/project_1.sim/sim_1/behav/xsim'
xvlog --incr --relax -prj tb_pwl_core_vlog.prj
INFO: [VRFC 10-2263] Analyzing Verilog file "/vol/datastore/jmzhao/CompressedLUT/b-spline/testCPP/hardware/rtl/pwl_core.v" into library xil_defaultlib
INFO: [VRFC 10-311] analyzing module pwl_core
INFO: [VRFC 10-2263] Analyzing Verilog file "/vol/datastore/jmzhao/CompressedLUT/b-spline/testCPP/hardware/rtl/pwl_hlut.v" into library xil_defaultlib
INFO: [VRFC 10-311] analyzing module pwl_hlut
INFO: [VRFC 10-2263] Analyzing Verilog file "/vol/datastore/jmzhao/CompressedLUT/b-spline/testCPP/hardware/sim/tb_pwl_core.v" into library xil_defaultlib
INFO: [VRFC 10-311] analyzing module tb_pwl_core
Waiting for jobs to finish...
No pending jobs, compilation finished.
INFO: [USF-XSim-69] 'compile' step finished in '2' seconds
INFO: [USF-XSim-3] XSim::Elaborate design
INFO: [USF-XSim-61] Executing 'ELABORATE' step in '/vol/datastore/jmzhao/CompressedLUT/b-spline/testCPP/hardware/pwl_recover/project_1/project_1.sim/sim_1/behav/xsim'
xelab --incr --debug typical --relax --mt 8 -L xil_defaultlib -L unisims_ver -L unimacro_ver -L secureip --snapshot tb_pwl_core_behav xil_defaultlib.tb_pwl_core xil_defaultlib.glbl -log elaborate.log
Vivado Simulator v2021.2
Copyright 1986-1999, 2001-2021 Xilinx, Inc. All Rights Reserved.
Running: /tools/Xilinx/Vivado/2021.2/bin/unwrapped/lnx64.o/xelab --incr --debug typical --relax --mt 8 -L xil_defaultlib -L unisims_ver -L unimacro_ver -L secureip --snapshot tb_pwl_core_behav xil_defaultlib.tb_pwl_core xil_defaultlib.glbl -log elaborate.log 
Using 8 slave threads.
Starting static elaboration
Pass Through NonSizing Optimizer
Completed static elaboration
Starting simulation data flow analysis
WARNING: [XSIM 43-4099] "/vol/datastore/jmzhao/CompressedLUT/b-spline/testCPP/hardware/rtl/pwl_core.v" Line 7. Module pwl_core doesn't have a timescale but at least one module in design has a timescale.
WARNING: [XSIM 43-4099] "/vol/datastore/jmzhao/CompressedLUT/b-spline/testCPP/hardware/rtl/pwl_hlut.v" Line 12. Module pwl_hlut doesn't have a timescale but at least one module in design has a timescale.
WARNING: [XSIM 43-4099] "/vol/datastore/jmzhao/CompressedLUT/b-spline/testCPP/hardware/rtl/pwl_core.v" Line 7. Module pwl_core doesn't have a timescale but at least one module in design has a timescale.
WARNING: [XSIM 43-4099] "/vol/datastore/jmzhao/CompressedLUT/b-spline/testCPP/hardware/rtl/pwl_hlut.v" Line 12. Module pwl_hlut doesn't have a timescale but at least one module in design has a timescale.
Completed simulation data flow analysis
Time Resolution for simulation is 1ps
Compiling module xil_defaultlib.pwl_hlut
Compiling module xil_defaultlib.pwl_core
Compiling module xil_defaultlib.tb_pwl_core
Compiling module xil_defaultlib.glbl
Built simulation snapshot tb_pwl_core_behav
INFO: [USF-XSim-69] 'elaborate' step finished in '3' seconds
INFO: [USF-XSim-4] XSim::Simulate design
INFO: [USF-XSim-61] Executing 'SIMULATE' step in '/vol/datastore/jmzhao/CompressedLUT/b-spline/testCPP/hardware/pwl_recover/project_1/project_1.sim/sim_1/behav/xsim'
INFO: [USF-XSim-98] *** Running xsim
   with args "tb_pwl_core_behav -key {Behavioral:sim_1:Functional:tb_pwl_core} -tclbatch {tb_pwl_core.tcl} -log {simulate.log}"
INFO: [USF-XSim-8] Loading simulator feature
Time resolution is 1 ps
source tb_pwl_core.tcl
# set curr_wave [current_wave_config]
# if { [string length $curr_wave] == 0 } {
#   if { [llength [get_objects]] > 0} {
#     add_wave /
#     set_property needs_save false [current_wave_config]
#   } else {
#      send_msg_id Add_Wave-1 WARNING "No top level signals found. Simulator will start without a wave window. If you want to open a wave window go to 'File->New Waveform Configuration' or type 'create_wave_config' in the TCL console."
#   }
# }
# run 1000ns
Vector 0: PASS - x=0000, y=0000 (tanh)

===== Hardware Simulation (x = 0000) =====
Scaled x = 0000
Matched group:           2 (valid=1)
  Group ranges: [01f4, 0213], [007d, 00bc], [0000, 0000]
Vector 1: FAIL - x=0296, got y=0000, expected=0296 (tanh)
  Group parameters: start=0000, end=0000, size=  8, base_b=0000, base_c=0000
  Interval calculation: WARNING - zero range, using idx=0
  Delta parameters: start=xxxx, slope=xxxx, intercept=xxxx
  Reflection flags: x=x, y=x
  Interval boundaries: [xxxx, 0000]

===== Hardware Simulation (x = 0296) =====
Scaled x = 0000
Matched group:           2 (valid=1)
  Group ranges: [01f4, 0213], [007d, 00bc], [0000, 0000]
  Parameter recovery:
    Base parameters: b=0000, c=0000
    Delta values: delta_b=xxxxxxxx, delta_c=xxxxxxxx
    Recovered parameters: b=xxxx, c=xxxx
  Final calculation: y = xxxx * 0000 + xxxx = xxxx
------------------------------
Vector 2: FAIL - x=052c, got y=0000, expected=052c (tanh)
  Group parameters: start=0000, end=0000, size=  8, base_b=0000, base_c=0000
  Interval calculation: WARNING - zero range, using idx=0
  Delta parameters: start=0001, slope=0000, intercept=0000
  Reflection flags: x=0, y=0
  Interval boundaries: [0001, 0000]
  Parameter recovery:
    Base parameters: b=0000, c=0000
    Delta values: delta_b=xxxxxxxx, delta_c=xxxxxxxx
    Recovered parameters: b=xxxx, c=xxxx
  Final calculation: y = xxxx * 0000 + xxxx = xxxx
------------------------------

===== Hardware Simulation (x = 052c) =====
Scaled x = 0001
Matched group:          -1 (valid=0)
  Group ranges: [01f4, 0213], [007d, 00bc], [0000, 0000]
  Parameter recovery:
    Base parameters: b=0000, c=0000
    Delta values: delta_b=00000000, delta_c=00000000
    Recovered parameters: b=0000, c=0000
  Final calculation: y = 0000 * 0000 + 0000 = 0000
------------------------------
Vector 3: FAIL - x=07c2, got y=xxxx, expected=07c1 (tanh)
  Parameter recovery:
    Base parameters: b=0328, c=0045
    Delta values: delta_b=00000000, delta_c=00000000
    Recovered parameters: b=0328, c=0045
  Final calculation: y = 0328 * 0000 + 0045 = 0045
------------------------------

===== Hardware Simulation (x = 07c2) =====
Scaled x = 0001
Matched group:          -1 (valid=0)
  Group ranges: [01f4, 0213], [007d, 00bc], [0000, 0000]
  Parameter recovery:
    Base parameters: b=0328, c=0045
    Delta values: delta_b=00000000, delta_c=00000000
    Recovered parameters: b=0328, c=0045
  Final calculation: y = 0328 * 0000 + 0045 = 0045
------------------------------
Vector 4: FAIL - x=0a58, got y=0045, expected=0a56 (tanh)
  Parameter recovery:
    Base parameters: b=0328, c=0045
    Delta values: delta_b=00000000, delta_c=00000000
    Recovered parameters: b=0328, c=0045
  Final calculation: y = 0328 * 0000 + 0045 = 0045
------------------------------

===== Hardware Simulation (x = 0a58) =====
Scaled x = 0002
Matched group:          -1 (valid=0)
  Group ranges: [01f4, 0213], [007d, 00bc], [0000, 0000]
  Parameter recovery:
    Base parameters: b=0328, c=0045
    Delta values: delta_b=00000000, delta_c=00000000
    Recovered parameters: b=0328, c=0045
  Final calculation: y = 0328 * 0000 + 0045 = 0045
------------------------------
Vector 5: FAIL - x=0cee, got y=0045, expected=0ceb (tanh)
  Parameter recovery:
    Base parameters: b=0328, c=0045
    Delta values: delta_b=00000000, delta_c=00000000
    Recovered parameters: b=0328, c=0045
  Final calculation: y = 0328 * 0000 + 0045 = 0045
------------------------------

===== Hardware Simulation (x = 0cee) =====
Scaled x = 0003
Matched group:          -1 (valid=0)
  Group ranges: [01f4, 0213], [007d, 00bc], [0000, 0000]
  Parameter recovery:
    Base parameters: b=0328, c=0045
    Delta values: delta_b=00000000, delta_c=00000000
    Recovered parameters: b=0328, c=0045
  Final calculation: y = 0328 * 0000 + 0045 = 0045
------------------------------
Vector 6: FAIL - x=0f84, got y=0045, expected=0f7f (tanh)
  Parameter recovery:
    Base parameters: b=0328, c=0045
    Delta values: delta_b=00000000, delta_c=00000000
    Recovered parameters: b=0328, c=0045
  Final calculation: y = 0328 * 0000 + 0045 = 0045
------------------------------

===== Hardware Simulation (x = 0f84) =====
Scaled x = 0003
Matched group:          -1 (valid=0)
  Group ranges: [01f4, 0213], [007d, 00bc], [0000, 0000]
  Parameter recovery:
    Base parameters: b=0328, c=0045
    Delta values: delta_b=00000000, delta_c=00000000
    Recovered parameters: b=0328, c=0045
  Final calculation: y = 0328 * 0000 + 0045 = 0045
------------------------------
Vector 7: FAIL - x=121a, got y=0045, expected=1212 (tanh)
  Parameter recovery:
    Base parameters: b=0328, c=0045
    Delta values: delta_b=00000000, delta_c=00000000
    Recovered parameters: b=0328, c=0045
  Final calculation: y = 0328 * 0000 + 0045 = 0045
------------------------------

===== Hardware Simulation (x = 121a) =====
Scaled x = 0004
Matched group:          -1 (valid=0)
  Group ranges: [01f4, 0213], [007d, 00bc], [0000, 0000]
  Parameter recovery:
    Base parameters: b=0328, c=0045
    Delta values: delta_b=00000000, delta_c=00000000
    Recovered parameters: b=0328, c=0045
  Final calculation: y = 0328 * 0000 + 0045 = 0045
------------------------------
Vector 8: FAIL - x=14b0, got y=0045, expected=14a4 (tanh)
  Parameter recovery:
    Base parameters: b=0328, c=0045
    Delta values: delta_b=00000000, delta_c=00000000
    Recovered parameters: b=0328, c=0045
  Final calculation: y = 0328 * 0000 + 0045 = 0045
------------------------------

===== Hardware Simulation (x = 14b0) =====
Scaled x = 0005
Matched group:          -1 (valid=0)
  Group ranges: [01f4, 0213], [007d, 00bc], [0000, 0000]
  Parameter recovery:
    Base parameters: b=0328, c=0045
    Delta values: delta_b=00000000, delta_c=00000000
    Recovered parameters: b=0328, c=0045
  Final calculation: y = 0328 * 0000 + 0045 = 0045
------------------------------
Vector 9: FAIL - x=1746, got y=0045, expected=1735 (tanh)
  Parameter recovery:
    Base parameters: b=0328, c=0045
    Delta values: delta_b=00000000, delta_c=00000000
    Recovered parameters: b=0328, c=0045
  Final calculation: y = 0328 * 0000 + 0045 = 0045
------------------------------

===== Hardware Simulation (x = 1746) =====
Scaled x = 0005
Matched group:          -1 (valid=0)
  Group ranges: [01f4, 0213], [007d, 00bc], [0000, 0000]
  Parameter recovery:
    Base parameters: b=0328, c=0045
    Delta values: delta_b=00000000, delta_c=00000000
    Recovered parameters: b=0328, c=0045
  Final calculation: y = 0328 * 0000 + 0045 = 0045
------------------------------
Vector 10: FAIL - x=19dc, got y=0045, expected=19c5 (tanh)
  Parameter recovery:
    Base parameters: b=0328, c=0045
    Delta values: delta_b=00000000, delta_c=00000000
    Recovered parameters: b=0328, c=0045
  Final calculation: y = 0328 * 0000 + 0045 = 0045
------------------------------

===== Hardware Simulation (x = 19dc) =====
Scaled x = 0006
Matched group:          -1 (valid=0)
  Group ranges: [01f4, 0213], [007d, 00bc], [0000, 0000]
  Parameter recovery:
    Base parameters: b=0328, c=0045
    Delta values: delta_b=00000000, delta_c=00000000
    Recovered parameters: b=0328, c=0045
  Final calculation: y = 0328 * 0000 + 0045 = 0045
------------------------------
Vector 11: FAIL - x=1c72, got y=0045, expected=1c54 (tanh)
  Parameter recovery:
    Base parameters: b=0328, c=0045
    Delta values: delta_b=00000000, delta_c=00000000
    Recovered parameters: b=0328, c=0045
  Final calculation: y = 0328 * 0000 + 0045 = 0045
------------------------------

===== Hardware Simulation (x = 1c72) =====
Scaled x = 0007
Matched group:          -1 (valid=0)
  Group ranges: [01f4, 0213], [007d, 00bc], [0000, 0000]
  Parameter recovery:
    Base parameters: b=0328, c=0045
    Delta values: delta_b=00000000, delta_c=00000000
    Recovered parameters: b=0328, c=0045
  Final calculation: y = 0328 * 0000 + 0045 = 0045
------------------------------
Vector 12: FAIL - x=1f08, got y=0045, expected=1ee1 (tanh)
  Parameter recovery:
    Base parameters: b=0328, c=0045
    Delta values: delta_b=00000000, delta_c=00000000
    Recovered parameters: b=0328, c=0045
  Final calculation: y = 0328 * 0000 + 0045 = 0045
------------------------------

===== Hardware Simulation (x = 1f08) =====
Scaled x = 0007
Matched group:          -1 (valid=0)
  Group ranges: [01f4, 0213], [007d, 00bc], [0000, 0000]
  Parameter recovery:
    Base parameters: b=0328, c=0045
    Delta values: delta_b=00000000, delta_c=00000000
    Recovered parameters: b=0328, c=0045
  Final calculation: y = 0328 * 0000 + 0045 = 0045
------------------------------
Vector 13: FAIL - x=219e, got y=0045, expected=216d (tanh)
  Parameter recovery:
    Base parameters: b=0328, c=0045
    Delta values: delta_b=00000000, delta_c=00000000
    Recovered parameters: b=0328, c=0045
  Final calculation: y = 0328 * 0000 + 0045 = 0045
------------------------------

===== Hardware Simulation (x = 219e) =====
Scaled x = 0008
Matched group:          -1 (valid=0)
  Group ranges: [01f4, 0213], [007d, 00bc], [0000, 0000]
  Parameter recovery:
    Base parameters: b=0328, c=0045
    Delta values: delta_b=00000000, delta_c=00000000
    Recovered parameters: b=0328, c=0045
  Final calculation: y = 0328 * 0000 + 0045 = 0045
------------------------------
Vector 14: FAIL - x=2434, got y=0045, expected=23f6 (tanh)
  Parameter recovery:
    Base parameters: b=0328, c=0045
    Delta values: delta_b=00000000, delta_c=00000000
    Recovered parameters: b=0328, c=0045
  Final calculation: y = 0328 * 0000 + 0045 = 0045
------------------------------

===== Hardware Simulation (x = 2434) =====
Scaled x = 0009
Matched group:          -1 (valid=0)
  Group ranges: [01f4, 0213], [007d, 00bc], [0000, 0000]
  Parameter recovery:
    Base parameters: b=0328, c=0045
    Delta values: delta_b=00000000, delta_c=00000000
    Recovered parameters: b=0328, c=0045
  Final calculation: y = 0328 * 0000 + 0045 = 0045
------------------------------
Vector 15: FAIL - x=26ca, got y=0045, expected=267e (tanh)
  Parameter recovery:
    Base parameters: b=0328, c=0045
    Delta values: delta_b=00000000, delta_c=00000000
    Recovered parameters: b=0328, c=0045
  Final calculation: y = 0328 * 0000 + 0045 = 0045
------------------------------

===== Hardware Simulation (x = 26ca) =====
Scaled x = 0009
Matched group:          -1 (valid=0)
  Group ranges: [01f4, 0213], [007d, 00bc], [0000, 0000]
  Parameter recovery:
    Base parameters: b=0328, c=0045
    Delta values: delta_b=00000000, delta_c=00000000
    Recovered parameters: b=0328, c=0045
  Final calculation: y = 0328 * 0000 + 0045 = 0045
------------------------------
Vector 16: FAIL - x=2960, got y=0045, expected=2904 (tanh)
  Parameter recovery:
    Base parameters: b=0328, c=0045
    Delta values: delta_b=00000000, delta_c=00000000
    Recovered parameters: b=0328, c=0045
  Final calculation: y = 0328 * 0000 + 0045 = 0045
------------------------------

===== Hardware Simulation (x = 2960) =====
Scaled x = 000a
Matched group:          -1 (valid=0)
  Group ranges: [01f4, 0213], [007d, 00bc], [0000, 0000]
  Parameter recovery:
    Base parameters: b=0328, c=0045
    Delta values: delta_b=00000000, delta_c=00000000
    Recovered parameters: b=0328, c=0045
  Final calculation: y = 0328 * 0000 + 0045 = 0045
------------------------------
Vector 17: FAIL - x=2bf6, got y=0045, expected=2b88 (tanh)
  Parameter recovery:
    Base parameters: b=0328, c=0045
    Delta values: delta_b=00000000, delta_c=00000000
    Recovered parameters: b=0328, c=0045
  Final calculation: y = 0328 * 0000 + 0045 = 0045
------------------------------

===== Hardware Simulation (x = 2bf6) =====
Scaled x = 000a
Matched group:          -1 (valid=0)
  Group ranges: [01f4, 0213], [007d, 00bc], [0000, 0000]
  Parameter recovery:
    Base parameters: b=0328, c=0045
    Delta values: delta_b=00000000, delta_c=00000000
    Recovered parameters: b=0328, c=0045
  Final calculation: y = 0328 * 0000 + 0045 = 0045
------------------------------
Vector 18: FAIL - x=2e8c, got y=0045, expected=2e0a (tanh)
  Parameter recovery:
    Base parameters: b=0328, c=0045
    Delta values: delta_b=00000000, delta_c=00000000
    Recovered parameters: b=0328, c=0045
  Final calculation: y = 0328 * 0000 + 0045 = 0045
------------------------------

===== Hardware Simulation (x = 2e8c) =====
Scaled x = 000b
Matched group:          -1 (valid=0)
  Group ranges: [01f4, 0213], [007d, 00bc], [0000, 0000]
  Parameter recovery:
    Base parameters: b=0328, c=0045
    Delta values: delta_b=00000000, delta_c=00000000
    Recovered parameters: b=0328, c=0045
  Final calculation: y = 0328 * 0000 + 0045 = 0045
------------------------------
Vector 19: FAIL - x=3122, got y=0045, expected=3089 (tanh)
  Parameter recovery:
    Base parameters: b=0328, c=0045
    Delta values: delta_b=00000000, delta_c=00000000
    Recovered parameters: b=0328, c=0045
  Final calculation: y = 0328 * 0000 + 0045 = 0045
------------------------------

===== Hardware Simulation (x = 3122) =====
Scaled x = 000c
Matched group:          -1 (valid=0)
  Group ranges: [01f4, 0213], [007d, 00bc], [0000, 0000]
  Parameter recovery:
    Base parameters: b=0328, c=0045
    Delta values: delta_b=00000000, delta_c=00000000
    Recovered parameters: b=0328, c=0045
  Final calculation: y = 0328 * 0000 + 0045 = 0045
------------------------------
Vector 20: FAIL - x=33b8, got y=0045, expected=3306 (tanh)
  Parameter recovery:
    Base parameters: b=0328, c=0045
    Delta values: delta_b=00000000, delta_c=00000000
    Recovered parameters: b=0328, c=0045
  Final calculation: y = 0328 * 0000 + 0045 = 0045
------------------------------

===== Hardware Simulation (x = 33b8) =====
Scaled x = 000c
Matched group:          -1 (valid=0)
  Group ranges: [01f4, 0213], [007d, 00bc], [0000, 0000]
  Parameter recovery:
    Base parameters: b=0328, c=0045
    Delta values: delta_b=00000000, delta_c=00000000
    Recovered parameters: b=0328, c=0045
  Final calculation: y = 0328 * 0000 + 0045 = 0045
------------------------------
Vector 21: FAIL - x=364e, got y=0045, expected=3581 (tanh)
  Parameter recovery:
    Base parameters: b=0328, c=0045
    Delta values: delta_b=00000000, delta_c=00000000
    Recovered parameters: b=0328, c=0045
  Final calculation: y = 0328 * 0000 + 0045 = 0045
------------------------------

===== Hardware Simulation (x = 364e) =====
Scaled x = 000d
Matched group:          -1 (valid=0)
  Group ranges: [01f4, 0213], [007d, 00bc], [0000, 0000]
  Parameter recovery:
    Base parameters: b=0328, c=0045
    Delta values: delta_b=00000000, delta_c=00000000
    Recovered parameters: b=0328, c=0045
  Final calculation: y = 0328 * 0000 + 0045 = 0045
------------------------------
Vector 22: FAIL - x=38e4, got y=0045, expected=37f8 (tanh)
  Parameter recovery:
    Base parameters: b=0328, c=0045
    Delta values: delta_b=00000000, delta_c=00000000
    Recovered parameters: b=0328, c=0045
  Final calculation: y = 0328 * 0000 + 0045 = 0045
------------------------------

===== Hardware Simulation (x = 38e4) =====
Scaled x = 000e
Matched group:          -1 (valid=0)
  Group ranges: [01f4, 0213], [007d, 00bc], [0000, 0000]
  Parameter recovery:
    Base parameters: b=0328, c=0045
    Delta values: delta_b=00000000, delta_c=00000000
    Recovered parameters: b=0328, c=0045
  Final calculation: y = 0328 * 0000 + 0045 = 0045
------------------------------
Vector 23: FAIL - x=3b7a, got y=0045, expected=3a6d (tanh)
  Parameter recovery:
    Base parameters: b=0328, c=0045
    Delta values: delta_b=00000000, delta_c=00000000
    Recovered parameters: b=0328, c=0045
  Final calculation: y = 0328 * 0000 + 0045 = 0045
------------------------------

===== Hardware Simulation (x = 3b7a) =====
Scaled x = 000e
Matched group:          -1 (valid=0)
  Group ranges: [01f4, 0213], [007d, 00bc], [0000, 0000]
  Parameter recovery:
    Base parameters: b=0328, c=0045
    Delta values: delta_b=00000000, delta_c=00000000
    Recovered parameters: b=0328, c=0045
  Final calculation: y = 0328 * 0000 + 0045 = 0045
------------------------------
Vector 24: FAIL - x=3e10, got y=0045, expected=3cdf (tanh)
  Parameter recovery:
    Base parameters: b=0328, c=0045
    Delta values: delta_b=00000000, delta_c=00000000
    Recovered parameters: b=0328, c=0045
  Final calculation: y = 0328 * 0000 + 0045 = 0045
------------------------------

===== Hardware Simulation (x = 3e10) =====
Scaled x = 000f
Matched group:          -1 (valid=0)
  Group ranges: [01f4, 0213], [007d, 00bc], [0000, 0000]
  Parameter recovery:
    Base parameters: b=0328, c=0045
    Delta values: delta_b=00000000, delta_c=00000000
    Recovered parameters: b=0328, c=0045
  Final calculation: y = 0328 * 0000 + 0045 = 0045
------------------------------
Vector 25: FAIL - x=40a5, got y=0045, expected=3f4e (tanh)
  Parameter recovery:
    Base parameters: b=0328, c=0045
    Delta values: delta_b=00000000, delta_c=00000000
    Recovered parameters: b=0328, c=0045
  Final calculation: y = 0328 * 0000 + 0045 = 0045
------------------------------

===== Hardware Simulation (x = 40a5) =====
Scaled x = 0010
Matched group:          -1 (valid=0)
  Group ranges: [01f4, 0213], [007d, 00bc], [0000, 0000]
  Parameter recovery:
    Base parameters: b=0328, c=0045
    Delta values: delta_b=00000000, delta_c=00000000
    Recovered parameters: b=0328, c=0045
  Final calculation: y = 0328 * 0000 + 0045 = 0045
------------------------------
Vector 26: FAIL - x=433b, got y=0045, expected=41ba (tanh)
  Parameter recovery:
    Base parameters: b=0328, c=0045
    Delta values: delta_b=00000000, delta_c=00000000
    Recovered parameters: b=0328, c=0045
  Final calculation: y = 0328 * 0000 + 0045 = 0045
------------------------------

===== Hardware Simulation (x = 433b) =====
Scaled x = 0010
Matched group:          -1 (valid=0)
  Group ranges: [01f4, 0213], [007d, 00bc], [0000, 0000]
  Parameter recovery:
    Base parameters: b=0328, c=0045
    Delta values: delta_b=00000000, delta_c=00000000
    Recovered parameters: b=0328, c=0045
  Final calculation: y = 0328 * 0000 + 0045 = 0045
------------------------------
Vector 27: FAIL - x=45d1, got y=0045, expected=4423 (tanh)
  Parameter recovery:
    Base parameters: b=0328, c=0045
    Delta values: delta_b=00000000, delta_c=00000000
    Recovered parameters: b=0328, c=0045
  Final calculation: y = 0328 * 0000 + 0045 = 0045
------------------------------

===== Hardware Simulation (x = 45d1) =====
Scaled x = 0011
Matched group:          -1 (valid=0)
  Group ranges: [01f4, 0213], [007d, 00bc], [0000, 0000]
  Parameter recovery:
    Base parameters: b=0328, c=0045
    Delta values: delta_b=00000000, delta_c=00000000
    Recovered parameters: b=0328, c=0045
  Final calculation: y = 0328 * 0000 + 0045 = 0045
------------------------------
Vector 28: FAIL - x=4867, got y=0045, expected=4689 (tanh)
  Parameter recovery:
    Base parameters: b=0328, c=0045
    Delta values: delta_b=00000000, delta_c=00000000
    Recovered parameters: b=0328, c=0045
  Final calculation: y = 0328 * 0000 + 0045 = 0045
------------------------------

===== Hardware Simulation (x = 4867) =====
Scaled x = 0012
Matched group:          -1 (valid=0)
  Group ranges: [01f4, 0213], [007d, 00bc], [0000, 0000]
  Parameter recovery:
    Base parameters: b=0328, c=0045
    Delta values: delta_b=00000000, delta_c=00000000
    Recovered parameters: b=0328, c=0045
  Final calculation: y = 0328 * 0000 + 0045 = 0045
------------------------------
Vector 29: FAIL - x=4afd, got y=0045, expected=48eb (tanh)
  Parameter recovery:
    Base parameters: b=0328, c=0045
    Delta values: delta_b=00000000, delta_c=00000000
    Recovered parameters: b=0328, c=0045
  Final calculation: y = 0328 * 0000 + 0045 = 0045
------------------------------

===== Hardware Simulation (x = 4afd) =====
Scaled x = 0012
Matched group:          -1 (valid=0)
  Group ranges: [01f4, 0213], [007d, 00bc], [0000, 0000]
  Parameter recovery:
    Base parameters: b=0328, c=0045
    Delta values: delta_b=00000000, delta_c=00000000
    Recovered parameters: b=0328, c=0045
  Final calculation: y = 0328 * 0000 + 0045 = 0045
------------------------------
Vector 30: FAIL - x=4d93, got y=0045, expected=4b49 (tanh)
  Parameter recovery:
    Base parameters: b=0328, c=0045
    Delta values: delta_b=00000000, delta_c=00000000
    Recovered parameters: b=0328, c=0045
  Final calculation: y = 0328 * 0000 + 0045 = 0045
------------------------------

===== Hardware Simulation (x = 4d93) =====
Scaled x = 0013
Matched group:          -1 (valid=0)
  Group ranges: [01f4, 0213], [007d, 00bc], [0000, 0000]
  Parameter recovery:
    Base parameters: b=0328, c=0045
    Delta values: delta_b=00000000, delta_c=00000000
    Recovered parameters: b=0328, c=0045
  Final calculation: y = 0328 * 0000 + 0045 = 0045
------------------------------
Vector 31: FAIL - x=5029, got y=0045, expected=4da4 (tanh)
  Parameter recovery:
    Base parameters: b=0328, c=0045
    Delta values: delta_b=00000000, delta_c=00000000
    Recovered parameters: b=0328, c=0045
  Final calculation: y = 0328 * 0000 + 0045 = 0045
------------------------------

===== Hardware Simulation (x = 5029) =====
Scaled x = 0014
Matched group:          -1 (valid=0)
  Group ranges: [01f4, 0213], [007d, 00bc], [0000, 0000]
  Parameter recovery:
    Base parameters: b=0328, c=0045
    Delta values: delta_b=00000000, delta_c=00000000
    Recovered parameters: b=0328, c=0045
  Final calculation: y = 0328 * 0000 + 0045 = 0045
------------------------------
Vector 32: FAIL - x=52bf, got y=0045, expected=4ffb (tanh)
  Parameter recovery:
    Base parameters: b=0328, c=0045
    Delta values: delta_b=00000000, delta_c=00000000
    Recovered parameters: b=0328, c=0045
  Final calculation: y = 0328 * 0000 + 0045 = 0045
------------------------------

===== Hardware Simulation (x = 52bf) =====
Scaled x = 0014
Matched group:          -1 (valid=0)
  Group ranges: [01f4, 0213], [007d, 00bc], [0000, 0000]
  Parameter recovery:
    Base parameters: b=0328, c=0045
    Delta values: delta_b=00000000, delta_c=00000000
    Recovered parameters: b=0328, c=0045
  Final calculation: y = 0328 * 0000 + 0045 = 0045
------------------------------
Vector 33: FAIL - x=5555, got y=0045, expected=524f (tanh)
  Parameter recovery:
    Base parameters: b=0328, c=0045
    Delta values: delta_b=00000000, delta_c=00000000
    Recovered parameters: b=0328, c=0045
  Final calculation: y = 0328 * 0000 + 0045 = 0045
------------------------------

===== Hardware Simulation (x = 5555) =====
Scaled x = 0015
Matched group:          -1 (valid=0)
  Group ranges: [01f4, 0213], [007d, 00bc], [0000, 0000]
  Parameter recovery:
    Base parameters: b=0328, c=0045
    Delta values: delta_b=00000000, delta_c=00000000
    Recovered parameters: b=0328, c=0045
  Final calculation: y = 0328 * 0000 + 0045 = 0045
------------------------------
Vector 34: FAIL - x=57eb, got y=0045, expected=549e (tanh)
  Parameter recovery:
    Base parameters: b=0328, c=0045
    Delta values: delta_b=00000000, delta_c=00000000
    Recovered parameters: b=0328, c=0045
  Final calculation: y = 0328 * 0000 + 0045 = 0045
------------------------------

===== Hardware Simulation (x = 57eb) =====
Scaled x = 0015
Matched group:          -1 (valid=0)
  Group ranges: [01f4, 0213], [007d, 00bc], [0000, 0000]
  Parameter recovery:
    Base parameters: b=0328, c=0045
    Delta values: delta_b=00000000, delta_c=00000000
    Recovered parameters: b=0328, c=0045
  Final calculation: y = 0328 * 0000 + 0045 = 0045
------------------------------
Vector 35: FAIL - x=5a81, got y=0045, expected=56ea (tanh)
  Parameter recovery:
    Base parameters: b=0328, c=0045
    Delta values: delta_b=00000000, delta_c=00000000
    Recovered parameters: b=0328, c=0045
  Final calculation: y = 0328 * 0000 + 0045 = 0045
------------------------------

===== Hardware Simulation (x = 5a81) =====
Scaled x = 0016
Matched group:          -1 (valid=0)
  Group ranges: [01f4, 0213], [007d, 00bc], [0000, 0000]
  Parameter recovery:
    Base parameters: b=0328, c=0045
    Delta values: delta_b=00000000, delta_c=00000000
    Recovered parameters: b=0328, c=0045
  Final calculation: y = 0328 * 0000 + 0045 = 0045
------------------------------
Vector 36: FAIL - x=5d17, got y=0045, expected=5932 (tanh)
  Parameter recovery:
    Base parameters: b=0328, c=0045
    Delta values: delta_b=00000000, delta_c=00000000
    Recovered parameters: b=0328, c=0045
  Final calculation: y = 0328 * 0000 + 0045 = 0045
------------------------------

===== Hardware Simulation (x = 5d17) =====
Scaled x = 0017
Matched group:          -1 (valid=0)
  Group ranges: [01f4, 0213], [007d, 00bc], [0000, 0000]
  Parameter recovery:
    Base parameters: b=0328, c=0045
    Delta values: delta_b=00000000, delta_c=00000000
    Recovered parameters: b=0328, c=0045
  Final calculation: y = 0328 * 0000 + 0045 = 0045
------------------------------
Vector 37: FAIL - x=5fad, got y=0045, expected=5b75 (tanh)
  Parameter recovery:
    Base parameters: b=0328, c=0045
    Delta values: delta_b=00000000, delta_c=00000000
    Recovered parameters: b=0328, c=0045
  Final calculation: y = 0328 * 0000 + 0045 = 0045
------------------------------

===== Hardware Simulation (x = 5fad) =====
Scaled x = 0017
Matched group:          -1 (valid=0)
  Group ranges: [01f4, 0213], [007d, 00bc], [0000, 0000]
  Parameter recovery:
    Base parameters: b=0328, c=0045
    Delta values: delta_b=00000000, delta_c=00000000
    Recovered parameters: b=0328, c=0045
  Final calculation: y = 0328 * 0000 + 0045 = 0045
------------------------------
Vector 38: FAIL - x=6243, got y=0045, expected=5db5 (tanh)
  Parameter recovery:
    Base parameters: b=0328, c=0045
    Delta values: delta_b=00000000, delta_c=00000000
    Recovered parameters: b=0328, c=0045
  Final calculation: y = 0328 * 0000 + 0045 = 0045
------------------------------

===== Hardware Simulation (x = 6243) =====
Scaled x = 0018
Matched group:          -1 (valid=0)
  Group ranges: [01f4, 0213], [007d, 00bc], [0000, 0000]
  Parameter recovery:
    Base parameters: b=0328, c=0045
    Delta values: delta_b=00000000, delta_c=00000000
    Recovered parameters: b=0328, c=0045
  Final calculation: y = 0328 * 0000 + 0045 = 0045
------------------------------
Vector 39: FAIL - x=64d9, got y=0045, expected=5ff0 (tanh)
  Parameter recovery:
    Base parameters: b=0328, c=0045
    Delta values: delta_b=00000000, delta_c=00000000
    Recovered parameters: b=0328, c=0045
  Final calculation: y = 0328 * 0000 + 0045 = 0045
------------------------------

===== Hardware Simulation (x = 64d9) =====
Scaled x = 0019
Matched group:          -1 (valid=0)
  Group ranges: [01f4, 0213], [007d, 00bc], [0000, 0000]
  Parameter recovery:
    Base parameters: b=0328, c=0045
    Delta values: delta_b=00000000, delta_c=00000000
    Recovered parameters: b=0328, c=0045
  Final calculation: y = 0328 * 0000 + 0045 = 0045
------------------------------
Vector 40: FAIL - x=676f, got y=0045, expected=6227 (tanh)
  Parameter recovery:
    Base parameters: b=0328, c=0045
    Delta values: delta_b=00000000, delta_c=00000000
    Recovered parameters: b=0328, c=0045
  Final calculation: y = 0328 * 0000 + 0045 = 0045
------------------------------

===== Hardware Simulation (x = 676f) =====
Scaled x = 0019
Matched group:          -1 (valid=0)
  Group ranges: [01f4, 0213], [007d, 00bc], [0000, 0000]
  Parameter recovery:
    Base parameters: b=0328, c=0045
    Delta values: delta_b=00000000, delta_c=00000000
    Recovered parameters: b=0328, c=0045
  Final calculation: y = 0328 * 0000 + 0045 = 0045
------------------------------
Vector 41: FAIL - x=6a05, got y=0045, expected=6459 (tanh)
  Parameter recovery:
    Base parameters: b=0328, c=0045
    Delta values: delta_b=00000000, delta_c=00000000
    Recovered parameters: b=0328, c=0045
  Final calculation: y = 0328 * 0000 + 0045 = 0045
------------------------------

===== Hardware Simulation (x = 6a05) =====
Scaled x = 001a
Matched group:          -1 (valid=0)
  Group ranges: [01f4, 0213], [007d, 00bc], [0000, 0000]
  Parameter recovery:
    Base parameters: b=0328, c=0045
    Delta values: delta_b=00000000, delta_c=00000000
    Recovered parameters: b=0328, c=0045
  Final calculation: y = 0328 * 0000 + 0045 = 0045
------------------------------
Vector 42: FAIL - x=6c9b, got y=0045, expected=6687 (tanh)
  Parameter recovery:
    Base parameters: b=0328, c=0045
    Delta values: delta_b=00000000, delta_c=00000000
    Recovered parameters: b=0328, c=0045
  Final calculation: y = 0328 * 0000 + 0045 = 0045
------------------------------

===== Hardware Simulation (x = 6c9b) =====
Scaled x = 001b
Matched group:          -1 (valid=0)
  Group ranges: [01f4, 0213], [007d, 00bc], [0000, 0000]
  Parameter recovery:
    Base parameters: b=0328, c=0045
    Delta values: delta_b=00000000, delta_c=00000000
    Recovered parameters: b=0328, c=0045
  Final calculation: y = 0328 * 0000 + 0045 = 0045
------------------------------
Vector 43: FAIL - x=6f31, got y=0045, expected=68b1 (tanh)
  Parameter recovery:
    Base parameters: b=0328, c=0045
    Delta values: delta_b=00000000, delta_c=00000000
    Recovered parameters: b=0328, c=0045
  Final calculation: y = 0328 * 0000 + 0045 = 0045
------------------------------

===== Hardware Simulation (x = 6f31) =====
Scaled x = 001b
Matched group:          -1 (valid=0)
  Group ranges: [01f4, 0213], [007d, 00bc], [0000, 0000]
  Parameter recovery:
    Base parameters: b=0328, c=0045
    Delta values: delta_b=00000000, delta_c=00000000
    Recovered parameters: b=0328, c=0045
  Final calculation: y = 0328 * 0000 + 0045 = 0045
------------------------------
Vector 44: FAIL - x=71c7, got y=0045, expected=6ad6 (tanh)
  Parameter recovery:
    Base parameters: b=0328, c=0045
    Delta values: delta_b=00000000, delta_c=00000000
    Recovered parameters: b=0328, c=0045
  Final calculation: y = 0328 * 0000 + 0045 = 0045
------------------------------

===== Hardware Simulation (x = 71c7) =====
Scaled x = 001c
Matched group:          -1 (valid=0)
  Group ranges: [01f4, 0213], [007d, 00bc], [0000, 0000]
  Parameter recovery:
    Base parameters: b=0328, c=0045
    Delta values: delta_b=00000000, delta_c=00000000
    Recovered parameters: b=0328, c=0045
  Final calculation: y = 0328 * 0000 + 0045 = 0045
------------------------------
Vector 45: FAIL - x=745d, got y=0045, expected=6cf6 (tanh)
  Parameter recovery:
    Base parameters: b=0328, c=0045
    Delta values: delta_b=00000000, delta_c=00000000
    Recovered parameters: b=0328, c=0045
  Final calculation: y = 0328 * 0000 + 0045 = 0045
------------------------------

===== Hardware Simulation (x = 745d) =====
Scaled x = 001d
Matched group:          -1 (valid=0)
  Group ranges: [01f4, 0213], [007d, 00bc], [0000, 0000]
  Parameter recovery:
    Base parameters: b=0328, c=0045
    Delta values: delta_b=00000000, delta_c=00000000
    Recovered parameters: b=0328, c=0045
  Final calculation: y = 0328 * 0000 + 0045 = 0045
------------------------------
Vector 46: FAIL - x=76f3, got y=0045, expected=6f12 (tanh)
  Parameter recovery:
    Base parameters: b=0328, c=0045
    Delta values: delta_b=00000000, delta_c=00000000
    Recovered parameters: b=0328, c=0045
  Final calculation: y = 0328 * 0000 + 0045 = 0045
------------------------------

===== Hardware Simulation (x = 76f3) =====
Scaled x = 001d
Matched group:          -1 (valid=0)
  Group ranges: [01f4, 0213], [007d, 00bc], [0000, 0000]
  Parameter recovery:
    Base parameters: b=0328, c=0045
    Delta values: delta_b=00000000, delta_c=00000000
    Recovered parameters: b=0328, c=0045
  Final calculation: y = 0328 * 0000 + 0045 = 0045
------------------------------
Vector 47: FAIL - x=7989, got y=0045, expected=7129 (tanh)
  Parameter recovery:
    Base parameters: b=0328, c=0045
    Delta values: delta_b=00000000, delta_c=00000000
    Recovered parameters: b=0328, c=0045
  Final calculation: y = 0328 * 0000 + 0045 = 0045
------------------------------

===== Hardware Simulation (x = 7989) =====
Scaled x = 001e
Matched group:          -1 (valid=0)
  Group ranges: [01f4, 0213], [007d, 00bc], [0000, 0000]
  Parameter recovery:
    Base parameters: b=0328, c=0045
    Delta values: delta_b=00000000, delta_c=00000000
    Recovered parameters: b=0328, c=0045
  Final calculation: y = 0328 * 0000 + 0045 = 0045
------------------------------
INFO: [USF-XSim-96] XSim completed. Design snapshot 'tb_pwl_core_behav' loaded.
INFO: [USF-XSim-97] XSim simulation ran for 1000ns
launch_simulation: Time (s): cpu = 00:00:08 ; elapsed = 00:00:08 . Memory (MB): peak = 10360.648 ; gain = 0.000 ; free physical = 227966 ; free virtual = 245625
close_sim
INFO: [Simtcl 6-16] Simulation closed
launch_simulation
Command: launch_simulation 
INFO: [Vivado 12-12493] Simulation top is 'tb_pwl_core'
WARNING: [Vivado 12-12986] Compiled library path does not exist: ''
INFO: [Vivado 12-5682] Launching behavioral simulation in '/vol/datastore/jmzhao/CompressedLUT/b-spline/testCPP/hardware/pwl_recover/project_1/project_1.sim/sim_1/behav/xsim'
INFO: [SIM-utils-51] Simulation object is 'sim_1'
INFO: [SIM-utils-72] Using boost library from '/tools/Xilinx/Vivado/2021.2/tps/boost_1_72_0'
INFO: [SIM-utils-54] Inspecting design source files for 'tb_pwl_core' in fileset 'sim_1'...
INFO: [USF-XSim-97] Finding global include files...
INFO: [USF-XSim-98] Fetching design files from 'sim_1'...
INFO: [USF-XSim-2] XSim::Compile design
INFO: [USF-XSim-61] Executing 'COMPILE and ANALYZE' step in '/vol/datastore/jmzhao/CompressedLUT/b-spline/testCPP/hardware/pwl_recover/project_1/project_1.sim/sim_1/behav/xsim'
xvlog --incr --relax -prj tb_pwl_core_vlog.prj
Waiting for jobs to finish...
No pending jobs, compilation finished.
INFO: [USF-XSim-69] 'compile' step finished in '2' seconds
INFO: [USF-XSim-3] XSim::Elaborate design
INFO: [USF-XSim-61] Executing 'ELABORATE' step in '/vol/datastore/jmzhao/CompressedLUT/b-spline/testCPP/hardware/pwl_recover/project_1/project_1.sim/sim_1/behav/xsim'
xelab --incr --debug typical --relax --mt 8 -L xil_defaultlib -L unisims_ver -L unimacro_ver -L secureip --snapshot tb_pwl_core_behav xil_defaultlib.tb_pwl_core xil_defaultlib.glbl -log elaborate.log
Vivado Simulator v2021.2
Copyright 1986-1999, 2001-2021 Xilinx, Inc. All Rights Reserved.
Running: /tools/Xilinx/Vivado/2021.2/bin/unwrapped/lnx64.o/xelab --incr --debug typical --relax --mt 8 -L xil_defaultlib -L unisims_ver -L unimacro_ver -L secureip --snapshot tb_pwl_core_behav xil_defaultlib.tb_pwl_core xil_defaultlib.glbl -log elaborate.log 
Using 8 slave threads.
Starting static elaboration
Pass Through NonSizing Optimizer
Completed static elaboration
INFO: [XSIM 43-4323] No Change in HDL. Linking previously generated obj files to create kernel
INFO: [USF-XSim-69] 'elaborate' step finished in '2' seconds
INFO: [USF-XSim-4] XSim::Simulate design
INFO: [USF-XSim-61] Executing 'SIMULATE' step in '/vol/datastore/jmzhao/CompressedLUT/b-spline/testCPP/hardware/pwl_recover/project_1/project_1.sim/sim_1/behav/xsim'
INFO: [USF-XSim-98] *** Running xsim
   with args "tb_pwl_core_behav -key {Behavioral:sim_1:Functional:tb_pwl_core} -tclbatch {tb_pwl_core.tcl} -log {simulate.log}"
INFO: [USF-XSim-8] Loading simulator feature
Time resolution is 1 ps
source tb_pwl_core.tcl
# set curr_wave [current_wave_config]
# if { [string length $curr_wave] == 0 } {
#   if { [llength [get_objects]] > 0} {
#     add_wave /
#     set_property needs_save false [current_wave_config]
#   } else {
#      send_msg_id Add_Wave-1 WARNING "No top level signals found. Simulator will start without a wave window. If you want to open a wave window go to 'File->New Waveform Configuration' or type 'create_wave_config' in the TCL console."
#   }
# }
# run 1000ns
Vector 0: PASS - x=0000, y=0000 (tanh)

===== Hardware Simulation (x = 0000) =====
Scaled x = 0000
Matched group:           2 (valid=1)
  Group ranges: [01f4, 0213], [007d, 00bc], [0000, 0000]
Vector 1: FAIL - x=0296, got y=0000, expected=0296 (tanh)
  Group parameters: start=0000, end=0000, size=  8, base_b=0000, base_c=0000
  Interval calculation: WARNING - zero range, using idx=0
  Delta parameters: start=xxxx, slope=xxxx, intercept=xxxx
  Reflection flags: x=x, y=x
  Interval boundaries: [xxxx, 0000]

===== Hardware Simulation (x = 0296) =====
Scaled x = 0000
Matched group:           2 (valid=1)
  Group ranges: [01f4, 0213], [007d, 00bc], [0000, 0000]
  Parameter recovery:
    Base parameters: b=0000, c=0000
    Delta values: delta_b=xxxxxxxx, delta_c=xxxxxxxx
    Recovered parameters: b=xxxx, c=xxxx
  Final calculation: y = xxxx * 0000 + xxxx = xxxx
------------------------------
Vector 2: FAIL - x=052c, got y=0000, expected=052c (tanh)
  Group parameters: start=0000, end=0000, size=  8, base_b=0000, base_c=0000
  Interval calculation: WARNING - zero range, using idx=0
  Delta parameters: start=0001, slope=0000, intercept=0000
  Reflection flags: x=0, y=0
  Interval boundaries: [0001, 0000]
  Parameter recovery:
    Base parameters: b=0000, c=0000
    Delta values: delta_b=xxxxxxxx, delta_c=xxxxxxxx
    Recovered parameters: b=xxxx, c=xxxx
  Final calculation: y = xxxx * 0000 + xxxx = xxxx
------------------------------

===== Hardware Simulation (x = 052c) =====
Scaled x = 0001
Matched group:          -1 (valid=0)
  Group ranges: [01f4, 0213], [007d, 00bc], [0000, 0000]
  Parameter recovery:
    Base parameters: b=0000, c=0000
    Delta values: delta_b=00000000, delta_c=00000000
    Recovered parameters: b=0000, c=0000
  Final calculation: y = 0000 * 0000 + 0000 = 0000
------------------------------
Vector 3: FAIL - x=07c2, got y=xxxx, expected=07c1 (tanh)
  Parameter recovery:
    Base parameters: b=0328, c=0045
    Delta values: delta_b=00000000, delta_c=00000000
    Recovered parameters: b=0328, c=0045
  Final calculation: y = 0328 * 0000 + 0045 = 0045
------------------------------

===== Hardware Simulation (x = 07c2) =====
Scaled x = 0001
Matched group:          -1 (valid=0)
  Group ranges: [01f4, 0213], [007d, 00bc], [0000, 0000]
  Parameter recovery:
    Base parameters: b=0328, c=0045
    Delta values: delta_b=00000000, delta_c=00000000
    Recovered parameters: b=0328, c=0045
  Final calculation: y = 0328 * 0000 + 0045 = 0045
------------------------------
Vector 4: FAIL - x=0a58, got y=0045, expected=0a56 (tanh)
  Parameter recovery:
    Base parameters: b=0328, c=0045
    Delta values: delta_b=00000000, delta_c=00000000
    Recovered parameters: b=0328, c=0045
  Final calculation: y = 0328 * 0000 + 0045 = 0045
------------------------------

===== Hardware Simulation (x = 0a58) =====
Scaled x = 0002
Matched group:          -1 (valid=0)
  Group ranges: [01f4, 0213], [007d, 00bc], [0000, 0000]
  Parameter recovery:
    Base parameters: b=0328, c=0045
    Delta values: delta_b=00000000, delta_c=00000000
    Recovered parameters: b=0328, c=0045
  Final calculation: y = 0328 * 0000 + 0045 = 0045
------------------------------
Vector 5: FAIL - x=0cee, got y=0045, expected=0ceb (tanh)
  Parameter recovery:
    Base parameters: b=0328, c=0045
    Delta values: delta_b=00000000, delta_c=00000000
    Recovered parameters: b=0328, c=0045
  Final calculation: y = 0328 * 0000 + 0045 = 0045
------------------------------

===== Hardware Simulation (x = 0cee) =====
Scaled x = 0003
Matched group:          -1 (valid=0)
  Group ranges: [01f4, 0213], [007d, 00bc], [0000, 0000]
  Parameter recovery:
    Base parameters: b=0328, c=0045
    Delta values: delta_b=00000000, delta_c=00000000
    Recovered parameters: b=0328, c=0045
  Final calculation: y = 0328 * 0000 + 0045 = 0045
------------------------------
Vector 6: FAIL - x=0f84, got y=0045, expected=0f7f (tanh)
  Parameter recovery:
    Base parameters: b=0328, c=0045
    Delta values: delta_b=00000000, delta_c=00000000
    Recovered parameters: b=0328, c=0045
  Final calculation: y = 0328 * 0000 + 0045 = 0045
------------------------------

===== Hardware Simulation (x = 0f84) =====
Scaled x = 0003
Matched group:          -1 (valid=0)
  Group ranges: [01f4, 0213], [007d, 00bc], [0000, 0000]
  Parameter recovery:
    Base parameters: b=0328, c=0045
    Delta values: delta_b=00000000, delta_c=00000000
    Recovered parameters: b=0328, c=0045
  Final calculation: y = 0328 * 0000 + 0045 = 0045
------------------------------
Vector 7: FAIL - x=121a, got y=0045, expected=1212 (tanh)
  Parameter recovery:
    Base parameters: b=0328, c=0045
    Delta values: delta_b=00000000, delta_c=00000000
    Recovered parameters: b=0328, c=0045
  Final calculation: y = 0328 * 0000 + 0045 = 0045
------------------------------

===== Hardware Simulation (x = 121a) =====
Scaled x = 0004
Matched group:          -1 (valid=0)
  Group ranges: [01f4, 0213], [007d, 00bc], [0000, 0000]
  Parameter recovery:
    Base parameters: b=0328, c=0045
    Delta values: delta_b=00000000, delta_c=00000000
    Recovered parameters: b=0328, c=0045
  Final calculation: y = 0328 * 0000 + 0045 = 0045
------------------------------
Vector 8: FAIL - x=14b0, got y=0045, expected=14a4 (tanh)
  Parameter recovery:
    Base parameters: b=0328, c=0045
    Delta values: delta_b=00000000, delta_c=00000000
    Recovered parameters: b=0328, c=0045
  Final calculation: y = 0328 * 0000 + 0045 = 0045
------------------------------

===== Hardware Simulation (x = 14b0) =====
Scaled x = 0005
Matched group:          -1 (valid=0)
  Group ranges: [01f4, 0213], [007d, 00bc], [0000, 0000]
  Parameter recovery:
    Base parameters: b=0328, c=0045
    Delta values: delta_b=00000000, delta_c=00000000
    Recovered parameters: b=0328, c=0045
  Final calculation: y = 0328 * 0000 + 0045 = 0045
------------------------------
Vector 9: FAIL - x=1746, got y=0045, expected=1735 (tanh)
  Parameter recovery:
    Base parameters: b=0328, c=0045
    Delta values: delta_b=00000000, delta_c=00000000
    Recovered parameters: b=0328, c=0045
  Final calculation: y = 0328 * 0000 + 0045 = 0045
------------------------------

===== Hardware Simulation (x = 1746) =====
Scaled x = 0005
Matched group:          -1 (valid=0)
  Group ranges: [01f4, 0213], [007d, 00bc], [0000, 0000]
  Parameter recovery:
    Base parameters: b=0328, c=0045
    Delta values: delta_b=00000000, delta_c=00000000
    Recovered parameters: b=0328, c=0045
  Final calculation: y = 0328 * 0000 + 0045 = 0045
------------------------------
Vector 10: FAIL - x=19dc, got y=0045, expected=19c5 (tanh)
  Parameter recovery:
    Base parameters: b=0328, c=0045
    Delta values: delta_b=00000000, delta_c=00000000
    Recovered parameters: b=0328, c=0045
  Final calculation: y = 0328 * 0000 + 0045 = 0045
------------------------------

===== Hardware Simulation (x = 19dc) =====
Scaled x = 0006
Matched group:          -1 (valid=0)
  Group ranges: [01f4, 0213], [007d, 00bc], [0000, 0000]
  Parameter recovery:
    Base parameters: b=0328, c=0045
    Delta values: delta_b=00000000, delta_c=00000000
    Recovered parameters: b=0328, c=0045
  Final calculation: y = 0328 * 0000 + 0045 = 0045
------------------------------
Vector 11: FAIL - x=1c72, got y=0045, expected=1c54 (tanh)
  Parameter recovery:
    Base parameters: b=0328, c=0045
    Delta values: delta_b=00000000, delta_c=00000000
    Recovered parameters: b=0328, c=0045
  Final calculation: y = 0328 * 0000 + 0045 = 0045
------------------------------

===== Hardware Simulation (x = 1c72) =====
Scaled x = 0007
Matched group:          -1 (valid=0)
  Group ranges: [01f4, 0213], [007d, 00bc], [0000, 0000]
  Parameter recovery:
    Base parameters: b=0328, c=0045
    Delta values: delta_b=00000000, delta_c=00000000
    Recovered parameters: b=0328, c=0045
  Final calculation: y = 0328 * 0000 + 0045 = 0045
------------------------------
Vector 12: FAIL - x=1f08, got y=0045, expected=1ee1 (tanh)
  Parameter recovery:
    Base parameters: b=0328, c=0045
    Delta values: delta_b=00000000, delta_c=00000000
    Recovered parameters: b=0328, c=0045
  Final calculation: y = 0328 * 0000 + 0045 = 0045
------------------------------

===== Hardware Simulation (x = 1f08) =====
Scaled x = 0007
Matched group:          -1 (valid=0)
  Group ranges: [01f4, 0213], [007d, 00bc], [0000, 0000]
  Parameter recovery:
    Base parameters: b=0328, c=0045
    Delta values: delta_b=00000000, delta_c=00000000
    Recovered parameters: b=0328, c=0045
  Final calculation: y = 0328 * 0000 + 0045 = 0045
------------------------------
Vector 13: FAIL - x=219e, got y=0045, expected=216d (tanh)
  Parameter recovery:
    Base parameters: b=0328, c=0045
    Delta values: delta_b=00000000, delta_c=00000000
    Recovered parameters: b=0328, c=0045
  Final calculation: y = 0328 * 0000 + 0045 = 0045
------------------------------

===== Hardware Simulation (x = 219e) =====
Scaled x = 0008
Matched group:          -1 (valid=0)
  Group ranges: [01f4, 0213], [007d, 00bc], [0000, 0000]
  Parameter recovery:
    Base parameters: b=0328, c=0045
    Delta values: delta_b=00000000, delta_c=00000000
    Recovered parameters: b=0328, c=0045
  Final calculation: y = 0328 * 0000 + 0045 = 0045
------------------------------
Vector 14: FAIL - x=2434, got y=0045, expected=23f6 (tanh)
  Parameter recovery:
    Base parameters: b=0328, c=0045
    Delta values: delta_b=00000000, delta_c=00000000
    Recovered parameters: b=0328, c=0045
  Final calculation: y = 0328 * 0000 + 0045 = 0045
------------------------------

===== Hardware Simulation (x = 2434) =====
Scaled x = 0009
Matched group:          -1 (valid=0)
  Group ranges: [01f4, 0213], [007d, 00bc], [0000, 0000]
  Parameter recovery:
    Base parameters: b=0328, c=0045
    Delta values: delta_b=00000000, delta_c=00000000
    Recovered parameters: b=0328, c=0045
  Final calculation: y = 0328 * 0000 + 0045 = 0045
------------------------------
Vector 15: FAIL - x=26ca, got y=0045, expected=267e (tanh)
  Parameter recovery:
    Base parameters: b=0328, c=0045
    Delta values: delta_b=00000000, delta_c=00000000
    Recovered parameters: b=0328, c=0045
  Final calculation: y = 0328 * 0000 + 0045 = 0045
------------------------------

===== Hardware Simulation (x = 26ca) =====
Scaled x = 0009
Matched group:          -1 (valid=0)
  Group ranges: [01f4, 0213], [007d, 00bc], [0000, 0000]
  Parameter recovery:
    Base parameters: b=0328, c=0045
    Delta values: delta_b=00000000, delta_c=00000000
    Recovered parameters: b=0328, c=0045
  Final calculation: y = 0328 * 0000 + 0045 = 0045
------------------------------
Vector 16: FAIL - x=2960, got y=0045, expected=2904 (tanh)
  Parameter recovery:
    Base parameters: b=0328, c=0045
    Delta values: delta_b=00000000, delta_c=00000000
    Recovered parameters: b=0328, c=0045
  Final calculation: y = 0328 * 0000 + 0045 = 0045
------------------------------

===== Hardware Simulation (x = 2960) =====
Scaled x = 000a
Matched group:          -1 (valid=0)
  Group ranges: [01f4, 0213], [007d, 00bc], [0000, 0000]
  Parameter recovery:
    Base parameters: b=0328, c=0045
    Delta values: delta_b=00000000, delta_c=00000000
    Recovered parameters: b=0328, c=0045
  Final calculation: y = 0328 * 0000 + 0045 = 0045
------------------------------
Vector 17: FAIL - x=2bf6, got y=0045, expected=2b88 (tanh)
  Parameter recovery:
    Base parameters: b=0328, c=0045
    Delta values: delta_b=00000000, delta_c=00000000
    Recovered parameters: b=0328, c=0045
  Final calculation: y = 0328 * 0000 + 0045 = 0045
------------------------------

===== Hardware Simulation (x = 2bf6) =====
Scaled x = 000a
Matched group:          -1 (valid=0)
  Group ranges: [01f4, 0213], [007d, 00bc], [0000, 0000]
  Parameter recovery:
    Base parameters: b=0328, c=0045
    Delta values: delta_b=00000000, delta_c=00000000
    Recovered parameters: b=0328, c=0045
  Final calculation: y = 0328 * 0000 + 0045 = 0045
------------------------------
Vector 18: FAIL - x=2e8c, got y=0045, expected=2e0a (tanh)
  Parameter recovery:
    Base parameters: b=0328, c=0045
    Delta values: delta_b=00000000, delta_c=00000000
    Recovered parameters: b=0328, c=0045
  Final calculation: y = 0328 * 0000 + 0045 = 0045
------------------------------

===== Hardware Simulation (x = 2e8c) =====
Scaled x = 000b
Matched group:          -1 (valid=0)
  Group ranges: [01f4, 0213], [007d, 00bc], [0000, 0000]
  Parameter recovery:
    Base parameters: b=0328, c=0045
    Delta values: delta_b=00000000, delta_c=00000000
    Recovered parameters: b=0328, c=0045
  Final calculation: y = 0328 * 0000 + 0045 = 0045
------------------------------
Vector 19: FAIL - x=3122, got y=0045, expected=3089 (tanh)
  Parameter recovery:
    Base parameters: b=0328, c=0045
    Delta values: delta_b=00000000, delta_c=00000000
    Recovered parameters: b=0328, c=0045
  Final calculation: y = 0328 * 0000 + 0045 = 0045
------------------------------

===== Hardware Simulation (x = 3122) =====
Scaled x = 000c
Matched group:          -1 (valid=0)
  Group ranges: [01f4, 0213], [007d, 00bc], [0000, 0000]
  Parameter recovery:
    Base parameters: b=0328, c=0045
    Delta values: delta_b=00000000, delta_c=00000000
    Recovered parameters: b=0328, c=0045
  Final calculation: y = 0328 * 0000 + 0045 = 0045
------------------------------
Vector 20: FAIL - x=33b8, got y=0045, expected=3306 (tanh)
  Parameter recovery:
    Base parameters: b=0328, c=0045
    Delta values: delta_b=00000000, delta_c=00000000
    Recovered parameters: b=0328, c=0045
  Final calculation: y = 0328 * 0000 + 0045 = 0045
------------------------------

===== Hardware Simulation (x = 33b8) =====
Scaled x = 000c
Matched group:          -1 (valid=0)
  Group ranges: [01f4, 0213], [007d, 00bc], [0000, 0000]
  Parameter recovery:
    Base parameters: b=0328, c=0045
    Delta values: delta_b=00000000, delta_c=00000000
    Recovered parameters: b=0328, c=0045
  Final calculation: y = 0328 * 0000 + 0045 = 0045
------------------------------
Vector 21: FAIL - x=364e, got y=0045, expected=3581 (tanh)
  Parameter recovery:
    Base parameters: b=0328, c=0045
    Delta values: delta_b=00000000, delta_c=00000000
    Recovered parameters: b=0328, c=0045
  Final calculation: y = 0328 * 0000 + 0045 = 0045
------------------------------

===== Hardware Simulation (x = 364e) =====
Scaled x = 000d
Matched group:          -1 (valid=0)
  Group ranges: [01f4, 0213], [007d, 00bc], [0000, 0000]
  Parameter recovery:
    Base parameters: b=0328, c=0045
    Delta values: delta_b=00000000, delta_c=00000000
    Recovered parameters: b=0328, c=0045
  Final calculation: y = 0328 * 0000 + 0045 = 0045
------------------------------
Vector 22: FAIL - x=38e4, got y=0045, expected=37f8 (tanh)
  Parameter recovery:
    Base parameters: b=0328, c=0045
    Delta values: delta_b=00000000, delta_c=00000000
    Recovered parameters: b=0328, c=0045
  Final calculation: y = 0328 * 0000 + 0045 = 0045
------------------------------

===== Hardware Simulation (x = 38e4) =====
Scaled x = 000e
Matched group:          -1 (valid=0)
  Group ranges: [01f4, 0213], [007d, 00bc], [0000, 0000]
  Parameter recovery:
    Base parameters: b=0328, c=0045
    Delta values: delta_b=00000000, delta_c=00000000
    Recovered parameters: b=0328, c=0045
  Final calculation: y = 0328 * 0000 + 0045 = 0045
------------------------------
Vector 23: FAIL - x=3b7a, got y=0045, expected=3a6d (tanh)
  Parameter recovery:
    Base parameters: b=0328, c=0045
    Delta values: delta_b=00000000, delta_c=00000000
    Recovered parameters: b=0328, c=0045
  Final calculation: y = 0328 * 0000 + 0045 = 0045
------------------------------

===== Hardware Simulation (x = 3b7a) =====
Scaled x = 000e
Matched group:          -1 (valid=0)
  Group ranges: [01f4, 0213], [007d, 00bc], [0000, 0000]
  Parameter recovery:
    Base parameters: b=0328, c=0045
    Delta values: delta_b=00000000, delta_c=00000000
    Recovered parameters: b=0328, c=0045
  Final calculation: y = 0328 * 0000 + 0045 = 0045
------------------------------
Vector 24: FAIL - x=3e10, got y=0045, expected=3cdf (tanh)
  Parameter recovery:
    Base parameters: b=0328, c=0045
    Delta values: delta_b=00000000, delta_c=00000000
    Recovered parameters: b=0328, c=0045
  Final calculation: y = 0328 * 0000 + 0045 = 0045
------------------------------

===== Hardware Simulation (x = 3e10) =====
Scaled x = 000f
Matched group:          -1 (valid=0)
  Group ranges: [01f4, 0213], [007d, 00bc], [0000, 0000]
  Parameter recovery:
    Base parameters: b=0328, c=0045
    Delta values: delta_b=00000000, delta_c=00000000
    Recovered parameters: b=0328, c=0045
  Final calculation: y = 0328 * 0000 + 0045 = 0045
------------------------------
Vector 25: FAIL - x=40a5, got y=0045, expected=3f4e (tanh)
  Parameter recovery:
    Base parameters: b=0328, c=0045
    Delta values: delta_b=00000000, delta_c=00000000
    Recovered parameters: b=0328, c=0045
  Final calculation: y = 0328 * 0000 + 0045 = 0045
------------------------------

===== Hardware Simulation (x = 40a5) =====
Scaled x = 0010
Matched group:          -1 (valid=0)
  Group ranges: [01f4, 0213], [007d, 00bc], [0000, 0000]
  Parameter recovery:
    Base parameters: b=0328, c=0045
    Delta values: delta_b=00000000, delta_c=00000000
    Recovered parameters: b=0328, c=0045
  Final calculation: y = 0328 * 0000 + 0045 = 0045
------------------------------
Vector 26: FAIL - x=433b, got y=0045, expected=41ba (tanh)
  Parameter recovery:
    Base parameters: b=0328, c=0045
    Delta values: delta_b=00000000, delta_c=00000000
    Recovered parameters: b=0328, c=0045
  Final calculation: y = 0328 * 0000 + 0045 = 0045
------------------------------

===== Hardware Simulation (x = 433b) =====
Scaled x = 0010
Matched group:          -1 (valid=0)
  Group ranges: [01f4, 0213], [007d, 00bc], [0000, 0000]
  Parameter recovery:
    Base parameters: b=0328, c=0045
    Delta values: delta_b=00000000, delta_c=00000000
    Recovered parameters: b=0328, c=0045
  Final calculation: y = 0328 * 0000 + 0045 = 0045
------------------------------
Vector 27: FAIL - x=45d1, got y=0045, expected=4423 (tanh)
  Parameter recovery:
    Base parameters: b=0328, c=0045
    Delta values: delta_b=00000000, delta_c=00000000
    Recovered parameters: b=0328, c=0045
  Final calculation: y = 0328 * 0000 + 0045 = 0045
------------------------------

===== Hardware Simulation (x = 45d1) =====
Scaled x = 0011
Matched group:          -1 (valid=0)
  Group ranges: [01f4, 0213], [007d, 00bc], [0000, 0000]
  Parameter recovery:
    Base parameters: b=0328, c=0045
    Delta values: delta_b=00000000, delta_c=00000000
    Recovered parameters: b=0328, c=0045
  Final calculation: y = 0328 * 0000 + 0045 = 0045
------------------------------
Vector 28: FAIL - x=4867, got y=0045, expected=4689 (tanh)
  Parameter recovery:
    Base parameters: b=0328, c=0045
    Delta values: delta_b=00000000, delta_c=00000000
    Recovered parameters: b=0328, c=0045
  Final calculation: y = 0328 * 0000 + 0045 = 0045
------------------------------

===== Hardware Simulation (x = 4867) =====
Scaled x = 0012
Matched group:          -1 (valid=0)
  Group ranges: [01f4, 0213], [007d, 00bc], [0000, 0000]
  Parameter recovery:
    Base parameters: b=0328, c=0045
    Delta values: delta_b=00000000, delta_c=00000000
    Recovered parameters: b=0328, c=0045
  Final calculation: y = 0328 * 0000 + 0045 = 0045
------------------------------
Vector 29: FAIL - x=4afd, got y=0045, expected=48eb (tanh)
  Parameter recovery:
    Base parameters: b=0328, c=0045
    Delta values: delta_b=00000000, delta_c=00000000
    Recovered parameters: b=0328, c=0045
  Final calculation: y = 0328 * 0000 + 0045 = 0045
------------------------------

===== Hardware Simulation (x = 4afd) =====
Scaled x = 0012
Matched group:          -1 (valid=0)
  Group ranges: [01f4, 0213], [007d, 00bc], [0000, 0000]
  Parameter recovery:
    Base parameters: b=0328, c=0045
    Delta values: delta_b=00000000, delta_c=00000000
    Recovered parameters: b=0328, c=0045
  Final calculation: y = 0328 * 0000 + 0045 = 0045
------------------------------
Vector 30: FAIL - x=4d93, got y=0045, expected=4b49 (tanh)
  Parameter recovery:
    Base parameters: b=0328, c=0045
    Delta values: delta_b=00000000, delta_c=00000000
    Recovered parameters: b=0328, c=0045
  Final calculation: y = 0328 * 0000 + 0045 = 0045
------------------------------

===== Hardware Simulation (x = 4d93) =====
Scaled x = 0013
Matched group:          -1 (valid=0)
  Group ranges: [01f4, 0213], [007d, 00bc], [0000, 0000]
  Parameter recovery:
    Base parameters: b=0328, c=0045
    Delta values: delta_b=00000000, delta_c=00000000
    Recovered parameters: b=0328, c=0045
  Final calculation: y = 0328 * 0000 + 0045 = 0045
------------------------------
Vector 31: FAIL - x=5029, got y=0045, expected=4da4 (tanh)
  Parameter recovery:
    Base parameters: b=0328, c=0045
    Delta values: delta_b=00000000, delta_c=00000000
    Recovered parameters: b=0328, c=0045
  Final calculation: y = 0328 * 0000 + 0045 = 0045
------------------------------

===== Hardware Simulation (x = 5029) =====
Scaled x = 0014
Matched group:          -1 (valid=0)
  Group ranges: [01f4, 0213], [007d, 00bc], [0000, 0000]
  Parameter recovery:
    Base parameters: b=0328, c=0045
    Delta values: delta_b=00000000, delta_c=00000000
    Recovered parameters: b=0328, c=0045
  Final calculation: y = 0328 * 0000 + 0045 = 0045
------------------------------
Vector 32: FAIL - x=52bf, got y=0045, expected=4ffb (tanh)
  Parameter recovery:
    Base parameters: b=0328, c=0045
    Delta values: delta_b=00000000, delta_c=00000000
    Recovered parameters: b=0328, c=0045
  Final calculation: y = 0328 * 0000 + 0045 = 0045
------------------------------

===== Hardware Simulation (x = 52bf) =====
Scaled x = 0014
Matched group:          -1 (valid=0)
  Group ranges: [01f4, 0213], [007d, 00bc], [0000, 0000]
  Parameter recovery:
    Base parameters: b=0328, c=0045
    Delta values: delta_b=00000000, delta_c=00000000
    Recovered parameters: b=0328, c=0045
  Final calculation: y = 0328 * 0000 + 0045 = 0045
------------------------------
Vector 33: FAIL - x=5555, got y=0045, expected=524f (tanh)
  Parameter recovery:
    Base parameters: b=0328, c=0045
    Delta values: delta_b=00000000, delta_c=00000000
    Recovered parameters: b=0328, c=0045
  Final calculation: y = 0328 * 0000 + 0045 = 0045
------------------------------

===== Hardware Simulation (x = 5555) =====
Scaled x = 0015
Matched group:          -1 (valid=0)
  Group ranges: [01f4, 0213], [007d, 00bc], [0000, 0000]
  Parameter recovery:
    Base parameters: b=0328, c=0045
    Delta values: delta_b=00000000, delta_c=00000000
    Recovered parameters: b=0328, c=0045
  Final calculation: y = 0328 * 0000 + 0045 = 0045
------------------------------
Vector 34: FAIL - x=57eb, got y=0045, expected=549e (tanh)
  Parameter recovery:
    Base parameters: b=0328, c=0045
    Delta values: delta_b=00000000, delta_c=00000000
    Recovered parameters: b=0328, c=0045
  Final calculation: y = 0328 * 0000 + 0045 = 0045
------------------------------

===== Hardware Simulation (x = 57eb) =====
Scaled x = 0015
Matched group:          -1 (valid=0)
  Group ranges: [01f4, 0213], [007d, 00bc], [0000, 0000]
  Parameter recovery:
    Base parameters: b=0328, c=0045
    Delta values: delta_b=00000000, delta_c=00000000
    Recovered parameters: b=0328, c=0045
  Final calculation: y = 0328 * 0000 + 0045 = 0045
------------------------------
Vector 35: FAIL - x=5a81, got y=0045, expected=56ea (tanh)
  Parameter recovery:
    Base parameters: b=0328, c=0045
    Delta values: delta_b=00000000, delta_c=00000000
    Recovered parameters: b=0328, c=0045
  Final calculation: y = 0328 * 0000 + 0045 = 0045
------------------------------

===== Hardware Simulation (x = 5a81) =====
Scaled x = 0016
Matched group:          -1 (valid=0)
  Group ranges: [01f4, 0213], [007d, 00bc], [0000, 0000]
  Parameter recovery:
    Base parameters: b=0328, c=0045
    Delta values: delta_b=00000000, delta_c=00000000
    Recovered parameters: b=0328, c=0045
  Final calculation: y = 0328 * 0000 + 0045 = 0045
------------------------------
Vector 36: FAIL - x=5d17, got y=0045, expected=5932 (tanh)
  Parameter recovery:
    Base parameters: b=0328, c=0045
    Delta values: delta_b=00000000, delta_c=00000000
    Recovered parameters: b=0328, c=0045
  Final calculation: y = 0328 * 0000 + 0045 = 0045
------------------------------

===== Hardware Simulation (x = 5d17) =====
Scaled x = 0017
Matched group:          -1 (valid=0)
  Group ranges: [01f4, 0213], [007d, 00bc], [0000, 0000]
  Parameter recovery:
    Base parameters: b=0328, c=0045
    Delta values: delta_b=00000000, delta_c=00000000
    Recovered parameters: b=0328, c=0045
  Final calculation: y = 0328 * 0000 + 0045 = 0045
------------------------------
Vector 37: FAIL - x=5fad, got y=0045, expected=5b75 (tanh)
  Parameter recovery:
    Base parameters: b=0328, c=0045
    Delta values: delta_b=00000000, delta_c=00000000
    Recovered parameters: b=0328, c=0045
  Final calculation: y = 0328 * 0000 + 0045 = 0045
------------------------------

===== Hardware Simulation (x = 5fad) =====
Scaled x = 0017
Matched group:          -1 (valid=0)
  Group ranges: [01f4, 0213], [007d, 00bc], [0000, 0000]
  Parameter recovery:
    Base parameters: b=0328, c=0045
    Delta values: delta_b=00000000, delta_c=00000000
    Recovered parameters: b=0328, c=0045
  Final calculation: y = 0328 * 0000 + 0045 = 0045
------------------------------
Vector 38: FAIL - x=6243, got y=0045, expected=5db5 (tanh)
  Parameter recovery:
    Base parameters: b=0328, c=0045
    Delta values: delta_b=00000000, delta_c=00000000
    Recovered parameters: b=0328, c=0045
  Final calculation: y = 0328 * 0000 + 0045 = 0045
------------------------------

===== Hardware Simulation (x = 6243) =====
Scaled x = 0018
Matched group:          -1 (valid=0)
  Group ranges: [01f4, 0213], [007d, 00bc], [0000, 0000]
  Parameter recovery:
    Base parameters: b=0328, c=0045
    Delta values: delta_b=00000000, delta_c=00000000
    Recovered parameters: b=0328, c=0045
  Final calculation: y = 0328 * 0000 + 0045 = 0045
------------------------------
Vector 39: FAIL - x=64d9, got y=0045, expected=5ff0 (tanh)
  Parameter recovery:
    Base parameters: b=0328, c=0045
    Delta values: delta_b=00000000, delta_c=00000000
    Recovered parameters: b=0328, c=0045
  Final calculation: y = 0328 * 0000 + 0045 = 0045
------------------------------

===== Hardware Simulation (x = 64d9) =====
Scaled x = 0019
Matched group:          -1 (valid=0)
  Group ranges: [01f4, 0213], [007d, 00bc], [0000, 0000]
  Parameter recovery:
    Base parameters: b=0328, c=0045
    Delta values: delta_b=00000000, delta_c=00000000
    Recovered parameters: b=0328, c=0045
  Final calculation: y = 0328 * 0000 + 0045 = 0045
------------------------------
Vector 40: FAIL - x=676f, got y=0045, expected=6227 (tanh)
  Parameter recovery:
    Base parameters: b=0328, c=0045
    Delta values: delta_b=00000000, delta_c=00000000
    Recovered parameters: b=0328, c=0045
  Final calculation: y = 0328 * 0000 + 0045 = 0045
------------------------------

===== Hardware Simulation (x = 676f) =====
Scaled x = 0019
Matched group:          -1 (valid=0)
  Group ranges: [01f4, 0213], [007d, 00bc], [0000, 0000]
  Parameter recovery:
    Base parameters: b=0328, c=0045
    Delta values: delta_b=00000000, delta_c=00000000
    Recovered parameters: b=0328, c=0045
  Final calculation: y = 0328 * 0000 + 0045 = 0045
------------------------------
Vector 41: FAIL - x=6a05, got y=0045, expected=6459 (tanh)
  Parameter recovery:
    Base parameters: b=0328, c=0045
    Delta values: delta_b=00000000, delta_c=00000000
    Recovered parameters: b=0328, c=0045
  Final calculation: y = 0328 * 0000 + 0045 = 0045
------------------------------

===== Hardware Simulation (x = 6a05) =====
Scaled x = 001a
Matched group:          -1 (valid=0)
  Group ranges: [01f4, 0213], [007d, 00bc], [0000, 0000]
  Parameter recovery:
    Base parameters: b=0328, c=0045
    Delta values: delta_b=00000000, delta_c=00000000
    Recovered parameters: b=0328, c=0045
  Final calculation: y = 0328 * 0000 + 0045 = 0045
------------------------------
Vector 42: FAIL - x=6c9b, got y=0045, expected=6687 (tanh)
  Parameter recovery:
    Base parameters: b=0328, c=0045
    Delta values: delta_b=00000000, delta_c=00000000
    Recovered parameters: b=0328, c=0045
  Final calculation: y = 0328 * 0000 + 0045 = 0045
------------------------------

===== Hardware Simulation (x = 6c9b) =====
Scaled x = 001b
Matched group:          -1 (valid=0)
  Group ranges: [01f4, 0213], [007d, 00bc], [0000, 0000]
  Parameter recovery:
    Base parameters: b=0328, c=0045
    Delta values: delta_b=00000000, delta_c=00000000
    Recovered parameters: b=0328, c=0045
  Final calculation: y = 0328 * 0000 + 0045 = 0045
------------------------------
Vector 43: FAIL - x=6f31, got y=0045, expected=68b1 (tanh)
  Parameter recovery:
    Base parameters: b=0328, c=0045
    Delta values: delta_b=00000000, delta_c=00000000
    Recovered parameters: b=0328, c=0045
  Final calculation: y = 0328 * 0000 + 0045 = 0045
------------------------------

===== Hardware Simulation (x = 6f31) =====
Scaled x = 001b
Matched group:          -1 (valid=0)
  Group ranges: [01f4, 0213], [007d, 00bc], [0000, 0000]
  Parameter recovery:
    Base parameters: b=0328, c=0045
    Delta values: delta_b=00000000, delta_c=00000000
    Recovered parameters: b=0328, c=0045
  Final calculation: y = 0328 * 0000 + 0045 = 0045
------------------------------
Vector 44: FAIL - x=71c7, got y=0045, expected=6ad6 (tanh)
  Parameter recovery:
    Base parameters: b=0328, c=0045
    Delta values: delta_b=00000000, delta_c=00000000
    Recovered parameters: b=0328, c=0045
  Final calculation: y = 0328 * 0000 + 0045 = 0045
------------------------------

===== Hardware Simulation (x = 71c7) =====
Scaled x = 001c
Matched group:          -1 (valid=0)
  Group ranges: [01f4, 0213], [007d, 00bc], [0000, 0000]
  Parameter recovery:
    Base parameters: b=0328, c=0045
    Delta values: delta_b=00000000, delta_c=00000000
    Recovered parameters: b=0328, c=0045
  Final calculation: y = 0328 * 0000 + 0045 = 0045
------------------------------
Vector 45: FAIL - x=745d, got y=0045, expected=6cf6 (tanh)
  Parameter recovery:
    Base parameters: b=0328, c=0045
    Delta values: delta_b=00000000, delta_c=00000000
    Recovered parameters: b=0328, c=0045
  Final calculation: y = 0328 * 0000 + 0045 = 0045
------------------------------

===== Hardware Simulation (x = 745d) =====
Scaled x = 001d
Matched group:          -1 (valid=0)
  Group ranges: [01f4, 0213], [007d, 00bc], [0000, 0000]
  Parameter recovery:
    Base parameters: b=0328, c=0045
    Delta values: delta_b=00000000, delta_c=00000000
    Recovered parameters: b=0328, c=0045
  Final calculation: y = 0328 * 0000 + 0045 = 0045
------------------------------
Vector 46: FAIL - x=76f3, got y=0045, expected=6f12 (tanh)
  Parameter recovery:
    Base parameters: b=0328, c=0045
    Delta values: delta_b=00000000, delta_c=00000000
    Recovered parameters: b=0328, c=0045
  Final calculation: y = 0328 * 0000 + 0045 = 0045
------------------------------

===== Hardware Simulation (x = 76f3) =====
Scaled x = 001d
Matched group:          -1 (valid=0)
  Group ranges: [01f4, 0213], [007d, 00bc], [0000, 0000]
  Parameter recovery:
    Base parameters: b=0328, c=0045
    Delta values: delta_b=00000000, delta_c=00000000
    Recovered parameters: b=0328, c=0045
  Final calculation: y = 0328 * 0000 + 0045 = 0045
------------------------------
Vector 47: FAIL - x=7989, got y=0045, expected=7129 (tanh)
  Parameter recovery:
    Base parameters: b=0328, c=0045
    Delta values: delta_b=00000000, delta_c=00000000
    Recovered parameters: b=0328, c=0045
  Final calculation: y = 0328 * 0000 + 0045 = 0045
------------------------------

===== Hardware Simulation (x = 7989) =====
Scaled x = 001e
Matched group:          -1 (valid=0)
  Group ranges: [01f4, 0213], [007d, 00bc], [0000, 0000]
  Parameter recovery:
    Base parameters: b=0328, c=0045
    Delta values: delta_b=00000000, delta_c=00000000
    Recovered parameters: b=0328, c=0045
  Final calculation: y = 0328 * 0000 + 0045 = 0045
------------------------------
INFO: [USF-XSim-96] XSim completed. Design snapshot 'tb_pwl_core_behav' loaded.
INFO: [USF-XSim-97] XSim simulation ran for 1000ns
launch_simulation: Time (s): cpu = 00:00:07 ; elapsed = 00:00:07 . Memory (MB): peak = 10360.648 ; gain = 0.000 ; free physical = 227974 ; free virtual = 245633
update_compile_order -fileset sources_1
update_compile_order -fileset sources_1
close_sim
INFO: [Simtcl 6-16] Simulation closed
launch_simulation
Command: launch_simulation 
INFO: [Vivado 12-12493] Simulation top is 'tb_pwl_core'
WARNING: [Vivado 12-12986] Compiled library path does not exist: ''
INFO: [Vivado 12-5682] Launching behavioral simulation in '/vol/datastore/jmzhao/CompressedLUT/b-spline/testCPP/hardware/pwl_recover/project_1/project_1.sim/sim_1/behav/xsim'
INFO: [SIM-utils-51] Simulation object is 'sim_1'
INFO: [SIM-utils-72] Using boost library from '/tools/Xilinx/Vivado/2021.2/tps/boost_1_72_0'
INFO: [SIM-utils-54] Inspecting design source files for 'tb_pwl_core' in fileset 'sim_1'...
INFO: [USF-XSim-97] Finding global include files...
INFO: [USF-XSim-98] Fetching design files from 'sim_1'...
INFO: [USF-XSim-2] XSim::Compile design
INFO: [USF-XSim-61] Executing 'COMPILE and ANALYZE' step in '/vol/datastore/jmzhao/CompressedLUT/b-spline/testCPP/hardware/pwl_recover/project_1/project_1.sim/sim_1/behav/xsim'
xvlog --incr --relax -prj tb_pwl_core_vlog.prj
INFO: [VRFC 10-2263] Analyzing Verilog file "/vol/datastore/jmzhao/CompressedLUT/b-spline/testCPP/hardware/rtl/pwl_core.v" into library xil_defaultlib
INFO: [VRFC 10-311] analyzing module pwl_core
INFO: [VRFC 10-2263] Analyzing Verilog file "/vol/datastore/jmzhao/CompressedLUT/b-spline/testCPP/hardware/rtl/pwl_hlut.v" into library xil_defaultlib
INFO: [VRFC 10-311] analyzing module pwl_hlut
ERROR: [VRFC 10-552] declarations not allowed in unnamed block [/vol/datastore/jmzhao/CompressedLUT/b-spline/testCPP/hardware/rtl/pwl_hlut.v:118]
ERROR: [VRFC 10-2865] module 'pwl_hlut' ignored due to previous errors [/vol/datastore/jmzhao/CompressedLUT/b-spline/testCPP/hardware/rtl/pwl_hlut.v:8]
INFO: [USF-XSim-69] 'compile' step finished in '2' seconds
INFO: [USF-XSim-99] Step results log file:'/vol/datastore/jmzhao/CompressedLUT/b-spline/testCPP/hardware/pwl_recover/project_1/project_1.sim/sim_1/behav/xsim/xvlog.log'
ERROR: [USF-XSim-62] 'compile' step failed with error(s). Please check the Tcl console output or '/vol/datastore/jmzhao/CompressedLUT/b-spline/testCPP/hardware/pwl_recover/project_1/project_1.sim/sim_1/behav/xsim/xvlog.log' file for more information.
ERROR: [Vivado 12-4473] Detected error while running simulation. Please correct the issue and retry this operation.
ERROR: [Common 17-39] 'launch_simulation' failed due to earlier errors.
reset_simulation -simset sim_1 -mode behavioral
INFO: [Vivado 12-2266] Removing simulation data...
INFO: [Vivado 12-2267] Reset complete
launch_simulation
Command: launch_simulation 
INFO: [Vivado 12-12493] Simulation top is 'tb_pwl_core'
WARNING: [Vivado 12-12986] Compiled library path does not exist: ''
INFO: [Vivado 12-5682] Launching behavioral simulation in '/vol/datastore/jmzhao/CompressedLUT/b-spline/testCPP/hardware/pwl_recover/project_1/project_1.sim/sim_1/behav/xsim'
INFO: [SIM-utils-51] Simulation object is 'sim_1'
INFO: [SIM-utils-72] Using boost library from '/tools/Xilinx/Vivado/2021.2/tps/boost_1_72_0'
INFO: [SIM-utils-54] Inspecting design source files for 'tb_pwl_core' in fileset 'sim_1'...
INFO: [USF-XSim-97] Finding global include files...
INFO: [USF-XSim-98] Fetching design files from 'sim_1'...
INFO: [USF-XSim-2] XSim::Compile design
INFO: [USF-XSim-61] Executing 'COMPILE and ANALYZE' step in '/vol/datastore/jmzhao/CompressedLUT/b-spline/testCPP/hardware/pwl_recover/project_1/project_1.sim/sim_1/behav/xsim'
xvlog --incr --relax -prj tb_pwl_core_vlog.prj
INFO: [VRFC 10-2263] Analyzing Verilog file "/vol/datastore/jmzhao/CompressedLUT/b-spline/testCPP/hardware/rtl/pwl_core.v" into library xil_defaultlib
INFO: [VRFC 10-311] analyzing module pwl_core
INFO: [VRFC 10-2263] Analyzing Verilog file "/vol/datastore/jmzhao/CompressedLUT/b-spline/testCPP/hardware/rtl/pwl_hlut.v" into library xil_defaultlib
INFO: [VRFC 10-311] analyzing module pwl_hlut
INFO: [VRFC 10-2263] Analyzing Verilog file "/vol/datastore/jmzhao/CompressedLUT/b-spline/testCPP/hardware/sim/tb_pwl_core.v" into library xil_defaultlib
INFO: [VRFC 10-311] analyzing module tb_pwl_core
INFO: [VRFC 10-2263] Analyzing Verilog file "/vol/datastore/jmzhao/CompressedLUT/b-spline/testCPP/hardware/pwl_recover/project_1/project_1.sim/sim_1/behav/xsim/glbl.v" into library xil_defaultlib
INFO: [VRFC 10-311] analyzing module glbl
Waiting for jobs to finish...
No pending jobs, compilation finished.
INFO: [USF-XSim-69] 'compile' step finished in '2' seconds
INFO: [USF-XSim-3] XSim::Elaborate design
INFO: [USF-XSim-61] Executing 'ELABORATE' step in '/vol/datastore/jmzhao/CompressedLUT/b-spline/testCPP/hardware/pwl_recover/project_1/project_1.sim/sim_1/behav/xsim'
xelab --incr --debug typical --relax --mt 8 -L xil_defaultlib -L unisims_ver -L unimacro_ver -L secureip --snapshot tb_pwl_core_behav xil_defaultlib.tb_pwl_core xil_defaultlib.glbl -log elaborate.log
Vivado Simulator v2021.2
Copyright 1986-1999, 2001-2021 Xilinx, Inc. All Rights Reserved.
Running: /tools/Xilinx/Vivado/2021.2/bin/unwrapped/lnx64.o/xelab --incr --debug typical --relax --mt 8 -L xil_defaultlib -L unisims_ver -L unimacro_ver -L secureip --snapshot tb_pwl_core_behav xil_defaultlib.tb_pwl_core xil_defaultlib.glbl -log elaborate.log 
Using 8 slave threads.
Starting static elaboration
Pass Through NonSizing Optimizer
Completed static elaboration
Starting simulation data flow analysis
WARNING: [XSIM 43-4099] "/vol/datastore/jmzhao/CompressedLUT/b-spline/testCPP/hardware/rtl/pwl_core.v" Line 7. Module pwl_core doesn't have a timescale but at least one module in design has a timescale.
WARNING: [XSIM 43-4099] "/vol/datastore/jmzhao/CompressedLUT/b-spline/testCPP/hardware/rtl/pwl_hlut.v" Line 8. Module pwl_hlut doesn't have a timescale but at least one module in design has a timescale.
WARNING: [XSIM 43-4099] "/vol/datastore/jmzhao/CompressedLUT/b-spline/testCPP/hardware/rtl/pwl_core.v" Line 7. Module pwl_core doesn't have a timescale but at least one module in design has a timescale.
WARNING: [XSIM 43-4099] "/vol/datastore/jmzhao/CompressedLUT/b-spline/testCPP/hardware/rtl/pwl_hlut.v" Line 8. Module pwl_hlut doesn't have a timescale but at least one module in design has a timescale.
Completed simulation data flow analysis
Time Resolution for simulation is 1ps
Compiling module xil_defaultlib.pwl_hlut
Compiling module xil_defaultlib.pwl_core
Compiling module xil_defaultlib.tb_pwl_core
Compiling module xil_defaultlib.glbl
Built simulation snapshot tb_pwl_core_behav
INFO: [USF-XSim-69] 'elaborate' step finished in '3' seconds
INFO: [USF-XSim-4] XSim::Simulate design
INFO: [USF-XSim-61] Executing 'SIMULATE' step in '/vol/datastore/jmzhao/CompressedLUT/b-spline/testCPP/hardware/pwl_recover/project_1/project_1.sim/sim_1/behav/xsim'
INFO: [USF-XSim-98] *** Running xsim
   with args "tb_pwl_core_behav -key {Behavioral:sim_1:Functional:tb_pwl_core} -tclbatch {tb_pwl_core.tcl} -log {simulate.log}"
INFO: [USF-XSim-8] Loading simulator feature
Time resolution is 1 ps
source tb_pwl_core.tcl
# set curr_wave [current_wave_config]
# if { [string length $curr_wave] == 0 } {
#   if { [llength [get_objects]] > 0} {
#     add_wave /
#     set_property needs_save false [current_wave_config]
#   } else {
#      send_msg_id Add_Wave-1 WARNING "No top level signals found. Simulator will start without a wave window. If you want to open a wave window go to 'File->New Waveform Configuration' or type 'create_wave_config' in the TCL console."
#   }
# }
# run 1000ns

===== Hardware Simulation (x = 0000, decimal = 0.000) =====
Input domain transformation:
  Original x = 0000 (0.000)
  Domain-adjusted x = 0000 (0.000)
Group ranges (for domain [0,1]):
  Group 0: [01f4 (0.488), 0213 (0.518)]
  Group 1: [007d (0.122), 00bc (0.183)]
  Group 2: [0000 (0.000), 0000 (0.000)]
Expected output: y = 0000 (0.000)
Final output calculation:
  Original x = 0000 (0.000)
  Output y = 0000 (0.000)
------------------------------
Vector 0: PASS - x=0000, y=0000 (tanh)

===== Hardware Simulation (x = 0296, decimal = 0.646) =====
Input domain transformation:
  Original x = 0296 (0.646)
  Domain-adjusted x = 0000 (0.000)
Group ranges (for domain [0,1]):
  Group 0: [01f4 (0.488), 0213 (0.518)]
  Group 1: [007d (0.122), 00bc (0.183)]
  Group 2: [0000 (0.000), 0000 (0.000)]
Expected output: y = 0296 (0.646)
Final output calculation:
  Original x = 0296 (0.646)
  Output y = 0296 (0.646)
------------------------------
Vector 1: PASS - x=0296, y=0296 (tanh)

===== Hardware Simulation (x = 052c, decimal = 1.292) =====
Input domain transformation:
  Original x = 052c (1.292)
  Domain-adjusted x = 0000 (0.000)
Group ranges (for domain [0,1]):
  Group 0: [01f4 (0.488), 0213 (0.518)]
  Group 1: [007d (0.122), 00bc (0.183)]
  Group 2: [0000 (0.000), 0000 (0.000)]
Expected output: y = 052c (1.292)
Final output calculation:
  Original x = 052c (1.292)
  Output y = 052c (1.292)
------------------------------
Vector 2: PASS - x=052c, y=052c (tanh)

===== Hardware Simulation (x = 07c2, decimal = 1.939) =====
Input domain transformation:
  Original x = 07c2 (1.939)
  Domain-adjusted x = 0001 (0.000)
Group ranges (for domain [0,1]):
  Group 0: [01f4 (0.488), 0213 (0.518)]
  Group 1: [007d (0.122), 00bc (0.183)]
  Group 2: [0000 (0.000), 0000 (0.000)]
Expected output: y = 07c1 (1.938)
Final output calculation:
  Original x = 07c2 (1.939)
  Output y = 07c1 (1.938)
------------------------------
Vector 3: PASS - x=07c2, y=07c1 (tanh)

===== Hardware Simulation (x = 0a58, decimal = 2.585) =====
Input domain transformation:
  Original x = 0a58 (2.585)
  Domain-adjusted x = 0001 (0.000)
Group ranges (for domain [0,1]):
  Group 0: [01f4 (0.488), 0213 (0.518)]
  Group 1: [007d (0.122), 00bc (0.183)]
  Group 2: [0000 (0.000), 0000 (0.000)]
Expected output: y = 0a56 (2.583)
Final output calculation:
  Original x = 0a58 (2.585)
  Output y = 0a56 (2.583)
------------------------------
Vector 4: PASS - x=0a58, y=0a56 (tanh)

===== Hardware Simulation (x = 0cee, decimal = 3.232) =====
Input domain transformation:
  Original x = 0cee (3.232)
  Domain-adjusted x = 0001 (0.000)
Group ranges (for domain [0,1]):
  Group 0: [01f4 (0.488), 0213 (0.518)]
  Group 1: [007d (0.122), 00bc (0.183)]
  Group 2: [0000 (0.000), 0000 (0.000)]
Expected output: y = 0ceb (3.229)
Final output calculation:
  Original x = 0cee (3.232)
  Output y = 0ceb (3.229)
------------------------------
Vector 5: PASS - x=0cee, y=0ceb (tanh)

===== Hardware Simulation (x = 0f84, decimal = 3.878) =====
Input domain transformation:
  Original x = 0f84 (3.878)
  Domain-adjusted x = 0000 (0.000)
Group ranges (for domain [0,1]):
  Group 0: [01f4 (0.488), 0213 (0.518)]
  Group 1: [007d (0.122), 00bc (0.183)]
  Group 2: [0000 (0.000), 0000 (0.000)]
Expected output: y = 0f7f (3.874)
Final output calculation:
  Original x = 0f84 (3.878)
  Output y = 0f7f (3.874)
------------------------------
Vector 6: PASS - x=0f84, y=0f7f (tanh)

===== Hardware Simulation (x = 121a, decimal = 4.525) =====
Input domain transformation:
  Original x = 121a (4.525)
  Domain-adjusted x = 0000 (0.000)
Group ranges (for domain [0,1]):
  Group 0: [01f4 (0.488), 0213 (0.518)]
  Group 1: [007d (0.122), 00bc (0.183)]
  Group 2: [0000 (0.000), 0000 (0.000)]
Expected output: y = 1212 (4.517)
Final output calculation:
  Original x = 121a (4.525)
  Output y = 1212 (4.517)
------------------------------
Vector 7: PASS - x=121a, y=1212 (tanh)

===== Hardware Simulation (x = 14b0, decimal = 5.171) =====
Input domain transformation:
  Original x = 14b0 (5.171)
  Domain-adjusted x = 0000 (0.000)
Group ranges (for domain [0,1]):
  Group 0: [01f4 (0.488), 0213 (0.518)]
  Group 1: [007d (0.122), 00bc (0.183)]
  Group 2: [0000 (0.000), 0000 (0.000)]
Expected output: y = 14a4 (5.160)
Final output calculation:
  Original x = 14b0 (5.171)
  Output y = 14a4 (5.160)
------------------------------
Vector 8: PASS - x=14b0, y=14a4 (tanh)

===== Hardware Simulation (x = 1746, decimal = 5.818) =====
Input domain transformation:
  Original x = 1746 (5.818)
  Domain-adjusted x = 0001 (0.000)
Group ranges (for domain [0,1]):
  Group 0: [01f4 (0.488), 0213 (0.518)]
  Group 1: [007d (0.122), 00bc (0.183)]
  Group 2: [0000 (0.000), 0000 (0.000)]
Expected output: y = 1735 (5.801)
Final output calculation:
  Original x = 1746 (5.818)
  Output y = 1735 (5.801)
------------------------------
Vector 9: PASS - x=1746, y=1735 (tanh)

===== Hardware Simulation (x = 19dc, decimal = 6.464) =====
Input domain transformation:
  Original x = 19dc (6.464)
  Domain-adjusted x = 0001 (0.000)
Group ranges (for domain [0,1]):
  Group 0: [01f4 (0.488), 0213 (0.518)]
  Group 1: [007d (0.122), 00bc (0.183)]
  Group 2: [0000 (0.000), 0000 (0.000)]
Expected output: y = 19c5 (6.442)
Final output calculation:
  Original x = 19dc (6.464)
  Output y = 19c5 (6.442)
------------------------------
Vector 10: PASS - x=19dc, y=19c5 (tanh)

===== Hardware Simulation (x = 1c72, decimal = 7.111) =====
Input domain transformation:
  Original x = 1c72 (7.111)
  Domain-adjusted x = 0001 (0.000)
Group ranges (for domain [0,1]):
  Group 0: [01f4 (0.488), 0213 (0.518)]
  Group 1: [007d (0.122), 00bc (0.183)]
  Group 2: [0000 (0.000), 0000 (0.000)]
Expected output: y = 1c54 (7.082)
Final output calculation:
  Original x = 1c72 (7.111)
  Output y = 1c54 (7.082)
------------------------------
Vector 11: PASS - x=1c72, y=1c54 (tanh)

===== Hardware Simulation (x = 1f08, decimal = 7.757) =====
Input domain transformation:
  Original x = 1f08 (7.757)
  Domain-adjusted x = 0000 (0.000)
Group ranges (for domain [0,1]):
  Group 0: [01f4 (0.488), 0213 (0.518)]
  Group 1: [007d (0.122), 00bc (0.183)]
  Group 2: [0000 (0.000), 0000 (0.000)]
Expected output: y = 1ee1 (7.719)
Final output calculation:
  Original x = 1f08 (7.757)
  Output y = 1ee1 (7.719)
------------------------------
Vector 12: PASS - x=1f08, y=1ee1 (tanh)

===== Hardware Simulation (x = 219e, decimal = 8.404) =====
Input domain transformation:
  Original x = 219e (8.404)
  Domain-adjusted x = 0400 (1.000)
Group ranges (for domain [0,1]):
  Group 0: [01f4 (0.488), 0213 (0.518)]
  Group 1: [007d (0.122), 00bc (0.183)]
  Group 2: [0000 (0.000), 0000 (0.000)]
Expected output: y = 216d (8.356)
Final output calculation:
  Original x = 219e (8.404)
  Output y = 216d (8.356)
------------------------------
Vector 13: PASS - x=219e, y=216d (tanh)

===== Hardware Simulation (x = 2434, decimal = 9.050) =====
Input domain transformation:
  Original x = 2434 (9.050)
  Domain-adjusted x = 0400 (1.000)
Group ranges (for domain [0,1]):
  Group 0: [01f4 (0.488), 0213 (0.518)]
  Group 1: [007d (0.122), 00bc (0.183)]
  Group 2: [0000 (0.000), 0000 (0.000)]
Expected output: y = 23f6 (8.990)
Final output calculation:
  Original x = 2434 (9.050)
  Output y = 23f6 (8.990)
------------------------------
Vector 14: PASS - x=2434, y=23f6 (tanh)
Vector 15: PASS - x=26ca, y=267e (tanh)
INFO: [USF-XSim-96] XSim completed. Design snapshot 'tb_pwl_core_behav' loaded.
INFO: [USF-XSim-97] XSim simulation ran for 1000ns
launch_simulation: Time (s): cpu = 00:00:08 ; elapsed = 00:00:08 . Memory (MB): peak = 10393.656 ; gain = 11.008 ; free physical = 227998 ; free virtual = 245657
reset_run synth_1
INFO: [Project 1-1161] Replacing file /vol/datastore/jmzhao/CompressedLUT/b-spline/testCPP/hardware/pwl_recover/project_1/project_1.srcs/utils_1/imports/synth_1/pwl_top.dcp with file /vol/datastore/jmzhao/CompressedLUT/b-spline/testCPP/hardware/pwl_recover/project_1/project_1.runs/synth_1/pwl_top.dcp
WARNING: [Vivado 12-1017] Problems encountered:
1. Failed to delete one or more files in run directory /vol/datastore/jmzhao/CompressedLUT/b-spline/testCPP/hardware/pwl_recover/project_1/project_1.runs/synth_1

launch_runs synth_1 -jobs 20
[Thu Apr 17 17:12:00 2025] Launched synth_1...
Run output will be captured here: /vol/datastore/jmzhao/CompressedLUT/b-spline/testCPP/hardware/pwl_recover/project_1/project_1.runs/synth_1/runme.log
launch_runs impl_1 -jobs 20
[Thu Apr 17 17:13:40 2025] Launched impl_1...
Run output will be captured here: /vol/datastore/jmzhao/CompressedLUT/b-spline/testCPP/hardware/pwl_recover/project_1/project_1.runs/impl_1/runme.log
open_run impl_1
Netlist sorting complete. Time (s): cpu = 00:00:00 ; elapsed = 00:00:00 . Memory (MB): peak = 10393.656 ; gain = 0.000 ; free physical = 227935 ; free virtual = 245597
INFO: [Netlist 29-17] Analyzing 25 Unisim elements for replacement
INFO: [Netlist 29-28] Unisim Transformation completed in 0 CPU seconds
INFO: [Project 1-479] Netlist was created with Vivado 2021.2
INFO: [Project 1-570] Preparing netlist for logic optimization
INFO: [Timing 38-478] Restoring timing data from binary archive.
INFO: [Timing 38-479] Binary timing data restore complete.
INFO: [Project 1-856] Restoring constraints from binary archive.
INFO: [Project 1-853] Binary constraint restore complete.
Reading XDEF placement.
Reading placer database...
Reading XDEF routing.
Read XDEF File: Time (s): cpu = 00:00:00.08 ; elapsed = 00:00:00.09 . Memory (MB): peak = 10457.688 ; gain = 0.000 ; free physical = 227833 ; free virtual = 245495
Restored from archive | CPU: 0.090000 secs | Memory: 0.497887 MB |
Finished XDEF File Restore: Time (s): cpu = 00:00:00.08 ; elapsed = 00:00:00.09 . Memory (MB): peak = 10457.688 ; gain = 0.000 ; free physical = 227833 ; free virtual = 245495
Netlist sorting complete. Time (s): cpu = 00:00:00 ; elapsed = 00:00:00 . Memory (MB): peak = 10457.688 ; gain = 0.000 ; free physical = 227833 ; free virtual = 245496
INFO: [Project 1-111] Unisim Transformation Summary:
  A total of 21 instances were transformed.
  DSP48E2 => DSP48E2 (DSP_ALU, DSP_A_B_DATA, DSP_C_DATA, DSP_MULTIPLIER, DSP_M_DATA, DSP_OUTPUT, DSP_PREADD, DSP_PREADD_DATA): 2 instances
  IBUF => IBUF (IBUFCTRL, INBUF): 19 instances

open_run: Time (s): cpu = 00:00:20 ; elapsed = 00:00:09 . Memory (MB): peak = 10529.723 ; gain = 136.066 ; free physical = 227732 ; free virtual = 245394
