Copyright 1986-2021 Xilinx, Inc. All Rights Reserved.
-----------------------------------------------------------------------------------------------------------------------------------------------------------------------------------------------------------------------
| Tool Version      : Vivado v.2021.2 (lin64) Build 3367213 Tue Oct 19 02:47:39 MDT 2021
| Date              : Thu Apr 17 17:15:40 2025
| Host              : americano02 running 64-bit Ubuntu 22.04.4 LTS
| Command           : report_timing_summary -max_paths 10 -report_unconstrained -file pwl_top_timing_summary_routed.rpt -pb pwl_top_timing_summary_routed.pb -rpx pwl_top_timing_summary_routed.rpx -warn_on_violation
| Design            : pwl_top
| Device            : xczu9eg-ffvb1156
| Speed File        : -2  PRODUCTION 1.29 08-03-2020
| Temperature Grade : E
-----------------------------------------------------------------------------------------------------------------------------------------------------------------------------------------------------------------------

Timing Summary Report

------------------------------------------------------------------------------------------------
| Timer Settings
| --------------
------------------------------------------------------------------------------------------------

  Enable Multi Corner Analysis               :  Yes
  Enable Pessimism Removal                   :  Yes
  Pessimism Removal Resolution               :  Nearest Common Node
  Enable Input Delay Default Clock           :  No
  Enable Preset / Clear Arcs                 :  No
  Disable Flight Delays                      :  No
  Ignore I/O Paths                           :  No
  Timing Early Launch at Borrowing Latches   :  No
  Borrow Time for Max Delay Exceptions       :  Yes
  Merge Timing Exceptions                    :  Yes

  Corner  Analyze    Analyze    
  Name    Max Paths  Min Paths  
  ------  ---------  ---------  
  Slow    Yes        Yes        
  Fast    Yes        Yes        


------------------------------------------------------------------------------------------------
| Report Methodology
| ------------------
------------------------------------------------------------------------------------------------

Rule       Severity  Description                    Violations  
---------  --------  -----------------------------  ----------  
DPIR-2     Warning   Asynchronous driver check      1           
TIMING-18  Warning   Missing input or output delay  34          

Note: This report is based on the most recent report_methodology run and may not be up-to-date. Run report_methodology on the current design for the latest report.



check_timing report

Table of Contents
-----------------
1. checking no_clock (0)
2. checking constant_clock (0)
3. checking pulse_width_clock (0)
4. checking unconstrained_internal_endpoints (0)
5. checking no_input_delay (1)
6. checking no_output_delay (0)
7. checking multiple_clock (0)
8. checking generated_clocks (0)
9. checking loops (0)
10. checking partial_input_delay (17)
11. checking partial_output_delay (17)
12. checking latch_loops (0)

1. checking no_clock (0)
------------------------
 There are 0 register/latch pins with no clock.


2. checking constant_clock (0)
------------------------------
 There are 0 register/latch pins with constant_clock.


3. checking pulse_width_clock (0)
---------------------------------
 There are 0 register/latch pins which need pulse_width check


4. checking unconstrained_internal_endpoints (0)
------------------------------------------------
 There are 0 pins that are not constrained for maximum delay.

 There are 0 pins that are not constrained for maximum delay due to constant clock.


5. checking no_input_delay (1)
------------------------------
 There are 0 input ports with no input delay specified.

 There is 1 input port with no input delay but user has a false path constraint. (MEDIUM)


6. checking no_output_delay (0)
-------------------------------
 There are 0 ports with no output delay specified.

 There are 0 ports with no output delay but user has a false path constraint

 There are 0 ports with no output delay but with a timing clock defined on it or propagating through it


7. checking multiple_clock (0)
------------------------------
 There are 0 register/latch pins with multiple clocks.


8. checking generated_clocks (0)
--------------------------------
 There are 0 generated clocks that are not connected to a clock source.


9. checking loops (0)
---------------------
 There are 0 combinational loops in the design.


10. checking partial_input_delay (17)
-------------------------------------
 There are 17 input ports with partial input delay specified. (HIGH)


11. checking partial_output_delay (17)
--------------------------------------
 There are 17 ports with partial output delay specified. (HIGH)


12. checking latch_loops (0)
----------------------------
 There are 0 combinational latch loops in the design through latch input



------------------------------------------------------------------------------------------------
| Design Timing Summary
| ---------------------
------------------------------------------------------------------------------------------------

    WNS(ns)      TNS(ns)  TNS Failing Endpoints  TNS Total Endpoints      WHS(ns)      THS(ns)  THS Failing Endpoints  THS Total Endpoints     WPWS(ns)     TPWS(ns)  TPWS Failing Endpoints  TPWS Total Endpoints  
    -------      -------  ---------------------  -------------------      -------      -------  ---------------------  -------------------     --------     --------  ----------------------  --------------------  
      2.065        0.000                      0                  100        0.050        0.000                      0                   66        4.725        0.000                       0                    69  


All user specified timing constraints are met.


------------------------------------------------------------------------------------------------
| Clock Summary
| -------------
------------------------------------------------------------------------------------------------

Clock  Waveform(ns)       Period(ns)      Frequency(MHz)
-----  ------------       ----------      --------------
clk    {0.000 5.000}      10.000          100.000         


------------------------------------------------------------------------------------------------
| Intra Clock Table
| -----------------
------------------------------------------------------------------------------------------------

Clock             WNS(ns)      TNS(ns)  TNS Failing Endpoints  TNS Total Endpoints      WHS(ns)      THS(ns)  THS Failing Endpoints  THS Total Endpoints     WPWS(ns)     TPWS(ns)  TPWS Failing Endpoints  TPWS Total Endpoints  
-----             -------      -------  ---------------------  -------------------      -------      -------  ---------------------  -------------------     --------     --------  ----------------------  --------------------  
clk                 2.065        0.000                      0                  100        0.050        0.000                      0                   66        4.725        0.000                       0                    69  


------------------------------------------------------------------------------------------------
| Inter Clock Table
| -----------------
------------------------------------------------------------------------------------------------

From Clock    To Clock          WNS(ns)      TNS(ns)  TNS Failing Endpoints  TNS Total Endpoints      WHS(ns)      THS(ns)  THS Failing Endpoints  THS Total Endpoints  
----------    --------          -------      -------  ---------------------  -------------------      -------      -------  ---------------------  -------------------  


------------------------------------------------------------------------------------------------
| Other Path Groups Table
| -----------------------
------------------------------------------------------------------------------------------------

Path Group    From Clock    To Clock          WNS(ns)      TNS(ns)  TNS Failing Endpoints  TNS Total Endpoints      WHS(ns)      THS(ns)  THS Failing Endpoints  THS Total Endpoints  
----------    ----------    --------          -------      -------  ---------------------  -------------------      -------      -------  ---------------------  -------------------  


------------------------------------------------------------------------------------------------
| User Ignored Path Table
| -----------------------
------------------------------------------------------------------------------------------------

Path Group    From Clock    To Clock    
----------    ----------    --------    
(none)                      clk           


------------------------------------------------------------------------------------------------
| Unconstrained Path Table
| ------------------------
------------------------------------------------------------------------------------------------

Path Group    From Clock    To Clock    
----------    ----------    --------    
(none)        clk                         


------------------------------------------------------------------------------------------------
| Timing Details
| --------------
------------------------------------------------------------------------------------------------


---------------------------------------------------------------------------------------------------
From Clock:  clk
  To Clock:  clk

Setup :            0  Failing Endpoints,  Worst Slack        2.065ns,  Total Violation        0.000ns
Hold  :            0  Failing Endpoints,  Worst Slack        0.050ns,  Total Violation        0.000ns
PW    :            0  Failing Endpoints,  Worst Slack        4.725ns,  Total Violation        0.000ns
---------------------------------------------------------------------------------------------------


Max Delay Paths
--------------------------------------------------------------------------------------
Slack (MET) :             2.065ns  (required time - arrival time)
  Source:                 pwl_core_inst/out_valid_pipe_reg[0]/C
                            (rising edge-triggered cell FDCE clocked by clk  {rise@0.000ns fall@5.000ns period=10.000ns})
  Destination:            m_axis_tvalid
                            (output port clocked by clk  {rise@0.000ns fall@5.000ns period=10.000ns})
  Path Group:             clk
  Path Type:              Max at Slow Process Corner
  Requirement:            10.000ns  (clk rise@10.000ns - clk rise@0.000ns)
  Data Path Delay:        3.842ns  (logic 2.842ns (73.971%)  route 1.000ns (26.029%))
  Logic Levels:           1  (OBUF=1)
  Output Delay:           1.000ns
  Clock Path Skew:        -3.058ns (DCD - SCD + CPR)
    Destination Clock Delay (DCD):    0.000ns = ( 10.000 - 10.000 ) 
    Source Clock Delay      (SCD):    3.058ns
    Clock Pessimism Removal (CPR):    0.000ns
  Clock Uncertainty:      0.035ns  ((TSJ^2 + TIJ^2)^1/2 + DJ) / 2 + PE
    Total System Jitter     (TSJ):    0.071ns
    Total Input Jitter      (TIJ):    0.000ns
    Discrete Jitter          (DJ):    0.000ns
    Phase Error              (PE):    0.000ns
  Clock Net Delay (Source):      1.616ns (routing 0.734ns, distribution 0.882ns)

    Location             Delay type                Incr(ns)  Path(ns)    Netlist Resource(s)
  -------------------------------------------------------------------    -------------------
                         (clock clk rise edge)        0.000     0.000 r  
    H13                                               0.000     0.000 r  clk (IN)
                         net (fo=0)                   0.000     0.000    clk_IBUF_inst/I
    H13                  INBUF (Prop_INBUF_HDIOB_M_PAD_O)
                                                      1.210     1.210 r  clk_IBUF_inst/INBUF_INST/O
                         net (fo=1, routed)           0.000     1.210    clk_IBUF_inst/OUT
    H13                  IBUFCTRL (Prop_IBUFCTRL_HDIOB_M_I_O)
                                                      0.000     1.210 r  clk_IBUF_inst/IBUFCTRL_INST/O
                         net (fo=1, routed)           0.204     1.414    clk_IBUF
    BUFGCE_HDIO_X1Y9     BUFGCE (Prop_BUFCE_BUFGCE_HDIO_I_O)
                                                      0.028     1.442 r  clk_IBUF_BUFG_inst/O
    X3Y5 (CLOCK_ROOT)    net (fo=68, routed)          1.616     3.058    pwl_core_inst/CLK
    SLICE_X86Y386        FDCE                                         r  pwl_core_inst/out_valid_pipe_reg[0]/C
  -------------------------------------------------------------------    -------------------
    SLICE_X86Y386        FDCE (Prop_EFF2_SLICEL_C_Q)
                                                      0.081     3.139 r  pwl_core_inst/out_valid_pipe_reg[0]/Q
                         net (fo=1, routed)           1.000     4.139    m_axis_tvalid_OBUF
    J16                  OBUF (Prop_OUTBUF_HDIOB_M_I_O)
                                                      2.761     6.900 r  m_axis_tvalid_OBUF_inst/O
                         net (fo=0)                   0.000     6.900    m_axis_tvalid
    J16                                                               r  m_axis_tvalid (OUT)
  -------------------------------------------------------------------    -------------------

                         (clock clk rise edge)       10.000    10.000 r  
                         clock pessimism              0.000    10.000    
                         clock uncertainty           -0.035     9.965    
                         output delay                -1.000     8.965    
  -------------------------------------------------------------------
                         required time                          8.965    
                         arrival time                          -6.900    
  -------------------------------------------------------------------
                         slack                                  2.065    

Slack (MET) :             2.075ns  (required time - arrival time)
  Source:                 pwl_core_inst/y_buffered_reg[0][0]/C
                            (rising edge-triggered cell FDCE clocked by clk  {rise@0.000ns fall@5.000ns period=10.000ns})
  Destination:            m_axis_tdata[0]
                            (output port clocked by clk  {rise@0.000ns fall@5.000ns period=10.000ns})
  Path Group:             clk
  Path Type:              Max at Slow Process Corner
  Requirement:            10.000ns  (clk rise@10.000ns - clk rise@0.000ns)
  Data Path Delay:        3.820ns  (logic 2.888ns (75.600%)  route 0.932ns (24.400%))
  Logic Levels:           1  (OBUF=1)
  Output Delay:           1.000ns
  Clock Path Skew:        -3.070ns (DCD - SCD + CPR)
    Destination Clock Delay (DCD):    0.000ns = ( 10.000 - 10.000 ) 
    Source Clock Delay      (SCD):    3.070ns
    Clock Pessimism Removal (CPR):    0.000ns
  Clock Uncertainty:      0.035ns  ((TSJ^2 + TIJ^2)^1/2 + DJ) / 2 + PE
    Total System Jitter     (TSJ):    0.071ns
    Total Input Jitter      (TIJ):    0.000ns
    Discrete Jitter          (DJ):    0.000ns
    Phase Error              (PE):    0.000ns
  Clock Net Delay (Source):      1.628ns (routing 0.734ns, distribution 0.894ns)

    Location             Delay type                Incr(ns)  Path(ns)    Netlist Resource(s)
  -------------------------------------------------------------------    -------------------
                         (clock clk rise edge)        0.000     0.000 r  
    H13                                               0.000     0.000 r  clk (IN)
                         net (fo=0)                   0.000     0.000    clk_IBUF_inst/I
    H13                  INBUF (Prop_INBUF_HDIOB_M_PAD_O)
                                                      1.210     1.210 r  clk_IBUF_inst/INBUF_INST/O
                         net (fo=1, routed)           0.000     1.210    clk_IBUF_inst/OUT
    H13                  IBUFCTRL (Prop_IBUFCTRL_HDIOB_M_I_O)
                                                      0.000     1.210 r  clk_IBUF_inst/IBUFCTRL_INST/O
                         net (fo=1, routed)           0.204     1.414    clk_IBUF
    BUFGCE_HDIO_X1Y9     BUFGCE (Prop_BUFCE_BUFGCE_HDIO_I_O)
                                                      0.028     1.442 r  clk_IBUF_BUFG_inst/O
    X3Y5 (CLOCK_ROOT)    net (fo=68, routed)          1.628     3.070    pwl_core_inst/CLK
    SLICE_X86Y368        FDCE                                         r  pwl_core_inst/y_buffered_reg[0][0]/C
  -------------------------------------------------------------------    -------------------
    SLICE_X86Y368        FDCE (Prop_DFF2_SLICEL_C_Q)
                                                      0.081     3.151 r  pwl_core_inst/y_buffered_reg[0][0]/Q
                         net (fo=1, routed)           0.932     4.083    m_axis_tdata_OBUF[0]
    F13                  OBUF (Prop_OUTBUF_HDIOB_M_I_O)
                                                      2.807     6.890 r  m_axis_tdata_OBUF[0]_inst/O
                         net (fo=0)                   0.000     6.890    m_axis_tdata[0]
    F13                                                               r  m_axis_tdata[0] (OUT)
  -------------------------------------------------------------------    -------------------

                         (clock clk rise edge)       10.000    10.000 r  
                         clock pessimism              0.000    10.000    
                         clock uncertainty           -0.035     9.965    
                         output delay                -1.000     8.965    
  -------------------------------------------------------------------
                         required time                          8.965    
                         arrival time                          -6.890    
  -------------------------------------------------------------------
                         slack                                  2.075    

Slack (MET) :             2.090ns  (required time - arrival time)
  Source:                 pwl_core_inst/y_buffered_reg[0][2]/C
                            (rising edge-triggered cell FDCE clocked by clk  {rise@0.000ns fall@5.000ns period=10.000ns})
  Destination:            m_axis_tdata[2]
                            (output port clocked by clk  {rise@0.000ns fall@5.000ns period=10.000ns})
  Path Group:             clk
  Path Type:              Max at Slow Process Corner
  Requirement:            10.000ns  (clk rise@10.000ns - clk rise@0.000ns)
  Data Path Delay:        3.805ns  (logic 2.888ns (75.898%)  route 0.917ns (24.102%))
  Logic Levels:           1  (OBUF=1)
  Output Delay:           1.000ns
  Clock Path Skew:        -3.070ns (DCD - SCD + CPR)
    Destination Clock Delay (DCD):    0.000ns = ( 10.000 - 10.000 ) 
    Source Clock Delay      (SCD):    3.070ns
    Clock Pessimism Removal (CPR):    0.000ns
  Clock Uncertainty:      0.035ns  ((TSJ^2 + TIJ^2)^1/2 + DJ) / 2 + PE
    Total System Jitter     (TSJ):    0.071ns
    Total Input Jitter      (TIJ):    0.000ns
    Discrete Jitter          (DJ):    0.000ns
    Phase Error              (PE):    0.000ns
  Clock Net Delay (Source):      1.628ns (routing 0.734ns, distribution 0.894ns)

    Location             Delay type                Incr(ns)  Path(ns)    Netlist Resource(s)
  -------------------------------------------------------------------    -------------------
                         (clock clk rise edge)        0.000     0.000 r  
    H13                                               0.000     0.000 r  clk (IN)
                         net (fo=0)                   0.000     0.000    clk_IBUF_inst/I
    H13                  INBUF (Prop_INBUF_HDIOB_M_PAD_O)
                                                      1.210     1.210 r  clk_IBUF_inst/INBUF_INST/O
                         net (fo=1, routed)           0.000     1.210    clk_IBUF_inst/OUT
    H13                  IBUFCTRL (Prop_IBUFCTRL_HDIOB_M_I_O)
                                                      0.000     1.210 r  clk_IBUF_inst/IBUFCTRL_INST/O
                         net (fo=1, routed)           0.204     1.414    clk_IBUF
    BUFGCE_HDIO_X1Y9     BUFGCE (Prop_BUFCE_BUFGCE_HDIO_I_O)
                                                      0.028     1.442 r  clk_IBUF_BUFG_inst/O
    X3Y5 (CLOCK_ROOT)    net (fo=68, routed)          1.628     3.070    pwl_core_inst/CLK
    SLICE_X86Y368        FDCE                                         r  pwl_core_inst/y_buffered_reg[0][2]/C
  -------------------------------------------------------------------    -------------------
    SLICE_X86Y368        FDCE (Prop_BFF2_SLICEL_C_Q)
                                                      0.080     3.150 r  pwl_core_inst/y_buffered_reg[0][2]/Q
                         net (fo=1, routed)           0.917     4.067    m_axis_tdata_OBUF[2]
    E12                  OBUF (Prop_OUTBUF_HDIOB_M_I_O)
                                                      2.808     6.875 r  m_axis_tdata_OBUF[2]_inst/O
                         net (fo=0)                   0.000     6.875    m_axis_tdata[2]
    E12                                                               r  m_axis_tdata[2] (OUT)
  -------------------------------------------------------------------    -------------------

                         (clock clk rise edge)       10.000    10.000 r  
                         clock pessimism              0.000    10.000    
                         clock uncertainty           -0.035     9.965    
                         output delay                -1.000     8.965    
  -------------------------------------------------------------------
                         required time                          8.965    
                         arrival time                          -6.875    
  -------------------------------------------------------------------
                         slack                                  2.090    

Slack (MET) :             2.107ns  (required time - arrival time)
  Source:                 pwl_core_inst/y_buffered_reg[0][6]/C
                            (rising edge-triggered cell FDCE clocked by clk  {rise@0.000ns fall@5.000ns period=10.000ns})
  Destination:            m_axis_tdata[6]
                            (output port clocked by clk  {rise@0.000ns fall@5.000ns period=10.000ns})
  Path Group:             clk
  Path Type:              Max at Slow Process Corner
  Requirement:            10.000ns  (clk rise@10.000ns - clk rise@0.000ns)
  Data Path Delay:        3.834ns  (logic 2.908ns (75.847%)  route 0.926ns (24.153%))
  Logic Levels:           1  (OBUF=1)
  Output Delay:           1.000ns
  Clock Path Skew:        -3.024ns (DCD - SCD + CPR)
    Destination Clock Delay (DCD):    0.000ns = ( 10.000 - 10.000 ) 
    Source Clock Delay      (SCD):    3.024ns
    Clock Pessimism Removal (CPR):    0.000ns
  Clock Uncertainty:      0.035ns  ((TSJ^2 + TIJ^2)^1/2 + DJ) / 2 + PE
    Total System Jitter     (TSJ):    0.071ns
    Total Input Jitter      (TIJ):    0.000ns
    Discrete Jitter          (DJ):    0.000ns
    Phase Error              (PE):    0.000ns
  Clock Net Delay (Source):      1.582ns (routing 0.734ns, distribution 0.848ns)

    Location             Delay type                Incr(ns)  Path(ns)    Netlist Resource(s)
  -------------------------------------------------------------------    -------------------
                         (clock clk rise edge)        0.000     0.000 r  
    H13                                               0.000     0.000 r  clk (IN)
                         net (fo=0)                   0.000     0.000    clk_IBUF_inst/I
    H13                  INBUF (Prop_INBUF_HDIOB_M_PAD_O)
                                                      1.210     1.210 r  clk_IBUF_inst/INBUF_INST/O
                         net (fo=1, routed)           0.000     1.210    clk_IBUF_inst/OUT
    H13                  IBUFCTRL (Prop_IBUFCTRL_HDIOB_M_I_O)
                                                      0.000     1.210 r  clk_IBUF_inst/IBUFCTRL_INST/O
                         net (fo=1, routed)           0.204     1.414    clk_IBUF
    BUFGCE_HDIO_X1Y9     BUFGCE (Prop_BUFCE_BUFGCE_HDIO_I_O)
                                                      0.028     1.442 r  clk_IBUF_BUFG_inst/O
    X3Y5 (CLOCK_ROOT)    net (fo=68, routed)          1.582     3.024    pwl_core_inst/CLK
    SLICE_X86Y352        FDCE                                         r  pwl_core_inst/y_buffered_reg[0][6]/C
  -------------------------------------------------------------------    -------------------
    SLICE_X86Y352        FDCE (Prop_FFF_SLICEL_C_Q)
                                                      0.079     3.103 r  pwl_core_inst/y_buffered_reg[0][6]/Q
                         net (fo=1, routed)           0.926     4.029    m_axis_tdata_OBUF[6]
    A13                  OBUF (Prop_OUTBUF_HDIOB_M_I_O)
                                                      2.829     6.858 r  m_axis_tdata_OBUF[6]_inst/O
                         net (fo=0)                   0.000     6.858    m_axis_tdata[6]
    A13                                                               r  m_axis_tdata[6] (OUT)
  -------------------------------------------------------------------    -------------------

                         (clock clk rise edge)       10.000    10.000 r  
                         clock pessimism              0.000    10.000    
                         clock uncertainty           -0.035     9.965    
                         output delay                -1.000     8.965    
  -------------------------------------------------------------------
                         required time                          8.965    
                         arrival time                          -6.858    
  -------------------------------------------------------------------
                         slack                                  2.107    

Slack (MET) :             2.110ns  (required time - arrival time)
  Source:                 pwl_core_inst/y_buffered_reg[0][10]/C
                            (rising edge-triggered cell FDCE clocked by clk  {rise@0.000ns fall@5.000ns period=10.000ns})
  Destination:            m_axis_tdata[10]
                            (output port clocked by clk  {rise@0.000ns fall@5.000ns period=10.000ns})
  Path Group:             clk
  Path Type:              Max at Slow Process Corner
  Requirement:            10.000ns  (clk rise@10.000ns - clk rise@0.000ns)
  Data Path Delay:        3.836ns  (logic 2.900ns (75.599%)  route 0.936ns (24.401%))
  Logic Levels:           1  (OBUF=1)
  Output Delay:           1.000ns
  Clock Path Skew:        -3.019ns (DCD - SCD + CPR)
    Destination Clock Delay (DCD):    0.000ns = ( 10.000 - 10.000 ) 
    Source Clock Delay      (SCD):    3.019ns
    Clock Pessimism Removal (CPR):    0.000ns
  Clock Uncertainty:      0.035ns  ((TSJ^2 + TIJ^2)^1/2 + DJ) / 2 + PE
    Total System Jitter     (TSJ):    0.071ns
    Total Input Jitter      (TIJ):    0.000ns
    Discrete Jitter          (DJ):    0.000ns
    Phase Error              (PE):    0.000ns
  Clock Net Delay (Source):      1.577ns (routing 0.734ns, distribution 0.843ns)

    Location             Delay type                Incr(ns)  Path(ns)    Netlist Resource(s)
  -------------------------------------------------------------------    -------------------
                         (clock clk rise edge)        0.000     0.000 r  
    H13                                               0.000     0.000 r  clk (IN)
                         net (fo=0)                   0.000     0.000    clk_IBUF_inst/I
    H13                  INBUF (Prop_INBUF_HDIOB_M_PAD_O)
                                                      1.210     1.210 r  clk_IBUF_inst/INBUF_INST/O
                         net (fo=1, routed)           0.000     1.210    clk_IBUF_inst/OUT
    H13                  IBUFCTRL (Prop_IBUFCTRL_HDIOB_M_I_O)
                                                      0.000     1.210 r  clk_IBUF_inst/IBUFCTRL_INST/O
                         net (fo=1, routed)           0.204     1.414    clk_IBUF
    BUFGCE_HDIO_X1Y9     BUFGCE (Prop_BUFCE_BUFGCE_HDIO_I_O)
                                                      0.028     1.442 r  clk_IBUF_BUFG_inst/O
    X3Y5 (CLOCK_ROOT)    net (fo=68, routed)          1.577     3.019    pwl_core_inst/CLK
    SLICE_X86Y352        FDCE                                         r  pwl_core_inst/y_buffered_reg[0][10]/C
  -------------------------------------------------------------------    -------------------
    SLICE_X86Y352        FDCE (Prop_AFF_SLICEL_C_Q)
                                                      0.079     3.098 r  pwl_core_inst/y_buffered_reg[0][10]/Q
                         net (fo=1, routed)           0.936     4.034    m_axis_tdata_OBUF[10]
    C14                  OBUF (Prop_OUTBUF_HDIOB_M_I_O)
                                                      2.821     6.855 r  m_axis_tdata_OBUF[10]_inst/O
                         net (fo=0)                   0.000     6.855    m_axis_tdata[10]
    C14                                                               r  m_axis_tdata[10] (OUT)
  -------------------------------------------------------------------    -------------------

                         (clock clk rise edge)       10.000    10.000 r  
                         clock pessimism              0.000    10.000    
                         clock uncertainty           -0.035     9.965    
                         output delay                -1.000     8.965    
  -------------------------------------------------------------------
                         required time                          8.965    
                         arrival time                          -6.855    
  -------------------------------------------------------------------
                         slack                                  2.110    

Slack (MET) :             2.128ns  (required time - arrival time)
  Source:                 pwl_core_inst/y_buffered_reg[0][13]/C
                            (rising edge-triggered cell FDCE clocked by clk  {rise@0.000ns fall@5.000ns period=10.000ns})
  Destination:            m_axis_tdata[13]
                            (output port clocked by clk  {rise@0.000ns fall@5.000ns period=10.000ns})
  Path Group:             clk
  Path Type:              Max at Slow Process Corner
  Requirement:            10.000ns  (clk rise@10.000ns - clk rise@0.000ns)
  Data Path Delay:        3.818ns  (logic 2.889ns (75.667%)  route 0.929ns (24.333%))
  Logic Levels:           1  (OBUF=1)
  Output Delay:           1.000ns
  Clock Path Skew:        -3.019ns (DCD - SCD + CPR)
    Destination Clock Delay (DCD):    0.000ns = ( 10.000 - 10.000 ) 
    Source Clock Delay      (SCD):    3.019ns
    Clock Pessimism Removal (CPR):    0.000ns
  Clock Uncertainty:      0.035ns  ((TSJ^2 + TIJ^2)^1/2 + DJ) / 2 + PE
    Total System Jitter     (TSJ):    0.071ns
    Total Input Jitter      (TIJ):    0.000ns
    Discrete Jitter          (DJ):    0.000ns
    Phase Error              (PE):    0.000ns
  Clock Net Delay (Source):      1.577ns (routing 0.734ns, distribution 0.843ns)

    Location             Delay type                Incr(ns)  Path(ns)    Netlist Resource(s)
  -------------------------------------------------------------------    -------------------
                         (clock clk rise edge)        0.000     0.000 r  
    H13                                               0.000     0.000 r  clk (IN)
                         net (fo=0)                   0.000     0.000    clk_IBUF_inst/I
    H13                  INBUF (Prop_INBUF_HDIOB_M_PAD_O)
                                                      1.210     1.210 r  clk_IBUF_inst/INBUF_INST/O
                         net (fo=1, routed)           0.000     1.210    clk_IBUF_inst/OUT
    H13                  IBUFCTRL (Prop_IBUFCTRL_HDIOB_M_I_O)
                                                      0.000     1.210 r  clk_IBUF_inst/IBUFCTRL_INST/O
                         net (fo=1, routed)           0.204     1.414    clk_IBUF
    BUFGCE_HDIO_X1Y9     BUFGCE (Prop_BUFCE_BUFGCE_HDIO_I_O)
                                                      0.028     1.442 r  clk_IBUF_BUFG_inst/O
    X3Y5 (CLOCK_ROOT)    net (fo=68, routed)          1.577     3.019    pwl_core_inst/CLK
    SLICE_X86Y352        FDCE                                         r  pwl_core_inst/y_buffered_reg[0][13]/C
  -------------------------------------------------------------------    -------------------
    SLICE_X86Y352        FDCE (Prop_BFF2_SLICEL_C_Q)
                                                      0.080     3.099 r  pwl_core_inst/y_buffered_reg[0][13]/Q
                         net (fo=1, routed)           0.929     4.028    m_axis_tdata_OBUF[13]
    D14                  OBUF (Prop_OUTBUF_HDIOB_S_I_O)
                                                      2.809     6.837 r  m_axis_tdata_OBUF[13]_inst/O
                         net (fo=0)                   0.000     6.837    m_axis_tdata[13]
    D14                                                               r  m_axis_tdata[13] (OUT)
  -------------------------------------------------------------------    -------------------

                         (clock clk rise edge)       10.000    10.000 r  
                         clock pessimism              0.000    10.000    
                         clock uncertainty           -0.035     9.965    
                         output delay                -1.000     8.965    
  -------------------------------------------------------------------
                         required time                          8.965    
                         arrival time                          -6.837    
  -------------------------------------------------------------------
                         slack                                  2.128    

Slack (MET) :             2.132ns  (required time - arrival time)
  Source:                 pwl_core_inst/y_buffered_reg[0][12]/C
                            (rising edge-triggered cell FDCE clocked by clk  {rise@0.000ns fall@5.000ns period=10.000ns})
  Destination:            m_axis_tdata[12]
                            (output port clocked by clk  {rise@0.000ns fall@5.000ns period=10.000ns})
  Path Group:             clk
  Path Type:              Max at Slow Process Corner
  Requirement:            10.000ns  (clk rise@10.000ns - clk rise@0.000ns)
  Data Path Delay:        3.814ns  (logic 2.887ns (75.694%)  route 0.927ns (24.306%))
  Logic Levels:           1  (OBUF=1)
  Output Delay:           1.000ns
  Clock Path Skew:        -3.019ns (DCD - SCD + CPR)
    Destination Clock Delay (DCD):    0.000ns = ( 10.000 - 10.000 ) 
    Source Clock Delay      (SCD):    3.019ns
    Clock Pessimism Removal (CPR):    0.000ns
  Clock Uncertainty:      0.035ns  ((TSJ^2 + TIJ^2)^1/2 + DJ) / 2 + PE
    Total System Jitter     (TSJ):    0.071ns
    Total Input Jitter      (TIJ):    0.000ns
    Discrete Jitter          (DJ):    0.000ns
    Phase Error              (PE):    0.000ns
  Clock Net Delay (Source):      1.577ns (routing 0.734ns, distribution 0.843ns)

    Location             Delay type                Incr(ns)  Path(ns)    Netlist Resource(s)
  -------------------------------------------------------------------    -------------------
                         (clock clk rise edge)        0.000     0.000 r  
    H13                                               0.000     0.000 r  clk (IN)
                         net (fo=0)                   0.000     0.000    clk_IBUF_inst/I
    H13                  INBUF (Prop_INBUF_HDIOB_M_PAD_O)
                                                      1.210     1.210 r  clk_IBUF_inst/INBUF_INST/O
                         net (fo=1, routed)           0.000     1.210    clk_IBUF_inst/OUT
    H13                  IBUFCTRL (Prop_IBUFCTRL_HDIOB_M_I_O)
                                                      0.000     1.210 r  clk_IBUF_inst/IBUFCTRL_INST/O
                         net (fo=1, routed)           0.204     1.414    clk_IBUF
    BUFGCE_HDIO_X1Y9     BUFGCE (Prop_BUFCE_BUFGCE_HDIO_I_O)
                                                      0.028     1.442 r  clk_IBUF_BUFG_inst/O
    X3Y5 (CLOCK_ROOT)    net (fo=68, routed)          1.577     3.019    pwl_core_inst/CLK
    SLICE_X86Y352        FDCE                                         r  pwl_core_inst/y_buffered_reg[0][12]/C
  -------------------------------------------------------------------    -------------------
    SLICE_X86Y352        FDCE (Prop_BFF_SLICEL_C_Q)
                                                      0.079     3.098 r  pwl_core_inst/y_buffered_reg[0][12]/Q
                         net (fo=1, routed)           0.927     4.025    m_axis_tdata_OBUF[12]
    E14                  OBUF (Prop_OUTBUF_HDIOB_M_I_O)
                                                      2.808     6.833 r  m_axis_tdata_OBUF[12]_inst/O
                         net (fo=0)                   0.000     6.833    m_axis_tdata[12]
    E14                                                               r  m_axis_tdata[12] (OUT)
  -------------------------------------------------------------------    -------------------

                         (clock clk rise edge)       10.000    10.000 r  
                         clock pessimism              0.000    10.000    
                         clock uncertainty           -0.035     9.965    
                         output delay                -1.000     8.965    
  -------------------------------------------------------------------
                         required time                          8.965    
                         arrival time                          -6.833    
  -------------------------------------------------------------------
                         slack                                  2.132    

Slack (MET) :             2.179ns  (required time - arrival time)
  Source:                 pwl_core_inst/y_buffered_reg[0][1]/C
                            (rising edge-triggered cell FDCE clocked by clk  {rise@0.000ns fall@5.000ns period=10.000ns})
  Destination:            m_axis_tdata[1]
                            (output port clocked by clk  {rise@0.000ns fall@5.000ns period=10.000ns})
  Path Group:             clk
  Path Type:              Max at Slow Process Corner
  Requirement:            10.000ns  (clk rise@10.000ns - clk rise@0.000ns)
  Data Path Delay:        3.715ns  (logic 2.886ns (77.687%)  route 0.829ns (22.313%))
  Logic Levels:           1  (OBUF=1)
  Output Delay:           1.000ns
  Clock Path Skew:        -3.070ns (DCD - SCD + CPR)
    Destination Clock Delay (DCD):    0.000ns = ( 10.000 - 10.000 ) 
    Source Clock Delay      (SCD):    3.070ns
    Clock Pessimism Removal (CPR):    0.000ns
  Clock Uncertainty:      0.035ns  ((TSJ^2 + TIJ^2)^1/2 + DJ) / 2 + PE
    Total System Jitter     (TSJ):    0.071ns
    Total Input Jitter      (TIJ):    0.000ns
    Discrete Jitter          (DJ):    0.000ns
    Phase Error              (PE):    0.000ns
  Clock Net Delay (Source):      1.628ns (routing 0.734ns, distribution 0.894ns)

    Location             Delay type                Incr(ns)  Path(ns)    Netlist Resource(s)
  -------------------------------------------------------------------    -------------------
                         (clock clk rise edge)        0.000     0.000 r  
    H13                                               0.000     0.000 r  clk (IN)
                         net (fo=0)                   0.000     0.000    clk_IBUF_inst/I
    H13                  INBUF (Prop_INBUF_HDIOB_M_PAD_O)
                                                      1.210     1.210 r  clk_IBUF_inst/INBUF_INST/O
                         net (fo=1, routed)           0.000     1.210    clk_IBUF_inst/OUT
    H13                  IBUFCTRL (Prop_IBUFCTRL_HDIOB_M_I_O)
                                                      0.000     1.210 r  clk_IBUF_inst/IBUFCTRL_INST/O
                         net (fo=1, routed)           0.204     1.414    clk_IBUF
    BUFGCE_HDIO_X1Y9     BUFGCE (Prop_BUFCE_BUFGCE_HDIO_I_O)
                                                      0.028     1.442 r  clk_IBUF_BUFG_inst/O
    X3Y5 (CLOCK_ROOT)    net (fo=68, routed)          1.628     3.070    pwl_core_inst/CLK
    SLICE_X86Y368        FDCE                                         r  pwl_core_inst/y_buffered_reg[0][1]/C
  -------------------------------------------------------------------    -------------------
    SLICE_X86Y368        FDCE (Prop_CFF2_SLICEL_C_Q)
                                                      0.080     3.150 r  pwl_core_inst/y_buffered_reg[0][1]/Q
                         net (fo=1, routed)           0.829     3.979    m_axis_tdata_OBUF[1]
    E13                  OBUF (Prop_OUTBUF_HDIOB_S_I_O)
                                                      2.806     6.785 r  m_axis_tdata_OBUF[1]_inst/O
                         net (fo=0)                   0.000     6.785    m_axis_tdata[1]
    E13                                                               r  m_axis_tdata[1] (OUT)
  -------------------------------------------------------------------    -------------------

                         (clock clk rise edge)       10.000    10.000 r  
                         clock pessimism              0.000    10.000    
                         clock uncertainty           -0.035     9.965    
                         output delay                -1.000     8.965    
  -------------------------------------------------------------------
                         required time                          8.965    
                         arrival time                          -6.785    
  -------------------------------------------------------------------
                         slack                                  2.179    

Slack (MET) :             2.200ns  (required time - arrival time)
  Source:                 pwl_core_inst/y_buffered_reg[0][3]/C
                            (rising edge-triggered cell FDCE clocked by clk  {rise@0.000ns fall@5.000ns period=10.000ns})
  Destination:            m_axis_tdata[3]
                            (output port clocked by clk  {rise@0.000ns fall@5.000ns period=10.000ns})
  Path Group:             clk
  Path Type:              Max at Slow Process Corner
  Requirement:            10.000ns  (clk rise@10.000ns - clk rise@0.000ns)
  Data Path Delay:        3.700ns  (logic 2.886ns (78.000%)  route 0.814ns (22.000%))
  Logic Levels:           1  (OBUF=1)
  Output Delay:           1.000ns
  Clock Path Skew:        -3.065ns (DCD - SCD + CPR)
    Destination Clock Delay (DCD):    0.000ns = ( 10.000 - 10.000 ) 
    Source Clock Delay      (SCD):    3.065ns
    Clock Pessimism Removal (CPR):    0.000ns
  Clock Uncertainty:      0.035ns  ((TSJ^2 + TIJ^2)^1/2 + DJ) / 2 + PE
    Total System Jitter     (TSJ):    0.071ns
    Total Input Jitter      (TIJ):    0.000ns
    Discrete Jitter          (DJ):    0.000ns
    Phase Error              (PE):    0.000ns
  Clock Net Delay (Source):      1.623ns (routing 0.734ns, distribution 0.889ns)

    Location             Delay type                Incr(ns)  Path(ns)    Netlist Resource(s)
  -------------------------------------------------------------------    -------------------
                         (clock clk rise edge)        0.000     0.000 r  
    H13                                               0.000     0.000 r  clk (IN)
                         net (fo=0)                   0.000     0.000    clk_IBUF_inst/I
    H13                  INBUF (Prop_INBUF_HDIOB_M_PAD_O)
                                                      1.210     1.210 r  clk_IBUF_inst/INBUF_INST/O
                         net (fo=1, routed)           0.000     1.210    clk_IBUF_inst/OUT
    H13                  IBUFCTRL (Prop_IBUFCTRL_HDIOB_M_I_O)
                                                      0.000     1.210 r  clk_IBUF_inst/IBUFCTRL_INST/O
                         net (fo=1, routed)           0.204     1.414    clk_IBUF
    BUFGCE_HDIO_X1Y9     BUFGCE (Prop_BUFCE_BUFGCE_HDIO_I_O)
                                                      0.028     1.442 r  clk_IBUF_BUFG_inst/O
    X3Y5 (CLOCK_ROOT)    net (fo=68, routed)          1.623     3.065    pwl_core_inst/CLK
    SLICE_X86Y366        FDCE                                         r  pwl_core_inst/y_buffered_reg[0][3]/C
  -------------------------------------------------------------------    -------------------
    SLICE_X86Y366        FDCE (Prop_EFF_SLICEL_C_Q)
                                                      0.079     3.144 r  pwl_core_inst/y_buffered_reg[0][3]/Q
                         net (fo=1, routed)           0.814     3.958    m_axis_tdata_OBUF[3]
    D12                  OBUF (Prop_OUTBUF_HDIOB_S_I_O)
                                                      2.807     6.765 r  m_axis_tdata_OBUF[3]_inst/O
                         net (fo=0)                   0.000     6.765    m_axis_tdata[3]
    D12                                                               r  m_axis_tdata[3] (OUT)
  -------------------------------------------------------------------    -------------------

                         (clock clk rise edge)       10.000    10.000 r  
                         clock pessimism              0.000    10.000    
                         clock uncertainty           -0.035     9.965    
                         output delay                -1.000     8.965    
  -------------------------------------------------------------------
                         required time                          8.965    
                         arrival time                          -6.765    
  -------------------------------------------------------------------
                         slack                                  2.200    

Slack (MET) :             2.204ns  (required time - arrival time)
  Source:                 pwl_core_inst/y_buffered_reg[0][4]/C
                            (rising edge-triggered cell FDCE clocked by clk  {rise@0.000ns fall@5.000ns period=10.000ns})
  Destination:            m_axis_tdata[4]
                            (output port clocked by clk  {rise@0.000ns fall@5.000ns period=10.000ns})
  Path Group:             clk
  Path Type:              Max at Slow Process Corner
  Requirement:            10.000ns  (clk rise@10.000ns - clk rise@0.000ns)
  Data Path Delay:        3.736ns  (logic 2.898ns (77.570%)  route 0.838ns (22.430%))
  Logic Levels:           1  (OBUF=1)
  Output Delay:           1.000ns
  Clock Path Skew:        -3.024ns (DCD - SCD + CPR)
    Destination Clock Delay (DCD):    0.000ns = ( 10.000 - 10.000 ) 
    Source Clock Delay      (SCD):    3.024ns
    Clock Pessimism Removal (CPR):    0.000ns
  Clock Uncertainty:      0.035ns  ((TSJ^2 + TIJ^2)^1/2 + DJ) / 2 + PE
    Total System Jitter     (TSJ):    0.071ns
    Total Input Jitter      (TIJ):    0.000ns
    Discrete Jitter          (DJ):    0.000ns
    Phase Error              (PE):    0.000ns
  Clock Net Delay (Source):      1.582ns (routing 0.734ns, distribution 0.848ns)

    Location             Delay type                Incr(ns)  Path(ns)    Netlist Resource(s)
  -------------------------------------------------------------------    -------------------
                         (clock clk rise edge)        0.000     0.000 r  
    H13                                               0.000     0.000 r  clk (IN)
                         net (fo=0)                   0.000     0.000    clk_IBUF_inst/I
    H13                  INBUF (Prop_INBUF_HDIOB_M_PAD_O)
                                                      1.210     1.210 r  clk_IBUF_inst/INBUF_INST/O
                         net (fo=1, routed)           0.000     1.210    clk_IBUF_inst/OUT
    H13                  IBUFCTRL (Prop_IBUFCTRL_HDIOB_M_I_O)
                                                      0.000     1.210 r  clk_IBUF_inst/IBUFCTRL_INST/O
                         net (fo=1, routed)           0.204     1.414    clk_IBUF
    BUFGCE_HDIO_X1Y9     BUFGCE (Prop_BUFCE_BUFGCE_HDIO_I_O)
                                                      0.028     1.442 r  clk_IBUF_BUFG_inst/O
    X3Y5 (CLOCK_ROOT)    net (fo=68, routed)          1.582     3.024    pwl_core_inst/CLK
    SLICE_X86Y352        FDCE                                         r  pwl_core_inst/y_buffered_reg[0][4]/C
  -------------------------------------------------------------------    -------------------
    SLICE_X86Y352        FDCE (Prop_EFF_SLICEL_C_Q)
                                                      0.079     3.103 r  pwl_core_inst/y_buffered_reg[0][4]/Q
                         net (fo=1, routed)           0.838     3.941    m_axis_tdata_OBUF[4]
    C12                  OBUF (Prop_OUTBUF_HDIOB_M_I_O)
                                                      2.819     6.760 r  m_axis_tdata_OBUF[4]_inst/O
                         net (fo=0)                   0.000     6.760    m_axis_tdata[4]
    C12                                                               r  m_axis_tdata[4] (OUT)
  -------------------------------------------------------------------    -------------------

                         (clock clk rise edge)       10.000    10.000 r  
                         clock pessimism              0.000    10.000    
                         clock uncertainty           -0.035     9.965    
                         output delay                -1.000     8.965    
  -------------------------------------------------------------------
                         required time                          8.965    
                         arrival time                          -6.760    
  -------------------------------------------------------------------
                         slack                                  2.204    





Min Delay Paths
--------------------------------------------------------------------------------------
Slack (MET) :             0.050ns  (arrival time - required time)
  Source:                 pwl_core_inst/in_valid_buffered_reg/C
                            (rising edge-triggered cell FDCE clocked by clk  {rise@0.000ns fall@5.000ns period=10.000ns})
  Destination:            pwl_core_inst/in_valid_pipe_reg[0]/D
                            (rising edge-triggered cell FDCE clocked by clk  {rise@0.000ns fall@5.000ns period=10.000ns})
  Path Group:             clk
  Path Type:              Hold (Min at Fast Process Corner)
  Requirement:            0.000ns  (clk rise@0.000ns - clk rise@0.000ns)
  Data Path Delay:        0.103ns  (logic 0.038ns (36.893%)  route 0.065ns (63.107%))
  Logic Levels:           0  
  Clock Path Skew:        0.006ns (DCD - SCD - CPR)
    Destination Clock Delay (DCD):    2.200ns
    Source Clock Delay      (SCD):    1.808ns
    Clock Pessimism Removal (CPR):    0.387ns
  Clock Net Delay (Source):      0.912ns (routing 0.403ns, distribution 0.509ns)
  Clock Net Delay (Destination): 1.037ns (routing 0.453ns, distribution 0.584ns)

    Location             Delay type                Incr(ns)  Path(ns)    Netlist Resource(s)
  -------------------------------------------------------------------    -------------------
                         (clock clk rise edge)        0.000     0.000 r  
    H13                                               0.000     0.000 r  clk (IN)
                         net (fo=0)                   0.000     0.000    clk_IBUF_inst/I
    H13                  INBUF (Prop_INBUF_HDIOB_M_PAD_O)
                                                      0.788     0.788 r  clk_IBUF_inst/INBUF_INST/O
                         net (fo=1, routed)           0.000     0.788    clk_IBUF_inst/OUT
    H13                  IBUFCTRL (Prop_IBUFCTRL_HDIOB_M_I_O)
                                                      0.000     0.788 r  clk_IBUF_inst/IBUFCTRL_INST/O
                         net (fo=1, routed)           0.091     0.879    clk_IBUF
    BUFGCE_HDIO_X1Y9     BUFGCE (Prop_BUFCE_BUFGCE_HDIO_I_O)
                                                      0.017     0.896 r  clk_IBUF_BUFG_inst/O
    X3Y5 (CLOCK_ROOT)    net (fo=68, routed)          0.912     1.808    pwl_core_inst/CLK
    SLICE_X85Y365        FDCE                                         r  pwl_core_inst/in_valid_buffered_reg/C
  -------------------------------------------------------------------    -------------------
    SLICE_X85Y365        FDCE (Prop_EFF_SLICEM_C_Q)
                                                      0.038     1.846 r  pwl_core_inst/in_valid_buffered_reg/Q
                         net (fo=1, routed)           0.065     1.911    pwl_core_inst/in_valid_buffered
    SLICE_X85Y365        FDCE                                         r  pwl_core_inst/in_valid_pipe_reg[0]/D
  -------------------------------------------------------------------    -------------------

                         (clock clk rise edge)        0.000     0.000 r  
    H13                                               0.000     0.000 r  clk (IN)
                         net (fo=0)                   0.000     0.000    clk_IBUF_inst/I
    H13                  INBUF (Prop_INBUF_HDIOB_M_PAD_O)
                                                      1.031     1.031 r  clk_IBUF_inst/INBUF_INST/O
                         net (fo=1, routed)           0.000     1.031    clk_IBUF_inst/OUT
    H13                  IBUFCTRL (Prop_IBUFCTRL_HDIOB_M_I_O)
                                                      0.000     1.031 r  clk_IBUF_inst/IBUFCTRL_INST/O
                         net (fo=1, routed)           0.113     1.144    clk_IBUF
    BUFGCE_HDIO_X1Y9     BUFGCE (Prop_BUFCE_BUFGCE_HDIO_I_O)
                                                      0.019     1.163 r  clk_IBUF_BUFG_inst/O
    X3Y5 (CLOCK_ROOT)    net (fo=68, routed)          1.037     2.200    pwl_core_inst/CLK
    SLICE_X85Y365        FDCE                                         r  pwl_core_inst/in_valid_pipe_reg[0]/C
                         clock pessimism             -0.387     1.814    
    SLICE_X85Y365        FDCE (Hold_EFF2_SLICEM_C_D)
                                                      0.047     1.861    pwl_core_inst/in_valid_pipe_reg[0]
  -------------------------------------------------------------------
                         required time                         -1.861    
                         arrival time                           1.911    
  -------------------------------------------------------------------
                         slack                                  0.050    

Slack (MET) :             0.059ns  (arrival time - required time)
  Source:                 pwl_core_inst/hlut_inst/y_out_reg[0]/C
                            (rising edge-triggered cell FDCE clocked by clk  {rise@0.000ns fall@5.000ns period=10.000ns})
  Destination:            pwl_core_inst/y_buffered_reg[0][0]/D
                            (rising edge-triggered cell FDCE clocked by clk  {rise@0.000ns fall@5.000ns period=10.000ns})
  Path Group:             clk
  Path Type:              Hold (Min at Fast Process Corner)
  Requirement:            0.000ns  (clk rise@0.000ns - clk rise@0.000ns)
  Data Path Delay:        0.114ns  (logic 0.039ns (34.211%)  route 0.075ns (65.790%))
  Logic Levels:           0  
  Clock Path Skew:        0.008ns (DCD - SCD - CPR)
    Destination Clock Delay (DCD):    2.183ns
    Source Clock Delay      (SCD):    1.796ns
    Clock Pessimism Removal (CPR):    0.380ns
  Clock Net Delay (Source):      0.900ns (routing 0.403ns, distribution 0.497ns)
  Clock Net Delay (Destination): 1.020ns (routing 0.453ns, distribution 0.567ns)

    Location             Delay type                Incr(ns)  Path(ns)    Netlist Resource(s)
  -------------------------------------------------------------------    -------------------
                         (clock clk rise edge)        0.000     0.000 r  
    H13                                               0.000     0.000 r  clk (IN)
                         net (fo=0)                   0.000     0.000    clk_IBUF_inst/I
    H13                  INBUF (Prop_INBUF_HDIOB_M_PAD_O)
                                                      0.788     0.788 r  clk_IBUF_inst/INBUF_INST/O
                         net (fo=1, routed)           0.000     0.788    clk_IBUF_inst/OUT
    H13                  IBUFCTRL (Prop_IBUFCTRL_HDIOB_M_I_O)
                                                      0.000     0.788 r  clk_IBUF_inst/IBUFCTRL_INST/O
                         net (fo=1, routed)           0.091     0.879    clk_IBUF
    BUFGCE_HDIO_X1Y9     BUFGCE (Prop_BUFCE_BUFGCE_HDIO_I_O)
                                                      0.017     0.896 r  clk_IBUF_BUFG_inst/O
    X3Y5 (CLOCK_ROOT)    net (fo=68, routed)          0.900     1.796    pwl_core_inst/hlut_inst/CLK
    SLICE_X86Y368        FDCE                                         r  pwl_core_inst/hlut_inst/y_out_reg[0]/C
  -------------------------------------------------------------------    -------------------
    SLICE_X86Y368        FDCE (Prop_EFF_SLICEL_C_Q)
                                                      0.039     1.835 r  pwl_core_inst/hlut_inst/y_out_reg[0]/Q
                         net (fo=1, routed)           0.075     1.910    pwl_core_inst/y_out[0]
    SLICE_X86Y368        FDCE                                         r  pwl_core_inst/y_buffered_reg[0][0]/D
  -------------------------------------------------------------------    -------------------

                         (clock clk rise edge)        0.000     0.000 r  
    H13                                               0.000     0.000 r  clk (IN)
                         net (fo=0)                   0.000     0.000    clk_IBUF_inst/I
    H13                  INBUF (Prop_INBUF_HDIOB_M_PAD_O)
                                                      1.031     1.031 r  clk_IBUF_inst/INBUF_INST/O
                         net (fo=1, routed)           0.000     1.031    clk_IBUF_inst/OUT
    H13                  IBUFCTRL (Prop_IBUFCTRL_HDIOB_M_I_O)
                                                      0.000     1.031 r  clk_IBUF_inst/IBUFCTRL_INST/O
                         net (fo=1, routed)           0.113     1.144    clk_IBUF
    BUFGCE_HDIO_X1Y9     BUFGCE (Prop_BUFCE_BUFGCE_HDIO_I_O)
                                                      0.019     1.163 r  clk_IBUF_BUFG_inst/O
    X3Y5 (CLOCK_ROOT)    net (fo=68, routed)          1.020     2.183    pwl_core_inst/CLK
    SLICE_X86Y368        FDCE                                         r  pwl_core_inst/y_buffered_reg[0][0]/C
                         clock pessimism             -0.380     1.803    
    SLICE_X86Y368        FDCE (Hold_DFF2_SLICEL_C_D)
                                                      0.047     1.850    pwl_core_inst/y_buffered_reg[0][0]
  -------------------------------------------------------------------
                         required time                         -1.850    
                         arrival time                           1.910    
  -------------------------------------------------------------------
                         slack                                  0.059    

Slack (MET) :             0.060ns  (arrival time - required time)
  Source:                 pwl_core_inst/hlut_inst/y_out_reg[3]/C
                            (rising edge-triggered cell FDCE clocked by clk  {rise@0.000ns fall@5.000ns period=10.000ns})
  Destination:            pwl_core_inst/y_buffered_reg[0][3]/D
                            (rising edge-triggered cell FDCE clocked by clk  {rise@0.000ns fall@5.000ns period=10.000ns})
  Path Group:             clk
  Path Type:              Hold (Min at Fast Process Corner)
  Requirement:            0.000ns  (clk rise@0.000ns - clk rise@0.000ns)
  Data Path Delay:        0.127ns  (logic 0.039ns (30.709%)  route 0.088ns (69.291%))
  Logic Levels:           0  
  Clock Path Skew:        0.021ns (DCD - SCD - CPR)
    Destination Clock Delay (DCD):    2.183ns
    Source Clock Delay      (SCD):    1.790ns
    Clock Pessimism Removal (CPR):    0.372ns
  Clock Net Delay (Source):      0.894ns (routing 0.403ns, distribution 0.491ns)
  Clock Net Delay (Destination): 1.020ns (routing 0.453ns, distribution 0.567ns)

    Location             Delay type                Incr(ns)  Path(ns)    Netlist Resource(s)
  -------------------------------------------------------------------    -------------------
                         (clock clk rise edge)        0.000     0.000 r  
    H13                                               0.000     0.000 r  clk (IN)
                         net (fo=0)                   0.000     0.000    clk_IBUF_inst/I
    H13                  INBUF (Prop_INBUF_HDIOB_M_PAD_O)
                                                      0.788     0.788 r  clk_IBUF_inst/INBUF_INST/O
                         net (fo=1, routed)           0.000     0.788    clk_IBUF_inst/OUT
    H13                  IBUFCTRL (Prop_IBUFCTRL_HDIOB_M_I_O)
                                                      0.000     0.788 r  clk_IBUF_inst/IBUFCTRL_INST/O
                         net (fo=1, routed)           0.091     0.879    clk_IBUF
    BUFGCE_HDIO_X1Y9     BUFGCE (Prop_BUFCE_BUFGCE_HDIO_I_O)
                                                      0.017     0.896 r  clk_IBUF_BUFG_inst/O
    X3Y5 (CLOCK_ROOT)    net (fo=68, routed)          0.894     1.790    pwl_core_inst/hlut_inst/CLK
    SLICE_X86Y367        FDCE                                         r  pwl_core_inst/hlut_inst/y_out_reg[3]/C
  -------------------------------------------------------------------    -------------------
    SLICE_X86Y367        FDCE (Prop_CFF_SLICEL_C_Q)
                                                      0.039     1.829 r  pwl_core_inst/hlut_inst/y_out_reg[3]/Q
                         net (fo=1, routed)           0.088     1.917    pwl_core_inst/y_out[3]
    SLICE_X86Y366        FDCE                                         r  pwl_core_inst/y_buffered_reg[0][3]/D
  -------------------------------------------------------------------    -------------------

                         (clock clk rise edge)        0.000     0.000 r  
    H13                                               0.000     0.000 r  clk (IN)
                         net (fo=0)                   0.000     0.000    clk_IBUF_inst/I
    H13                  INBUF (Prop_INBUF_HDIOB_M_PAD_O)
                                                      1.031     1.031 r  clk_IBUF_inst/INBUF_INST/O
                         net (fo=1, routed)           0.000     1.031    clk_IBUF_inst/OUT
    H13                  IBUFCTRL (Prop_IBUFCTRL_HDIOB_M_I_O)
                                                      0.000     1.031 r  clk_IBUF_inst/IBUFCTRL_INST/O
                         net (fo=1, routed)           0.113     1.144    clk_IBUF
    BUFGCE_HDIO_X1Y9     BUFGCE (Prop_BUFCE_BUFGCE_HDIO_I_O)
                                                      0.019     1.163 r  clk_IBUF_BUFG_inst/O
    X3Y5 (CLOCK_ROOT)    net (fo=68, routed)          1.020     2.183    pwl_core_inst/CLK
    SLICE_X86Y366        FDCE                                         r  pwl_core_inst/y_buffered_reg[0][3]/C
                         clock pessimism             -0.372     1.811    
    SLICE_X86Y366        FDCE (Hold_EFF_SLICEL_C_D)
                                                      0.046     1.857    pwl_core_inst/y_buffered_reg[0][3]
  -------------------------------------------------------------------
                         required time                         -1.857    
                         arrival time                           1.917    
  -------------------------------------------------------------------
                         slack                                  0.060    

Slack (MET) :             0.061ns  (arrival time - required time)
  Source:                 pwl_core_inst/x_buffered_reg[10]/C
                            (rising edge-triggered cell FDCE clocked by clk  {rise@0.000ns fall@5.000ns period=10.000ns})
  Destination:            pwl_core_inst/hlut_inst/x_orig_reg[10]/D
                            (rising edge-triggered cell FDCE clocked by clk  {rise@0.000ns fall@5.000ns period=10.000ns})
  Path Group:             clk
  Path Type:              Hold (Min at Fast Process Corner)
  Requirement:            0.000ns  (clk rise@0.000ns - clk rise@0.000ns)
  Data Path Delay:        0.113ns  (logic 0.038ns (33.628%)  route 0.075ns (66.372%))
  Logic Levels:           0  
  Clock Path Skew:        0.006ns (DCD - SCD - CPR)
    Destination Clock Delay (DCD):    2.183ns
    Source Clock Delay      (SCD):    1.792ns
    Clock Pessimism Removal (CPR):    0.386ns
  Clock Net Delay (Source):      0.896ns (routing 0.403ns, distribution 0.493ns)
  Clock Net Delay (Destination): 1.020ns (routing 0.453ns, distribution 0.567ns)

    Location             Delay type                Incr(ns)  Path(ns)    Netlist Resource(s)
  -------------------------------------------------------------------    -------------------
                         (clock clk rise edge)        0.000     0.000 r  
    H13                                               0.000     0.000 r  clk (IN)
                         net (fo=0)                   0.000     0.000    clk_IBUF_inst/I
    H13                  INBUF (Prop_INBUF_HDIOB_M_PAD_O)
                                                      0.788     0.788 r  clk_IBUF_inst/INBUF_INST/O
                         net (fo=1, routed)           0.000     0.788    clk_IBUF_inst/OUT
    H13                  IBUFCTRL (Prop_IBUFCTRL_HDIOB_M_I_O)
                                                      0.000     0.788 r  clk_IBUF_inst/IBUFCTRL_INST/O
                         net (fo=1, routed)           0.091     0.879    clk_IBUF
    BUFGCE_HDIO_X1Y9     BUFGCE (Prop_BUFCE_BUFGCE_HDIO_I_O)
                                                      0.017     0.896 r  clk_IBUF_BUFG_inst/O
    X3Y5 (CLOCK_ROOT)    net (fo=68, routed)          0.896     1.792    pwl_core_inst/CLK
    SLICE_X88Y374        FDCE                                         r  pwl_core_inst/x_buffered_reg[10]/C
  -------------------------------------------------------------------    -------------------
    SLICE_X88Y374        FDCE (Prop_BFF_SLICEM_C_Q)
                                                      0.038     1.830 r  pwl_core_inst/x_buffered_reg[10]/Q
                         net (fo=1, routed)           0.075     1.905    pwl_core_inst/hlut_inst/Q[10]
    SLICE_X88Y374        FDCE                                         r  pwl_core_inst/hlut_inst/x_orig_reg[10]/D
  -------------------------------------------------------------------    -------------------

                         (clock clk rise edge)        0.000     0.000 r  
    H13                                               0.000     0.000 r  clk (IN)
                         net (fo=0)                   0.000     0.000    clk_IBUF_inst/I
    H13                  INBUF (Prop_INBUF_HDIOB_M_PAD_O)
                                                      1.031     1.031 r  clk_IBUF_inst/INBUF_INST/O
                         net (fo=1, routed)           0.000     1.031    clk_IBUF_inst/OUT
    H13                  IBUFCTRL (Prop_IBUFCTRL_HDIOB_M_I_O)
                                                      0.000     1.031 r  clk_IBUF_inst/IBUFCTRL_INST/O
                         net (fo=1, routed)           0.113     1.144    clk_IBUF
    BUFGCE_HDIO_X1Y9     BUFGCE (Prop_BUFCE_BUFGCE_HDIO_I_O)
                                                      0.019     1.163 r  clk_IBUF_BUFG_inst/O
    X3Y5 (CLOCK_ROOT)    net (fo=68, routed)          1.020     2.183    pwl_core_inst/hlut_inst/CLK
    SLICE_X88Y374        FDCE                                         r  pwl_core_inst/hlut_inst/x_orig_reg[10]/C
                         clock pessimism             -0.386     1.798    
    SLICE_X88Y374        FDCE (Hold_AFF_SLICEM_C_D)
                                                      0.046     1.844    pwl_core_inst/hlut_inst/x_orig_reg[10]
  -------------------------------------------------------------------
                         required time                         -1.844    
                         arrival time                           1.905    
  -------------------------------------------------------------------
                         slack                                  0.061    

Slack (MET) :             0.065ns  (arrival time - required time)
  Source:                 pwl_core_inst/x_buffered_reg[9]/C
                            (rising edge-triggered cell FDCE clocked by clk  {rise@0.000ns fall@5.000ns period=10.000ns})
  Destination:            pwl_core_inst/hlut_inst/x_orig_reg[9]/D
                            (rising edge-triggered cell FDCE clocked by clk  {rise@0.000ns fall@5.000ns period=10.000ns})
  Path Group:             clk
  Path Type:              Hold (Min at Slow Process Corner)
  Requirement:            0.000ns  (clk rise@0.000ns - clk rise@0.000ns)
  Data Path Delay:        0.206ns  (logic 0.060ns (29.126%)  route 0.146ns (70.874%))
  Logic Levels:           0  
  Clock Path Skew:        0.081ns (DCD - SCD - CPR)
    Destination Clock Delay (DCD):    3.066ns
    Source Clock Delay      (SCD):    2.417ns
    Clock Pessimism Removal (CPR):    0.569ns
  Clock Net Delay (Source):      1.436ns (routing 0.666ns, distribution 0.770ns)
  Clock Net Delay (Destination): 1.624ns (routing 0.734ns, distribution 0.890ns)

    Location             Delay type                Incr(ns)  Path(ns)    Netlist Resource(s)
  -------------------------------------------------------------------    -------------------
                         (clock clk rise edge)        0.000     0.000 r  
    H13                                               0.000     0.000 r  clk (IN)
                         net (fo=0)                   0.000     0.000    clk_IBUF_inst/I
    H13                  INBUF (Prop_INBUF_HDIOB_M_PAD_O)
                                                      0.788     0.788 r  clk_IBUF_inst/INBUF_INST/O
                         net (fo=1, routed)           0.000     0.788    clk_IBUF_inst/OUT
    H13                  IBUFCTRL (Prop_IBUFCTRL_HDIOB_M_I_O)
                                                      0.000     0.788 r  clk_IBUF_inst/IBUFCTRL_INST/O
                         net (fo=1, routed)           0.169     0.957    clk_IBUF
    BUFGCE_HDIO_X1Y9     BUFGCE (Prop_BUFCE_BUFGCE_HDIO_I_O)
                                                      0.024     0.981 r  clk_IBUF_BUFG_inst/O
    X3Y5 (CLOCK_ROOT)    net (fo=68, routed)          1.436     2.417    pwl_core_inst/CLK
    SLICE_X86Y374        FDCE                                         r  pwl_core_inst/x_buffered_reg[9]/C
  -------------------------------------------------------------------    -------------------
    SLICE_X86Y374        FDCE (Prop_FFF2_SLICEL_C_Q)
                                                      0.060     2.477 r  pwl_core_inst/x_buffered_reg[9]/Q
                         net (fo=1, routed)           0.146     2.623    pwl_core_inst/hlut_inst/Q[9]
    SLICE_X88Y374        FDCE                                         r  pwl_core_inst/hlut_inst/x_orig_reg[9]/D
  -------------------------------------------------------------------    -------------------

                         (clock clk rise edge)        0.000     0.000 r  
    H13                                               0.000     0.000 r  clk (IN)
                         net (fo=0)                   0.000     0.000    clk_IBUF_inst/I
    H13                  INBUF (Prop_INBUF_HDIOB_M_PAD_O)
                                                      1.210     1.210 r  clk_IBUF_inst/INBUF_INST/O
                         net (fo=1, routed)           0.000     1.210    clk_IBUF_inst/OUT
    H13                  IBUFCTRL (Prop_IBUFCTRL_HDIOB_M_I_O)
                                                      0.000     1.210 r  clk_IBUF_inst/IBUFCTRL_INST/O
                         net (fo=1, routed)           0.204     1.414    clk_IBUF
    BUFGCE_HDIO_X1Y9     BUFGCE (Prop_BUFCE_BUFGCE_HDIO_I_O)
                                                      0.028     1.442 r  clk_IBUF_BUFG_inst/O
    X3Y5 (CLOCK_ROOT)    net (fo=68, routed)          1.624     3.066    pwl_core_inst/hlut_inst/CLK
    SLICE_X88Y374        FDCE                                         r  pwl_core_inst/hlut_inst/x_orig_reg[9]/C
                         clock pessimism             -0.569     2.497    
    SLICE_X88Y374        FDCE (Hold_GFF_SLICEM_C_D)
                                                      0.060     2.557    pwl_core_inst/hlut_inst/x_orig_reg[9]
  -------------------------------------------------------------------
                         required time                         -2.557    
                         arrival time                           2.623    
  -------------------------------------------------------------------
                         slack                                  0.065    

Slack (MET) :             0.072ns  (arrival time - required time)
  Source:                 pwl_core_inst/x_buffered_reg[13]/C
                            (rising edge-triggered cell FDCE clocked by clk  {rise@0.000ns fall@5.000ns period=10.000ns})
  Destination:            pwl_core_inst/hlut_inst/x_orig_reg[13]/D
                            (rising edge-triggered cell FDCE clocked by clk  {rise@0.000ns fall@5.000ns period=10.000ns})
  Path Group:             clk
  Path Type:              Hold (Min at Fast Process Corner)
  Requirement:            0.000ns  (clk rise@0.000ns - clk rise@0.000ns)
  Data Path Delay:        0.124ns  (logic 0.039ns (31.452%)  route 0.085ns (68.548%))
  Logic Levels:           0  
  Clock Path Skew:        0.006ns (DCD - SCD - CPR)
    Destination Clock Delay (DCD):    2.185ns
    Source Clock Delay      (SCD):    1.795ns
    Clock Pessimism Removal (CPR):    0.385ns
  Clock Net Delay (Source):      0.899ns (routing 0.403ns, distribution 0.496ns)
  Clock Net Delay (Destination): 1.022ns (routing 0.453ns, distribution 0.569ns)

    Location             Delay type                Incr(ns)  Path(ns)    Netlist Resource(s)
  -------------------------------------------------------------------    -------------------
                         (clock clk rise edge)        0.000     0.000 r  
    H13                                               0.000     0.000 r  clk (IN)
                         net (fo=0)                   0.000     0.000    clk_IBUF_inst/I
    H13                  INBUF (Prop_INBUF_HDIOB_M_PAD_O)
                                                      0.788     0.788 r  clk_IBUF_inst/INBUF_INST/O
                         net (fo=1, routed)           0.000     0.788    clk_IBUF_inst/OUT
    H13                  IBUFCTRL (Prop_IBUFCTRL_HDIOB_M_I_O)
                                                      0.000     0.788 r  clk_IBUF_inst/IBUFCTRL_INST/O
                         net (fo=1, routed)           0.091     0.879    clk_IBUF
    BUFGCE_HDIO_X1Y9     BUFGCE (Prop_BUFCE_BUFGCE_HDIO_I_O)
                                                      0.017     0.896 r  clk_IBUF_BUFG_inst/O
    X3Y5 (CLOCK_ROOT)    net (fo=68, routed)          0.899     1.795    pwl_core_inst/CLK
    SLICE_X86Y374        FDCE                                         r  pwl_core_inst/x_buffered_reg[13]/C
  -------------------------------------------------------------------    -------------------
    SLICE_X86Y374        FDCE (Prop_FFF_SLICEL_C_Q)
                                                      0.039     1.834 r  pwl_core_inst/x_buffered_reg[13]/Q
                         net (fo=1, routed)           0.085     1.919    pwl_core_inst/hlut_inst/Q[13]
    SLICE_X86Y374        FDCE                                         r  pwl_core_inst/hlut_inst/x_orig_reg[13]/D
  -------------------------------------------------------------------    -------------------

                         (clock clk rise edge)        0.000     0.000 r  
    H13                                               0.000     0.000 r  clk (IN)
                         net (fo=0)                   0.000     0.000    clk_IBUF_inst/I
    H13                  INBUF (Prop_INBUF_HDIOB_M_PAD_O)
                                                      1.031     1.031 r  clk_IBUF_inst/INBUF_INST/O
                         net (fo=1, routed)           0.000     1.031    clk_IBUF_inst/OUT
    H13                  IBUFCTRL (Prop_IBUFCTRL_HDIOB_M_I_O)
                                                      0.000     1.031 r  clk_IBUF_inst/IBUFCTRL_INST/O
                         net (fo=1, routed)           0.113     1.144    clk_IBUF
    BUFGCE_HDIO_X1Y9     BUFGCE (Prop_BUFCE_BUFGCE_HDIO_I_O)
                                                      0.019     1.163 r  clk_IBUF_BUFG_inst/O
    X3Y5 (CLOCK_ROOT)    net (fo=68, routed)          1.022     2.185    pwl_core_inst/hlut_inst/CLK
    SLICE_X86Y374        FDCE                                         r  pwl_core_inst/hlut_inst/x_orig_reg[13]/C
                         clock pessimism             -0.385     1.801    
    SLICE_X86Y374        FDCE (Hold_EFF_SLICEL_C_D)
                                                      0.046     1.847    pwl_core_inst/hlut_inst/x_orig_reg[13]
  -------------------------------------------------------------------
                         required time                         -1.847    
                         arrival time                           1.919    
  -------------------------------------------------------------------
                         slack                                  0.072    

Slack (MET) :             0.076ns  (arrival time - required time)
  Source:                 pwl_core_inst/x_buffered_reg[12]/C
                            (rising edge-triggered cell FDCE clocked by clk  {rise@0.000ns fall@5.000ns period=10.000ns})
  Destination:            pwl_core_inst/hlut_inst/x_orig_reg[12]/D
                            (rising edge-triggered cell FDCE clocked by clk  {rise@0.000ns fall@5.000ns period=10.000ns})
  Path Group:             clk
  Path Type:              Hold (Min at Fast Process Corner)
  Requirement:            0.000ns  (clk rise@0.000ns - clk rise@0.000ns)
  Data Path Delay:        0.129ns  (logic 0.040ns (31.008%)  route 0.089ns (68.992%))
  Logic Levels:           0  
  Clock Path Skew:        0.006ns (DCD - SCD - CPR)
    Destination Clock Delay (DCD):    2.183ns
    Source Clock Delay      (SCD):    1.792ns
    Clock Pessimism Removal (CPR):    0.386ns
  Clock Net Delay (Source):      0.896ns (routing 0.403ns, distribution 0.493ns)
  Clock Net Delay (Destination): 1.020ns (routing 0.453ns, distribution 0.567ns)

    Location             Delay type                Incr(ns)  Path(ns)    Netlist Resource(s)
  -------------------------------------------------------------------    -------------------
                         (clock clk rise edge)        0.000     0.000 r  
    H13                                               0.000     0.000 r  clk (IN)
                         net (fo=0)                   0.000     0.000    clk_IBUF_inst/I
    H13                  INBUF (Prop_INBUF_HDIOB_M_PAD_O)
                                                      0.788     0.788 r  clk_IBUF_inst/INBUF_INST/O
                         net (fo=1, routed)           0.000     0.788    clk_IBUF_inst/OUT
    H13                  IBUFCTRL (Prop_IBUFCTRL_HDIOB_M_I_O)
                                                      0.000     0.788 r  clk_IBUF_inst/IBUFCTRL_INST/O
                         net (fo=1, routed)           0.091     0.879    clk_IBUF
    BUFGCE_HDIO_X1Y9     BUFGCE (Prop_BUFCE_BUFGCE_HDIO_I_O)
                                                      0.017     0.896 r  clk_IBUF_BUFG_inst/O
    X3Y5 (CLOCK_ROOT)    net (fo=68, routed)          0.896     1.792    pwl_core_inst/CLK
    SLICE_X88Y374        FDCE                                         r  pwl_core_inst/x_buffered_reg[12]/C
  -------------------------------------------------------------------    -------------------
    SLICE_X88Y374        FDCE (Prop_BFF2_SLICEM_C_Q)
                                                      0.040     1.832 r  pwl_core_inst/x_buffered_reg[12]/Q
                         net (fo=1, routed)           0.089     1.921    pwl_core_inst/hlut_inst/Q[12]
    SLICE_X88Y374        FDCE                                         r  pwl_core_inst/hlut_inst/x_orig_reg[12]/D
  -------------------------------------------------------------------    -------------------

                         (clock clk rise edge)        0.000     0.000 r  
    H13                                               0.000     0.000 r  clk (IN)
                         net (fo=0)                   0.000     0.000    clk_IBUF_inst/I
    H13                  INBUF (Prop_INBUF_HDIOB_M_PAD_O)
                                                      1.031     1.031 r  clk_IBUF_inst/INBUF_INST/O
                         net (fo=1, routed)           0.000     1.031    clk_IBUF_inst/OUT
    H13                  IBUFCTRL (Prop_IBUFCTRL_HDIOB_M_I_O)
                                                      0.000     1.031 r  clk_IBUF_inst/IBUFCTRL_INST/O
                         net (fo=1, routed)           0.113     1.144    clk_IBUF
    BUFGCE_HDIO_X1Y9     BUFGCE (Prop_BUFCE_BUFGCE_HDIO_I_O)
                                                      0.019     1.163 r  clk_IBUF_BUFG_inst/O
    X3Y5 (CLOCK_ROOT)    net (fo=68, routed)          1.020     2.183    pwl_core_inst/hlut_inst/CLK
    SLICE_X88Y374        FDCE                                         r  pwl_core_inst/hlut_inst/x_orig_reg[12]/C
                         clock pessimism             -0.386     1.798    
    SLICE_X88Y374        FDCE (Hold_AFF2_SLICEM_C_D)
                                                      0.047     1.845    pwl_core_inst/hlut_inst/x_orig_reg[12]
  -------------------------------------------------------------------
                         required time                         -1.845    
                         arrival time                           1.921    
  -------------------------------------------------------------------
                         slack                                  0.076    

Slack (MET) :             0.080ns  (arrival time - required time)
  Source:                 pwl_core_inst/hlut_inst/x_orig_reg[15]/C
                            (rising edge-triggered cell FDCE clocked by clk  {rise@0.000ns fall@5.000ns period=10.000ns})
  Destination:            pwl_core_inst/hlut_inst/y_out_reg[2]/D
                            (rising edge-triggered cell FDCE clocked by clk  {rise@0.000ns fall@5.000ns period=10.000ns})
  Path Group:             clk
  Path Type:              Hold (Min at Fast Process Corner)
  Requirement:            0.000ns  (clk rise@0.000ns - clk rise@0.000ns)
  Data Path Delay:        0.180ns  (logic 0.060ns (33.333%)  route 0.120ns (66.667%))
  Logic Levels:           1  (LUT4=1)
  Clock Path Skew:        0.054ns (DCD - SCD - CPR)
    Destination Clock Delay (DCD):    2.185ns
    Source Clock Delay      (SCD):    1.788ns
    Clock Pessimism Removal (CPR):    0.343ns
  Clock Net Delay (Source):      0.892ns (routing 0.403ns, distribution 0.489ns)
  Clock Net Delay (Destination): 1.022ns (routing 0.453ns, distribution 0.569ns)

    Location             Delay type                Incr(ns)  Path(ns)    Netlist Resource(s)
  -------------------------------------------------------------------    -------------------
                         (clock clk rise edge)        0.000     0.000 r  
    H13                                               0.000     0.000 r  clk (IN)
                         net (fo=0)                   0.000     0.000    clk_IBUF_inst/I
    H13                  INBUF (Prop_INBUF_HDIOB_M_PAD_O)
                                                      0.788     0.788 r  clk_IBUF_inst/INBUF_INST/O
                         net (fo=1, routed)           0.000     0.788    clk_IBUF_inst/OUT
    H13                  IBUFCTRL (Prop_IBUFCTRL_HDIOB_M_I_O)
                                                      0.000     0.788 r  clk_IBUF_inst/IBUFCTRL_INST/O
                         net (fo=1, routed)           0.091     0.879    clk_IBUF
    BUFGCE_HDIO_X1Y9     BUFGCE (Prop_BUFCE_BUFGCE_HDIO_I_O)
                                                      0.017     0.896 r  clk_IBUF_BUFG_inst/O
    X3Y5 (CLOCK_ROOT)    net (fo=68, routed)          0.892     1.788    pwl_core_inst/hlut_inst/CLK
    SLICE_X88Y369        FDCE                                         r  pwl_core_inst/hlut_inst/x_orig_reg[15]/C
  -------------------------------------------------------------------    -------------------
    SLICE_X88Y369        FDCE (Prop_EFF_SLICEM_C_Q)
                                                      0.038     1.826 r  pwl_core_inst/hlut_inst/x_orig_reg[15]/Q
                         net (fo=62, routed)          0.096     1.922    pwl_core_inst/hlut_inst/p_0_in
    SLICE_X87Y369        LUT4 (Prop_C6LUT_SLICEM_I2_O)
                                                      0.022     1.944 r  pwl_core_inst/hlut_inst/y_out[2]_i_1/O
                         net (fo=1, routed)           0.024     1.968    pwl_core_inst/hlut_inst/y_out[2]_i_1_n_0
    SLICE_X87Y369        FDCE                                         r  pwl_core_inst/hlut_inst/y_out_reg[2]/D
  -------------------------------------------------------------------    -------------------

                         (clock clk rise edge)        0.000     0.000 r  
    H13                                               0.000     0.000 r  clk (IN)
                         net (fo=0)                   0.000     0.000    clk_IBUF_inst/I
    H13                  INBUF (Prop_INBUF_HDIOB_M_PAD_O)
                                                      1.031     1.031 r  clk_IBUF_inst/INBUF_INST/O
                         net (fo=1, routed)           0.000     1.031    clk_IBUF_inst/OUT
    H13                  IBUFCTRL (Prop_IBUFCTRL_HDIOB_M_I_O)
                                                      0.000     1.031 r  clk_IBUF_inst/IBUFCTRL_INST/O
                         net (fo=1, routed)           0.113     1.144    clk_IBUF
    BUFGCE_HDIO_X1Y9     BUFGCE (Prop_BUFCE_BUFGCE_HDIO_I_O)
                                                      0.019     1.163 r  clk_IBUF_BUFG_inst/O
    X3Y5 (CLOCK_ROOT)    net (fo=68, routed)          1.022     2.185    pwl_core_inst/hlut_inst/CLK
    SLICE_X87Y369        FDCE                                         r  pwl_core_inst/hlut_inst/y_out_reg[2]/C
                         clock pessimism             -0.343     1.842    
    SLICE_X87Y369        FDCE (Hold_CFF_SLICEM_C_D)
                                                      0.046     1.888    pwl_core_inst/hlut_inst/y_out_reg[2]
  -------------------------------------------------------------------
                         required time                         -1.888    
                         arrival time                           1.968    
  -------------------------------------------------------------------
                         slack                                  0.080    

Slack (MET) :             0.084ns  (arrival time - required time)
  Source:                 pwl_core_inst/hlut_inst/y_out_reg[7]/C
                            (rising edge-triggered cell FDCE clocked by clk  {rise@0.000ns fall@5.000ns period=10.000ns})
  Destination:            pwl_core_inst/y_buffered_reg[0][7]/D
                            (rising edge-triggered cell FDCE clocked by clk  {rise@0.000ns fall@5.000ns period=10.000ns})
  Path Group:             clk
  Path Type:              Hold (Min at Fast Process Corner)
  Requirement:            0.000ns  (clk rise@0.000ns - clk rise@0.000ns)
  Data Path Delay:        0.182ns  (logic 0.039ns (21.429%)  route 0.143ns (78.571%))
  Logic Levels:           0  
  Clock Path Skew:        0.051ns (DCD - SCD - CPR)
    Destination Clock Delay (DCD):    2.157ns
    Source Clock Delay      (SCD):    1.789ns
    Clock Pessimism Removal (CPR):    0.318ns
  Clock Net Delay (Source):      0.893ns (routing 0.403ns, distribution 0.490ns)
  Clock Net Delay (Destination): 0.994ns (routing 0.453ns, distribution 0.541ns)

    Location             Delay type                Incr(ns)  Path(ns)    Netlist Resource(s)
  -------------------------------------------------------------------    -------------------
                         (clock clk rise edge)        0.000     0.000 r  
    H13                                               0.000     0.000 r  clk (IN)
                         net (fo=0)                   0.000     0.000    clk_IBUF_inst/I
    H13                  INBUF (Prop_INBUF_HDIOB_M_PAD_O)
                                                      0.788     0.788 r  clk_IBUF_inst/INBUF_INST/O
                         net (fo=1, routed)           0.000     0.788    clk_IBUF_inst/OUT
    H13                  IBUFCTRL (Prop_IBUFCTRL_HDIOB_M_I_O)
                                                      0.000     0.788 r  clk_IBUF_inst/IBUFCTRL_INST/O
                         net (fo=1, routed)           0.091     0.879    clk_IBUF
    BUFGCE_HDIO_X1Y9     BUFGCE (Prop_BUFCE_BUFGCE_HDIO_I_O)
                                                      0.017     0.896 r  clk_IBUF_BUFG_inst/O
    X3Y5 (CLOCK_ROOT)    net (fo=68, routed)          0.893     1.789    pwl_core_inst/hlut_inst/CLK
    SLICE_X86Y370        FDCE                                         r  pwl_core_inst/hlut_inst/y_out_reg[7]/C
  -------------------------------------------------------------------    -------------------
    SLICE_X86Y370        FDCE (Prop_CFF_SLICEL_C_Q)
                                                      0.039     1.828 r  pwl_core_inst/hlut_inst/y_out_reg[7]/Q
                         net (fo=1, routed)           0.143     1.971    pwl_core_inst/y_out[7]
    SLICE_X86Y352        FDCE                                         r  pwl_core_inst/y_buffered_reg[0][7]/D
  -------------------------------------------------------------------    -------------------

                         (clock clk rise edge)        0.000     0.000 r  
    H13                                               0.000     0.000 r  clk (IN)
                         net (fo=0)                   0.000     0.000    clk_IBUF_inst/I
    H13                  INBUF (Prop_INBUF_HDIOB_M_PAD_O)
                                                      1.031     1.031 r  clk_IBUF_inst/INBUF_INST/O
                         net (fo=1, routed)           0.000     1.031    clk_IBUF_inst/OUT
    H13                  IBUFCTRL (Prop_IBUFCTRL_HDIOB_M_I_O)
                                                      0.000     1.031 r  clk_IBUF_inst/IBUFCTRL_INST/O
                         net (fo=1, routed)           0.113     1.144    clk_IBUF
    BUFGCE_HDIO_X1Y9     BUFGCE (Prop_BUFCE_BUFGCE_HDIO_I_O)
                                                      0.019     1.163 r  clk_IBUF_BUFG_inst/O
    X3Y5 (CLOCK_ROOT)    net (fo=68, routed)          0.994     2.157    pwl_core_inst/CLK
    SLICE_X86Y352        FDCE                                         r  pwl_core_inst/y_buffered_reg[0][7]/C
                         clock pessimism             -0.318     1.840    
    SLICE_X86Y352        FDCE (Hold_FFF2_SLICEL_C_D)
                                                      0.047     1.887    pwl_core_inst/y_buffered_reg[0][7]
  -------------------------------------------------------------------
                         required time                         -1.887    
                         arrival time                           1.971    
  -------------------------------------------------------------------
                         slack                                  0.084    

Slack (MET) :             0.087ns  (arrival time - required time)
  Source:                 pwl_core_inst/hlut_inst/y_out_reg[9]/C
                            (rising edge-triggered cell FDCE clocked by clk  {rise@0.000ns fall@5.000ns period=10.000ns})
  Destination:            pwl_core_inst/y_buffered_reg[0][9]/D
                            (rising edge-triggered cell FDCE clocked by clk  {rise@0.000ns fall@5.000ns period=10.000ns})
  Path Group:             clk
  Path Type:              Hold (Min at Fast Process Corner)
  Requirement:            0.000ns  (clk rise@0.000ns - clk rise@0.000ns)
  Data Path Delay:        0.181ns  (logic 0.039ns (21.547%)  route 0.142ns (78.453%))
  Logic Levels:           0  
  Clock Path Skew:        0.047ns (DCD - SCD - CPR)
    Destination Clock Delay (DCD):    2.153ns
    Source Clock Delay      (SCD):    1.789ns
    Clock Pessimism Removal (CPR):    0.318ns
  Clock Net Delay (Source):      0.893ns (routing 0.403ns, distribution 0.490ns)
  Clock Net Delay (Destination): 0.990ns (routing 0.453ns, distribution 0.537ns)

    Location             Delay type                Incr(ns)  Path(ns)    Netlist Resource(s)
  -------------------------------------------------------------------    -------------------
                         (clock clk rise edge)        0.000     0.000 r  
    H13                                               0.000     0.000 r  clk (IN)
                         net (fo=0)                   0.000     0.000    clk_IBUF_inst/I
    H13                  INBUF (Prop_INBUF_HDIOB_M_PAD_O)
                                                      0.788     0.788 r  clk_IBUF_inst/INBUF_INST/O
                         net (fo=1, routed)           0.000     0.788    clk_IBUF_inst/OUT
    H13                  IBUFCTRL (Prop_IBUFCTRL_HDIOB_M_I_O)
                                                      0.000     0.788 r  clk_IBUF_inst/IBUFCTRL_INST/O
                         net (fo=1, routed)           0.091     0.879    clk_IBUF
    BUFGCE_HDIO_X1Y9     BUFGCE (Prop_BUFCE_BUFGCE_HDIO_I_O)
                                                      0.017     0.896 r  clk_IBUF_BUFG_inst/O
    X3Y5 (CLOCK_ROOT)    net (fo=68, routed)          0.893     1.789    pwl_core_inst/hlut_inst/CLK
    SLICE_X86Y370        FDCE                                         r  pwl_core_inst/hlut_inst/y_out_reg[9]/C
  -------------------------------------------------------------------    -------------------
    SLICE_X86Y370        FDCE (Prop_AFF_SLICEL_C_Q)
                                                      0.039     1.828 r  pwl_core_inst/hlut_inst/y_out_reg[9]/Q
                         net (fo=1, routed)           0.142     1.970    pwl_core_inst/y_out[9]
    SLICE_X86Y352        FDCE                                         r  pwl_core_inst/y_buffered_reg[0][9]/D
  -------------------------------------------------------------------    -------------------

                         (clock clk rise edge)        0.000     0.000 r  
    H13                                               0.000     0.000 r  clk (IN)
                         net (fo=0)                   0.000     0.000    clk_IBUF_inst/I
    H13                  INBUF (Prop_INBUF_HDIOB_M_PAD_O)
                                                      1.031     1.031 r  clk_IBUF_inst/INBUF_INST/O
                         net (fo=1, routed)           0.000     1.031    clk_IBUF_inst/OUT
    H13                  IBUFCTRL (Prop_IBUFCTRL_HDIOB_M_I_O)
                                                      0.000     1.031 r  clk_IBUF_inst/IBUFCTRL_INST/O
                         net (fo=1, routed)           0.113     1.144    clk_IBUF
    BUFGCE_HDIO_X1Y9     BUFGCE (Prop_BUFCE_BUFGCE_HDIO_I_O)
                                                      0.019     1.163 r  clk_IBUF_BUFG_inst/O
    X3Y5 (CLOCK_ROOT)    net (fo=68, routed)          0.990     2.153    pwl_core_inst/CLK
    SLICE_X86Y352        FDCE                                         r  pwl_core_inst/y_buffered_reg[0][9]/C
                         clock pessimism             -0.318     1.836    
    SLICE_X86Y352        FDCE (Hold_CFF2_SLICEL_C_D)
                                                      0.047     1.883    pwl_core_inst/y_buffered_reg[0][9]
  -------------------------------------------------------------------
                         required time                         -1.883    
                         arrival time                           1.970    
  -------------------------------------------------------------------
                         slack                                  0.087    





Pulse Width Checks
--------------------------------------------------------------------------------------
Clock Name:         clk
Waveform(ns):       { 0.000 5.000 }
Period(ns):         10.000
Sources:            { clk }

Check Type        Corner  Lib Pin   Reference Pin  Required(ns)  Actual(ns)  Slack(ns)  Location          Pin
Min Period        n/a     BUFGCE/I  n/a            1.290         10.000      8.710      BUFGCE_HDIO_X1Y9  clk_IBUF_BUFG_inst/I
Min Period        n/a     FDCE/C    n/a            0.550         10.000      9.450      SLICE_X85Y365     pwl_core_inst/in_valid_buffered_reg/C
Min Period        n/a     FDCE/C    n/a            0.550         10.000      9.450      SLICE_X85Y365     pwl_core_inst/in_valid_pipe_reg[0]/C
Min Period        n/a     FDCE/C    n/a            0.550         10.000      9.450      SLICE_X86Y386     pwl_core_inst/out_valid_pipe_reg[0]/C
Min Period        n/a     FDCE/C    n/a            0.550         10.000      9.450      SLICE_X86Y386     pwl_core_inst/x_buffered_reg[0]/C
Min Period        n/a     FDCE/C    n/a            0.550         10.000      9.450      SLICE_X88Y374     pwl_core_inst/x_buffered_reg[10]/C
Min Period        n/a     FDCE/C    n/a            0.550         10.000      9.450      SLICE_X86Y374     pwl_core_inst/x_buffered_reg[11]/C
Min Period        n/a     FDCE/C    n/a            0.550         10.000      9.450      SLICE_X88Y374     pwl_core_inst/x_buffered_reg[12]/C
Min Period        n/a     FDCE/C    n/a            0.550         10.000      9.450      SLICE_X86Y374     pwl_core_inst/x_buffered_reg[13]/C
Min Period        n/a     FDCE/C    n/a            0.550         10.000      9.450      SLICE_X86Y372     pwl_core_inst/x_buffered_reg[14]/C
Low Pulse Width   Slow    FDCE/C    n/a            0.275         5.000       4.725      SLICE_X85Y365     pwl_core_inst/in_valid_buffered_reg/C
Low Pulse Width   Fast    FDCE/C    n/a            0.275         5.000       4.725      SLICE_X85Y365     pwl_core_inst/in_valid_buffered_reg/C
Low Pulse Width   Slow    FDCE/C    n/a            0.275         5.000       4.725      SLICE_X85Y365     pwl_core_inst/in_valid_pipe_reg[0]/C
Low Pulse Width   Fast    FDCE/C    n/a            0.275         5.000       4.725      SLICE_X85Y365     pwl_core_inst/in_valid_pipe_reg[0]/C
Low Pulse Width   Slow    FDCE/C    n/a            0.275         5.000       4.725      SLICE_X86Y386     pwl_core_inst/out_valid_pipe_reg[0]/C
Low Pulse Width   Fast    FDCE/C    n/a            0.275         5.000       4.725      SLICE_X86Y386     pwl_core_inst/out_valid_pipe_reg[0]/C
Low Pulse Width   Slow    FDCE/C    n/a            0.275         5.000       4.725      SLICE_X86Y386     pwl_core_inst/x_buffered_reg[0]/C
Low Pulse Width   Fast    FDCE/C    n/a            0.275         5.000       4.725      SLICE_X86Y386     pwl_core_inst/x_buffered_reg[0]/C
Low Pulse Width   Slow    FDCE/C    n/a            0.275         5.000       4.725      SLICE_X88Y374     pwl_core_inst/x_buffered_reg[10]/C
Low Pulse Width   Fast    FDCE/C    n/a            0.275         5.000       4.725      SLICE_X88Y374     pwl_core_inst/x_buffered_reg[10]/C
High Pulse Width  Slow    FDCE/C    n/a            0.275         5.000       4.725      SLICE_X85Y365     pwl_core_inst/in_valid_buffered_reg/C
High Pulse Width  Fast    FDCE/C    n/a            0.275         5.000       4.725      SLICE_X85Y365     pwl_core_inst/in_valid_buffered_reg/C
High Pulse Width  Slow    FDCE/C    n/a            0.275         5.000       4.725      SLICE_X85Y365     pwl_core_inst/in_valid_pipe_reg[0]/C
High Pulse Width  Fast    FDCE/C    n/a            0.275         5.000       4.725      SLICE_X85Y365     pwl_core_inst/in_valid_pipe_reg[0]/C
High Pulse Width  Slow    FDCE/C    n/a            0.275         5.000       4.725      SLICE_X86Y386     pwl_core_inst/out_valid_pipe_reg[0]/C
High Pulse Width  Fast    FDCE/C    n/a            0.275         5.000       4.725      SLICE_X86Y386     pwl_core_inst/out_valid_pipe_reg[0]/C
High Pulse Width  Slow    FDCE/C    n/a            0.275         5.000       4.725      SLICE_X86Y386     pwl_core_inst/x_buffered_reg[0]/C
High Pulse Width  Fast    FDCE/C    n/a            0.275         5.000       4.725      SLICE_X86Y386     pwl_core_inst/x_buffered_reg[0]/C
High Pulse Width  Slow    FDCE/C    n/a            0.275         5.000       4.725      SLICE_X88Y374     pwl_core_inst/x_buffered_reg[10]/C
High Pulse Width  Fast    FDCE/C    n/a            0.275         5.000       4.725      SLICE_X88Y374     pwl_core_inst/x_buffered_reg[10]/C



--------------------------------------------------------------------------------------
Path Group:  (none)
From Clock:  
  To Clock:  clk

Max Delay            68 Endpoints
Min Delay            68 Endpoints
--------------------------------------------------------------------------------------


Max Delay Paths
--------------------------------------------------------------------------------------
Slack:                    inf
  Source:                 rst_n
                            (input port)
  Destination:            pwl_core_inst/y_buffered_reg[0][15]/CLR
                            (recovery check against rising-edge clock clk  {rise@0.000ns fall@5.000ns period=10.000ns})
  Path Group:             (none)
  Path Type:              Recovery (Max at Slow Process Corner)
  Data Path Delay:        3.029ns  (logic 1.242ns (40.995%)  route 1.787ns (59.005%))
  Logic Levels:           2  (IBUFCTRL=1 INBUF=1)
  Clock Path Skew:        2.389ns (DCD - SCD + CPR)
    Destination Clock Delay (DCD):    2.389ns
    Source Clock Delay      (SCD):    0.000ns
    Clock Pessimism Removal (CPR):    0.000ns
  Clock Net Delay (Destination): 1.408ns (routing 0.666ns, distribution 0.742ns)
  Timing Exception:       False Path

    Location             Delay type                Incr(ns)  Path(ns)    Netlist Resource(s)
  -------------------------------------------------------------------    -------------------
    E10                                               0.000     0.000 r  rst_n (IN)
                         net (fo=0)                   0.000     0.000    rst_n_IBUF_inst/I
    E10                  INBUF (Prop_INBUF_HDIOB_S_PAD_O)
                                                      1.242     1.242 r  rst_n_IBUF_inst/INBUF_INST/O
                         net (fo=1, routed)           0.000     1.242    rst_n_IBUF_inst/OUT
    E10                  IBUFCTRL (Prop_IBUFCTRL_HDIOB_S_I_O)
                                                      0.000     1.242 r  rst_n_IBUF_inst/IBUFCTRL_INST/O
                         net (fo=68, routed)          1.787     3.029    pwl_core_inst/hlut_inst_n_0
    SLICE_X85Y322        FDCE                                         f  pwl_core_inst/y_buffered_reg[0][15]/CLR  (IS_INVERTED)
  -------------------------------------------------------------------    -------------------

                         (clock clk rise edge)        0.000     0.000 r  
    H13                                               0.000     0.000 r  clk (IN)
                         net (fo=0)                   0.000     0.000    clk_IBUF_inst/I
    H13                  INBUF (Prop_INBUF_HDIOB_M_PAD_O)
                                                      0.788     0.788 r  clk_IBUF_inst/INBUF_INST/O
                         net (fo=1, routed)           0.000     0.788    clk_IBUF_inst/OUT
    H13                  IBUFCTRL (Prop_IBUFCTRL_HDIOB_M_I_O)
                                                      0.000     0.788 r  clk_IBUF_inst/IBUFCTRL_INST/O
                         net (fo=1, routed)           0.169     0.957    clk_IBUF
    BUFGCE_HDIO_X1Y9     BUFGCE (Prop_BUFCE_BUFGCE_HDIO_I_O)
                                                      0.024     0.981 r  clk_IBUF_BUFG_inst/O
    X3Y5 (CLOCK_ROOT)    net (fo=68, routed)          1.408     2.389    pwl_core_inst/CLK
    SLICE_X85Y322        FDCE                                         r  pwl_core_inst/y_buffered_reg[0][15]/C

Slack:                    inf
  Source:                 rst_n
                            (input port)
  Destination:            pwl_core_inst/y_buffered_reg[0][15]_lopt_replica/CLR
                            (recovery check against rising-edge clock clk  {rise@0.000ns fall@5.000ns period=10.000ns})
  Path Group:             (none)
  Path Type:              Recovery (Max at Slow Process Corner)
  Data Path Delay:        3.029ns  (logic 1.242ns (40.995%)  route 1.787ns (59.005%))
  Logic Levels:           2  (IBUFCTRL=1 INBUF=1)
  Clock Path Skew:        2.389ns (DCD - SCD + CPR)
    Destination Clock Delay (DCD):    2.389ns
    Source Clock Delay      (SCD):    0.000ns
    Clock Pessimism Removal (CPR):    0.000ns
  Clock Net Delay (Destination): 1.408ns (routing 0.666ns, distribution 0.742ns)
  Timing Exception:       False Path

    Location             Delay type                Incr(ns)  Path(ns)    Netlist Resource(s)
  -------------------------------------------------------------------    -------------------
    E10                                               0.000     0.000 r  rst_n (IN)
                         net (fo=0)                   0.000     0.000    rst_n_IBUF_inst/I
    E10                  INBUF (Prop_INBUF_HDIOB_S_PAD_O)
                                                      1.242     1.242 r  rst_n_IBUF_inst/INBUF_INST/O
                         net (fo=1, routed)           0.000     1.242    rst_n_IBUF_inst/OUT
    E10                  IBUFCTRL (Prop_IBUFCTRL_HDIOB_S_I_O)
                                                      0.000     1.242 r  rst_n_IBUF_inst/IBUFCTRL_INST/O
                         net (fo=68, routed)          1.787     3.029    pwl_core_inst/hlut_inst_n_0
    SLICE_X85Y322        FDCE                                         f  pwl_core_inst/y_buffered_reg[0][15]_lopt_replica/CLR  (IS_INVERTED)
  -------------------------------------------------------------------    -------------------

                         (clock clk rise edge)        0.000     0.000 r  
    H13                                               0.000     0.000 r  clk (IN)
                         net (fo=0)                   0.000     0.000    clk_IBUF_inst/I
    H13                  INBUF (Prop_INBUF_HDIOB_M_PAD_O)
                                                      0.788     0.788 r  clk_IBUF_inst/INBUF_INST/O
                         net (fo=1, routed)           0.000     0.788    clk_IBUF_inst/OUT
    H13                  IBUFCTRL (Prop_IBUFCTRL_HDIOB_M_I_O)
                                                      0.000     0.788 r  clk_IBUF_inst/IBUFCTRL_INST/O
                         net (fo=1, routed)           0.169     0.957    clk_IBUF
    BUFGCE_HDIO_X1Y9     BUFGCE (Prop_BUFCE_BUFGCE_HDIO_I_O)
                                                      0.024     0.981 r  clk_IBUF_BUFG_inst/O
    X3Y5 (CLOCK_ROOT)    net (fo=68, routed)          1.408     2.389    pwl_core_inst/CLK
    SLICE_X85Y322        FDCE                                         r  pwl_core_inst/y_buffered_reg[0][15]_lopt_replica/C

Slack:                    inf
  Source:                 rst_n
                            (input port)
  Destination:            pwl_core_inst/x_buffered_reg[0]/CLR
                            (recovery check against rising-edge clock clk  {rise@0.000ns fall@5.000ns period=10.000ns})
  Path Group:             (none)
  Path Type:              Recovery (Max at Slow Process Corner)
  Data Path Delay:        2.781ns  (logic 1.242ns (44.651%)  route 1.539ns (55.349%))
  Logic Levels:           2  (IBUFCTRL=1 INBUF=1)
  Clock Path Skew:        2.403ns (DCD - SCD + CPR)
    Destination Clock Delay (DCD):    2.403ns
    Source Clock Delay      (SCD):    0.000ns
    Clock Pessimism Removal (CPR):    0.000ns
  Clock Net Delay (Destination): 1.422ns (routing 0.666ns, distribution 0.756ns)
  Timing Exception:       False Path

    Location             Delay type                Incr(ns)  Path(ns)    Netlist Resource(s)
  -------------------------------------------------------------------    -------------------
    E10                                               0.000     0.000 r  rst_n (IN)
                         net (fo=0)                   0.000     0.000    rst_n_IBUF_inst/I
    E10                  INBUF (Prop_INBUF_HDIOB_S_PAD_O)
                                                      1.242     1.242 r  rst_n_IBUF_inst/INBUF_INST/O
                         net (fo=1, routed)           0.000     1.242    rst_n_IBUF_inst/OUT
    E10                  IBUFCTRL (Prop_IBUFCTRL_HDIOB_S_I_O)
                                                      0.000     1.242 r  rst_n_IBUF_inst/IBUFCTRL_INST/O
                         net (fo=68, routed)          1.539     2.781    pwl_core_inst/hlut_inst_n_0
    SLICE_X86Y386        FDCE                                         f  pwl_core_inst/x_buffered_reg[0]/CLR  (IS_INVERTED)
  -------------------------------------------------------------------    -------------------

                         (clock clk rise edge)        0.000     0.000 r  
    H13                                               0.000     0.000 r  clk (IN)
                         net (fo=0)                   0.000     0.000    clk_IBUF_inst/I
    H13                  INBUF (Prop_INBUF_HDIOB_M_PAD_O)
                                                      0.788     0.788 r  clk_IBUF_inst/INBUF_INST/O
                         net (fo=1, routed)           0.000     0.788    clk_IBUF_inst/OUT
    H13                  IBUFCTRL (Prop_IBUFCTRL_HDIOB_M_I_O)
                                                      0.000     0.788 r  clk_IBUF_inst/IBUFCTRL_INST/O
                         net (fo=1, routed)           0.169     0.957    clk_IBUF
    BUFGCE_HDIO_X1Y9     BUFGCE (Prop_BUFCE_BUFGCE_HDIO_I_O)
                                                      0.024     0.981 r  clk_IBUF_BUFG_inst/O
    X3Y5 (CLOCK_ROOT)    net (fo=68, routed)          1.422     2.403    pwl_core_inst/CLK
    SLICE_X86Y386        FDCE                                         r  pwl_core_inst/x_buffered_reg[0]/C

Slack:                    inf
  Source:                 rst_n
                            (input port)
  Destination:            pwl_core_inst/x_buffered_reg[3]/CLR
                            (recovery check against rising-edge clock clk  {rise@0.000ns fall@5.000ns period=10.000ns})
  Path Group:             (none)
  Path Type:              Recovery (Max at Slow Process Corner)
  Data Path Delay:        2.781ns  (logic 1.242ns (44.651%)  route 1.539ns (55.349%))
  Logic Levels:           2  (IBUFCTRL=1 INBUF=1)
  Clock Path Skew:        2.403ns (DCD - SCD + CPR)
    Destination Clock Delay (DCD):    2.403ns
    Source Clock Delay      (SCD):    0.000ns
    Clock Pessimism Removal (CPR):    0.000ns
  Clock Net Delay (Destination): 1.422ns (routing 0.666ns, distribution 0.756ns)
  Timing Exception:       False Path

    Location             Delay type                Incr(ns)  Path(ns)    Netlist Resource(s)
  -------------------------------------------------------------------    -------------------
    E10                                               0.000     0.000 r  rst_n (IN)
                         net (fo=0)                   0.000     0.000    rst_n_IBUF_inst/I
    E10                  INBUF (Prop_INBUF_HDIOB_S_PAD_O)
                                                      1.242     1.242 r  rst_n_IBUF_inst/INBUF_INST/O
                         net (fo=1, routed)           0.000     1.242    rst_n_IBUF_inst/OUT
    E10                  IBUFCTRL (Prop_IBUFCTRL_HDIOB_S_I_O)
                                                      0.000     1.242 r  rst_n_IBUF_inst/IBUFCTRL_INST/O
                         net (fo=68, routed)          1.539     2.781    pwl_core_inst/hlut_inst_n_0
    SLICE_X86Y386        FDCE                                         f  pwl_core_inst/x_buffered_reg[3]/CLR  (IS_INVERTED)
  -------------------------------------------------------------------    -------------------

                         (clock clk rise edge)        0.000     0.000 r  
    H13                                               0.000     0.000 r  clk (IN)
                         net (fo=0)                   0.000     0.000    clk_IBUF_inst/I
    H13                  INBUF (Prop_INBUF_HDIOB_M_PAD_O)
                                                      0.788     0.788 r  clk_IBUF_inst/INBUF_INST/O
                         net (fo=1, routed)           0.000     0.788    clk_IBUF_inst/OUT
    H13                  IBUFCTRL (Prop_IBUFCTRL_HDIOB_M_I_O)
                                                      0.000     0.788 r  clk_IBUF_inst/IBUFCTRL_INST/O
                         net (fo=1, routed)           0.169     0.957    clk_IBUF
    BUFGCE_HDIO_X1Y9     BUFGCE (Prop_BUFCE_BUFGCE_HDIO_I_O)
                                                      0.024     0.981 r  clk_IBUF_BUFG_inst/O
    X3Y5 (CLOCK_ROOT)    net (fo=68, routed)          1.422     2.403    pwl_core_inst/CLK
    SLICE_X86Y386        FDCE                                         r  pwl_core_inst/x_buffered_reg[3]/C

Slack:                    inf
  Source:                 rst_n
                            (input port)
  Destination:            pwl_core_inst/x_buffered_reg[5]/CLR
                            (recovery check against rising-edge clock clk  {rise@0.000ns fall@5.000ns period=10.000ns})
  Path Group:             (none)
  Path Type:              Recovery (Max at Slow Process Corner)
  Data Path Delay:        2.781ns  (logic 1.242ns (44.651%)  route 1.539ns (55.349%))
  Logic Levels:           2  (IBUFCTRL=1 INBUF=1)
  Clock Path Skew:        2.403ns (DCD - SCD + CPR)
    Destination Clock Delay (DCD):    2.403ns
    Source Clock Delay      (SCD):    0.000ns
    Clock Pessimism Removal (CPR):    0.000ns
  Clock Net Delay (Destination): 1.422ns (routing 0.666ns, distribution 0.756ns)
  Timing Exception:       False Path

    Location             Delay type                Incr(ns)  Path(ns)    Netlist Resource(s)
  -------------------------------------------------------------------    -------------------
    E10                                               0.000     0.000 r  rst_n (IN)
                         net (fo=0)                   0.000     0.000    rst_n_IBUF_inst/I
    E10                  INBUF (Prop_INBUF_HDIOB_S_PAD_O)
                                                      1.242     1.242 r  rst_n_IBUF_inst/INBUF_INST/O
                         net (fo=1, routed)           0.000     1.242    rst_n_IBUF_inst/OUT
    E10                  IBUFCTRL (Prop_IBUFCTRL_HDIOB_S_I_O)
                                                      0.000     1.242 r  rst_n_IBUF_inst/IBUFCTRL_INST/O
                         net (fo=68, routed)          1.539     2.781    pwl_core_inst/hlut_inst_n_0
    SLICE_X86Y386        FDCE                                         f  pwl_core_inst/x_buffered_reg[5]/CLR  (IS_INVERTED)
  -------------------------------------------------------------------    -------------------

                         (clock clk rise edge)        0.000     0.000 r  
    H13                                               0.000     0.000 r  clk (IN)
                         net (fo=0)                   0.000     0.000    clk_IBUF_inst/I
    H13                  INBUF (Prop_INBUF_HDIOB_M_PAD_O)
                                                      0.788     0.788 r  clk_IBUF_inst/INBUF_INST/O
                         net (fo=1, routed)           0.000     0.788    clk_IBUF_inst/OUT
    H13                  IBUFCTRL (Prop_IBUFCTRL_HDIOB_M_I_O)
                                                      0.000     0.788 r  clk_IBUF_inst/IBUFCTRL_INST/O
                         net (fo=1, routed)           0.169     0.957    clk_IBUF
    BUFGCE_HDIO_X1Y9     BUFGCE (Prop_BUFCE_BUFGCE_HDIO_I_O)
                                                      0.024     0.981 r  clk_IBUF_BUFG_inst/O
    X3Y5 (CLOCK_ROOT)    net (fo=68, routed)          1.422     2.403    pwl_core_inst/CLK
    SLICE_X86Y386        FDCE                                         r  pwl_core_inst/x_buffered_reg[5]/C

Slack:                    inf
  Source:                 rst_n
                            (input port)
  Destination:            pwl_core_inst/hlut_inst/out_valid_reg/CLR
                            (recovery check against rising-edge clock clk  {rise@0.000ns fall@5.000ns period=10.000ns})
  Path Group:             (none)
  Path Type:              Recovery (Max at Slow Process Corner)
  Data Path Delay:        2.780ns  (logic 1.242ns (44.668%)  route 1.538ns (55.332%))
  Logic Levels:           2  (IBUFCTRL=1 INBUF=1)
  Clock Path Skew:        2.405ns (DCD - SCD + CPR)
    Destination Clock Delay (DCD):    2.405ns
    Source Clock Delay      (SCD):    0.000ns
    Clock Pessimism Removal (CPR):    0.000ns
  Clock Net Delay (Destination): 1.424ns (routing 0.666ns, distribution 0.758ns)
  Timing Exception:       False Path

    Location             Delay type                Incr(ns)  Path(ns)    Netlist Resource(s)
  -------------------------------------------------------------------    -------------------
    E10                                               0.000     0.000 r  rst_n (IN)
                         net (fo=0)                   0.000     0.000    rst_n_IBUF_inst/I
    E10                  INBUF (Prop_INBUF_HDIOB_S_PAD_O)
                                                      1.242     1.242 r  rst_n_IBUF_inst/INBUF_INST/O
                         net (fo=1, routed)           0.000     1.242    rst_n_IBUF_inst/OUT
    E10                  IBUFCTRL (Prop_IBUFCTRL_HDIOB_S_I_O)
                                                      0.000     1.242 r  rst_n_IBUF_inst/IBUFCTRL_INST/O
                         net (fo=68, routed)          1.538     2.780    pwl_core_inst/hlut_inst/rst_n_IBUF
    SLICE_X86Y386        FDCE                                         f  pwl_core_inst/hlut_inst/out_valid_reg/CLR  (IS_INVERTED)
  -------------------------------------------------------------------    -------------------

                         (clock clk rise edge)        0.000     0.000 r  
    H13                                               0.000     0.000 r  clk (IN)
                         net (fo=0)                   0.000     0.000    clk_IBUF_inst/I
    H13                  INBUF (Prop_INBUF_HDIOB_M_PAD_O)
                                                      0.788     0.788 r  clk_IBUF_inst/INBUF_INST/O
                         net (fo=1, routed)           0.000     0.788    clk_IBUF_inst/OUT
    H13                  IBUFCTRL (Prop_IBUFCTRL_HDIOB_M_I_O)
                                                      0.000     0.788 r  clk_IBUF_inst/IBUFCTRL_INST/O
                         net (fo=1, routed)           0.169     0.957    clk_IBUF
    BUFGCE_HDIO_X1Y9     BUFGCE (Prop_BUFCE_BUFGCE_HDIO_I_O)
                                                      0.024     0.981 r  clk_IBUF_BUFG_inst/O
    X3Y5 (CLOCK_ROOT)    net (fo=68, routed)          1.424     2.405    pwl_core_inst/hlut_inst/CLK
    SLICE_X86Y386        FDCE                                         r  pwl_core_inst/hlut_inst/out_valid_reg/C

Slack:                    inf
  Source:                 rst_n
                            (input port)
  Destination:            pwl_core_inst/out_valid_pipe_reg[0]/CLR
                            (recovery check against rising-edge clock clk  {rise@0.000ns fall@5.000ns period=10.000ns})
  Path Group:             (none)
  Path Type:              Recovery (Max at Slow Process Corner)
  Data Path Delay:        2.780ns  (logic 1.242ns (44.668%)  route 1.538ns (55.332%))
  Logic Levels:           2  (IBUFCTRL=1 INBUF=1)
  Clock Path Skew:        2.405ns (DCD - SCD + CPR)
    Destination Clock Delay (DCD):    2.405ns
    Source Clock Delay      (SCD):    0.000ns
    Clock Pessimism Removal (CPR):    0.000ns
  Clock Net Delay (Destination): 1.424ns (routing 0.666ns, distribution 0.758ns)
  Timing Exception:       False Path

    Location             Delay type                Incr(ns)  Path(ns)    Netlist Resource(s)
  -------------------------------------------------------------------    -------------------
    E10                                               0.000     0.000 r  rst_n (IN)
                         net (fo=0)                   0.000     0.000    rst_n_IBUF_inst/I
    E10                  INBUF (Prop_INBUF_HDIOB_S_PAD_O)
                                                      1.242     1.242 r  rst_n_IBUF_inst/INBUF_INST/O
                         net (fo=1, routed)           0.000     1.242    rst_n_IBUF_inst/OUT
    E10                  IBUFCTRL (Prop_IBUFCTRL_HDIOB_S_I_O)
                                                      0.000     1.242 r  rst_n_IBUF_inst/IBUFCTRL_INST/O
                         net (fo=68, routed)          1.538     2.780    pwl_core_inst/hlut_inst_n_0
    SLICE_X86Y386        FDCE                                         f  pwl_core_inst/out_valid_pipe_reg[0]/CLR  (IS_INVERTED)
  -------------------------------------------------------------------    -------------------

                         (clock clk rise edge)        0.000     0.000 r  
    H13                                               0.000     0.000 r  clk (IN)
                         net (fo=0)                   0.000     0.000    clk_IBUF_inst/I
    H13                  INBUF (Prop_INBUF_HDIOB_M_PAD_O)
                                                      0.788     0.788 r  clk_IBUF_inst/INBUF_INST/O
                         net (fo=1, routed)           0.000     0.788    clk_IBUF_inst/OUT
    H13                  IBUFCTRL (Prop_IBUFCTRL_HDIOB_M_I_O)
                                                      0.000     0.788 r  clk_IBUF_inst/IBUFCTRL_INST/O
                         net (fo=1, routed)           0.169     0.957    clk_IBUF
    BUFGCE_HDIO_X1Y9     BUFGCE (Prop_BUFCE_BUFGCE_HDIO_I_O)
                                                      0.024     0.981 r  clk_IBUF_BUFG_inst/O
    X3Y5 (CLOCK_ROOT)    net (fo=68, routed)          1.424     2.405    pwl_core_inst/CLK
    SLICE_X86Y386        FDCE                                         r  pwl_core_inst/out_valid_pipe_reg[0]/C

Slack:                    inf
  Source:                 rst_n
                            (input port)
  Destination:            pwl_core_inst/x_buffered_reg[1]/CLR
                            (recovery check against rising-edge clock clk  {rise@0.000ns fall@5.000ns period=10.000ns})
  Path Group:             (none)
  Path Type:              Recovery (Max at Slow Process Corner)
  Data Path Delay:        2.780ns  (logic 1.242ns (44.668%)  route 1.538ns (55.332%))
  Logic Levels:           2  (IBUFCTRL=1 INBUF=1)
  Clock Path Skew:        2.405ns (DCD - SCD + CPR)
    Destination Clock Delay (DCD):    2.405ns
    Source Clock Delay      (SCD):    0.000ns
    Clock Pessimism Removal (CPR):    0.000ns
  Clock Net Delay (Destination): 1.424ns (routing 0.666ns, distribution 0.758ns)
  Timing Exception:       False Path

    Location             Delay type                Incr(ns)  Path(ns)    Netlist Resource(s)
  -------------------------------------------------------------------    -------------------
    E10                                               0.000     0.000 r  rst_n (IN)
                         net (fo=0)                   0.000     0.000    rst_n_IBUF_inst/I
    E10                  INBUF (Prop_INBUF_HDIOB_S_PAD_O)
                                                      1.242     1.242 r  rst_n_IBUF_inst/INBUF_INST/O
                         net (fo=1, routed)           0.000     1.242    rst_n_IBUF_inst/OUT
    E10                  IBUFCTRL (Prop_IBUFCTRL_HDIOB_S_I_O)
                                                      0.000     1.242 r  rst_n_IBUF_inst/IBUFCTRL_INST/O
                         net (fo=68, routed)          1.538     2.780    pwl_core_inst/hlut_inst_n_0
    SLICE_X86Y386        FDCE                                         f  pwl_core_inst/x_buffered_reg[1]/CLR  (IS_INVERTED)
  -------------------------------------------------------------------    -------------------

                         (clock clk rise edge)        0.000     0.000 r  
    H13                                               0.000     0.000 r  clk (IN)
                         net (fo=0)                   0.000     0.000    clk_IBUF_inst/I
    H13                  INBUF (Prop_INBUF_HDIOB_M_PAD_O)
                                                      0.788     0.788 r  clk_IBUF_inst/INBUF_INST/O
                         net (fo=1, routed)           0.000     0.788    clk_IBUF_inst/OUT
    H13                  IBUFCTRL (Prop_IBUFCTRL_HDIOB_M_I_O)
                                                      0.000     0.788 r  clk_IBUF_inst/IBUFCTRL_INST/O
                         net (fo=1, routed)           0.169     0.957    clk_IBUF
    BUFGCE_HDIO_X1Y9     BUFGCE (Prop_BUFCE_BUFGCE_HDIO_I_O)
                                                      0.024     0.981 r  clk_IBUF_BUFG_inst/O
    X3Y5 (CLOCK_ROOT)    net (fo=68, routed)          1.424     2.405    pwl_core_inst/CLK
    SLICE_X86Y386        FDCE                                         r  pwl_core_inst/x_buffered_reg[1]/C

Slack:                    inf
  Source:                 rst_n
                            (input port)
  Destination:            pwl_core_inst/x_buffered_reg[2]/CLR
                            (recovery check against rising-edge clock clk  {rise@0.000ns fall@5.000ns period=10.000ns})
  Path Group:             (none)
  Path Type:              Recovery (Max at Slow Process Corner)
  Data Path Delay:        2.780ns  (logic 1.242ns (44.668%)  route 1.538ns (55.332%))
  Logic Levels:           2  (IBUFCTRL=1 INBUF=1)
  Clock Path Skew:        2.405ns (DCD - SCD + CPR)
    Destination Clock Delay (DCD):    2.405ns
    Source Clock Delay      (SCD):    0.000ns
    Clock Pessimism Removal (CPR):    0.000ns
  Clock Net Delay (Destination): 1.424ns (routing 0.666ns, distribution 0.758ns)
  Timing Exception:       False Path

    Location             Delay type                Incr(ns)  Path(ns)    Netlist Resource(s)
  -------------------------------------------------------------------    -------------------
    E10                                               0.000     0.000 r  rst_n (IN)
                         net (fo=0)                   0.000     0.000    rst_n_IBUF_inst/I
    E10                  INBUF (Prop_INBUF_HDIOB_S_PAD_O)
                                                      1.242     1.242 r  rst_n_IBUF_inst/INBUF_INST/O
                         net (fo=1, routed)           0.000     1.242    rst_n_IBUF_inst/OUT
    E10                  IBUFCTRL (Prop_IBUFCTRL_HDIOB_S_I_O)
                                                      0.000     1.242 r  rst_n_IBUF_inst/IBUFCTRL_INST/O
                         net (fo=68, routed)          1.538     2.780    pwl_core_inst/hlut_inst_n_0
    SLICE_X86Y386        FDCE                                         f  pwl_core_inst/x_buffered_reg[2]/CLR  (IS_INVERTED)
  -------------------------------------------------------------------    -------------------

                         (clock clk rise edge)        0.000     0.000 r  
    H13                                               0.000     0.000 r  clk (IN)
                         net (fo=0)                   0.000     0.000    clk_IBUF_inst/I
    H13                  INBUF (Prop_INBUF_HDIOB_M_PAD_O)
                                                      0.788     0.788 r  clk_IBUF_inst/INBUF_INST/O
                         net (fo=1, routed)           0.000     0.788    clk_IBUF_inst/OUT
    H13                  IBUFCTRL (Prop_IBUFCTRL_HDIOB_M_I_O)
                                                      0.000     0.788 r  clk_IBUF_inst/IBUFCTRL_INST/O
                         net (fo=1, routed)           0.169     0.957    clk_IBUF
    BUFGCE_HDIO_X1Y9     BUFGCE (Prop_BUFCE_BUFGCE_HDIO_I_O)
                                                      0.024     0.981 r  clk_IBUF_BUFG_inst/O
    X3Y5 (CLOCK_ROOT)    net (fo=68, routed)          1.424     2.405    pwl_core_inst/CLK
    SLICE_X86Y386        FDCE                                         r  pwl_core_inst/x_buffered_reg[2]/C

Slack:                    inf
  Source:                 rst_n
                            (input port)
  Destination:            pwl_core_inst/x_buffered_reg[4]/CLR
                            (recovery check against rising-edge clock clk  {rise@0.000ns fall@5.000ns period=10.000ns})
  Path Group:             (none)
  Path Type:              Recovery (Max at Slow Process Corner)
  Data Path Delay:        2.780ns  (logic 1.242ns (44.668%)  route 1.538ns (55.332%))
  Logic Levels:           2  (IBUFCTRL=1 INBUF=1)
  Clock Path Skew:        2.405ns (DCD - SCD + CPR)
    Destination Clock Delay (DCD):    2.405ns
    Source Clock Delay      (SCD):    0.000ns
    Clock Pessimism Removal (CPR):    0.000ns
  Clock Net Delay (Destination): 1.424ns (routing 0.666ns, distribution 0.758ns)
  Timing Exception:       False Path

    Location             Delay type                Incr(ns)  Path(ns)    Netlist Resource(s)
  -------------------------------------------------------------------    -------------------
    E10                                               0.000     0.000 r  rst_n (IN)
                         net (fo=0)                   0.000     0.000    rst_n_IBUF_inst/I
    E10                  INBUF (Prop_INBUF_HDIOB_S_PAD_O)
                                                      1.242     1.242 r  rst_n_IBUF_inst/INBUF_INST/O
                         net (fo=1, routed)           0.000     1.242    rst_n_IBUF_inst/OUT
    E10                  IBUFCTRL (Prop_IBUFCTRL_HDIOB_S_I_O)
                                                      0.000     1.242 r  rst_n_IBUF_inst/IBUFCTRL_INST/O
                         net (fo=68, routed)          1.538     2.780    pwl_core_inst/hlut_inst_n_0
    SLICE_X86Y386        FDCE                                         f  pwl_core_inst/x_buffered_reg[4]/CLR  (IS_INVERTED)
  -------------------------------------------------------------------    -------------------

                         (clock clk rise edge)        0.000     0.000 r  
    H13                                               0.000     0.000 r  clk (IN)
                         net (fo=0)                   0.000     0.000    clk_IBUF_inst/I
    H13                  INBUF (Prop_INBUF_HDIOB_M_PAD_O)
                                                      0.788     0.788 r  clk_IBUF_inst/INBUF_INST/O
                         net (fo=1, routed)           0.000     0.788    clk_IBUF_inst/OUT
    H13                  IBUFCTRL (Prop_IBUFCTRL_HDIOB_M_I_O)
                                                      0.000     0.788 r  clk_IBUF_inst/IBUFCTRL_INST/O
                         net (fo=1, routed)           0.169     0.957    clk_IBUF
    BUFGCE_HDIO_X1Y9     BUFGCE (Prop_BUFCE_BUFGCE_HDIO_I_O)
                                                      0.024     0.981 r  clk_IBUF_BUFG_inst/O
    X3Y5 (CLOCK_ROOT)    net (fo=68, routed)          1.424     2.405    pwl_core_inst/CLK
    SLICE_X86Y386        FDCE                                         r  pwl_core_inst/x_buffered_reg[4]/C





Min Delay Paths
--------------------------------------------------------------------------------------
Slack:                    inf
  Source:                 rst_n
                            (input port)
  Destination:            pwl_core_inst/hlut_inst/x_orig_reg[0]/CLR
                            (removal check against rising-edge clock clk  {rise@0.000ns fall@5.000ns period=10.000ns})
  Path Group:             (none)
  Path Type:              Removal (Min at Fast Process Corner)
  Data Path Delay:        1.187ns  (logic 0.819ns (68.989%)  route 0.368ns (31.011%))
  Logic Levels:           2  (IBUFCTRL=1 INBUF=1)
  Clock Path Skew:        2.182ns (DCD - SCD - CPR)
    Destination Clock Delay (DCD):    2.182ns
    Source Clock Delay      (SCD):    0.000ns
    Clock Pessimism Removal (CPR):    -0.000ns
  Clock Net Delay (Destination): 1.019ns (routing 0.453ns, distribution 0.566ns)
  Timing Exception:       False Path

    Location             Delay type                Incr(ns)  Path(ns)    Netlist Resource(s)
  -------------------------------------------------------------------    -------------------
    E10                                               0.000     0.000 r  rst_n (IN)
                         net (fo=0)                   0.000     0.000    rst_n_IBUF_inst/I
    E10                  INBUF (Prop_INBUF_HDIOB_S_PAD_O)
                                                      0.819     0.819 r  rst_n_IBUF_inst/INBUF_INST/O
                         net (fo=1, routed)           0.000     0.819    rst_n_IBUF_inst/OUT
    E10                  IBUFCTRL (Prop_IBUFCTRL_HDIOB_S_I_O)
                                                      0.000     0.819 r  rst_n_IBUF_inst/IBUFCTRL_INST/O
                         net (fo=68, routed)          0.368     1.187    pwl_core_inst/hlut_inst/rst_n_IBUF
    SLICE_X86Y372        FDCE                                         f  pwl_core_inst/hlut_inst/x_orig_reg[0]/CLR  (IS_INVERTED)
  -------------------------------------------------------------------    -------------------

                         (clock clk rise edge)        0.000     0.000 r  
    H13                                               0.000     0.000 r  clk (IN)
                         net (fo=0)                   0.000     0.000    clk_IBUF_inst/I
    H13                  INBUF (Prop_INBUF_HDIOB_M_PAD_O)
                                                      1.031     1.031 r  clk_IBUF_inst/INBUF_INST/O
                         net (fo=1, routed)           0.000     1.031    clk_IBUF_inst/OUT
    H13                  IBUFCTRL (Prop_IBUFCTRL_HDIOB_M_I_O)
                                                      0.000     1.031 r  clk_IBUF_inst/IBUFCTRL_INST/O
                         net (fo=1, routed)           0.113     1.144    clk_IBUF
    BUFGCE_HDIO_X1Y9     BUFGCE (Prop_BUFCE_BUFGCE_HDIO_I_O)
                                                      0.019     1.163 r  clk_IBUF_BUFG_inst/O
    X3Y5 (CLOCK_ROOT)    net (fo=68, routed)          1.019     2.182    pwl_core_inst/hlut_inst/CLK
    SLICE_X86Y372        FDCE                                         r  pwl_core_inst/hlut_inst/x_orig_reg[0]/C

Slack:                    inf
  Source:                 rst_n
                            (input port)
  Destination:            pwl_core_inst/hlut_inst/x_orig_reg[14]/CLR
                            (removal check against rising-edge clock clk  {rise@0.000ns fall@5.000ns period=10.000ns})
  Path Group:             (none)
  Path Type:              Removal (Min at Fast Process Corner)
  Data Path Delay:        1.187ns  (logic 0.819ns (68.989%)  route 0.368ns (31.011%))
  Logic Levels:           2  (IBUFCTRL=1 INBUF=1)
  Clock Path Skew:        2.182ns (DCD - SCD - CPR)
    Destination Clock Delay (DCD):    2.182ns
    Source Clock Delay      (SCD):    0.000ns
    Clock Pessimism Removal (CPR):    -0.000ns
  Clock Net Delay (Destination): 1.019ns (routing 0.453ns, distribution 0.566ns)
  Timing Exception:       False Path

    Location             Delay type                Incr(ns)  Path(ns)    Netlist Resource(s)
  -------------------------------------------------------------------    -------------------
    E10                                               0.000     0.000 r  rst_n (IN)
                         net (fo=0)                   0.000     0.000    rst_n_IBUF_inst/I
    E10                  INBUF (Prop_INBUF_HDIOB_S_PAD_O)
                                                      0.819     0.819 r  rst_n_IBUF_inst/INBUF_INST/O
                         net (fo=1, routed)           0.000     0.819    rst_n_IBUF_inst/OUT
    E10                  IBUFCTRL (Prop_IBUFCTRL_HDIOB_S_I_O)
                                                      0.000     0.819 r  rst_n_IBUF_inst/IBUFCTRL_INST/O
                         net (fo=68, routed)          0.368     1.187    pwl_core_inst/hlut_inst/rst_n_IBUF
    SLICE_X86Y372        FDCE                                         f  pwl_core_inst/hlut_inst/x_orig_reg[14]/CLR  (IS_INVERTED)
  -------------------------------------------------------------------    -------------------

                         (clock clk rise edge)        0.000     0.000 r  
    H13                                               0.000     0.000 r  clk (IN)
                         net (fo=0)                   0.000     0.000    clk_IBUF_inst/I
    H13                  INBUF (Prop_INBUF_HDIOB_M_PAD_O)
                                                      1.031     1.031 r  clk_IBUF_inst/INBUF_INST/O
                         net (fo=1, routed)           0.000     1.031    clk_IBUF_inst/OUT
    H13                  IBUFCTRL (Prop_IBUFCTRL_HDIOB_M_I_O)
                                                      0.000     1.031 r  clk_IBUF_inst/IBUFCTRL_INST/O
                         net (fo=1, routed)           0.113     1.144    clk_IBUF
    BUFGCE_HDIO_X1Y9     BUFGCE (Prop_BUFCE_BUFGCE_HDIO_I_O)
                                                      0.019     1.163 r  clk_IBUF_BUFG_inst/O
    X3Y5 (CLOCK_ROOT)    net (fo=68, routed)          1.019     2.182    pwl_core_inst/hlut_inst/CLK
    SLICE_X86Y372        FDCE                                         r  pwl_core_inst/hlut_inst/x_orig_reg[14]/C

Slack:                    inf
  Source:                 rst_n
                            (input port)
  Destination:            pwl_core_inst/hlut_inst/x_orig_reg[1]/CLR
                            (removal check against rising-edge clock clk  {rise@0.000ns fall@5.000ns period=10.000ns})
  Path Group:             (none)
  Path Type:              Removal (Min at Fast Process Corner)
  Data Path Delay:        1.187ns  (logic 0.819ns (68.989%)  route 0.368ns (31.011%))
  Logic Levels:           2  (IBUFCTRL=1 INBUF=1)
  Clock Path Skew:        2.182ns (DCD - SCD - CPR)
    Destination Clock Delay (DCD):    2.182ns
    Source Clock Delay      (SCD):    0.000ns
    Clock Pessimism Removal (CPR):    -0.000ns
  Clock Net Delay (Destination): 1.019ns (routing 0.453ns, distribution 0.566ns)
  Timing Exception:       False Path

    Location             Delay type                Incr(ns)  Path(ns)    Netlist Resource(s)
  -------------------------------------------------------------------    -------------------
    E10                                               0.000     0.000 r  rst_n (IN)
                         net (fo=0)                   0.000     0.000    rst_n_IBUF_inst/I
    E10                  INBUF (Prop_INBUF_HDIOB_S_PAD_O)
                                                      0.819     0.819 r  rst_n_IBUF_inst/INBUF_INST/O
                         net (fo=1, routed)           0.000     0.819    rst_n_IBUF_inst/OUT
    E10                  IBUFCTRL (Prop_IBUFCTRL_HDIOB_S_I_O)
                                                      0.000     0.819 r  rst_n_IBUF_inst/IBUFCTRL_INST/O
                         net (fo=68, routed)          0.368     1.187    pwl_core_inst/hlut_inst/rst_n_IBUF
    SLICE_X86Y372        FDCE                                         f  pwl_core_inst/hlut_inst/x_orig_reg[1]/CLR  (IS_INVERTED)
  -------------------------------------------------------------------    -------------------

                         (clock clk rise edge)        0.000     0.000 r  
    H13                                               0.000     0.000 r  clk (IN)
                         net (fo=0)                   0.000     0.000    clk_IBUF_inst/I
    H13                  INBUF (Prop_INBUF_HDIOB_M_PAD_O)
                                                      1.031     1.031 r  clk_IBUF_inst/INBUF_INST/O
                         net (fo=1, routed)           0.000     1.031    clk_IBUF_inst/OUT
    H13                  IBUFCTRL (Prop_IBUFCTRL_HDIOB_M_I_O)
                                                      0.000     1.031 r  clk_IBUF_inst/IBUFCTRL_INST/O
                         net (fo=1, routed)           0.113     1.144    clk_IBUF
    BUFGCE_HDIO_X1Y9     BUFGCE (Prop_BUFCE_BUFGCE_HDIO_I_O)
                                                      0.019     1.163 r  clk_IBUF_BUFG_inst/O
    X3Y5 (CLOCK_ROOT)    net (fo=68, routed)          1.019     2.182    pwl_core_inst/hlut_inst/CLK
    SLICE_X86Y372        FDCE                                         r  pwl_core_inst/hlut_inst/x_orig_reg[1]/C

Slack:                    inf
  Source:                 rst_n
                            (input port)
  Destination:            pwl_core_inst/x_buffered_reg[14]/CLR
                            (removal check against rising-edge clock clk  {rise@0.000ns fall@5.000ns period=10.000ns})
  Path Group:             (none)
  Path Type:              Removal (Min at Fast Process Corner)
  Data Path Delay:        1.187ns  (logic 0.819ns (68.989%)  route 0.368ns (31.011%))
  Logic Levels:           2  (IBUFCTRL=1 INBUF=1)
  Clock Path Skew:        2.182ns (DCD - SCD - CPR)
    Destination Clock Delay (DCD):    2.182ns
    Source Clock Delay      (SCD):    0.000ns
    Clock Pessimism Removal (CPR):    -0.000ns
  Clock Net Delay (Destination): 1.019ns (routing 0.453ns, distribution 0.566ns)
  Timing Exception:       False Path

    Location             Delay type                Incr(ns)  Path(ns)    Netlist Resource(s)
  -------------------------------------------------------------------    -------------------
    E10                                               0.000     0.000 r  rst_n (IN)
                         net (fo=0)                   0.000     0.000    rst_n_IBUF_inst/I
    E10                  INBUF (Prop_INBUF_HDIOB_S_PAD_O)
                                                      0.819     0.819 r  rst_n_IBUF_inst/INBUF_INST/O
                         net (fo=1, routed)           0.000     0.819    rst_n_IBUF_inst/OUT
    E10                  IBUFCTRL (Prop_IBUFCTRL_HDIOB_S_I_O)
                                                      0.000     0.819 r  rst_n_IBUF_inst/IBUFCTRL_INST/O
                         net (fo=68, routed)          0.368     1.187    pwl_core_inst/hlut_inst_n_0
    SLICE_X86Y372        FDCE                                         f  pwl_core_inst/x_buffered_reg[14]/CLR  (IS_INVERTED)
  -------------------------------------------------------------------    -------------------

                         (clock clk rise edge)        0.000     0.000 r  
    H13                                               0.000     0.000 r  clk (IN)
                         net (fo=0)                   0.000     0.000    clk_IBUF_inst/I
    H13                  INBUF (Prop_INBUF_HDIOB_M_PAD_O)
                                                      1.031     1.031 r  clk_IBUF_inst/INBUF_INST/O
                         net (fo=1, routed)           0.000     1.031    clk_IBUF_inst/OUT
    H13                  IBUFCTRL (Prop_IBUFCTRL_HDIOB_M_I_O)
                                                      0.000     1.031 r  clk_IBUF_inst/IBUFCTRL_INST/O
                         net (fo=1, routed)           0.113     1.144    clk_IBUF
    BUFGCE_HDIO_X1Y9     BUFGCE (Prop_BUFCE_BUFGCE_HDIO_I_O)
                                                      0.019     1.163 r  clk_IBUF_BUFG_inst/O
    X3Y5 (CLOCK_ROOT)    net (fo=68, routed)          1.019     2.182    pwl_core_inst/CLK
    SLICE_X86Y372        FDCE                                         r  pwl_core_inst/x_buffered_reg[14]/C

Slack:                    inf
  Source:                 rst_n
                            (input port)
  Destination:            pwl_core_inst/hlut_inst/valid_reg_reg/CLR
                            (removal check against rising-edge clock clk  {rise@0.000ns fall@5.000ns period=10.000ns})
  Path Group:             (none)
  Path Type:              Removal (Min at Fast Process Corner)
  Data Path Delay:        1.213ns  (logic 0.819ns (67.510%)  route 0.394ns (32.490%))
  Logic Levels:           2  (IBUFCTRL=1 INBUF=1)
  Clock Path Skew:        2.177ns (DCD - SCD - CPR)
    Destination Clock Delay (DCD):    2.177ns
    Source Clock Delay      (SCD):    0.000ns
    Clock Pessimism Removal (CPR):    -0.000ns
  Clock Net Delay (Destination): 1.014ns (routing 0.453ns, distribution 0.561ns)
  Timing Exception:       False Path

    Location             Delay type                Incr(ns)  Path(ns)    Netlist Resource(s)
  -------------------------------------------------------------------    -------------------
    E10                                               0.000     0.000 r  rst_n (IN)
                         net (fo=0)                   0.000     0.000    rst_n_IBUF_inst/I
    E10                  INBUF (Prop_INBUF_HDIOB_S_PAD_O)
                                                      0.819     0.819 r  rst_n_IBUF_inst/INBUF_INST/O
                         net (fo=1, routed)           0.000     0.819    rst_n_IBUF_inst/OUT
    E10                  IBUFCTRL (Prop_IBUFCTRL_HDIOB_S_I_O)
                                                      0.000     0.819 r  rst_n_IBUF_inst/IBUFCTRL_INST/O
                         net (fo=68, routed)          0.394     1.213    pwl_core_inst/hlut_inst/rst_n_IBUF
    SLICE_X86Y373        FDCE                                         f  pwl_core_inst/hlut_inst/valid_reg_reg/CLR  (IS_INVERTED)
  -------------------------------------------------------------------    -------------------

                         (clock clk rise edge)        0.000     0.000 r  
    H13                                               0.000     0.000 r  clk (IN)
                         net (fo=0)                   0.000     0.000    clk_IBUF_inst/I
    H13                  INBUF (Prop_INBUF_HDIOB_M_PAD_O)
                                                      1.031     1.031 r  clk_IBUF_inst/INBUF_INST/O
                         net (fo=1, routed)           0.000     1.031    clk_IBUF_inst/OUT
    H13                  IBUFCTRL (Prop_IBUFCTRL_HDIOB_M_I_O)
                                                      0.000     1.031 r  clk_IBUF_inst/IBUFCTRL_INST/O
                         net (fo=1, routed)           0.113     1.144    clk_IBUF
    BUFGCE_HDIO_X1Y9     BUFGCE (Prop_BUFCE_BUFGCE_HDIO_I_O)
                                                      0.019     1.163 r  clk_IBUF_BUFG_inst/O
    X3Y5 (CLOCK_ROOT)    net (fo=68, routed)          1.014     2.177    pwl_core_inst/hlut_inst/CLK
    SLICE_X86Y373        FDCE                                         r  pwl_core_inst/hlut_inst/valid_reg_reg/C

Slack:                    inf
  Source:                 rst_n
                            (input port)
  Destination:            pwl_core_inst/hlut_inst/y_out_reg[5]/CLR
                            (removal check against rising-edge clock clk  {rise@0.000ns fall@5.000ns period=10.000ns})
  Path Group:             (none)
  Path Type:              Removal (Min at Fast Process Corner)
  Data Path Delay:        1.242ns  (logic 0.819ns (65.934%)  route 0.423ns (34.066%))
  Logic Levels:           2  (IBUFCTRL=1 INBUF=1)
  Clock Path Skew:        2.178ns (DCD - SCD - CPR)
    Destination Clock Delay (DCD):    2.178ns
    Source Clock Delay      (SCD):    0.000ns
    Clock Pessimism Removal (CPR):    -0.000ns
  Clock Net Delay (Destination): 1.015ns (routing 0.453ns, distribution 0.562ns)
  Timing Exception:       False Path

    Location             Delay type                Incr(ns)  Path(ns)    Netlist Resource(s)
  -------------------------------------------------------------------    -------------------
    E10                                               0.000     0.000 r  rst_n (IN)
                         net (fo=0)                   0.000     0.000    rst_n_IBUF_inst/I
    E10                  INBUF (Prop_INBUF_HDIOB_S_PAD_O)
                                                      0.819     0.819 r  rst_n_IBUF_inst/INBUF_INST/O
                         net (fo=1, routed)           0.000     0.819    rst_n_IBUF_inst/OUT
    E10                  IBUFCTRL (Prop_IBUFCTRL_HDIOB_S_I_O)
                                                      0.000     0.819 r  rst_n_IBUF_inst/IBUFCTRL_INST/O
                         net (fo=68, routed)          0.423     1.242    pwl_core_inst/hlut_inst/rst_n_IBUF
    SLICE_X86Y370        FDCE                                         f  pwl_core_inst/hlut_inst/y_out_reg[5]/CLR  (IS_INVERTED)
  -------------------------------------------------------------------    -------------------

                         (clock clk rise edge)        0.000     0.000 r  
    H13                                               0.000     0.000 r  clk (IN)
                         net (fo=0)                   0.000     0.000    clk_IBUF_inst/I
    H13                  INBUF (Prop_INBUF_HDIOB_M_PAD_O)
                                                      1.031     1.031 r  clk_IBUF_inst/INBUF_INST/O
                         net (fo=1, routed)           0.000     1.031    clk_IBUF_inst/OUT
    H13                  IBUFCTRL (Prop_IBUFCTRL_HDIOB_M_I_O)
                                                      0.000     1.031 r  clk_IBUF_inst/IBUFCTRL_INST/O
                         net (fo=1, routed)           0.113     1.144    clk_IBUF
    BUFGCE_HDIO_X1Y9     BUFGCE (Prop_BUFCE_BUFGCE_HDIO_I_O)
                                                      0.019     1.163 r  clk_IBUF_BUFG_inst/O
    X3Y5 (CLOCK_ROOT)    net (fo=68, routed)          1.015     2.178    pwl_core_inst/hlut_inst/CLK
    SLICE_X86Y370        FDCE                                         r  pwl_core_inst/hlut_inst/y_out_reg[5]/C

Slack:                    inf
  Source:                 rst_n
                            (input port)
  Destination:            pwl_core_inst/hlut_inst/y_out_reg[7]/CLR
                            (removal check against rising-edge clock clk  {rise@0.000ns fall@5.000ns period=10.000ns})
  Path Group:             (none)
  Path Type:              Removal (Min at Fast Process Corner)
  Data Path Delay:        1.242ns  (logic 0.819ns (65.934%)  route 0.423ns (34.066%))
  Logic Levels:           2  (IBUFCTRL=1 INBUF=1)
  Clock Path Skew:        2.178ns (DCD - SCD - CPR)
    Destination Clock Delay (DCD):    2.178ns
    Source Clock Delay      (SCD):    0.000ns
    Clock Pessimism Removal (CPR):    -0.000ns
  Clock Net Delay (Destination): 1.015ns (routing 0.453ns, distribution 0.562ns)
  Timing Exception:       False Path

    Location             Delay type                Incr(ns)  Path(ns)    Netlist Resource(s)
  -------------------------------------------------------------------    -------------------
    E10                                               0.000     0.000 r  rst_n (IN)
                         net (fo=0)                   0.000     0.000    rst_n_IBUF_inst/I
    E10                  INBUF (Prop_INBUF_HDIOB_S_PAD_O)
                                                      0.819     0.819 r  rst_n_IBUF_inst/INBUF_INST/O
                         net (fo=1, routed)           0.000     0.819    rst_n_IBUF_inst/OUT
    E10                  IBUFCTRL (Prop_IBUFCTRL_HDIOB_S_I_O)
                                                      0.000     0.819 r  rst_n_IBUF_inst/IBUFCTRL_INST/O
                         net (fo=68, routed)          0.423     1.242    pwl_core_inst/hlut_inst/rst_n_IBUF
    SLICE_X86Y370        FDCE                                         f  pwl_core_inst/hlut_inst/y_out_reg[7]/CLR  (IS_INVERTED)
  -------------------------------------------------------------------    -------------------

                         (clock clk rise edge)        0.000     0.000 r  
    H13                                               0.000     0.000 r  clk (IN)
                         net (fo=0)                   0.000     0.000    clk_IBUF_inst/I
    H13                  INBUF (Prop_INBUF_HDIOB_M_PAD_O)
                                                      1.031     1.031 r  clk_IBUF_inst/INBUF_INST/O
                         net (fo=1, routed)           0.000     1.031    clk_IBUF_inst/OUT
    H13                  IBUFCTRL (Prop_IBUFCTRL_HDIOB_M_I_O)
                                                      0.000     1.031 r  clk_IBUF_inst/IBUFCTRL_INST/O
                         net (fo=1, routed)           0.113     1.144    clk_IBUF
    BUFGCE_HDIO_X1Y9     BUFGCE (Prop_BUFCE_BUFGCE_HDIO_I_O)
                                                      0.019     1.163 r  clk_IBUF_BUFG_inst/O
    X3Y5 (CLOCK_ROOT)    net (fo=68, routed)          1.015     2.178    pwl_core_inst/hlut_inst/CLK
    SLICE_X86Y370        FDCE                                         r  pwl_core_inst/hlut_inst/y_out_reg[7]/C

Slack:                    inf
  Source:                 rst_n
                            (input port)
  Destination:            pwl_core_inst/hlut_inst/y_out_reg[8]/CLR
                            (removal check against rising-edge clock clk  {rise@0.000ns fall@5.000ns period=10.000ns})
  Path Group:             (none)
  Path Type:              Removal (Min at Fast Process Corner)
  Data Path Delay:        1.242ns  (logic 0.819ns (65.934%)  route 0.423ns (34.066%))
  Logic Levels:           2  (IBUFCTRL=1 INBUF=1)
  Clock Path Skew:        2.178ns (DCD - SCD - CPR)
    Destination Clock Delay (DCD):    2.178ns
    Source Clock Delay      (SCD):    0.000ns
    Clock Pessimism Removal (CPR):    -0.000ns
  Clock Net Delay (Destination): 1.015ns (routing 0.453ns, distribution 0.562ns)
  Timing Exception:       False Path

    Location             Delay type                Incr(ns)  Path(ns)    Netlist Resource(s)
  -------------------------------------------------------------------    -------------------
    E10                                               0.000     0.000 r  rst_n (IN)
                         net (fo=0)                   0.000     0.000    rst_n_IBUF_inst/I
    E10                  INBUF (Prop_INBUF_HDIOB_S_PAD_O)
                                                      0.819     0.819 r  rst_n_IBUF_inst/INBUF_INST/O
                         net (fo=1, routed)           0.000     0.819    rst_n_IBUF_inst/OUT
    E10                  IBUFCTRL (Prop_IBUFCTRL_HDIOB_S_I_O)
                                                      0.000     0.819 r  rst_n_IBUF_inst/IBUFCTRL_INST/O
                         net (fo=68, routed)          0.423     1.242    pwl_core_inst/hlut_inst/rst_n_IBUF
    SLICE_X86Y370        FDCE                                         f  pwl_core_inst/hlut_inst/y_out_reg[8]/CLR  (IS_INVERTED)
  -------------------------------------------------------------------    -------------------

                         (clock clk rise edge)        0.000     0.000 r  
    H13                                               0.000     0.000 r  clk (IN)
                         net (fo=0)                   0.000     0.000    clk_IBUF_inst/I
    H13                  INBUF (Prop_INBUF_HDIOB_M_PAD_O)
                                                      1.031     1.031 r  clk_IBUF_inst/INBUF_INST/O
                         net (fo=1, routed)           0.000     1.031    clk_IBUF_inst/OUT
    H13                  IBUFCTRL (Prop_IBUFCTRL_HDIOB_M_I_O)
                                                      0.000     1.031 r  clk_IBUF_inst/IBUFCTRL_INST/O
                         net (fo=1, routed)           0.113     1.144    clk_IBUF
    BUFGCE_HDIO_X1Y9     BUFGCE (Prop_BUFCE_BUFGCE_HDIO_I_O)
                                                      0.019     1.163 r  clk_IBUF_BUFG_inst/O
    X3Y5 (CLOCK_ROOT)    net (fo=68, routed)          1.015     2.178    pwl_core_inst/hlut_inst/CLK
    SLICE_X86Y370        FDCE                                         r  pwl_core_inst/hlut_inst/y_out_reg[8]/C

Slack:                    inf
  Source:                 rst_n
                            (input port)
  Destination:            pwl_core_inst/hlut_inst/y_out_reg[9]/CLR
                            (removal check against rising-edge clock clk  {rise@0.000ns fall@5.000ns period=10.000ns})
  Path Group:             (none)
  Path Type:              Removal (Min at Fast Process Corner)
  Data Path Delay:        1.242ns  (logic 0.819ns (65.934%)  route 0.423ns (34.066%))
  Logic Levels:           2  (IBUFCTRL=1 INBUF=1)
  Clock Path Skew:        2.178ns (DCD - SCD - CPR)
    Destination Clock Delay (DCD):    2.178ns
    Source Clock Delay      (SCD):    0.000ns
    Clock Pessimism Removal (CPR):    -0.000ns
  Clock Net Delay (Destination): 1.015ns (routing 0.453ns, distribution 0.562ns)
  Timing Exception:       False Path

    Location             Delay type                Incr(ns)  Path(ns)    Netlist Resource(s)
  -------------------------------------------------------------------    -------------------
    E10                                               0.000     0.000 r  rst_n (IN)
                         net (fo=0)                   0.000     0.000    rst_n_IBUF_inst/I
    E10                  INBUF (Prop_INBUF_HDIOB_S_PAD_O)
                                                      0.819     0.819 r  rst_n_IBUF_inst/INBUF_INST/O
                         net (fo=1, routed)           0.000     0.819    rst_n_IBUF_inst/OUT
    E10                  IBUFCTRL (Prop_IBUFCTRL_HDIOB_S_I_O)
                                                      0.000     0.819 r  rst_n_IBUF_inst/IBUFCTRL_INST/O
                         net (fo=68, routed)          0.423     1.242    pwl_core_inst/hlut_inst/rst_n_IBUF
    SLICE_X86Y370        FDCE                                         f  pwl_core_inst/hlut_inst/y_out_reg[9]/CLR  (IS_INVERTED)
  -------------------------------------------------------------------    -------------------

                         (clock clk rise edge)        0.000     0.000 r  
    H13                                               0.000     0.000 r  clk (IN)
                         net (fo=0)                   0.000     0.000    clk_IBUF_inst/I
    H13                  INBUF (Prop_INBUF_HDIOB_M_PAD_O)
                                                      1.031     1.031 r  clk_IBUF_inst/INBUF_INST/O
                         net (fo=1, routed)           0.000     1.031    clk_IBUF_inst/OUT
    H13                  IBUFCTRL (Prop_IBUFCTRL_HDIOB_M_I_O)
                                                      0.000     1.031 r  clk_IBUF_inst/IBUFCTRL_INST/O
                         net (fo=1, routed)           0.113     1.144    clk_IBUF
    BUFGCE_HDIO_X1Y9     BUFGCE (Prop_BUFCE_BUFGCE_HDIO_I_O)
                                                      0.019     1.163 r  clk_IBUF_BUFG_inst/O
    X3Y5 (CLOCK_ROOT)    net (fo=68, routed)          1.015     2.178    pwl_core_inst/hlut_inst/CLK
    SLICE_X86Y370        FDCE                                         r  pwl_core_inst/hlut_inst/y_out_reg[9]/C

Slack:                    inf
  Source:                 rst_n
                            (input port)
  Destination:            pwl_core_inst/hlut_inst/x_orig_reg[11]/CLR
                            (removal check against rising-edge clock clk  {rise@0.000ns fall@5.000ns period=10.000ns})
  Path Group:             (none)
  Path Type:              Removal (Min at Fast Process Corner)
  Data Path Delay:        1.244ns  (logic 0.819ns (65.828%)  route 0.425ns (34.172%))
  Logic Levels:           2  (IBUFCTRL=1 INBUF=1)
  Clock Path Skew:        2.181ns (DCD - SCD - CPR)
    Destination Clock Delay (DCD):    2.181ns
    Source Clock Delay      (SCD):    0.000ns
    Clock Pessimism Removal (CPR):    -0.000ns
  Clock Net Delay (Destination): 1.018ns (routing 0.453ns, distribution 0.565ns)
  Timing Exception:       False Path

    Location             Delay type                Incr(ns)  Path(ns)    Netlist Resource(s)
  -------------------------------------------------------------------    -------------------
    E10                                               0.000     0.000 r  rst_n (IN)
                         net (fo=0)                   0.000     0.000    rst_n_IBUF_inst/I
    E10                  INBUF (Prop_INBUF_HDIOB_S_PAD_O)
                                                      0.819     0.819 r  rst_n_IBUF_inst/INBUF_INST/O
                         net (fo=1, routed)           0.000     0.819    rst_n_IBUF_inst/OUT
    E10                  IBUFCTRL (Prop_IBUFCTRL_HDIOB_S_I_O)
                                                      0.000     0.819 r  rst_n_IBUF_inst/IBUFCTRL_INST/O
                         net (fo=68, routed)          0.425     1.244    pwl_core_inst/hlut_inst/rst_n_IBUF
    SLICE_X86Y374        FDCE                                         f  pwl_core_inst/hlut_inst/x_orig_reg[11]/CLR  (IS_INVERTED)
  -------------------------------------------------------------------    -------------------

                         (clock clk rise edge)        0.000     0.000 r  
    H13                                               0.000     0.000 r  clk (IN)
                         net (fo=0)                   0.000     0.000    clk_IBUF_inst/I
    H13                  INBUF (Prop_INBUF_HDIOB_M_PAD_O)
                                                      1.031     1.031 r  clk_IBUF_inst/INBUF_INST/O
                         net (fo=1, routed)           0.000     1.031    clk_IBUF_inst/OUT
    H13                  IBUFCTRL (Prop_IBUFCTRL_HDIOB_M_I_O)
                                                      0.000     1.031 r  clk_IBUF_inst/IBUFCTRL_INST/O
                         net (fo=1, routed)           0.113     1.144    clk_IBUF
    BUFGCE_HDIO_X1Y9     BUFGCE (Prop_BUFCE_BUFGCE_HDIO_I_O)
                                                      0.019     1.163 r  clk_IBUF_BUFG_inst/O
    X3Y5 (CLOCK_ROOT)    net (fo=68, routed)          1.018     2.181    pwl_core_inst/hlut_inst/CLK
    SLICE_X86Y374        FDCE                                         r  pwl_core_inst/hlut_inst/x_orig_reg[11]/C





--------------------------------------------------------------------------------------
Path Group:  (none)
From Clock:  clk
  To Clock:  

Max Delay             0 Endpoints
Min Delay            17 Endpoints
--------------------------------------------------------------------------------------


Min Delay Paths
--------------------------------------------------------------------------------------
Slack:                    inf
  Source:                 pwl_core_inst/y_buffered_reg[0][15]/C
                            (rising edge-triggered cell FDCE clocked by clk  {rise@0.000ns fall@5.000ns period=10.000ns})
  Destination:            m_axis_tdata[15]
                            (output port)
  Path Group:             (none)
  Path Type:              Min at Fast Process Corner
  Data Path Delay:        1.707ns  (logic 1.504ns (88.106%)  route 0.203ns (11.894%))
  Logic Levels:           1  (OBUF=1)
  Clock Uncertainty:      0.025ns  ((TSJ^2 + TIJ^2)^1/2 + DJ) / 2 + PE
    Total System Jitter     (TSJ):    0.050ns
    Total Input Jitter      (TIJ):    0.000ns
    Discrete Jitter          (DJ):    0.000ns
    Phase Error              (PE):    0.000ns
  Clock Net Delay (Source):      0.881ns (routing 0.403ns, distribution 0.478ns)

    Location             Delay type                Incr(ns)  Path(ns)    Netlist Resource(s)
  -------------------------------------------------------------------    -------------------
                         (clock clk rise edge)        0.000     0.000 r  
    H13                                               0.000     0.000 r  clk (IN)
                         net (fo=0)                   0.000     0.000    clk_IBUF_inst/I
    H13                  INBUF (Prop_INBUF_HDIOB_M_PAD_O)
                                                      0.788     0.788 r  clk_IBUF_inst/INBUF_INST/O
                         net (fo=1, routed)           0.000     0.788    clk_IBUF_inst/OUT
    H13                  IBUFCTRL (Prop_IBUFCTRL_HDIOB_M_I_O)
                                                      0.000     0.788 r  clk_IBUF_inst/IBUFCTRL_INST/O
                         net (fo=1, routed)           0.091     0.879    clk_IBUF
    BUFGCE_HDIO_X1Y9     BUFGCE (Prop_BUFCE_BUFGCE_HDIO_I_O)
                                                      0.017     0.896 r  clk_IBUF_BUFG_inst/O
    X3Y5 (CLOCK_ROOT)    net (fo=68, routed)          0.881     1.777    pwl_core_inst/CLK
    SLICE_X85Y322        FDCE                                         r  pwl_core_inst/y_buffered_reg[0][15]/C
  -------------------------------------------------------------------    -------------------
    SLICE_X85Y322        FDCE (Prop_EFF_SLICEM_C_Q)
                                                      0.038     1.815 r  pwl_core_inst/y_buffered_reg[0][15]/Q
                         net (fo=1, routed)           0.203     2.018    m_axis_tdata_OBUF[14]
    D15                  OBUF (Prop_OUTBUF_HDIOB_S_I_O)
                                                      1.466     3.483 r  m_axis_tdata_OBUF[15]_inst/O
                         net (fo=0)                   0.000     3.483    m_axis_tdata[15]
    D15                                                               r  m_axis_tdata[15] (OUT)
  -------------------------------------------------------------------    -------------------

Slack:                    inf
  Source:                 pwl_core_inst/y_buffered_reg[0][15]_lopt_replica/C
                            (rising edge-triggered cell FDCE clocked by clk  {rise@0.000ns fall@5.000ns period=10.000ns})
  Destination:            m_axis_tdata[14]
                            (output port)
  Path Group:             (none)
  Path Type:              Min at Fast Process Corner
  Data Path Delay:        1.813ns  (logic 1.504ns (82.959%)  route 0.309ns (17.041%))
  Logic Levels:           1  (OBUF=1)
  Clock Uncertainty:      0.025ns  ((TSJ^2 + TIJ^2)^1/2 + DJ) / 2 + PE
    Total System Jitter     (TSJ):    0.050ns
    Total Input Jitter      (TIJ):    0.000ns
    Discrete Jitter          (DJ):    0.000ns
    Phase Error              (PE):    0.000ns
  Clock Net Delay (Source):      0.881ns (routing 0.403ns, distribution 0.478ns)

    Location             Delay type                Incr(ns)  Path(ns)    Netlist Resource(s)
  -------------------------------------------------------------------    -------------------
                         (clock clk rise edge)        0.000     0.000 r  
    H13                                               0.000     0.000 r  clk (IN)
                         net (fo=0)                   0.000     0.000    clk_IBUF_inst/I
    H13                  INBUF (Prop_INBUF_HDIOB_M_PAD_O)
                                                      0.788     0.788 r  clk_IBUF_inst/INBUF_INST/O
                         net (fo=1, routed)           0.000     0.788    clk_IBUF_inst/OUT
    H13                  IBUFCTRL (Prop_IBUFCTRL_HDIOB_M_I_O)
                                                      0.000     0.788 r  clk_IBUF_inst/IBUFCTRL_INST/O
                         net (fo=1, routed)           0.091     0.879    clk_IBUF
    BUFGCE_HDIO_X1Y9     BUFGCE (Prop_BUFCE_BUFGCE_HDIO_I_O)
                                                      0.017     0.896 r  clk_IBUF_BUFG_inst/O
    X3Y5 (CLOCK_ROOT)    net (fo=68, routed)          0.881     1.777    pwl_core_inst/CLK
    SLICE_X85Y322        FDCE                                         r  pwl_core_inst/y_buffered_reg[0][15]_lopt_replica/C
  -------------------------------------------------------------------    -------------------
    SLICE_X85Y322        FDCE (Prop_EFF2_SLICEM_C_Q)
                                                      0.039     1.816 r  pwl_core_inst/y_buffered_reg[0][15]_lopt_replica/Q
                         net (fo=1, routed)           0.309     2.125    lopt
    E15                  OBUF (Prop_OUTBUF_HDIOB_M_I_O)
                                                      1.465     3.590 r  m_axis_tdata_OBUF[14]_inst/O
                         net (fo=0)                   0.000     3.590    m_axis_tdata[14]
    E15                                                               r  m_axis_tdata[14] (OUT)
  -------------------------------------------------------------------    -------------------

Slack:                    inf
  Source:                 pwl_core_inst/y_buffered_reg[0][5]/C
                            (rising edge-triggered cell FDCE clocked by clk  {rise@0.000ns fall@5.000ns period=10.000ns})
  Destination:            m_axis_tdata[5]
                            (output port)
  Path Group:             (none)
  Path Type:              Min at Fast Process Corner
  Data Path Delay:        1.839ns  (logic 1.516ns (82.436%)  route 0.323ns (17.564%))
  Logic Levels:           1  (OBUF=1)
  Clock Uncertainty:      0.025ns  ((TSJ^2 + TIJ^2)^1/2 + DJ) / 2 + PE
    Total System Jitter     (TSJ):    0.050ns
    Total Input Jitter      (TIJ):    0.000ns
    Discrete Jitter          (DJ):    0.000ns
    Phase Error              (PE):    0.000ns
  Clock Net Delay (Source):      0.874ns (routing 0.403ns, distribution 0.471ns)

    Location             Delay type                Incr(ns)  Path(ns)    Netlist Resource(s)
  -------------------------------------------------------------------    -------------------
                         (clock clk rise edge)        0.000     0.000 r  
    H13                                               0.000     0.000 r  clk (IN)
                         net (fo=0)                   0.000     0.000    clk_IBUF_inst/I
    H13                  INBUF (Prop_INBUF_HDIOB_M_PAD_O)
                                                      0.788     0.788 r  clk_IBUF_inst/INBUF_INST/O
                         net (fo=1, routed)           0.000     0.788    clk_IBUF_inst/OUT
    H13                  IBUFCTRL (Prop_IBUFCTRL_HDIOB_M_I_O)
                                                      0.000     0.788 r  clk_IBUF_inst/IBUFCTRL_INST/O
                         net (fo=1, routed)           0.091     0.879    clk_IBUF
    BUFGCE_HDIO_X1Y9     BUFGCE (Prop_BUFCE_BUFGCE_HDIO_I_O)
                                                      0.017     0.896 r  clk_IBUF_BUFG_inst/O
    X3Y5 (CLOCK_ROOT)    net (fo=68, routed)          0.874     1.770    pwl_core_inst/CLK
    SLICE_X86Y352        FDCE                                         r  pwl_core_inst/y_buffered_reg[0][5]/C
  -------------------------------------------------------------------    -------------------
    SLICE_X86Y352        FDCE (Prop_EFF2_SLICEL_C_Q)
                                                      0.040     1.810 r  pwl_core_inst/y_buffered_reg[0][5]/Q
                         net (fo=1, routed)           0.323     2.133    m_axis_tdata_OBUF[5]
    B12                  OBUF (Prop_OUTBUF_HDIOB_S_I_O)
                                                      1.476     3.609 r  m_axis_tdata_OBUF[5]_inst/O
                         net (fo=0)                   0.000     3.609    m_axis_tdata[5]
    B12                                                               r  m_axis_tdata[5] (OUT)
  -------------------------------------------------------------------    -------------------

Slack:                    inf
  Source:                 pwl_core_inst/y_buffered_reg[0][7]/C
                            (rising edge-triggered cell FDCE clocked by clk  {rise@0.000ns fall@5.000ns period=10.000ns})
  Destination:            m_axis_tdata[7]
                            (output port)
  Path Group:             (none)
  Path Type:              Min at Fast Process Corner
  Data Path Delay:        1.887ns  (logic 1.530ns (81.086%)  route 0.357ns (18.914%))
  Logic Levels:           1  (OBUF=1)
  Clock Uncertainty:      0.025ns  ((TSJ^2 + TIJ^2)^1/2 + DJ) / 2 + PE
    Total System Jitter     (TSJ):    0.050ns
    Total Input Jitter      (TIJ):    0.000ns
    Discrete Jitter          (DJ):    0.000ns
    Phase Error              (PE):    0.000ns
  Clock Net Delay (Source):      0.874ns (routing 0.403ns, distribution 0.471ns)

    Location             Delay type                Incr(ns)  Path(ns)    Netlist Resource(s)
  -------------------------------------------------------------------    -------------------
                         (clock clk rise edge)        0.000     0.000 r  
    H13                                               0.000     0.000 r  clk (IN)
                         net (fo=0)                   0.000     0.000    clk_IBUF_inst/I
    H13                  INBUF (Prop_INBUF_HDIOB_M_PAD_O)
                                                      0.788     0.788 r  clk_IBUF_inst/INBUF_INST/O
                         net (fo=1, routed)           0.000     0.788    clk_IBUF_inst/OUT
    H13                  IBUFCTRL (Prop_IBUFCTRL_HDIOB_M_I_O)
                                                      0.000     0.788 r  clk_IBUF_inst/IBUFCTRL_INST/O
                         net (fo=1, routed)           0.091     0.879    clk_IBUF
    BUFGCE_HDIO_X1Y9     BUFGCE (Prop_BUFCE_BUFGCE_HDIO_I_O)
                                                      0.017     0.896 r  clk_IBUF_BUFG_inst/O
    X3Y5 (CLOCK_ROOT)    net (fo=68, routed)          0.874     1.770    pwl_core_inst/CLK
    SLICE_X86Y352        FDCE                                         r  pwl_core_inst/y_buffered_reg[0][7]/C
  -------------------------------------------------------------------    -------------------
    SLICE_X86Y352        FDCE (Prop_FFF2_SLICEL_C_Q)
                                                      0.040     1.810 r  pwl_core_inst/y_buffered_reg[0][7]/Q
                         net (fo=1, routed)           0.357     2.167    m_axis_tdata_OBUF[7]
    A12                  OBUF (Prop_OUTBUF_HDIOB_S_I_O)
                                                      1.490     3.657 r  m_axis_tdata_OBUF[7]_inst/O
                         net (fo=0)                   0.000     3.657    m_axis_tdata[7]
    A12                                                               r  m_axis_tdata[7] (OUT)
  -------------------------------------------------------------------    -------------------

Slack:                    inf
  Source:                 pwl_core_inst/y_buffered_reg[0][9]/C
                            (rising edge-triggered cell FDCE clocked by clk  {rise@0.000ns fall@5.000ns period=10.000ns})
  Destination:            m_axis_tdata[9]
                            (output port)
  Path Group:             (none)
  Path Type:              Min at Fast Process Corner
  Data Path Delay:        1.904ns  (logic 1.517ns (79.679%)  route 0.387ns (20.321%))
  Logic Levels:           1  (OBUF=1)
  Clock Uncertainty:      0.025ns  ((TSJ^2 + TIJ^2)^1/2 + DJ) / 2 + PE
    Total System Jitter     (TSJ):    0.050ns
    Total Input Jitter      (TIJ):    0.000ns
    Discrete Jitter          (DJ):    0.000ns
    Phase Error              (PE):    0.000ns
  Clock Net Delay (Source):      0.871ns (routing 0.403ns, distribution 0.468ns)

    Location             Delay type                Incr(ns)  Path(ns)    Netlist Resource(s)
  -------------------------------------------------------------------    -------------------
                         (clock clk rise edge)        0.000     0.000 r  
    H13                                               0.000     0.000 r  clk (IN)
                         net (fo=0)                   0.000     0.000    clk_IBUF_inst/I
    H13                  INBUF (Prop_INBUF_HDIOB_M_PAD_O)
                                                      0.788     0.788 r  clk_IBUF_inst/INBUF_INST/O
                         net (fo=1, routed)           0.000     0.788    clk_IBUF_inst/OUT
    H13                  IBUFCTRL (Prop_IBUFCTRL_HDIOB_M_I_O)
                                                      0.000     0.788 r  clk_IBUF_inst/IBUFCTRL_INST/O
                         net (fo=1, routed)           0.091     0.879    clk_IBUF
    BUFGCE_HDIO_X1Y9     BUFGCE (Prop_BUFCE_BUFGCE_HDIO_I_O)
                                                      0.017     0.896 r  clk_IBUF_BUFG_inst/O
    X3Y5 (CLOCK_ROOT)    net (fo=68, routed)          0.871     1.767    pwl_core_inst/CLK
    SLICE_X86Y352        FDCE                                         r  pwl_core_inst/y_buffered_reg[0][9]/C
  -------------------------------------------------------------------    -------------------
    SLICE_X86Y352        FDCE (Prop_CFF2_SLICEL_C_Q)
                                                      0.040     1.807 r  pwl_core_inst/y_buffered_reg[0][9]/Q
                         net (fo=1, routed)           0.387     2.194    m_axis_tdata_OBUF[9]
    B13                  OBUF (Prop_OUTBUF_HDIOB_S_I_O)
                                                      1.477     3.671 r  m_axis_tdata_OBUF[9]_inst/O
                         net (fo=0)                   0.000     3.671    m_axis_tdata[9]
    B13                                                               r  m_axis_tdata[9] (OUT)
  -------------------------------------------------------------------    -------------------

Slack:                    inf
  Source:                 pwl_core_inst/y_buffered_reg[0][11]/C
                            (rising edge-triggered cell FDCE clocked by clk  {rise@0.000ns fall@5.000ns period=10.000ns})
  Destination:            m_axis_tdata[11]
                            (output port)
  Path Group:             (none)
  Path Type:              Min at Fast Process Corner
  Data Path Delay:        1.914ns  (logic 1.517ns (79.258%)  route 0.397ns (20.742%))
  Logic Levels:           1  (OBUF=1)
  Clock Uncertainty:      0.025ns  ((TSJ^2 + TIJ^2)^1/2 + DJ) / 2 + PE
    Total System Jitter     (TSJ):    0.050ns
    Total Input Jitter      (TIJ):    0.000ns
    Discrete Jitter          (DJ):    0.000ns
    Phase Error              (PE):    0.000ns
  Clock Net Delay (Source):      0.871ns (routing 0.403ns, distribution 0.468ns)

    Location             Delay type                Incr(ns)  Path(ns)    Netlist Resource(s)
  -------------------------------------------------------------------    -------------------
                         (clock clk rise edge)        0.000     0.000 r  
    H13                                               0.000     0.000 r  clk (IN)
                         net (fo=0)                   0.000     0.000    clk_IBUF_inst/I
    H13                  INBUF (Prop_INBUF_HDIOB_M_PAD_O)
                                                      0.788     0.788 r  clk_IBUF_inst/INBUF_INST/O
                         net (fo=1, routed)           0.000     0.788    clk_IBUF_inst/OUT
    H13                  IBUFCTRL (Prop_IBUFCTRL_HDIOB_M_I_O)
                                                      0.000     0.788 r  clk_IBUF_inst/IBUFCTRL_INST/O
                         net (fo=1, routed)           0.091     0.879    clk_IBUF
    BUFGCE_HDIO_X1Y9     BUFGCE (Prop_BUFCE_BUFGCE_HDIO_I_O)
                                                      0.017     0.896 r  clk_IBUF_BUFG_inst/O
    X3Y5 (CLOCK_ROOT)    net (fo=68, routed)          0.871     1.767    pwl_core_inst/CLK
    SLICE_X86Y352        FDCE                                         r  pwl_core_inst/y_buffered_reg[0][11]/C
  -------------------------------------------------------------------    -------------------
    SLICE_X86Y352        FDCE (Prop_AFF2_SLICEL_C_Q)
                                                      0.040     1.807 r  pwl_core_inst/y_buffered_reg[0][11]/Q
                         net (fo=1, routed)           0.397     2.204    m_axis_tdata_OBUF[11]
    B14                  OBUF (Prop_OUTBUF_HDIOB_S_I_O)
                                                      1.477     3.681 r  m_axis_tdata_OBUF[11]_inst/O
                         net (fo=0)                   0.000     3.681    m_axis_tdata[11]
    B14                                                               r  m_axis_tdata[11] (OUT)
  -------------------------------------------------------------------    -------------------

Slack:                    inf
  Source:                 pwl_core_inst/y_buffered_reg[0][3]/C
                            (rising edge-triggered cell FDCE clocked by clk  {rise@0.000ns fall@5.000ns period=10.000ns})
  Destination:            m_axis_tdata[3]
                            (output port)
  Path Group:             (none)
  Path Type:              Min at Fast Process Corner
  Data Path Delay:        1.891ns  (logic 1.502ns (79.428%)  route 0.389ns (20.572%))
  Logic Levels:           1  (OBUF=1)
  Clock Uncertainty:      0.025ns  ((TSJ^2 + TIJ^2)^1/2 + DJ) / 2 + PE
    Total System Jitter     (TSJ):    0.050ns
    Total Input Jitter      (TIJ):    0.000ns
    Discrete Jitter          (DJ):    0.000ns
    Phase Error              (PE):    0.000ns
  Clock Net Delay (Source):      0.897ns (routing 0.403ns, distribution 0.494ns)

    Location             Delay type                Incr(ns)  Path(ns)    Netlist Resource(s)
  -------------------------------------------------------------------    -------------------
                         (clock clk rise edge)        0.000     0.000 r  
    H13                                               0.000     0.000 r  clk (IN)
                         net (fo=0)                   0.000     0.000    clk_IBUF_inst/I
    H13                  INBUF (Prop_INBUF_HDIOB_M_PAD_O)
                                                      0.788     0.788 r  clk_IBUF_inst/INBUF_INST/O
                         net (fo=1, routed)           0.000     0.788    clk_IBUF_inst/OUT
    H13                  IBUFCTRL (Prop_IBUFCTRL_HDIOB_M_I_O)
                                                      0.000     0.788 r  clk_IBUF_inst/IBUFCTRL_INST/O
                         net (fo=1, routed)           0.091     0.879    clk_IBUF
    BUFGCE_HDIO_X1Y9     BUFGCE (Prop_BUFCE_BUFGCE_HDIO_I_O)
                                                      0.017     0.896 r  clk_IBUF_BUFG_inst/O
    X3Y5 (CLOCK_ROOT)    net (fo=68, routed)          0.897     1.793    pwl_core_inst/CLK
    SLICE_X86Y366        FDCE                                         r  pwl_core_inst/y_buffered_reg[0][3]/C
  -------------------------------------------------------------------    -------------------
    SLICE_X86Y366        FDCE (Prop_EFF_SLICEL_C_Q)
                                                      0.039     1.832 r  pwl_core_inst/y_buffered_reg[0][3]/Q
                         net (fo=1, routed)           0.389     2.221    m_axis_tdata_OBUF[3]
    D12                  OBUF (Prop_OUTBUF_HDIOB_S_I_O)
                                                      1.463     3.683 r  m_axis_tdata_OBUF[3]_inst/O
                         net (fo=0)                   0.000     3.683    m_axis_tdata[3]
    D12                                                               r  m_axis_tdata[3] (OUT)
  -------------------------------------------------------------------    -------------------

Slack:                    inf
  Source:                 pwl_core_inst/y_buffered_reg[0][1]/C
                            (rising edge-triggered cell FDCE clocked by clk  {rise@0.000ns fall@5.000ns period=10.000ns})
  Destination:            m_axis_tdata[1]
                            (output port)
  Path Group:             (none)
  Path Type:              Min at Fast Process Corner
  Data Path Delay:        1.899ns  (logic 1.502ns (79.098%)  route 0.397ns (20.902%))
  Logic Levels:           1  (OBUF=1)
  Clock Uncertainty:      0.025ns  ((TSJ^2 + TIJ^2)^1/2 + DJ) / 2 + PE
    Total System Jitter     (TSJ):    0.050ns
    Total Input Jitter      (TIJ):    0.000ns
    Discrete Jitter          (DJ):    0.000ns
    Phase Error              (PE):    0.000ns
  Clock Net Delay (Source):      0.897ns (routing 0.403ns, distribution 0.494ns)

    Location             Delay type                Incr(ns)  Path(ns)    Netlist Resource(s)
  -------------------------------------------------------------------    -------------------
                         (clock clk rise edge)        0.000     0.000 r  
    H13                                               0.000     0.000 r  clk (IN)
                         net (fo=0)                   0.000     0.000    clk_IBUF_inst/I
    H13                  INBUF (Prop_INBUF_HDIOB_M_PAD_O)
                                                      0.788     0.788 r  clk_IBUF_inst/INBUF_INST/O
                         net (fo=1, routed)           0.000     0.788    clk_IBUF_inst/OUT
    H13                  IBUFCTRL (Prop_IBUFCTRL_HDIOB_M_I_O)
                                                      0.000     0.788 r  clk_IBUF_inst/IBUFCTRL_INST/O
                         net (fo=1, routed)           0.091     0.879    clk_IBUF
    BUFGCE_HDIO_X1Y9     BUFGCE (Prop_BUFCE_BUFGCE_HDIO_I_O)
                                                      0.017     0.896 r  clk_IBUF_BUFG_inst/O
    X3Y5 (CLOCK_ROOT)    net (fo=68, routed)          0.897     1.793    pwl_core_inst/CLK
    SLICE_X86Y368        FDCE                                         r  pwl_core_inst/y_buffered_reg[0][1]/C
  -------------------------------------------------------------------    -------------------
    SLICE_X86Y368        FDCE (Prop_CFF2_SLICEL_C_Q)
                                                      0.040     1.833 r  pwl_core_inst/y_buffered_reg[0][1]/Q
                         net (fo=1, routed)           0.397     2.230    m_axis_tdata_OBUF[1]
    E13                  OBUF (Prop_OUTBUF_HDIOB_S_I_O)
                                                      1.462     3.692 r  m_axis_tdata_OBUF[1]_inst/O
                         net (fo=0)                   0.000     3.692    m_axis_tdata[1]
    E13                                                               r  m_axis_tdata[1] (OUT)
  -------------------------------------------------------------------    -------------------

Slack:                    inf
  Source:                 pwl_core_inst/y_buffered_reg[0][13]/C
                            (rising edge-triggered cell FDCE clocked by clk  {rise@0.000ns fall@5.000ns period=10.000ns})
  Destination:            m_axis_tdata[13]
                            (output port)
  Path Group:             (none)
  Path Type:              Min at Fast Process Corner
  Data Path Delay:        1.952ns  (logic 1.505ns (77.099%)  route 0.447ns (22.901%))
  Logic Levels:           1  (OBUF=1)
  Clock Uncertainty:      0.025ns  ((TSJ^2 + TIJ^2)^1/2 + DJ) / 2 + PE
    Total System Jitter     (TSJ):    0.050ns
    Total Input Jitter      (TIJ):    0.000ns
    Discrete Jitter          (DJ):    0.000ns
    Phase Error              (PE):    0.000ns
  Clock Net Delay (Source):      0.871ns (routing 0.403ns, distribution 0.468ns)

    Location             Delay type                Incr(ns)  Path(ns)    Netlist Resource(s)
  -------------------------------------------------------------------    -------------------
                         (clock clk rise edge)        0.000     0.000 r  
    H13                                               0.000     0.000 r  clk (IN)
                         net (fo=0)                   0.000     0.000    clk_IBUF_inst/I
    H13                  INBUF (Prop_INBUF_HDIOB_M_PAD_O)
                                                      0.788     0.788 r  clk_IBUF_inst/INBUF_INST/O
                         net (fo=1, routed)           0.000     0.788    clk_IBUF_inst/OUT
    H13                  IBUFCTRL (Prop_IBUFCTRL_HDIOB_M_I_O)
                                                      0.000     0.788 r  clk_IBUF_inst/IBUFCTRL_INST/O
                         net (fo=1, routed)           0.091     0.879    clk_IBUF
    BUFGCE_HDIO_X1Y9     BUFGCE (Prop_BUFCE_BUFGCE_HDIO_I_O)
                                                      0.017     0.896 r  clk_IBUF_BUFG_inst/O
    X3Y5 (CLOCK_ROOT)    net (fo=68, routed)          0.871     1.767    pwl_core_inst/CLK
    SLICE_X86Y352        FDCE                                         r  pwl_core_inst/y_buffered_reg[0][13]/C
  -------------------------------------------------------------------    -------------------
    SLICE_X86Y352        FDCE (Prop_BFF2_SLICEL_C_Q)
                                                      0.040     1.807 r  pwl_core_inst/y_buffered_reg[0][13]/Q
                         net (fo=1, routed)           0.447     2.254    m_axis_tdata_OBUF[13]
    D14                  OBUF (Prop_OUTBUF_HDIOB_S_I_O)
                                                      1.465     3.718 r  m_axis_tdata_OBUF[13]_inst/O
                         net (fo=0)                   0.000     3.718    m_axis_tdata[13]
    D14                                                               r  m_axis_tdata[13] (OUT)
  -------------------------------------------------------------------    -------------------

Slack:                    inf
  Source:                 pwl_core_inst/y_buffered_reg[0][8]/C
                            (rising edge-triggered cell FDCE clocked by clk  {rise@0.000ns fall@5.000ns period=10.000ns})
  Destination:            m_axis_tdata[8]
                            (output port)
  Path Group:             (none)
  Path Type:              Min at Fast Process Corner
  Data Path Delay:        1.953ns  (logic 1.515ns (77.576%)  route 0.438ns (22.424%))
  Logic Levels:           1  (OBUF=1)
  Clock Uncertainty:      0.025ns  ((TSJ^2 + TIJ^2)^1/2 + DJ) / 2 + PE
    Total System Jitter     (TSJ):    0.050ns
    Total Input Jitter      (TIJ):    0.000ns
    Discrete Jitter          (DJ):    0.000ns
    Phase Error              (PE):    0.000ns
  Clock Net Delay (Source):      0.871ns (routing 0.403ns, distribution 0.468ns)

    Location             Delay type                Incr(ns)  Path(ns)    Netlist Resource(s)
  -------------------------------------------------------------------    -------------------
                         (clock clk rise edge)        0.000     0.000 r  
    H13                                               0.000     0.000 r  clk (IN)
                         net (fo=0)                   0.000     0.000    clk_IBUF_inst/I
    H13                  INBUF (Prop_INBUF_HDIOB_M_PAD_O)
                                                      0.788     0.788 r  clk_IBUF_inst/INBUF_INST/O
                         net (fo=1, routed)           0.000     0.788    clk_IBUF_inst/OUT
    H13                  IBUFCTRL (Prop_IBUFCTRL_HDIOB_M_I_O)
                                                      0.000     0.788 r  clk_IBUF_inst/IBUFCTRL_INST/O
                         net (fo=1, routed)           0.091     0.879    clk_IBUF
    BUFGCE_HDIO_X1Y9     BUFGCE (Prop_BUFCE_BUFGCE_HDIO_I_O)
                                                      0.017     0.896 r  clk_IBUF_BUFG_inst/O
    X3Y5 (CLOCK_ROOT)    net (fo=68, routed)          0.871     1.767    pwl_core_inst/CLK
    SLICE_X86Y352        FDCE                                         r  pwl_core_inst/y_buffered_reg[0][8]/C
  -------------------------------------------------------------------    -------------------
    SLICE_X86Y352        FDCE (Prop_CFF_SLICEL_C_Q)
                                                      0.039     1.806 r  pwl_core_inst/y_buffered_reg[0][8]/Q
                         net (fo=1, routed)           0.438     2.244    m_axis_tdata_OBUF[8]
    C13                  OBUF (Prop_OUTBUF_HDIOB_M_I_O)
                                                      1.476     3.720 r  m_axis_tdata_OBUF[8]_inst/O
                         net (fo=0)                   0.000     3.720    m_axis_tdata[8]
    C13                                                               r  m_axis_tdata[8] (OUT)
  -------------------------------------------------------------------    -------------------





