===== Group 1 ===== 
Storage Type: ORPHAN
Base Interval: [0, 0]
Base Interval Length: 0
Base Params: b=0, c=0
Scale Factor: slope=65536
Actual interval count: 1
Quantized: b=0, c=0
Scale factor (power of 2): slope_scale=0 (2^-inf)

===== Group 0 ===== 
Storage Type: NORMAL
Base Interval: [-2, -1.99658]
Base Interval Length: 0.00341964
Base Params: b=-nan, c=-nan
Scale Factor: slope=256
Actual interval count: 2048
Quantized: b=0, c=0
Scale factor (power of 2): slope_scale=256 (2^8)

Delta for Group 1:
  Original: start=4.98974, slope=14662, intercept=73234, x_refl=0, y_refl=0
  Orphan interval length: 0.0102589
  Quantized: start=-672, end=0, length=672, slope=14662, intercept=7698

Delta for Group 0:
  Original: start=-2, slope=-2.14748e+09, intercept=-2.14748e+09, x_refl=0, y_refl=0
  Quantized: start=-512, slope=0, intercept=0

Delta for Group 0:
  Original: start=-1.99658, slope=-2.14748e+09, intercept=-2.14748e+09, x_refl=0, y_refl=0
  Quantized: start=-511, slope=0, intercept=0

Delta for Group 0:
  Original: start=-1.99316, slope=-2.14748e+09, intercept=-2.14748e+09, x_refl=0, y_refl=0
  Quantized: start=-510, slope=0, intercept=0

Delta for Group 0:
  Original: start=-1.98974, slope=-2.14748e+09, intercept=-2.14748e+09, x_refl=0, y_refl=0
  Quantized: start=-509, slope=0, intercept=0

Delta for Group 0:
  Original: start=-1.98632, slope=-2.14748e+09, intercept=-2.14748e+09, x_refl=0, y_refl=0
  Quantized: start=-508, slope=0, intercept=0

Delta for Group 0:
  Original: start=-1.9829, slope=-2.14748e+09, intercept=-2.14748e+09, x_refl=0, y_refl=0
  Quantized: start=-508, slope=0, intercept=0

Delta for Group 0:
  Original: start=-1.97948, slope=-2.14748e+09, intercept=-2.14748e+09, x_refl=0, y_refl=0
  Quantized: start=-507, slope=0, intercept=0

Delta for Group 0:
  Original: start=-1.97606, slope=-2.14748e+09, intercept=-2.14748e+09, x_refl=0, y_refl=0
  Quantized: start=-506, slope=0, intercept=0

Delta for Group 0:
  Original: start=-1.97264, slope=-2.14748e+09, intercept=-2.14748e+09, x_refl=0, y_refl=0
  Quantized: start=-505, slope=0, intercept=0

Delta for Group 0:
  Original: start=-1.96922, slope=-2.14748e+09, intercept=-2.14748e+09, x_refl=0, y_refl=0
  Quantized: start=-504, slope=0, intercept=0

Delta for Group 0:
  Original: start=-1.9658, slope=-2.14748e+09, intercept=-2.14748e+09, x_refl=0, y_refl=0
  Quantized: start=-503, slope=0, intercept=0

Delta for Group 0:
  Original: start=-1.96238, slope=-2.14748e+09, intercept=-2.14748e+09, x_refl=0, y_refl=0
  Quantized: start=-502, slope=0, intercept=0

Delta for Group 0:
  Original: start=-1.95896, slope=-2.14748e+09, intercept=-2.14748e+09, x_refl=0, y_refl=0
  Quantized: start=-501, slope=0, intercept=0

Delta for Group 0:
  Original: start=-1.95554, slope=-2.14748e+09, intercept=-2.14748e+09, x_refl=0, y_refl=0
  Quantized: start=-501, slope=0, intercept=0

Delta for Group 0:
  Original: start=-1.95213, slope=-2.14748e+09, intercept=-2.14748e+09, x_refl=0, y_refl=0
  Quantized: start=-500, slope=0, intercept=0

Delta for Group 0:
  Original: start=-1.94871, slope=-2.14748e+09, intercept=-2.14748e+09, x_refl=0, y_refl=0
  Quantized: start=-499, slope=0, intercept=0

Delta for Group 0:
  Original: start=-1.94529, slope=-2.14748e+09, intercept=-2.14748e+09, x_refl=0, y_refl=0
  Quantized: start=-498, slope=0, intercept=0

Delta for Group 0:
  Original: start=-1.94187, slope=-2.14748e+09, intercept=-2.14748e+09, x_refl=0, y_refl=0
  Quantized: start=-497, slope=0, intercept=0

Delta for Group 0:
  Original: start=-1.93845, slope=-2.14748e+09, intercept=-2.14748e+09, x_refl=0, y_refl=0
  Quantized: start=-496, slope=0, intercept=0

Delta for Group 0:
  Original: start=-1.93503, slope=-2.14748e+09, intercept=-2.14748e+09, x_refl=0, y_refl=0
  Quantized: start=-495, slope=0, intercept=0

Delta for Group 0:
  Original: start=-1.93161, slope=-2.14748e+09, intercept=-2.14748e+09, x_refl=0, y_refl=0
  Quantized: start=-494, slope=0, intercept=0

Delta for Group 0:
  Original: start=-1.92819, slope=-2.14748e+09, intercept=-2.14748e+09, x_refl=0, y_refl=0
  Quantized: start=-494, slope=0, intercept=0

Delta for Group 0:
  Original: start=-1.92477, slope=-2.14748e+09, intercept=-2.14748e+09, x_refl=0, y_refl=0
  Quantized: start=-493, slope=0, intercept=0

Delta for Group 0:
  Original: start=-1.92135, slope=-2.14748e+09, intercept=-2.14748e+09, x_refl=0, y_refl=0
  Quantized: start=-492, slope=0, intercept=0

Delta for Group 0:
  Original: start=-1.91793, slope=-2.14748e+09, intercept=-2.14748e+09, x_refl=0, y_refl=0
  Quantized: start=-491, slope=0, intercept=0

Delta for Group 0:
  Original: start=-1.91451, slope=-2.14748e+09, intercept=-2.14748e+09, x_refl=0, y_refl=0
  Quantized: start=-490, slope=0, intercept=0

Delta for Group 0:
  Original: start=-1.91109, slope=-2.14748e+09, intercept=-2.14748e+09, x_refl=0, y_refl=0
  Quantized: start=-489, slope=0, intercept=0

Delta for Group 0:
  Original: start=-1.90767, slope=-2.14748e+09, intercept=-2.14748e+09, x_refl=0, y_refl=0
  Quantized: start=-488, slope=0, intercept=0

Delta for Group 0:
  Original: start=-1.90425, slope=-2.14748e+09, intercept=-2.14748e+09, x_refl=0, y_refl=0
  Quantized: start=-487, slope=0, intercept=0

Delta for Group 0:
  Original: start=-1.90083, slope=-2.14748e+09, intercept=-2.14748e+09, x_refl=0, y_refl=0
  Quantized: start=-487, slope=0, intercept=0

Delta for Group 0:
  Original: start=-1.89741, slope=-2.14748e+09, intercept=-2.14748e+09, x_refl=0, y_refl=0
  Quantized: start=-486, slope=0, intercept=0

Delta for Group 0:
  Original: start=-1.89399, slope=-2.14748e+09, intercept=-2.14748e+09, x_refl=0, y_refl=0
  Quantized: start=-485, slope=0, intercept=0

Delta for Group 0:
  Original: start=-1.89057, slope=-2.14748e+09, intercept=-2.14748e+09, x_refl=0, y_refl=0
  Quantized: start=-484, slope=0, intercept=0

Delta for Group 0:
  Original: start=-1.88715, slope=-2.14748e+09, intercept=-2.14748e+09, x_refl=0, y_refl=0
  Quantized: start=-483, slope=0, intercept=0

Delta for Group 0:
  Original: start=-1.88373, slope=-2.14748e+09, intercept=-2.14748e+09, x_refl=0, y_refl=0
  Quantized: start=-482, slope=0, intercept=0

Delta for Group 0:
  Original: start=-1.88031, slope=-2.14748e+09, intercept=-2.14748e+09, x_refl=0, y_refl=0
  Quantized: start=-481, slope=0, intercept=0

Delta for Group 0:
  Original: start=-1.87689, slope=-2.14748e+09, intercept=-2.14748e+09, x_refl=0, y_refl=0
  Quantized: start=-480, slope=0, intercept=0

Delta for Group 0:
  Original: start=-1.87347, slope=-2.14748e+09, intercept=-2.14748e+09, x_refl=0, y_refl=0
  Quantized: start=-480, slope=0, intercept=0

Delta for Group 0:
  Original: start=-1.87005, slope=-2.14748e+09, intercept=-2.14748e+09, x_refl=0, y_refl=0
  Quantized: start=-479, slope=0, intercept=0

Delta for Group 0:
  Original: start=-1.86663, slope=-2.14748e+09, intercept=-2.14748e+09, x_refl=0, y_refl=0
  Quantized: start=-478, slope=0, intercept=0

Delta for Group 0:
  Original: start=-1.86321, slope=-2.14748e+09, intercept=-2.14748e+09, x_refl=0, y_refl=0
  Quantized: start=-477, slope=0, intercept=0

Delta for Group 0:
  Original: start=-1.85979, slope=-2.14748e+09, intercept=-2.14748e+09, x_refl=0, y_refl=0
  Quantized: start=-476, slope=0, intercept=0

Delta for Group 0:
  Original: start=-1.85638, slope=-2.14748e+09, intercept=-2.14748e+09, x_refl=0, y_refl=0
  Quantized: start=-475, slope=0, intercept=0

Delta for Group 0:
  Original: start=-1.85296, slope=-2.14748e+09, intercept=-2.14748e+09, x_refl=0, y_refl=0
  Quantized: start=-474, slope=0, intercept=0

Delta for Group 0:
  Original: start=-1.84954, slope=-2.14748e+09, intercept=-2.14748e+09, x_refl=0, y_refl=0
  Quantized: start=-473, slope=0, intercept=0

Delta for Group 0:
  Original: start=-1.84612, slope=-2.14748e+09, intercept=-2.14748e+09, x_refl=0, y_refl=0
  Quantized: start=-473, slope=0, intercept=0

Delta for Group 0:
  Original: start=-1.8427, slope=-2.14748e+09, intercept=-2.14748e+09, x_refl=0, y_refl=0
  Quantized: start=-472, slope=0, intercept=0

Delta for Group 0:
  Original: start=-1.83928, slope=-2.14748e+09, intercept=-2.14748e+09, x_refl=0, y_refl=0
  Quantized: start=-471, slope=0, intercept=0

Delta for Group 0:
  Original: start=-1.83586, slope=-2.14748e+09, intercept=-2.14748e+09, x_refl=0, y_refl=0
  Quantized: start=-470, slope=0, intercept=0

Delta for Group 0:
  Original: start=-1.83244, slope=-2.14748e+09, intercept=-2.14748e+09, x_refl=0, y_refl=0
  Quantized: start=-469, slope=0, intercept=0

Delta for Group 0:
  Original: start=-1.82902, slope=-2.14748e+09, intercept=-2.14748e+09, x_refl=0, y_refl=0
  Quantized: start=-468, slope=0, intercept=0

Delta for Group 0:
  Original: start=-1.8256, slope=-2.14748e+09, intercept=-2.14748e+09, x_refl=0, y_refl=0
  Quantized: start=-467, slope=0, intercept=0

Delta for Group 0:
  Original: start=-1.82218, slope=-2.14748e+09, intercept=-2.14748e+09, x_refl=0, y_refl=0
  Quantized: start=-466, slope=0, intercept=0

Delta for Group 0:
  Original: start=-1.81876, slope=-2.14748e+09, intercept=-2.14748e+09, x_refl=0, y_refl=0
  Quantized: start=-466, slope=0, intercept=0

Delta for Group 0:
  Original: start=-1.81534, slope=-2.14748e+09, intercept=-2.14748e+09, x_refl=0, y_refl=0
  Quantized: start=-465, slope=0, intercept=0

Delta for Group 0:
  Original: start=-1.81192, slope=-2.14748e+09, intercept=-2.14748e+09, x_refl=0, y_refl=0
  Quantized: start=-464, slope=0, intercept=0

Delta for Group 0:
  Original: start=-1.8085, slope=-2.14748e+09, intercept=-2.14748e+09, x_refl=0, y_refl=0
  Quantized: start=-463, slope=0, intercept=0

Delta for Group 0:
  Original: start=-1.80508, slope=-2.14748e+09, intercept=-2.14748e+09, x_refl=0, y_refl=0
  Quantized: start=-462, slope=0, intercept=0

Delta for Group 0:
  Original: start=-1.80166, slope=-2.14748e+09, intercept=-2.14748e+09, x_refl=0, y_refl=0
  Quantized: start=-461, slope=0, intercept=0

Delta for Group 0:
  Original: start=-1.79824, slope=-2.14748e+09, intercept=-2.14748e+09, x_refl=0, y_refl=0
  Quantized: start=-460, slope=0, intercept=0

Delta for Group 0:
  Original: start=-1.79482, slope=-2.14748e+09, intercept=-2.14748e+09, x_refl=0, y_refl=0
  Quantized: start=-459, slope=0, intercept=0

Delta for Group 0:
  Original: start=-1.7914, slope=-2.14748e+09, intercept=-2.14748e+09, x_refl=0, y_refl=0
  Quantized: start=-459, slope=0, intercept=0

Delta for Group 0:
  Original: start=-1.78798, slope=-2.14748e+09, intercept=-2.14748e+09, x_refl=0, y_refl=0
  Quantized: start=-458, slope=0, intercept=0

Delta for Group 0:
  Original: start=-1.78456, slope=-2.14748e+09, intercept=-2.14748e+09, x_refl=0, y_refl=0
  Quantized: start=-457, slope=0, intercept=0

Delta for Group 0:
  Original: start=-1.78114, slope=-2.14748e+09, intercept=-2.14748e+09, x_refl=0, y_refl=0
  Quantized: start=-456, slope=0, intercept=0

Delta for Group 0:
  Original: start=-1.77772, slope=-2.14748e+09, intercept=-2.14748e+09, x_refl=0, y_refl=0
  Quantized: start=-455, slope=0, intercept=0

Delta for Group 0:
  Original: start=-1.7743, slope=-2.14748e+09, intercept=-2.14748e+09, x_refl=0, y_refl=0
  Quantized: start=-454, slope=0, intercept=0

Delta for Group 0:
  Original: start=-1.77088, slope=-2.14748e+09, intercept=-2.14748e+09, x_refl=0, y_refl=0
  Quantized: start=-453, slope=0, intercept=0

Delta for Group 0:
  Original: start=-1.76746, slope=-2.14748e+09, intercept=-2.14748e+09, x_refl=0, y_refl=0
  Quantized: start=-452, slope=0, intercept=0

Delta for Group 0:
  Original: start=-1.76404, slope=-2.14748e+09, intercept=-2.14748e+09, x_refl=0, y_refl=0
  Quantized: start=-452, slope=0, intercept=0

Delta for Group 0:
  Original: start=-1.76063, slope=-2.14748e+09, intercept=-2.14748e+09, x_refl=0, y_refl=0
  Quantized: start=-451, slope=0, intercept=0

Delta for Group 0:
  Original: start=-1.75721, slope=-2.14748e+09, intercept=-2.14748e+09, x_refl=0, y_refl=0
  Quantized: start=-450, slope=0, intercept=0

Delta for Group 0:
  Original: start=-1.75379, slope=-2.14748e+09, intercept=-2.14748e+09, x_refl=0, y_refl=0
  Quantized: start=-449, slope=0, intercept=0

Delta for Group 0:
  Original: start=-1.75037, slope=-2.14748e+09, intercept=-2.14748e+09, x_refl=0, y_refl=0
  Quantized: start=-448, slope=0, intercept=0

Delta for Group 0:
  Original: start=-1.74695, slope=-2.14748e+09, intercept=-2.14748e+09, x_refl=0, y_refl=0
  Quantized: start=-447, slope=0, intercept=0

Delta for Group 0:
  Original: start=-1.74353, slope=-2.14748e+09, intercept=-2.14748e+09, x_refl=0, y_refl=0
  Quantized: start=-446, slope=0, intercept=0

Delta for Group 0:
  Original: start=-1.74011, slope=-2.14748e+09, intercept=-2.14748e+09, x_refl=0, y_refl=0
  Quantized: start=-445, slope=0, intercept=0

Delta for Group 0:
  Original: start=-1.73669, slope=-2.14748e+09, intercept=-2.14748e+09, x_refl=0, y_refl=0
  Quantized: start=-445, slope=0, intercept=0

Delta for Group 0:
  Original: start=-1.73327, slope=-2.14748e+09, intercept=-2.14748e+09, x_refl=0, y_refl=0
  Quantized: start=-444, slope=0, intercept=0

Delta for Group 0:
  Original: start=-1.72985, slope=-2.14748e+09, intercept=-2.14748e+09, x_refl=0, y_refl=0
  Quantized: start=-443, slope=0, intercept=0

Delta for Group 0:
  Original: start=-1.72643, slope=-2.14748e+09, intercept=-2.14748e+09, x_refl=0, y_refl=0
  Quantized: start=-442, slope=0, intercept=0

Delta for Group 0:
  Original: start=-1.72301, slope=-2.14748e+09, intercept=-2.14748e+09, x_refl=0, y_refl=0
  Quantized: start=-441, slope=0, intercept=0

Delta for Group 0:
  Original: start=-1.71959, slope=-2.14748e+09, intercept=-2.14748e+09, x_refl=0, y_refl=0
  Quantized: start=-440, slope=0, intercept=0

Delta for Group 0:
  Original: start=-1.71617, slope=-2.14748e+09, intercept=-2.14748e+09, x_refl=0, y_refl=0
  Quantized: start=-439, slope=0, intercept=0

Delta for Group 0:
  Original: start=-1.71275, slope=-2.14748e+09, intercept=-2.14748e+09, x_refl=0, y_refl=0
  Quantized: start=-438, slope=0, intercept=0

Delta for Group 0:
  Original: start=-1.70933, slope=-2.14748e+09, intercept=-2.14748e+09, x_refl=0, y_refl=0
  Quantized: start=-438, slope=0, intercept=0

Delta for Group 0:
  Original: start=-1.70591, slope=-2.14748e+09, intercept=-2.14748e+09, x_refl=0, y_refl=0
  Quantized: start=-437, slope=0, intercept=0

Delta for Group 0:
  Original: start=-1.70249, slope=-2.14748e+09, intercept=-2.14748e+09, x_refl=0, y_refl=0
  Quantized: start=-436, slope=0, intercept=0

Delta for Group 0:
  Original: start=-1.69907, slope=-2.14748e+09, intercept=-2.14748e+09, x_refl=0, y_refl=0
  Quantized: start=-435, slope=0, intercept=0

Delta for Group 0:
  Original: start=-1.69565, slope=-2.14748e+09, intercept=-2.14748e+09, x_refl=0, y_refl=0
  Quantized: start=-434, slope=0, intercept=0

Delta for Group 0:
  Original: start=-1.69223, slope=-2.14748e+09, intercept=-2.14748e+09, x_refl=0, y_refl=0
  Quantized: start=-433, slope=0, intercept=0

Delta for Group 0:
  Original: start=-1.68881, slope=-2.14748e+09, intercept=-2.14748e+09, x_refl=0, y_refl=0
  Quantized: start=-432, slope=0, intercept=0

Delta for Group 0:
  Original: start=-1.68539, slope=-2.14748e+09, intercept=-2.14748e+09, x_refl=0, y_refl=0
  Quantized: start=-431, slope=0, intercept=0

Delta for Group 0:
  Original: start=-1.68197, slope=-2.14748e+09, intercept=-2.14748e+09, x_refl=0, y_refl=0
  Quantized: start=-431, slope=0, intercept=0

Delta for Group 0:
  Original: start=-1.67855, slope=-2.14748e+09, intercept=-2.14748e+09, x_refl=0, y_refl=0
  Quantized: start=-430, slope=0, intercept=0

Delta for Group 0:
  Original: start=-1.67513, slope=-2.14748e+09, intercept=-2.14748e+09, x_refl=0, y_refl=0
  Quantized: start=-429, slope=0, intercept=0

Delta for Group 0:
  Original: start=-1.67171, slope=-2.14748e+09, intercept=-2.14748e+09, x_refl=0, y_refl=0
  Quantized: start=-428, slope=0, intercept=0

Delta for Group 0:
  Original: start=-1.6683, slope=-2.14748e+09, intercept=-2.14748e+09, x_refl=0, y_refl=0
  Quantized: start=-427, slope=0, intercept=0

Delta for Group 0:
  Original: start=-1.66488, slope=-2.14748e+09, intercept=-2.14748e+09, x_refl=0, y_refl=0
  Quantized: start=-426, slope=0, intercept=0

Delta for Group 0:
  Original: start=-1.66146, slope=-2.14748e+09, intercept=-2.14748e+09, x_refl=0, y_refl=0
  Quantized: start=-425, slope=0, intercept=0

Delta for Group 0:
  Original: start=-1.65804, slope=-2.14748e+09, intercept=-2.14748e+09, x_refl=0, y_refl=0
  Quantized: start=-424, slope=0, intercept=0

Delta for Group 0:
  Original: start=-1.65462, slope=-2.14748e+09, intercept=-2.14748e+09, x_refl=0, y_refl=0
  Quantized: start=-424, slope=0, intercept=0

Delta for Group 0:
  Original: start=-1.6512, slope=-2.14748e+09, intercept=-2.14748e+09, x_refl=0, y_refl=0
  Quantized: start=-423, slope=0, intercept=0

Delta for Group 0:
  Original: start=-1.64778, slope=-2.14748e+09, intercept=-2.14748e+09, x_refl=0, y_refl=0
  Quantized: start=-422, slope=0, intercept=0

Delta for Group 0:
  Original: start=-1.64436, slope=-2.14748e+09, intercept=-2.14748e+09, x_refl=0, y_refl=0
  Quantized: start=-421, slope=0, intercept=0

Delta for Group 0:
  Original: start=-1.64094, slope=-2.14748e+09, intercept=-2.14748e+09, x_refl=0, y_refl=0
  Quantized: start=-420, slope=0, intercept=0

Delta for Group 0:
  Original: start=-1.63752, slope=-2.14748e+09, intercept=-2.14748e+09, x_refl=0, y_refl=0
  Quantized: start=-419, slope=0, intercept=0

Delta for Group 0:
  Original: start=-1.6341, slope=-2.14748e+09, intercept=-2.14748e+09, x_refl=0, y_refl=0
  Quantized: start=-418, slope=0, intercept=0

Delta for Group 0:
  Original: start=-1.63068, slope=-2.14748e+09, intercept=-2.14748e+09, x_refl=0, y_refl=0
  Quantized: start=-417, slope=0, intercept=0

Delta for Group 0:
  Original: start=-1.62726, slope=-2.14748e+09, intercept=-2.14748e+09, x_refl=0, y_refl=0
  Quantized: start=-417, slope=0, intercept=0

Delta for Group 0:
  Original: start=-1.62384, slope=-2.14748e+09, intercept=-2.14748e+09, x_refl=0, y_refl=0
  Quantized: start=-416, slope=0, intercept=0

Delta for Group 0:
  Original: start=-1.62042, slope=-2.14748e+09, intercept=-2.14748e+09, x_refl=0, y_refl=0
  Quantized: start=-415, slope=0, intercept=0

Delta for Group 0:
  Original: start=-1.617, slope=-2.14748e+09, intercept=-2.14748e+09, x_refl=0, y_refl=0
  Quantized: start=-414, slope=0, intercept=0

Delta for Group 0:
  Original: start=-1.61358, slope=-2.14748e+09, intercept=-2.14748e+09, x_refl=0, y_refl=0
  Quantized: start=-413, slope=0, intercept=0

Delta for Group 0:
  Original: start=-1.61016, slope=-2.14748e+09, intercept=-2.14748e+09, x_refl=0, y_refl=0
  Quantized: start=-412, slope=0, intercept=0

Delta for Group 0:
  Original: start=-1.60674, slope=-2.14748e+09, intercept=-2.14748e+09, x_refl=0, y_refl=0
  Quantized: start=-411, slope=0, intercept=0

Delta for Group 0:
  Original: start=-1.60332, slope=-2.14748e+09, intercept=-2.14748e+09, x_refl=0, y_refl=0
  Quantized: start=-410, slope=0, intercept=0

Delta for Group 0:
  Original: start=-1.5999, slope=-2.14748e+09, intercept=-2.14748e+09, x_refl=0, y_refl=0
  Quantized: start=-410, slope=0, intercept=0

Delta for Group 0:
  Original: start=-1.59648, slope=-2.14748e+09, intercept=-2.14748e+09, x_refl=0, y_refl=0
  Quantized: start=-409, slope=0, intercept=0

Delta for Group 0:
  Original: start=-1.59306, slope=-2.14748e+09, intercept=-2.14748e+09, x_refl=0, y_refl=0
  Quantized: start=-408, slope=0, intercept=0

Delta for Group 0:
  Original: start=-1.58964, slope=-2.14748e+09, intercept=-2.14748e+09, x_refl=0, y_refl=0
  Quantized: start=-407, slope=0, intercept=0

Delta for Group 0:
  Original: start=-1.58622, slope=-2.14748e+09, intercept=-2.14748e+09, x_refl=0, y_refl=0
  Quantized: start=-406, slope=0, intercept=0

Delta for Group 0:
  Original: start=-1.5828, slope=-2.14748e+09, intercept=-2.14748e+09, x_refl=0, y_refl=0
  Quantized: start=-405, slope=0, intercept=0

Delta for Group 0:
  Original: start=-1.57938, slope=-2.14748e+09, intercept=-2.14748e+09, x_refl=0, y_refl=0
  Quantized: start=-404, slope=0, intercept=0

Delta for Group 0:
  Original: start=-1.57596, slope=-2.14748e+09, intercept=-2.14748e+09, x_refl=0, y_refl=0
  Quantized: start=-403, slope=0, intercept=0

Delta for Group 0:
  Original: start=-1.57255, slope=-2.14748e+09, intercept=-2.14748e+09, x_refl=0, y_refl=0
  Quantized: start=-403, slope=0, intercept=0

Delta for Group 0:
  Original: start=-1.56913, slope=-2.14748e+09, intercept=-2.14748e+09, x_refl=0, y_refl=0
  Quantized: start=-402, slope=0, intercept=0

Delta for Group 0:
  Original: start=-1.56571, slope=-2.14748e+09, intercept=-2.14748e+09, x_refl=0, y_refl=0
  Quantized: start=-401, slope=0, intercept=0

Delta for Group 0:
  Original: start=-1.56229, slope=-2.14748e+09, intercept=-2.14748e+09, x_refl=0, y_refl=0
  Quantized: start=-400, slope=0, intercept=0

Delta for Group 0:
  Original: start=-1.55887, slope=-2.14748e+09, intercept=-2.14748e+09, x_refl=0, y_refl=0
  Quantized: start=-399, slope=0, intercept=0

Delta for Group 0:
  Original: start=-1.55545, slope=-2.14748e+09, intercept=-2.14748e+09, x_refl=0, y_refl=0
  Quantized: start=-398, slope=0, intercept=0

Delta for Group 0:
  Original: start=-1.55203, slope=-2.14748e+09, intercept=-2.14748e+09, x_refl=0, y_refl=0
  Quantized: start=-397, slope=0, intercept=0

Delta for Group 0:
  Original: start=-1.54861, slope=-2.14748e+09, intercept=-2.14748e+09, x_refl=0, y_refl=0
  Quantized: start=-396, slope=0, intercept=0

Delta for Group 0:
  Original: start=-1.54519, slope=-2.14748e+09, intercept=-2.14748e+09, x_refl=0, y_refl=0
  Quantized: start=-396, slope=0, intercept=0

Delta for Group 0:
  Original: start=-1.54177, slope=-2.14748e+09, intercept=-2.14748e+09, x_refl=0, y_refl=0
  Quantized: start=-395, slope=0, intercept=0

Delta for Group 0:
  Original: start=-1.53835, slope=-2.14748e+09, intercept=-2.14748e+09, x_refl=0, y_refl=0
  Quantized: start=-394, slope=0, intercept=0

Delta for Group 0:
  Original: start=-1.53493, slope=-2.14748e+09, intercept=-2.14748e+09, x_refl=0, y_refl=0
  Quantized: start=-393, slope=0, intercept=0

Delta for Group 0:
  Original: start=-1.53151, slope=-2.14748e+09, intercept=-2.14748e+09, x_refl=0, y_refl=0
  Quantized: start=-392, slope=0, intercept=0

Delta for Group 0:
  Original: start=-1.52809, slope=-2.14748e+09, intercept=-2.14748e+09, x_refl=0, y_refl=0
  Quantized: start=-391, slope=0, intercept=0

Delta for Group 0:
  Original: start=-1.52467, slope=-2.14748e+09, intercept=-2.14748e+09, x_refl=0, y_refl=0
  Quantized: start=-390, slope=0, intercept=0

Delta for Group 0:
  Original: start=-1.52125, slope=-2.14748e+09, intercept=-2.14748e+09, x_refl=0, y_refl=0
  Quantized: start=-389, slope=0, intercept=0

Delta for Group 0:
  Original: start=-1.51783, slope=-2.14748e+09, intercept=-2.14748e+09, x_refl=0, y_refl=0
  Quantized: start=-389, slope=0, intercept=0

Delta for Group 0:
  Original: start=-1.51441, slope=-2.14748e+09, intercept=-2.14748e+09, x_refl=0, y_refl=0
  Quantized: start=-388, slope=0, intercept=0

Delta for Group 0:
  Original: start=-1.51099, slope=-2.14748e+09, intercept=-2.14748e+09, x_refl=0, y_refl=0
  Quantized: start=-387, slope=0, intercept=0

Delta for Group 0:
  Original: start=-1.50757, slope=-2.14748e+09, intercept=-2.14748e+09, x_refl=0, y_refl=0
  Quantized: start=-386, slope=0, intercept=0

Delta for Group 0:
  Original: start=-1.50415, slope=-2.14748e+09, intercept=-2.14748e+09, x_refl=0, y_refl=0
  Quantized: start=-385, slope=0, intercept=0

Delta for Group 0:
  Original: start=-1.50073, slope=-2.14748e+09, intercept=-2.14748e+09, x_refl=0, y_refl=0
  Quantized: start=-384, slope=0, intercept=0

Delta for Group 0:
  Original: start=-1.49731, slope=-2.14748e+09, intercept=-2.14748e+09, x_refl=0, y_refl=0
  Quantized: start=-383, slope=0, intercept=0

Delta for Group 0:
  Original: start=-1.49389, slope=-2.14748e+09, intercept=-2.14748e+09, x_refl=0, y_refl=0
  Quantized: start=-382, slope=0, intercept=0

Delta for Group 0:
  Original: start=-1.49047, slope=-2.14748e+09, intercept=-2.14748e+09, x_refl=0, y_refl=0
  Quantized: start=-382, slope=0, intercept=0

Delta for Group 0:
  Original: start=-1.48705, slope=-2.14748e+09, intercept=-2.14748e+09, x_refl=0, y_refl=0
  Quantized: start=-381, slope=0, intercept=0

Delta for Group 0:
  Original: start=-1.48363, slope=-2.14748e+09, intercept=-2.14748e+09, x_refl=0, y_refl=0
  Quantized: start=-380, slope=0, intercept=0

Delta for Group 0:
  Original: start=-1.48021, slope=-2.14748e+09, intercept=-2.14748e+09, x_refl=0, y_refl=0
  Quantized: start=-379, slope=0, intercept=0

Delta for Group 0:
  Original: start=-1.4768, slope=-2.14748e+09, intercept=-2.14748e+09, x_refl=0, y_refl=0
  Quantized: start=-378, slope=0, intercept=0

Delta for Group 0:
  Original: start=-1.47338, slope=-2.14748e+09, intercept=-2.14748e+09, x_refl=0, y_refl=0
  Quantized: start=-377, slope=0, intercept=0

Delta for Group 0:
  Original: start=-1.46996, slope=-2.14748e+09, intercept=-2.14748e+09, x_refl=0, y_refl=0
  Quantized: start=-376, slope=0, intercept=0

Delta for Group 0:
  Original: start=-1.46654, slope=-2.14748e+09, intercept=-2.14748e+09, x_refl=0, y_refl=0
  Quantized: start=-375, slope=0, intercept=0

Delta for Group 0:
  Original: start=-1.46312, slope=-2.14748e+09, intercept=-2.14748e+09, x_refl=0, y_refl=0
  Quantized: start=-375, slope=0, intercept=0

Delta for Group 0:
  Original: start=-1.4597, slope=-2.14748e+09, intercept=-2.14748e+09, x_refl=0, y_refl=0
  Quantized: start=-374, slope=0, intercept=0

Delta for Group 0:
  Original: start=-1.45628, slope=-2.14748e+09, intercept=-2.14748e+09, x_refl=0, y_refl=0
  Quantized: start=-373, slope=0, intercept=0

Delta for Group 0:
  Original: start=-1.45286, slope=-2.14748e+09, intercept=-2.14748e+09, x_refl=0, y_refl=0
  Quantized: start=-372, slope=0, intercept=0

Delta for Group 0:
  Original: start=-1.44944, slope=-2.14748e+09, intercept=-2.14748e+09, x_refl=0, y_refl=0
  Quantized: start=-371, slope=0, intercept=0

Delta for Group 0:
  Original: start=-1.44602, slope=-2.14748e+09, intercept=-2.14748e+09, x_refl=0, y_refl=0
  Quantized: start=-370, slope=0, intercept=0

Delta for Group 0:
  Original: start=-1.4426, slope=-2.14748e+09, intercept=-2.14748e+09, x_refl=0, y_refl=0
  Quantized: start=-369, slope=0, intercept=0

Delta for Group 0:
  Original: start=-1.43918, slope=-2.14748e+09, intercept=-2.14748e+09, x_refl=0, y_refl=0
  Quantized: start=-368, slope=0, intercept=0

Delta for Group 0:
  Original: start=-1.43576, slope=-2.14748e+09, intercept=-2.14748e+09, x_refl=0, y_refl=0
  Quantized: start=-368, slope=0, intercept=0

Delta for Group 0:
  Original: start=-1.43234, slope=-2.14748e+09, intercept=-2.14748e+09, x_refl=0, y_refl=0
  Quantized: start=-367, slope=0, intercept=0

Delta for Group 0:
  Original: start=-1.42892, slope=-2.14748e+09, intercept=-2.14748e+09, x_refl=0, y_refl=0
  Quantized: start=-366, slope=0, intercept=0

Delta for Group 0:
  Original: start=-1.4255, slope=-2.14748e+09, intercept=-2.14748e+09, x_refl=0, y_refl=0
  Quantized: start=-365, slope=0, intercept=0

Delta for Group 0:
  Original: start=-1.42208, slope=-2.14748e+09, intercept=-2.14748e+09, x_refl=0, y_refl=0
  Quantized: start=-364, slope=0, intercept=0

Delta for Group 0:
  Original: start=-1.41866, slope=-2.14748e+09, intercept=-2.14748e+09, x_refl=0, y_refl=0
  Quantized: start=-363, slope=0, intercept=0

Delta for Group 0:
  Original: start=-1.41524, slope=-2.14748e+09, intercept=-2.14748e+09, x_refl=0, y_refl=0
  Quantized: start=-362, slope=0, intercept=0

Delta for Group 0:
  Original: start=-1.41182, slope=-2.14748e+09, intercept=-2.14748e+09, x_refl=0, y_refl=0
  Quantized: start=-361, slope=0, intercept=0

Delta for Group 0:
  Original: start=-1.4084, slope=-2.14748e+09, intercept=-2.14748e+09, x_refl=0, y_refl=0
  Quantized: start=-361, slope=0, intercept=0

Delta for Group 0:
  Original: start=-1.40498, slope=-2.14748e+09, intercept=-2.14748e+09, x_refl=0, y_refl=0
  Quantized: start=-360, slope=0, intercept=0

Delta for Group 0:
  Original: start=-1.40156, slope=-2.14748e+09, intercept=-2.14748e+09, x_refl=0, y_refl=0
  Quantized: start=-359, slope=0, intercept=0

Delta for Group 0:
  Original: start=-1.39814, slope=-2.14748e+09, intercept=-2.14748e+09, x_refl=0, y_refl=0
  Quantized: start=-358, slope=0, intercept=0

Delta for Group 0:
  Original: start=-1.39472, slope=-2.14748e+09, intercept=-2.14748e+09, x_refl=0, y_refl=0
  Quantized: start=-357, slope=0, intercept=0

Delta for Group 0:
  Original: start=-1.3913, slope=-2.14748e+09, intercept=-2.14748e+09, x_refl=0, y_refl=0
  Quantized: start=-356, slope=0, intercept=0

Delta for Group 0:
  Original: start=-1.38788, slope=-2.14748e+09, intercept=-2.14748e+09, x_refl=0, y_refl=0
  Quantized: start=-355, slope=0, intercept=0

Delta for Group 0:
  Original: start=-1.38447, slope=-2.14748e+09, intercept=-2.14748e+09, x_refl=0, y_refl=0
  Quantized: start=-354, slope=0, intercept=0

Delta for Group 0:
  Original: start=-1.38105, slope=-2.14748e+09, intercept=-2.14748e+09, x_refl=0, y_refl=0
  Quantized: start=-354, slope=0, intercept=0

Delta for Group 0:
  Original: start=-1.37763, slope=-2.14748e+09, intercept=-2.14748e+09, x_refl=0, y_refl=0
  Quantized: start=-353, slope=0, intercept=0

Delta for Group 0:
  Original: start=-1.37421, slope=-2.14748e+09, intercept=-2.14748e+09, x_refl=0, y_refl=0
  Quantized: start=-352, slope=0, intercept=0

Delta for Group 0:
  Original: start=-1.37079, slope=-2.14748e+09, intercept=-2.14748e+09, x_refl=0, y_refl=0
  Quantized: start=-351, slope=0, intercept=0

Delta for Group 0:
  Original: start=-1.36737, slope=-2.14748e+09, intercept=-2.14748e+09, x_refl=0, y_refl=0
  Quantized: start=-350, slope=0, intercept=0

Delta for Group 0:
  Original: start=-1.36395, slope=-2.14748e+09, intercept=-2.14748e+09, x_refl=0, y_refl=0
  Quantized: start=-349, slope=0, intercept=0

Delta for Group 0:
  Original: start=-1.36053, slope=-2.14748e+09, intercept=-2.14748e+09, x_refl=0, y_refl=0
  Quantized: start=-348, slope=0, intercept=0

Delta for Group 0:
  Original: start=-1.35711, slope=-2.14748e+09, intercept=-2.14748e+09, x_refl=0, y_refl=0
  Quantized: start=-347, slope=0, intercept=0

Delta for Group 0:
  Original: start=-1.35369, slope=-2.14748e+09, intercept=-2.14748e+09, x_refl=0, y_refl=0
  Quantized: start=-347, slope=0, intercept=0

Delta for Group 0:
  Original: start=-1.35027, slope=-2.14748e+09, intercept=-2.14748e+09, x_refl=0, y_refl=0
  Quantized: start=-346, slope=0, intercept=0

Delta for Group 0:
  Original: start=-1.34685, slope=-2.14748e+09, intercept=-2.14748e+09, x_refl=0, y_refl=0
  Quantized: start=-345, slope=0, intercept=0

Delta for Group 0:
  Original: start=-1.34343, slope=-2.14748e+09, intercept=-2.14748e+09, x_refl=0, y_refl=0
  Quantized: start=-344, slope=0, intercept=0

Delta for Group 0:
  Original: start=-1.34001, slope=-2.14748e+09, intercept=-2.14748e+09, x_refl=0, y_refl=0
  Quantized: start=-343, slope=0, intercept=0

Delta for Group 0:
  Original: start=-1.33659, slope=-2.14748e+09, intercept=-2.14748e+09, x_refl=0, y_refl=0
  Quantized: start=-342, slope=0, intercept=0

Delta for Group 0:
  Original: start=-1.33317, slope=-2.14748e+09, intercept=-2.14748e+09, x_refl=0, y_refl=0
  Quantized: start=-341, slope=0, intercept=0

Delta for Group 0:
  Original: start=-1.32975, slope=-2.14748e+09, intercept=-2.14748e+09, x_refl=0, y_refl=0
  Quantized: start=-340, slope=0, intercept=0

Delta for Group 0:
  Original: start=-1.32633, slope=-2.14748e+09, intercept=-2.14748e+09, x_refl=0, y_refl=0
  Quantized: start=-340, slope=0, intercept=0

Delta for Group 0:
  Original: start=-1.32291, slope=-2.14748e+09, intercept=-2.14748e+09, x_refl=0, y_refl=0
  Quantized: start=-339, slope=0, intercept=0

Delta for Group 0:
  Original: start=-1.31949, slope=-2.14748e+09, intercept=-2.14748e+09, x_refl=0, y_refl=0
  Quantized: start=-338, slope=0, intercept=0

Delta for Group 0:
  Original: start=-1.31607, slope=-2.14748e+09, intercept=-2.14748e+09, x_refl=0, y_refl=0
  Quantized: start=-337, slope=0, intercept=0

Delta for Group 0:
  Original: start=-1.31265, slope=-2.14748e+09, intercept=-2.14748e+09, x_refl=0, y_refl=0
  Quantized: start=-336, slope=0, intercept=0

Delta for Group 0:
  Original: start=-1.30923, slope=-2.14748e+09, intercept=-2.14748e+09, x_refl=0, y_refl=0
  Quantized: start=-335, slope=0, intercept=0

Delta for Group 0:
  Original: start=-1.30581, slope=-2.14748e+09, intercept=-2.14748e+09, x_refl=0, y_refl=0
  Quantized: start=-334, slope=0, intercept=0

Delta for Group 0:
  Original: start=-1.30239, slope=-2.14748e+09, intercept=-2.14748e+09, x_refl=0, y_refl=0
  Quantized: start=-333, slope=0, intercept=0

Delta for Group 0:
  Original: start=-1.29897, slope=-2.14748e+09, intercept=-2.14748e+09, x_refl=0, y_refl=0
  Quantized: start=-333, slope=0, intercept=0

Delta for Group 0:
  Original: start=-1.29555, slope=-2.14748e+09, intercept=-2.14748e+09, x_refl=0, y_refl=0
  Quantized: start=-332, slope=0, intercept=0

Delta for Group 0:
  Original: start=-1.29213, slope=-2.14748e+09, intercept=-2.14748e+09, x_refl=0, y_refl=0
  Quantized: start=-331, slope=0, intercept=0

Delta for Group 0:
  Original: start=-1.28872, slope=-2.14748e+09, intercept=-2.14748e+09, x_refl=0, y_refl=0
  Quantized: start=-330, slope=0, intercept=0

Delta for Group 0:
  Original: start=-1.2853, slope=-2.14748e+09, intercept=-2.14748e+09, x_refl=0, y_refl=0
  Quantized: start=-329, slope=0, intercept=0

Delta for Group 0:
  Original: start=-1.28188, slope=-2.14748e+09, intercept=-2.14748e+09, x_refl=0, y_refl=0
  Quantized: start=-328, slope=0, intercept=0

Delta for Group 0:
  Original: start=-1.27846, slope=-2.14748e+09, intercept=-2.14748e+09, x_refl=0, y_refl=0
  Quantized: start=-327, slope=0, intercept=0

Delta for Group 0:
  Original: start=-1.27504, slope=-2.14748e+09, intercept=-2.14748e+09, x_refl=0, y_refl=0
  Quantized: start=-326, slope=0, intercept=0

Delta for Group 0:
  Original: start=-1.27162, slope=-2.14748e+09, intercept=-2.14748e+09, x_refl=0, y_refl=0
  Quantized: start=-326, slope=0, intercept=0

Delta for Group 0:
  Original: start=-1.2682, slope=-2.14748e+09, intercept=-2.14748e+09, x_refl=0, y_refl=0
  Quantized: start=-325, slope=0, intercept=0

Delta for Group 0:
  Original: start=-1.26478, slope=-2.14748e+09, intercept=-2.14748e+09, x_refl=0, y_refl=0
  Quantized: start=-324, slope=0, intercept=0

Delta for Group 0:
  Original: start=-1.26136, slope=-2.14748e+09, intercept=-2.14748e+09, x_refl=0, y_refl=0
  Quantized: start=-323, slope=0, intercept=0

Delta for Group 0:
  Original: start=-1.25794, slope=-2.14748e+09, intercept=-2.14748e+09, x_refl=0, y_refl=0
  Quantized: start=-322, slope=0, intercept=0

Delta for Group 0:
  Original: start=-1.25452, slope=-2.14748e+09, intercept=-2.14748e+09, x_refl=0, y_refl=0
  Quantized: start=-321, slope=0, intercept=0

Delta for Group 0:
  Original: start=-1.2511, slope=-2.14748e+09, intercept=-2.14748e+09, x_refl=0, y_refl=0
  Quantized: start=-320, slope=0, intercept=0

Delta for Group 0:
  Original: start=-1.24768, slope=-2.14748e+09, intercept=-2.14748e+09, x_refl=0, y_refl=0
  Quantized: start=-319, slope=0, intercept=0

Delta for Group 0:
  Original: start=-1.24426, slope=-2.14748e+09, intercept=-2.14748e+09, x_refl=0, y_refl=0
  Quantized: start=-319, slope=0, intercept=0

Delta for Group 0:
  Original: start=-1.24084, slope=-2.14748e+09, intercept=-2.14748e+09, x_refl=0, y_refl=0
  Quantized: start=-318, slope=0, intercept=0

Delta for Group 0:
  Original: start=-1.23742, slope=-2.14748e+09, intercept=-2.14748e+09, x_refl=0, y_refl=0
  Quantized: start=-317, slope=0, intercept=0

Delta for Group 0:
  Original: start=-1.234, slope=-2.14748e+09, intercept=-2.14748e+09, x_refl=0, y_refl=0
  Quantized: start=-316, slope=0, intercept=0

Delta for Group 0:
  Original: start=-1.23058, slope=-2.14748e+09, intercept=-2.14748e+09, x_refl=0, y_refl=0
  Quantized: start=-315, slope=0, intercept=0

Delta for Group 0:
  Original: start=-1.22716, slope=-2.14748e+09, intercept=-2.14748e+09, x_refl=0, y_refl=0
  Quantized: start=-314, slope=0, intercept=0

Delta for Group 0:
  Original: start=-1.22374, slope=-2.14748e+09, intercept=-2.14748e+09, x_refl=0, y_refl=0
  Quantized: start=-313, slope=0, intercept=0

Delta for Group 0:
  Original: start=-1.22032, slope=-2.14748e+09, intercept=-2.14748e+09, x_refl=0, y_refl=0
  Quantized: start=-312, slope=0, intercept=0

Delta for Group 0:
  Original: start=-1.2169, slope=-2.14748e+09, intercept=-2.14748e+09, x_refl=0, y_refl=0
  Quantized: start=-312, slope=0, intercept=0

Delta for Group 0:
  Original: start=-1.21348, slope=-2.14748e+09, intercept=-2.14748e+09, x_refl=0, y_refl=0
  Quantized: start=-311, slope=0, intercept=0

Delta for Group 0:
  Original: start=-1.21006, slope=-2.14748e+09, intercept=-2.14748e+09, x_refl=0, y_refl=0
  Quantized: start=-310, slope=0, intercept=0

Delta for Group 0:
  Original: start=-1.20664, slope=-2.14748e+09, intercept=-2.14748e+09, x_refl=0, y_refl=0
  Quantized: start=-309, slope=0, intercept=0

Delta for Group 0:
  Original: start=-1.20322, slope=-2.14748e+09, intercept=-2.14748e+09, x_refl=0, y_refl=0
  Quantized: start=-308, slope=0, intercept=0

Delta for Group 0:
  Original: start=-1.1998, slope=-2.14748e+09, intercept=-2.14748e+09, x_refl=0, y_refl=0
  Quantized: start=-307, slope=0, intercept=0

Delta for Group 0:
  Original: start=-1.19638, slope=-2.14748e+09, intercept=-2.14748e+09, x_refl=0, y_refl=0
  Quantized: start=-306, slope=0, intercept=0

Delta for Group 0:
  Original: start=-1.19297, slope=-2.14748e+09, intercept=-2.14748e+09, x_refl=0, y_refl=0
  Quantized: start=-305, slope=0, intercept=0

Delta for Group 0:
  Original: start=-1.18955, slope=-2.14748e+09, intercept=-2.14748e+09, x_refl=0, y_refl=0
  Quantized: start=-305, slope=0, intercept=0

Delta for Group 0:
  Original: start=-1.18613, slope=-2.14748e+09, intercept=-2.14748e+09, x_refl=0, y_refl=0
  Quantized: start=-304, slope=0, intercept=0

Delta for Group 0:
  Original: start=-1.18271, slope=-2.14748e+09, intercept=-2.14748e+09, x_refl=0, y_refl=0
  Quantized: start=-303, slope=0, intercept=0

Delta for Group 0:
  Original: start=-1.17929, slope=-2.14748e+09, intercept=-2.14748e+09, x_refl=0, y_refl=0
  Quantized: start=-302, slope=0, intercept=0

Delta for Group 0:
  Original: start=-1.17587, slope=-2.14748e+09, intercept=-2.14748e+09, x_refl=0, y_refl=0
  Quantized: start=-301, slope=0, intercept=0

Delta for Group 0:
  Original: start=-1.17245, slope=-2.14748e+09, intercept=-2.14748e+09, x_refl=0, y_refl=0
  Quantized: start=-300, slope=0, intercept=0

Delta for Group 0:
  Original: start=-1.16903, slope=-2.14748e+09, intercept=-2.14748e+09, x_refl=0, y_refl=0
  Quantized: start=-299, slope=0, intercept=0

Delta for Group 0:
  Original: start=-1.16561, slope=-2.14748e+09, intercept=-2.14748e+09, x_refl=0, y_refl=0
  Quantized: start=-298, slope=0, intercept=0

Delta for Group 0:
  Original: start=-1.16219, slope=-2.14748e+09, intercept=-2.14748e+09, x_refl=0, y_refl=0
  Quantized: start=-298, slope=0, intercept=0

Delta for Group 0:
  Original: start=-1.15877, slope=-2.14748e+09, intercept=-2.14748e+09, x_refl=0, y_refl=0
  Quantized: start=-297, slope=0, intercept=0

Delta for Group 0:
  Original: start=-1.15535, slope=-2.14748e+09, intercept=-2.14748e+09, x_refl=0, y_refl=0
  Quantized: start=-296, slope=0, intercept=0

Delta for Group 0:
  Original: start=-1.15193, slope=-2.14748e+09, intercept=-2.14748e+09, x_refl=0, y_refl=0
  Quantized: start=-295, slope=0, intercept=0

Delta for Group 0:
  Original: start=-1.14851, slope=-2.14748e+09, intercept=-2.14748e+09, x_refl=0, y_refl=0
  Quantized: start=-294, slope=0, intercept=0

Delta for Group 0:
  Original: start=-1.14509, slope=-2.14748e+09, intercept=-2.14748e+09, x_refl=0, y_refl=0
  Quantized: start=-293, slope=0, intercept=0

Delta for Group 0:
  Original: start=-1.14167, slope=-2.14748e+09, intercept=-2.14748e+09, x_refl=0, y_refl=0
  Quantized: start=-292, slope=0, intercept=0

Delta for Group 0:
  Original: start=-1.13825, slope=-2.14748e+09, intercept=-2.14748e+09, x_refl=0, y_refl=0
  Quantized: start=-291, slope=0, intercept=0

Delta for Group 0:
  Original: start=-1.13483, slope=-2.14748e+09, intercept=-2.14748e+09, x_refl=0, y_refl=0
  Quantized: start=-291, slope=0, intercept=0

Delta for Group 0:
  Original: start=-1.13141, slope=-2.14748e+09, intercept=-2.14748e+09, x_refl=0, y_refl=0
  Quantized: start=-290, slope=0, intercept=0

Delta for Group 0:
  Original: start=-1.12799, slope=-2.14748e+09, intercept=-2.14748e+09, x_refl=0, y_refl=0
  Quantized: start=-289, slope=0, intercept=0

Delta for Group 0:
  Original: start=-1.12457, slope=-2.14748e+09, intercept=-2.14748e+09, x_refl=0, y_refl=0
  Quantized: start=-288, slope=0, intercept=0

Delta for Group 0:
  Original: start=-1.12115, slope=-2.14748e+09, intercept=-2.14748e+09, x_refl=0, y_refl=0
  Quantized: start=-287, slope=0, intercept=0

Delta for Group 0:
  Original: start=-1.11773, slope=-2.14748e+09, intercept=-2.14748e+09, x_refl=0, y_refl=0
  Quantized: start=-286, slope=0, intercept=0

Delta for Group 0:
  Original: start=-1.11431, slope=-2.14748e+09, intercept=-2.14748e+09, x_refl=0, y_refl=0
  Quantized: start=-285, slope=0, intercept=0

Delta for Group 0:
  Original: start=-1.11089, slope=-2.14748e+09, intercept=-2.14748e+09, x_refl=0, y_refl=0
  Quantized: start=-284, slope=0, intercept=0

Delta for Group 0:
  Original: start=-1.10747, slope=-2.14748e+09, intercept=-2.14748e+09, x_refl=0, y_refl=0
  Quantized: start=-284, slope=0, intercept=0

Delta for Group 0:
  Original: start=-1.10405, slope=-2.14748e+09, intercept=-2.14748e+09, x_refl=0, y_refl=0
  Quantized: start=-283, slope=0, intercept=0

Delta for Group 0:
  Original: start=-1.10064, slope=-2.14748e+09, intercept=-2.14748e+09, x_refl=0, y_refl=0
  Quantized: start=-282, slope=0, intercept=0

Delta for Group 0:
  Original: start=-1.09722, slope=-2.14748e+09, intercept=-2.14748e+09, x_refl=0, y_refl=0
  Quantized: start=-281, slope=0, intercept=0

Delta for Group 0:
  Original: start=-1.0938, slope=-2.14748e+09, intercept=-2.14748e+09, x_refl=0, y_refl=0
  Quantized: start=-280, slope=0, intercept=0

Delta for Group 0:
  Original: start=-1.09038, slope=-2.14748e+09, intercept=-2.14748e+09, x_refl=0, y_refl=0
  Quantized: start=-279, slope=0, intercept=0

Delta for Group 0:
  Original: start=-1.08696, slope=-2.14748e+09, intercept=-2.14748e+09, x_refl=0, y_refl=0
  Quantized: start=-278, slope=0, intercept=0

Delta for Group 0:
  Original: start=-1.08354, slope=-2.14748e+09, intercept=-2.14748e+09, x_refl=0, y_refl=0
  Quantized: start=-277, slope=0, intercept=0

Delta for Group 0:
  Original: start=-1.08012, slope=-2.14748e+09, intercept=-2.14748e+09, x_refl=0, y_refl=0
  Quantized: start=-277, slope=0, intercept=0

Delta for Group 0:
  Original: start=-1.0767, slope=-2.14748e+09, intercept=-2.14748e+09, x_refl=0, y_refl=0
  Quantized: start=-276, slope=0, intercept=0

Delta for Group 0:
  Original: start=-1.07328, slope=-2.14748e+09, intercept=-2.14748e+09, x_refl=0, y_refl=0
  Quantized: start=-275, slope=0, intercept=0

Delta for Group 0:
  Original: start=-1.06986, slope=-2.14748e+09, intercept=-2.14748e+09, x_refl=0, y_refl=0
  Quantized: start=-274, slope=0, intercept=0

Delta for Group 0:
  Original: start=-1.06644, slope=-2.14748e+09, intercept=-2.14748e+09, x_refl=0, y_refl=0
  Quantized: start=-273, slope=0, intercept=0

Delta for Group 0:
  Original: start=-1.06302, slope=-2.14748e+09, intercept=-2.14748e+09, x_refl=0, y_refl=0
  Quantized: start=-272, slope=0, intercept=0

Delta for Group 0:
  Original: start=-1.0596, slope=-2.14748e+09, intercept=-2.14748e+09, x_refl=0, y_refl=0
  Quantized: start=-271, slope=0, intercept=0

Delta for Group 0:
  Original: start=-1.05618, slope=-2.14748e+09, intercept=-2.14748e+09, x_refl=0, y_refl=0
  Quantized: start=-270, slope=0, intercept=0

Delta for Group 0:
  Original: start=-1.05276, slope=-2.14748e+09, intercept=-2.14748e+09, x_refl=0, y_refl=0
  Quantized: start=-270, slope=0, intercept=0

Delta for Group 0:
  Original: start=-1.04934, slope=-2.14748e+09, intercept=-2.14748e+09, x_refl=0, y_refl=0
  Quantized: start=-269, slope=0, intercept=0

Delta for Group 0:
  Original: start=-1.04592, slope=-2.14748e+09, intercept=-2.14748e+09, x_refl=0, y_refl=0
  Quantized: start=-268, slope=0, intercept=0

Delta for Group 0:
  Original: start=-1.0425, slope=-2.14748e+09, intercept=-2.14748e+09, x_refl=0, y_refl=0
  Quantized: start=-267, slope=0, intercept=0

Delta for Group 0:
  Original: start=-1.03908, slope=-2.14748e+09, intercept=-2.14748e+09, x_refl=0, y_refl=0
  Quantized: start=-266, slope=0, intercept=0

Delta for Group 0:
  Original: start=-1.03566, slope=-2.14748e+09, intercept=-2.14748e+09, x_refl=0, y_refl=0
  Quantized: start=-265, slope=0, intercept=0

Delta for Group 0:
  Original: start=-1.03224, slope=-2.14748e+09, intercept=-2.14748e+09, x_refl=0, y_refl=0
  Quantized: start=-264, slope=0, intercept=0

Delta for Group 0:
  Original: start=-1.02882, slope=-2.14748e+09, intercept=-2.14748e+09, x_refl=0, y_refl=0
  Quantized: start=-263, slope=0, intercept=0

Delta for Group 0:
  Original: start=-1.0254, slope=-2.14748e+09, intercept=-2.14748e+09, x_refl=0, y_refl=0
  Quantized: start=-263, slope=0, intercept=0

Delta for Group 0:
  Original: start=-1.02198, slope=-2.14748e+09, intercept=-2.14748e+09, x_refl=0, y_refl=0
  Quantized: start=-262, slope=0, intercept=0

Delta for Group 0:
  Original: start=-1.01856, slope=-2.14748e+09, intercept=-2.14748e+09, x_refl=0, y_refl=0
  Quantized: start=-261, slope=0, intercept=0

Delta for Group 0:
  Original: start=-1.01514, slope=-2.14748e+09, intercept=-2.14748e+09, x_refl=0, y_refl=0
  Quantized: start=-260, slope=0, intercept=0

Delta for Group 0:
  Original: start=-1.01172, slope=-2.14748e+09, intercept=-2.14748e+09, x_refl=0, y_refl=0
  Quantized: start=-259, slope=0, intercept=0

Delta for Group 0:
  Original: start=-1.0083, slope=-2.14748e+09, intercept=-2.14748e+09, x_refl=0, y_refl=0
  Quantized: start=-258, slope=0, intercept=0

Delta for Group 0:
  Original: start=-1.00489, slope=-2.14748e+09, intercept=-2.14748e+09, x_refl=0, y_refl=0
  Quantized: start=-257, slope=0, intercept=0

Delta for Group 0:
  Original: start=-1.00147, slope=-2.14748e+09, intercept=-2.14748e+09, x_refl=0, y_refl=0
  Quantized: start=-256, slope=0, intercept=0

Delta for Group 0:
  Original: start=-0.998046, slope=-2.14748e+09, intercept=-2.14748e+09, x_refl=0, y_refl=0
  Quantized: start=-255, slope=0, intercept=0

Delta for Group 0:
  Original: start=-0.994626, slope=-2.14748e+09, intercept=-2.14748e+09, x_refl=0, y_refl=0
  Quantized: start=-255, slope=0, intercept=0

Delta for Group 0:
  Original: start=-0.991207, slope=-2.14748e+09, intercept=-2.14748e+09, x_refl=0, y_refl=0
  Quantized: start=-254, slope=0, intercept=0

Delta for Group 0:
  Original: start=-0.987787, slope=-2.14748e+09, intercept=-2.14748e+09, x_refl=0, y_refl=0
  Quantized: start=-253, slope=0, intercept=0

Delta for Group 0:
  Original: start=-0.984367, slope=-2.14748e+09, intercept=-2.14748e+09, x_refl=0, y_refl=0
  Quantized: start=-252, slope=0, intercept=0

Delta for Group 0:
  Original: start=-0.980948, slope=-2.14748e+09, intercept=-2.14748e+09, x_refl=0, y_refl=0
  Quantized: start=-251, slope=0, intercept=0

Delta for Group 0:
  Original: start=-0.977528, slope=-2.14748e+09, intercept=-2.14748e+09, x_refl=0, y_refl=0
  Quantized: start=-250, slope=0, intercept=0

Delta for Group 0:
  Original: start=-0.974108, slope=-2.14748e+09, intercept=-2.14748e+09, x_refl=0, y_refl=0
  Quantized: start=-249, slope=0, intercept=0

Delta for Group 0:
  Original: start=-0.970689, slope=-2.14748e+09, intercept=-2.14748e+09, x_refl=0, y_refl=0
  Quantized: start=-248, slope=0, intercept=0

Delta for Group 0:
  Original: start=-0.967269, slope=-2.14748e+09, intercept=-2.14748e+09, x_refl=0, y_refl=0
  Quantized: start=-248, slope=0, intercept=0

Delta for Group 0:
  Original: start=-0.96385, slope=-2.14748e+09, intercept=-2.14748e+09, x_refl=0, y_refl=0
  Quantized: start=-247, slope=0, intercept=0

Delta for Group 0:
  Original: start=-0.96043, slope=-2.14748e+09, intercept=-2.14748e+09, x_refl=0, y_refl=0
  Quantized: start=-246, slope=0, intercept=0

Delta for Group 0:
  Original: start=-0.95701, slope=-2.14748e+09, intercept=-2.14748e+09, x_refl=0, y_refl=0
  Quantized: start=-245, slope=0, intercept=0

Delta for Group 0:
  Original: start=-0.953591, slope=-2.14748e+09, intercept=-2.14748e+09, x_refl=0, y_refl=0
  Quantized: start=-244, slope=0, intercept=0

Delta for Group 0:
  Original: start=-0.950171, slope=-2.14748e+09, intercept=-2.14748e+09, x_refl=0, y_refl=0
  Quantized: start=-243, slope=0, intercept=0

Delta for Group 0:
  Original: start=-0.946751, slope=-2.14748e+09, intercept=-2.14748e+09, x_refl=0, y_refl=0
  Quantized: start=-242, slope=0, intercept=0

Delta for Group 0:
  Original: start=-0.943332, slope=-2.14748e+09, intercept=-2.14748e+09, x_refl=0, y_refl=0
  Quantized: start=-241, slope=0, intercept=0

Delta for Group 0:
  Original: start=-0.939912, slope=-2.14748e+09, intercept=-2.14748e+09, x_refl=0, y_refl=0
  Quantized: start=-241, slope=0, intercept=0

Delta for Group 0:
  Original: start=-0.936492, slope=-2.14748e+09, intercept=-2.14748e+09, x_refl=0, y_refl=0
  Quantized: start=-240, slope=0, intercept=0

Delta for Group 0:
  Original: start=-0.933073, slope=-2.14748e+09, intercept=-2.14748e+09, x_refl=0, y_refl=0
  Quantized: start=-239, slope=0, intercept=0

Delta for Group 0:
  Original: start=-0.929653, slope=-2.14748e+09, intercept=-2.14748e+09, x_refl=0, y_refl=0
  Quantized: start=-238, slope=0, intercept=0

Delta for Group 0:
  Original: start=-0.926234, slope=-2.14748e+09, intercept=-2.14748e+09, x_refl=0, y_refl=0
  Quantized: start=-237, slope=0, intercept=0

Delta for Group 0:
  Original: start=-0.922814, slope=-2.14748e+09, intercept=-2.14748e+09, x_refl=0, y_refl=0
  Quantized: start=-236, slope=0, intercept=0

Delta for Group 0:
  Original: start=-0.919394, slope=-2.14748e+09, intercept=-2.14748e+09, x_refl=0, y_refl=0
  Quantized: start=-235, slope=0, intercept=0

Delta for Group 0:
  Original: start=-0.915975, slope=-2.14748e+09, intercept=-2.14748e+09, x_refl=0, y_refl=0
  Quantized: start=-234, slope=0, intercept=0

Delta for Group 0:
  Original: start=-0.912555, slope=-2.14748e+09, intercept=-2.14748e+09, x_refl=0, y_refl=0
  Quantized: start=-234, slope=0, intercept=0

Delta for Group 0:
  Original: start=-0.909135, slope=-2.14748e+09, intercept=-2.14748e+09, x_refl=0, y_refl=0
  Quantized: start=-233, slope=0, intercept=0

Delta for Group 0:
  Original: start=-0.905716, slope=-2.14748e+09, intercept=-2.14748e+09, x_refl=0, y_refl=0
  Quantized: start=-232, slope=0, intercept=0

Delta for Group 0:
  Original: start=-0.902296, slope=-2.14748e+09, intercept=-2.14748e+09, x_refl=0, y_refl=0
  Quantized: start=-231, slope=0, intercept=0

Delta for Group 0:
  Original: start=-0.898876, slope=-2.14748e+09, intercept=-2.14748e+09, x_refl=0, y_refl=0
  Quantized: start=-230, slope=0, intercept=0

Delta for Group 0:
  Original: start=-0.895457, slope=-2.14748e+09, intercept=-2.14748e+09, x_refl=0, y_refl=0
  Quantized: start=-229, slope=0, intercept=0

Delta for Group 0:
  Original: start=-0.892037, slope=-2.14748e+09, intercept=-2.14748e+09, x_refl=0, y_refl=0
  Quantized: start=-228, slope=0, intercept=0

Delta for Group 0:
  Original: start=-0.888617, slope=-2.14748e+09, intercept=-2.14748e+09, x_refl=0, y_refl=0
  Quantized: start=-227, slope=0, intercept=0

Delta for Group 0:
  Original: start=-0.885198, slope=-2.14748e+09, intercept=-2.14748e+09, x_refl=0, y_refl=0
  Quantized: start=-227, slope=0, intercept=0

Delta for Group 0:
  Original: start=-0.881778, slope=-2.14748e+09, intercept=-2.14748e+09, x_refl=0, y_refl=0
  Quantized: start=-226, slope=0, intercept=0

Delta for Group 0:
  Original: start=-0.878359, slope=-2.14748e+09, intercept=-2.14748e+09, x_refl=0, y_refl=0
  Quantized: start=-225, slope=0, intercept=0

Delta for Group 0:
  Original: start=-0.874939, slope=-2.14748e+09, intercept=-2.14748e+09, x_refl=0, y_refl=0
  Quantized: start=-224, slope=0, intercept=0

Delta for Group 0:
  Original: start=-0.871519, slope=-2.14748e+09, intercept=-2.14748e+09, x_refl=0, y_refl=0
  Quantized: start=-223, slope=0, intercept=0

Delta for Group 0:
  Original: start=-0.8681, slope=-2.14748e+09, intercept=-2.14748e+09, x_refl=0, y_refl=0
  Quantized: start=-222, slope=0, intercept=0

Delta for Group 0:
  Original: start=-0.86468, slope=-2.14748e+09, intercept=-2.14748e+09, x_refl=0, y_refl=0
  Quantized: start=-221, slope=0, intercept=0

Delta for Group 0:
  Original: start=-0.86126, slope=-2.14748e+09, intercept=-2.14748e+09, x_refl=0, y_refl=0
  Quantized: start=-220, slope=0, intercept=0

Delta for Group 0:
  Original: start=-0.857841, slope=-2.14748e+09, intercept=-2.14748e+09, x_refl=0, y_refl=0
  Quantized: start=-220, slope=0, intercept=0

Delta for Group 0:
  Original: start=-0.854421, slope=-2.14748e+09, intercept=-2.14748e+09, x_refl=0, y_refl=0
  Quantized: start=-219, slope=0, intercept=0

Delta for Group 0:
  Original: start=-0.851001, slope=-2.14748e+09, intercept=-2.14748e+09, x_refl=0, y_refl=0
  Quantized: start=-218, slope=0, intercept=0

Delta for Group 0:
  Original: start=-0.847582, slope=-2.14748e+09, intercept=-2.14748e+09, x_refl=0, y_refl=0
  Quantized: start=-217, slope=0, intercept=0

Delta for Group 0:
  Original: start=-0.844162, slope=-2.14748e+09, intercept=-2.14748e+09, x_refl=0, y_refl=0
  Quantized: start=-216, slope=0, intercept=0

Delta for Group 0:
  Original: start=-0.840743, slope=-2.14748e+09, intercept=-2.14748e+09, x_refl=0, y_refl=0
  Quantized: start=-215, slope=0, intercept=0

Delta for Group 0:
  Original: start=-0.837323, slope=-2.14748e+09, intercept=-2.14748e+09, x_refl=0, y_refl=0
  Quantized: start=-214, slope=0, intercept=0

Delta for Group 0:
  Original: start=-0.833903, slope=-2.14748e+09, intercept=-2.14748e+09, x_refl=0, y_refl=0
  Quantized: start=-213, slope=0, intercept=0

Delta for Group 0:
  Original: start=-0.830484, slope=-2.14748e+09, intercept=-2.14748e+09, x_refl=0, y_refl=0
  Quantized: start=-213, slope=0, intercept=0

Delta for Group 0:
  Original: start=-0.827064, slope=-2.14748e+09, intercept=-2.14748e+09, x_refl=0, y_refl=0
  Quantized: start=-212, slope=0, intercept=0

Delta for Group 0:
  Original: start=-0.823644, slope=-2.14748e+09, intercept=-2.14748e+09, x_refl=0, y_refl=0
  Quantized: start=-211, slope=0, intercept=0

Delta for Group 0:
  Original: start=-0.820225, slope=-2.14748e+09, intercept=-2.14748e+09, x_refl=0, y_refl=0
  Quantized: start=-210, slope=0, intercept=0

Delta for Group 0:
  Original: start=-0.816805, slope=-2.14748e+09, intercept=-2.14748e+09, x_refl=0, y_refl=0
  Quantized: start=-209, slope=0, intercept=0

Delta for Group 0:
  Original: start=-0.813385, slope=-2.14748e+09, intercept=-2.14748e+09, x_refl=0, y_refl=0
  Quantized: start=-208, slope=0, intercept=0

Delta for Group 0:
  Original: start=-0.809966, slope=-2.14748e+09, intercept=-2.14748e+09, x_refl=0, y_refl=0
  Quantized: start=-207, slope=0, intercept=0

Delta for Group 0:
  Original: start=-0.806546, slope=-2.14748e+09, intercept=-2.14748e+09, x_refl=0, y_refl=0
  Quantized: start=-206, slope=0, intercept=0

Delta for Group 0:
  Original: start=-0.803127, slope=-2.14748e+09, intercept=-2.14748e+09, x_refl=0, y_refl=0
  Quantized: start=-206, slope=0, intercept=0

Delta for Group 0:
  Original: start=-0.799707, slope=-2.14748e+09, intercept=-2.14748e+09, x_refl=0, y_refl=0
  Quantized: start=-205, slope=0, intercept=0

Delta for Group 0:
  Original: start=-0.796287, slope=-2.14748e+09, intercept=-2.14748e+09, x_refl=0, y_refl=0
  Quantized: start=-204, slope=0, intercept=0

Delta for Group 0:
  Original: start=-0.792868, slope=-2.14748e+09, intercept=-2.14748e+09, x_refl=0, y_refl=0
  Quantized: start=-203, slope=0, intercept=0

Delta for Group 0:
  Original: start=-0.789448, slope=-2.14748e+09, intercept=-2.14748e+09, x_refl=0, y_refl=0
  Quantized: start=-202, slope=0, intercept=0

Delta for Group 0:
  Original: start=-0.786028, slope=-2.14748e+09, intercept=-2.14748e+09, x_refl=0, y_refl=0
  Quantized: start=-201, slope=0, intercept=0

Delta for Group 0:
  Original: start=-0.782609, slope=-2.14748e+09, intercept=-2.14748e+09, x_refl=0, y_refl=0
  Quantized: start=-200, slope=0, intercept=0

Delta for Group 0:
  Original: start=-0.779189, slope=-2.14748e+09, intercept=-2.14748e+09, x_refl=0, y_refl=0
  Quantized: start=-199, slope=0, intercept=0

Delta for Group 0:
  Original: start=-0.775769, slope=-2.14748e+09, intercept=-2.14748e+09, x_refl=0, y_refl=0
  Quantized: start=-199, slope=0, intercept=0

Delta for Group 0:
  Original: start=-0.77235, slope=-2.14748e+09, intercept=-2.14748e+09, x_refl=0, y_refl=0
  Quantized: start=-198, slope=0, intercept=0

Delta for Group 0:
  Original: start=-0.76893, slope=-2.14748e+09, intercept=-2.14748e+09, x_refl=0, y_refl=0
  Quantized: start=-197, slope=0, intercept=0

Delta for Group 0:
  Original: start=-0.765511, slope=-2.14748e+09, intercept=-2.14748e+09, x_refl=0, y_refl=0
  Quantized: start=-196, slope=0, intercept=0

Delta for Group 0:
  Original: start=-0.762091, slope=-2.14748e+09, intercept=-2.14748e+09, x_refl=0, y_refl=0
  Quantized: start=-195, slope=0, intercept=0

Delta for Group 0:
  Original: start=-0.758671, slope=-2.14748e+09, intercept=-2.14748e+09, x_refl=0, y_refl=0
  Quantized: start=-194, slope=0, intercept=0

Delta for Group 0:
  Original: start=-0.755252, slope=-2.14748e+09, intercept=-2.14748e+09, x_refl=0, y_refl=0
  Quantized: start=-193, slope=0, intercept=0

Delta for Group 0:
  Original: start=-0.751832, slope=-2.14748e+09, intercept=-2.14748e+09, x_refl=0, y_refl=0
  Quantized: start=-192, slope=0, intercept=0

Delta for Group 0:
  Original: start=-0.748412, slope=-2.14748e+09, intercept=-2.14748e+09, x_refl=0, y_refl=0
  Quantized: start=-192, slope=0, intercept=0

Delta for Group 0:
  Original: start=-0.744993, slope=-2.14748e+09, intercept=-2.14748e+09, x_refl=0, y_refl=0
  Quantized: start=-191, slope=0, intercept=0

Delta for Group 0:
  Original: start=-0.741573, slope=-2.14748e+09, intercept=-2.14748e+09, x_refl=0, y_refl=0
  Quantized: start=-190, slope=0, intercept=0

Delta for Group 0:
  Original: start=-0.738153, slope=-2.14748e+09, intercept=-2.14748e+09, x_refl=0, y_refl=0
  Quantized: start=-189, slope=0, intercept=0

Delta for Group 0:
  Original: start=-0.734734, slope=-2.14748e+09, intercept=-2.14748e+09, x_refl=0, y_refl=0
  Quantized: start=-188, slope=0, intercept=0

Delta for Group 0:
  Original: start=-0.731314, slope=-2.14748e+09, intercept=-2.14748e+09, x_refl=0, y_refl=0
  Quantized: start=-187, slope=0, intercept=0

Delta for Group 0:
  Original: start=-0.727894, slope=-2.14748e+09, intercept=-2.14748e+09, x_refl=0, y_refl=0
  Quantized: start=-186, slope=0, intercept=0

Delta for Group 0:
  Original: start=-0.724475, slope=-2.14748e+09, intercept=-2.14748e+09, x_refl=0, y_refl=0
  Quantized: start=-185, slope=0, intercept=0

Delta for Group 0:
  Original: start=-0.721055, slope=-2.14748e+09, intercept=-2.14748e+09, x_refl=0, y_refl=0
  Quantized: start=-185, slope=0, intercept=0

Delta for Group 0:
  Original: start=-0.717636, slope=-2.14748e+09, intercept=-2.14748e+09, x_refl=0, y_refl=0
  Quantized: start=-184, slope=0, intercept=0

Delta for Group 0:
  Original: start=-0.714216, slope=-2.14748e+09, intercept=-2.14748e+09, x_refl=0, y_refl=0
  Quantized: start=-183, slope=0, intercept=0

Delta for Group 0:
  Original: start=-0.710796, slope=-2.14748e+09, intercept=-2.14748e+09, x_refl=0, y_refl=0
  Quantized: start=-182, slope=0, intercept=0

Delta for Group 0:
  Original: start=-0.707377, slope=-2.14748e+09, intercept=-2.14748e+09, x_refl=0, y_refl=0
  Quantized: start=-181, slope=0, intercept=0

Delta for Group 0:
  Original: start=-0.703957, slope=-2.14748e+09, intercept=-2.14748e+09, x_refl=0, y_refl=0
  Quantized: start=-180, slope=0, intercept=0

Delta for Group 0:
  Original: start=-0.700537, slope=-2.14748e+09, intercept=-2.14748e+09, x_refl=0, y_refl=0
  Quantized: start=-179, slope=0, intercept=0

Delta for Group 0:
  Original: start=-0.697118, slope=-2.14748e+09, intercept=-2.14748e+09, x_refl=0, y_refl=0
  Quantized: start=-178, slope=0, intercept=0

Delta for Group 0:
  Original: start=-0.693698, slope=-2.14748e+09, intercept=-2.14748e+09, x_refl=0, y_refl=0
  Quantized: start=-178, slope=0, intercept=0

Delta for Group 0:
  Original: start=-0.690278, slope=-2.14748e+09, intercept=-2.14748e+09, x_refl=0, y_refl=0
  Quantized: start=-177, slope=0, intercept=0

Delta for Group 0:
  Original: start=-0.686859, slope=-2.14748e+09, intercept=-2.14748e+09, x_refl=0, y_refl=0
  Quantized: start=-176, slope=0, intercept=0

Delta for Group 0:
  Original: start=-0.683439, slope=-2.14748e+09, intercept=-2.14748e+09, x_refl=0, y_refl=0
  Quantized: start=-175, slope=0, intercept=0

Delta for Group 0:
  Original: start=-0.68002, slope=-2.14748e+09, intercept=-2.14748e+09, x_refl=0, y_refl=0
  Quantized: start=-174, slope=0, intercept=0

Delta for Group 0:
  Original: start=-0.6766, slope=-2.14748e+09, intercept=-2.14748e+09, x_refl=0, y_refl=0
  Quantized: start=-173, slope=0, intercept=0

Delta for Group 0:
  Original: start=-0.67318, slope=-2.14748e+09, intercept=-2.14748e+09, x_refl=0, y_refl=0
  Quantized: start=-172, slope=0, intercept=0

Delta for Group 0:
  Original: start=-0.669761, slope=-2.14748e+09, intercept=-2.14748e+09, x_refl=0, y_refl=0
  Quantized: start=-171, slope=0, intercept=0

Delta for Group 0:
  Original: start=-0.666341, slope=-2.14748e+09, intercept=-2.14748e+09, x_refl=0, y_refl=0
  Quantized: start=-171, slope=0, intercept=0

Delta for Group 0:
  Original: start=-0.662921, slope=-2.14748e+09, intercept=-2.14748e+09, x_refl=0, y_refl=0
  Quantized: start=-170, slope=0, intercept=0

Delta for Group 0:
  Original: start=-0.659502, slope=-2.14748e+09, intercept=-2.14748e+09, x_refl=0, y_refl=0
  Quantized: start=-169, slope=0, intercept=0

Delta for Group 0:
  Original: start=-0.656082, slope=-2.14748e+09, intercept=-2.14748e+09, x_refl=0, y_refl=0
  Quantized: start=-168, slope=0, intercept=0

Delta for Group 0:
  Original: start=-0.652662, slope=-2.14748e+09, intercept=-2.14748e+09, x_refl=0, y_refl=0
  Quantized: start=-167, slope=0, intercept=0

Delta for Group 0:
  Original: start=-0.649243, slope=-2.14748e+09, intercept=-2.14748e+09, x_refl=0, y_refl=0
  Quantized: start=-166, slope=0, intercept=0

Delta for Group 0:
  Original: start=-0.645823, slope=-2.14748e+09, intercept=-2.14748e+09, x_refl=0, y_refl=0
  Quantized: start=-165, slope=0, intercept=0

Delta for Group 0:
  Original: start=-0.642404, slope=-2.14748e+09, intercept=-2.14748e+09, x_refl=0, y_refl=0
  Quantized: start=-164, slope=0, intercept=0

Delta for Group 0:
  Original: start=-0.638984, slope=-2.14748e+09, intercept=-2.14748e+09, x_refl=0, y_refl=0
  Quantized: start=-164, slope=0, intercept=0

Delta for Group 0:
  Original: start=-0.635564, slope=-2.14748e+09, intercept=-2.14748e+09, x_refl=0, y_refl=0
  Quantized: start=-163, slope=0, intercept=0

Delta for Group 0:
  Original: start=-0.632145, slope=-2.14748e+09, intercept=-2.14748e+09, x_refl=0, y_refl=0
  Quantized: start=-162, slope=0, intercept=0

Delta for Group 0:
  Original: start=-0.628725, slope=-2.14748e+09, intercept=-2.14748e+09, x_refl=0, y_refl=0
  Quantized: start=-161, slope=0, intercept=0

Delta for Group 0:
  Original: start=-0.625305, slope=-2.14748e+09, intercept=-2.14748e+09, x_refl=0, y_refl=0
  Quantized: start=-160, slope=0, intercept=0

Delta for Group 0:
  Original: start=-0.621886, slope=-2.14748e+09, intercept=-2.14748e+09, x_refl=0, y_refl=0
  Quantized: start=-159, slope=0, intercept=0

Delta for Group 0:
  Original: start=-0.618466, slope=-2.14748e+09, intercept=-2.14748e+09, x_refl=0, y_refl=0
  Quantized: start=-158, slope=0, intercept=0

Delta for Group 0:
  Original: start=-0.615046, slope=-2.14748e+09, intercept=-2.14748e+09, x_refl=0, y_refl=0
  Quantized: start=-157, slope=0, intercept=0

Delta for Group 0:
  Original: start=-0.611627, slope=-2.14748e+09, intercept=-2.14748e+09, x_refl=0, y_refl=0
  Quantized: start=-157, slope=0, intercept=0

Delta for Group 0:
  Original: start=-0.608207, slope=-2.14748e+09, intercept=-2.14748e+09, x_refl=0, y_refl=0
  Quantized: start=-156, slope=0, intercept=0

Delta for Group 0:
  Original: start=-0.604787, slope=-2.14748e+09, intercept=-2.14748e+09, x_refl=0, y_refl=0
  Quantized: start=-155, slope=0, intercept=0

Delta for Group 0:
  Original: start=-0.601368, slope=-2.14748e+09, intercept=-2.14748e+09, x_refl=0, y_refl=0
  Quantized: start=-154, slope=0, intercept=0

Delta for Group 0:
  Original: start=-0.597948, slope=-2.14748e+09, intercept=-2.14748e+09, x_refl=0, y_refl=0
  Quantized: start=-153, slope=0, intercept=0

Delta for Group 0:
  Original: start=-0.594529, slope=-2.14748e+09, intercept=-2.14748e+09, x_refl=0, y_refl=0
  Quantized: start=-152, slope=0, intercept=0

Delta for Group 0:
  Original: start=-0.591109, slope=-2.14748e+09, intercept=-2.14748e+09, x_refl=0, y_refl=0
  Quantized: start=-151, slope=0, intercept=0

Delta for Group 0:
  Original: start=-0.587689, slope=-2.14748e+09, intercept=-2.14748e+09, x_refl=0, y_refl=0
  Quantized: start=-150, slope=0, intercept=0

Delta for Group 0:
  Original: start=-0.58427, slope=-2.14748e+09, intercept=-2.14748e+09, x_refl=0, y_refl=0
  Quantized: start=-150, slope=0, intercept=0

Delta for Group 0:
  Original: start=-0.58085, slope=-2.14748e+09, intercept=-2.14748e+09, x_refl=0, y_refl=0
  Quantized: start=-149, slope=0, intercept=0

Delta for Group 0:
  Original: start=-0.57743, slope=-2.14748e+09, intercept=-2.14748e+09, x_refl=0, y_refl=0
  Quantized: start=-148, slope=0, intercept=0

Delta for Group 0:
  Original: start=-0.574011, slope=-2.14748e+09, intercept=-2.14748e+09, x_refl=0, y_refl=0
  Quantized: start=-147, slope=0, intercept=0

Delta for Group 0:
  Original: start=-0.570591, slope=-2.14748e+09, intercept=-2.14748e+09, x_refl=0, y_refl=0
  Quantized: start=-146, slope=0, intercept=0

Delta for Group 0:
  Original: start=-0.567171, slope=-2.14748e+09, intercept=-2.14748e+09, x_refl=0, y_refl=0
  Quantized: start=-145, slope=0, intercept=0

Delta for Group 0:
  Original: start=-0.563752, slope=-2.14748e+09, intercept=-2.14748e+09, x_refl=0, y_refl=0
  Quantized: start=-144, slope=0, intercept=0

Delta for Group 0:
  Original: start=-0.560332, slope=-2.14748e+09, intercept=-2.14748e+09, x_refl=0, y_refl=0
  Quantized: start=-143, slope=0, intercept=0

Delta for Group 0:
  Original: start=-0.556913, slope=-2.14748e+09, intercept=-2.14748e+09, x_refl=0, y_refl=0
  Quantized: start=-143, slope=0, intercept=0

Delta for Group 0:
  Original: start=-0.553493, slope=-2.14748e+09, intercept=-2.14748e+09, x_refl=0, y_refl=0
  Quantized: start=-142, slope=0, intercept=0

Delta for Group 0:
  Original: start=-0.550073, slope=-2.14748e+09, intercept=-2.14748e+09, x_refl=0, y_refl=0
  Quantized: start=-141, slope=0, intercept=0

Delta for Group 0:
  Original: start=-0.546654, slope=-2.14748e+09, intercept=-2.14748e+09, x_refl=0, y_refl=0
  Quantized: start=-140, slope=0, intercept=0

Delta for Group 0:
  Original: start=-0.543234, slope=-2.14748e+09, intercept=-2.14748e+09, x_refl=0, y_refl=0
  Quantized: start=-139, slope=0, intercept=0

Delta for Group 0:
  Original: start=-0.539814, slope=-2.14748e+09, intercept=-2.14748e+09, x_refl=0, y_refl=0
  Quantized: start=-138, slope=0, intercept=0

Delta for Group 0:
  Original: start=-0.536395, slope=-2.14748e+09, intercept=-2.14748e+09, x_refl=0, y_refl=0
  Quantized: start=-137, slope=0, intercept=0

Delta for Group 0:
  Original: start=-0.532975, slope=-2.14748e+09, intercept=-2.14748e+09, x_refl=0, y_refl=0
  Quantized: start=-136, slope=0, intercept=0

Delta for Group 0:
  Original: start=-0.529555, slope=-2.14748e+09, intercept=-2.14748e+09, x_refl=0, y_refl=0
  Quantized: start=-136, slope=0, intercept=0

Delta for Group 0:
  Original: start=-0.526136, slope=-2.14748e+09, intercept=-2.14748e+09, x_refl=0, y_refl=0
  Quantized: start=-135, slope=0, intercept=0

Delta for Group 0:
  Original: start=-0.522716, slope=-2.14748e+09, intercept=-2.14748e+09, x_refl=0, y_refl=0
  Quantized: start=-134, slope=0, intercept=0

Delta for Group 0:
  Original: start=-0.519297, slope=-2.14748e+09, intercept=-2.14748e+09, x_refl=0, y_refl=0
  Quantized: start=-133, slope=0, intercept=0

Delta for Group 0:
  Original: start=-0.515877, slope=-2.14748e+09, intercept=-2.14748e+09, x_refl=0, y_refl=0
  Quantized: start=-132, slope=0, intercept=0

Delta for Group 0:
  Original: start=-0.512457, slope=-2.14748e+09, intercept=-2.14748e+09, x_refl=0, y_refl=0
  Quantized: start=-131, slope=0, intercept=0

Delta for Group 0:
  Original: start=-0.509038, slope=-2.14748e+09, intercept=-2.14748e+09, x_refl=0, y_refl=0
  Quantized: start=-130, slope=0, intercept=0

Delta for Group 0:
  Original: start=-0.505618, slope=-2.14748e+09, intercept=-2.14748e+09, x_refl=0, y_refl=0
  Quantized: start=-129, slope=0, intercept=0

Delta for Group 0:
  Original: start=-0.502198, slope=-2.14748e+09, intercept=-2.14748e+09, x_refl=0, y_refl=0
  Quantized: start=-129, slope=0, intercept=0

Delta for Group 0:
  Original: start=-0.498779, slope=-2.14748e+09, intercept=-2.14748e+09, x_refl=0, y_refl=0
  Quantized: start=-128, slope=0, intercept=0

Delta for Group 0:
  Original: start=-0.495359, slope=-2.14748e+09, intercept=-2.14748e+09, x_refl=0, y_refl=0
  Quantized: start=-127, slope=0, intercept=0

Delta for Group 0:
  Original: start=-0.491939, slope=-2.14748e+09, intercept=-2.14748e+09, x_refl=0, y_refl=0
  Quantized: start=-126, slope=0, intercept=0

Delta for Group 0:
  Original: start=-0.48852, slope=-2.14748e+09, intercept=-2.14748e+09, x_refl=0, y_refl=0
  Quantized: start=-125, slope=0, intercept=0

Delta for Group 0:
  Original: start=-0.4851, slope=-2.14748e+09, intercept=-2.14748e+09, x_refl=0, y_refl=0
  Quantized: start=-124, slope=0, intercept=0

Delta for Group 0:
  Original: start=-0.481681, slope=-2.14748e+09, intercept=-2.14748e+09, x_refl=0, y_refl=0
  Quantized: start=-123, slope=0, intercept=0

Delta for Group 0:
  Original: start=-0.478261, slope=-2.14748e+09, intercept=-2.14748e+09, x_refl=0, y_refl=0
  Quantized: start=-122, slope=0, intercept=0

Delta for Group 0:
  Original: start=-0.474841, slope=-2.14748e+09, intercept=-2.14748e+09, x_refl=0, y_refl=0
  Quantized: start=-122, slope=0, intercept=0

Delta for Group 0:
  Original: start=-0.471422, slope=-2.14748e+09, intercept=-2.14748e+09, x_refl=0, y_refl=0
  Quantized: start=-121, slope=0, intercept=0

Delta for Group 0:
  Original: start=-0.468002, slope=-2.14748e+09, intercept=-2.14748e+09, x_refl=0, y_refl=0
  Quantized: start=-120, slope=0, intercept=0

Delta for Group 0:
  Original: start=-0.464582, slope=-2.14748e+09, intercept=-2.14748e+09, x_refl=0, y_refl=0
  Quantized: start=-119, slope=0, intercept=0

Delta for Group 0:
  Original: start=-0.461163, slope=-2.14748e+09, intercept=-2.14748e+09, x_refl=0, y_refl=0
  Quantized: start=-118, slope=0, intercept=0

Delta for Group 0:
  Original: start=-0.457743, slope=-2.14748e+09, intercept=-2.14748e+09, x_refl=0, y_refl=0
  Quantized: start=-117, slope=0, intercept=0

Delta for Group 0:
  Original: start=-0.454323, slope=-2.14748e+09, intercept=-2.14748e+09, x_refl=0, y_refl=0
  Quantized: start=-116, slope=0, intercept=0

Delta for Group 0:
  Original: start=-0.450904, slope=-2.14748e+09, intercept=-2.14748e+09, x_refl=0, y_refl=0
  Quantized: start=-115, slope=0, intercept=0

Delta for Group 0:
  Original: start=-0.447484, slope=-2.14748e+09, intercept=-2.14748e+09, x_refl=0, y_refl=0
  Quantized: start=-115, slope=0, intercept=0

Delta for Group 0:
  Original: start=-0.444064, slope=-2.14748e+09, intercept=-2.14748e+09, x_refl=0, y_refl=0
  Quantized: start=-114, slope=0, intercept=0

Delta for Group 0:
  Original: start=-0.440645, slope=-2.14748e+09, intercept=-2.14748e+09, x_refl=0, y_refl=0
  Quantized: start=-113, slope=0, intercept=0

Delta for Group 0:
  Original: start=-0.437225, slope=-2.14748e+09, intercept=-2.14748e+09, x_refl=0, y_refl=0
  Quantized: start=-112, slope=0, intercept=0

Delta for Group 0:
  Original: start=-0.433806, slope=-2.14748e+09, intercept=-2.14748e+09, x_refl=0, y_refl=0
  Quantized: start=-111, slope=0, intercept=0

Delta for Group 0:
  Original: start=-0.430386, slope=-2.14748e+09, intercept=-2.14748e+09, x_refl=0, y_refl=0
  Quantized: start=-110, slope=0, intercept=0

Delta for Group 0:
  Original: start=-0.426966, slope=-2.14748e+09, intercept=-2.14748e+09, x_refl=0, y_refl=0
  Quantized: start=-109, slope=0, intercept=0

Delta for Group 0:
  Original: start=-0.423547, slope=-2.14748e+09, intercept=-2.14748e+09, x_refl=0, y_refl=0
  Quantized: start=-108, slope=0, intercept=0

Delta for Group 0:
  Original: start=-0.420127, slope=-2.14748e+09, intercept=-2.14748e+09, x_refl=0, y_refl=0
  Quantized: start=-108, slope=0, intercept=0

Delta for Group 0:
  Original: start=-0.416707, slope=-2.14748e+09, intercept=-2.14748e+09, x_refl=0, y_refl=0
  Quantized: start=-107, slope=0, intercept=0

Delta for Group 0:
  Original: start=-0.413288, slope=-2.14748e+09, intercept=-2.14748e+09, x_refl=0, y_refl=0
  Quantized: start=-106, slope=0, intercept=0

Delta for Group 0:
  Original: start=-0.409868, slope=-2.14748e+09, intercept=-2.14748e+09, x_refl=0, y_refl=0
  Quantized: start=-105, slope=0, intercept=0

Delta for Group 0:
  Original: start=-0.406448, slope=-2.14748e+09, intercept=-2.14748e+09, x_refl=0, y_refl=0
  Quantized: start=-104, slope=0, intercept=0

Delta for Group 0:
  Original: start=-0.403029, slope=-2.14748e+09, intercept=-2.14748e+09, x_refl=0, y_refl=0
  Quantized: start=-103, slope=0, intercept=0

Delta for Group 0:
  Original: start=-0.399609, slope=-2.14748e+09, intercept=-2.14748e+09, x_refl=0, y_refl=0
  Quantized: start=-102, slope=0, intercept=0

Delta for Group 0:
  Original: start=-0.39619, slope=-2.14748e+09, intercept=-2.14748e+09, x_refl=0, y_refl=0
  Quantized: start=-101, slope=0, intercept=0

Delta for Group 0:
  Original: start=-0.39277, slope=-2.14748e+09, intercept=-2.14748e+09, x_refl=0, y_refl=0
  Quantized: start=-101, slope=0, intercept=0

Delta for Group 0:
  Original: start=-0.38935, slope=-2.14748e+09, intercept=-2.14748e+09, x_refl=0, y_refl=0
  Quantized: start=-100, slope=0, intercept=0

Delta for Group 0:
  Original: start=-0.385931, slope=-2.14748e+09, intercept=-2.14748e+09, x_refl=0, y_refl=0
  Quantized: start=-99, slope=0, intercept=0

Delta for Group 0:
  Original: start=-0.382511, slope=-2.14748e+09, intercept=-2.14748e+09, x_refl=0, y_refl=0
  Quantized: start=-98, slope=0, intercept=0

Delta for Group 0:
  Original: start=-0.379091, slope=-2.14748e+09, intercept=-2.14748e+09, x_refl=0, y_refl=0
  Quantized: start=-97, slope=0, intercept=0

Delta for Group 0:
  Original: start=-0.375672, slope=-2.14748e+09, intercept=-2.14748e+09, x_refl=0, y_refl=0
  Quantized: start=-96, slope=0, intercept=0

Delta for Group 0:
  Original: start=-0.372252, slope=-2.14748e+09, intercept=-2.14748e+09, x_refl=0, y_refl=0
  Quantized: start=-95, slope=0, intercept=0

Delta for Group 0:
  Original: start=-0.368832, slope=-2.14748e+09, intercept=-2.14748e+09, x_refl=0, y_refl=0
  Quantized: start=-94, slope=0, intercept=0

Delta for Group 0:
  Original: start=-0.365413, slope=-2.14748e+09, intercept=-2.14748e+09, x_refl=0, y_refl=0
  Quantized: start=-94, slope=0, intercept=0

Delta for Group 0:
  Original: start=-0.361993, slope=-2.14748e+09, intercept=-2.14748e+09, x_refl=0, y_refl=0
  Quantized: start=-93, slope=0, intercept=0

Delta for Group 0:
  Original: start=-0.358574, slope=-2.14748e+09, intercept=-2.14748e+09, x_refl=0, y_refl=0
  Quantized: start=-92, slope=0, intercept=0

Delta for Group 0:
  Original: start=-0.355154, slope=-2.14748e+09, intercept=-2.14748e+09, x_refl=0, y_refl=0
  Quantized: start=-91, slope=0, intercept=0

Delta for Group 0:
  Original: start=-0.351734, slope=-2.14748e+09, intercept=-2.14748e+09, x_refl=0, y_refl=0
  Quantized: start=-90, slope=0, intercept=0

Delta for Group 0:
  Original: start=-0.348315, slope=-2.14748e+09, intercept=-2.14748e+09, x_refl=0, y_refl=0
  Quantized: start=-89, slope=0, intercept=0

Delta for Group 0:
  Original: start=-0.344895, slope=-2.14748e+09, intercept=-2.14748e+09, x_refl=0, y_refl=0
  Quantized: start=-88, slope=0, intercept=0

Delta for Group 0:
  Original: start=-0.341475, slope=-2.14748e+09, intercept=-2.14748e+09, x_refl=0, y_refl=0
  Quantized: start=-87, slope=0, intercept=0

Delta for Group 0:
  Original: start=-0.338056, slope=-2.14748e+09, intercept=-2.14748e+09, x_refl=0, y_refl=0
  Quantized: start=-87, slope=0, intercept=0

Delta for Group 0:
  Original: start=-0.334636, slope=-2.14748e+09, intercept=-2.14748e+09, x_refl=0, y_refl=0
  Quantized: start=-86, slope=0, intercept=0

Delta for Group 0:
  Original: start=-0.331216, slope=-2.14748e+09, intercept=-2.14748e+09, x_refl=0, y_refl=0
  Quantized: start=-85, slope=0, intercept=0

Delta for Group 0:
  Original: start=-0.327797, slope=-2.14748e+09, intercept=-2.14748e+09, x_refl=0, y_refl=0
  Quantized: start=-84, slope=0, intercept=0

Delta for Group 0:
  Original: start=-0.324377, slope=-2.14748e+09, intercept=-2.14748e+09, x_refl=0, y_refl=0
  Quantized: start=-83, slope=0, intercept=0

Delta for Group 0:
  Original: start=-0.320958, slope=-2.14748e+09, intercept=-2.14748e+09, x_refl=0, y_refl=0
  Quantized: start=-82, slope=0, intercept=0

Delta for Group 0:
  Original: start=-0.317538, slope=-2.14748e+09, intercept=-2.14748e+09, x_refl=0, y_refl=0
  Quantized: start=-81, slope=0, intercept=0

Delta for Group 0:
  Original: start=-0.314118, slope=-2.14748e+09, intercept=-2.14748e+09, x_refl=0, y_refl=0
  Quantized: start=-80, slope=0, intercept=0

Delta for Group 0:
  Original: start=-0.310699, slope=-2.14748e+09, intercept=-2.14748e+09, x_refl=0, y_refl=0
  Quantized: start=-80, slope=0, intercept=0

Delta for Group 0:
  Original: start=-0.307279, slope=-2.14748e+09, intercept=-2.14748e+09, x_refl=0, y_refl=0
  Quantized: start=-79, slope=0, intercept=0

Delta for Group 0:
  Original: start=-0.303859, slope=-2.14748e+09, intercept=-2.14748e+09, x_refl=0, y_refl=0
  Quantized: start=-78, slope=0, intercept=0

Delta for Group 0:
  Original: start=-0.30044, slope=-2.14748e+09, intercept=-2.14748e+09, x_refl=0, y_refl=0
  Quantized: start=-77, slope=0, intercept=0

Delta for Group 0:
  Original: start=-0.29702, slope=-2.14748e+09, intercept=-2.14748e+09, x_refl=0, y_refl=0
  Quantized: start=-76, slope=0, intercept=0

Delta for Group 0:
  Original: start=-0.2936, slope=-2.14748e+09, intercept=-2.14748e+09, x_refl=0, y_refl=0
  Quantized: start=-75, slope=0, intercept=0

Delta for Group 0:
  Original: start=-0.290181, slope=-2.14748e+09, intercept=-2.14748e+09, x_refl=0, y_refl=0
  Quantized: start=-74, slope=0, intercept=0

Delta for Group 0:
  Original: start=-0.286761, slope=-2.14748e+09, intercept=-2.14748e+09, x_refl=0, y_refl=0
  Quantized: start=-73, slope=0, intercept=0

Delta for Group 0:
  Original: start=-0.283341, slope=-2.14748e+09, intercept=-2.14748e+09, x_refl=0, y_refl=0
  Quantized: start=-73, slope=0, intercept=0

Delta for Group 0:
  Original: start=-0.279922, slope=-2.14748e+09, intercept=-2.14748e+09, x_refl=0, y_refl=0
  Quantized: start=-72, slope=0, intercept=0

Delta for Group 0:
  Original: start=-0.276502, slope=-2.14748e+09, intercept=-2.14748e+09, x_refl=0, y_refl=0
  Quantized: start=-71, slope=0, intercept=0

Delta for Group 0:
  Original: start=-0.273083, slope=-2.14748e+09, intercept=-2.14748e+09, x_refl=0, y_refl=0
  Quantized: start=-70, slope=0, intercept=0

Delta for Group 0:
  Original: start=-0.269663, slope=-2.14748e+09, intercept=-2.14748e+09, x_refl=0, y_refl=0
  Quantized: start=-69, slope=0, intercept=0

Delta for Group 0:
  Original: start=-0.266243, slope=-2.14748e+09, intercept=-2.14748e+09, x_refl=0, y_refl=0
  Quantized: start=-68, slope=0, intercept=0

Delta for Group 0:
  Original: start=-0.262824, slope=-2.14748e+09, intercept=-2.14748e+09, x_refl=0, y_refl=0
  Quantized: start=-67, slope=0, intercept=0

Delta for Group 0:
  Original: start=-0.259404, slope=-2.14748e+09, intercept=-2.14748e+09, x_refl=0, y_refl=0
  Quantized: start=-66, slope=0, intercept=0

Delta for Group 0:
  Original: start=-0.255984, slope=-2.14748e+09, intercept=-2.14748e+09, x_refl=0, y_refl=0
  Quantized: start=-66, slope=0, intercept=0

Delta for Group 0:
  Original: start=-0.252565, slope=-2.14748e+09, intercept=-2.14748e+09, x_refl=0, y_refl=0
  Quantized: start=-65, slope=0, intercept=0

Delta for Group 0:
  Original: start=-0.249145, slope=-2.14748e+09, intercept=-2.14748e+09, x_refl=0, y_refl=0
  Quantized: start=-64, slope=0, intercept=0

Delta for Group 0:
  Original: start=-0.245725, slope=-2.14748e+09, intercept=-2.14748e+09, x_refl=0, y_refl=0
  Quantized: start=-63, slope=0, intercept=0

Delta for Group 0:
  Original: start=-0.242306, slope=-2.14748e+09, intercept=-2.14748e+09, x_refl=0, y_refl=0
  Quantized: start=-62, slope=0, intercept=0

Delta for Group 0:
  Original: start=-0.238886, slope=-2.14748e+09, intercept=-2.14748e+09, x_refl=0, y_refl=0
  Quantized: start=-61, slope=0, intercept=0

Delta for Group 0:
  Original: start=-0.235467, slope=-2.14748e+09, intercept=-2.14748e+09, x_refl=0, y_refl=0
  Quantized: start=-60, slope=0, intercept=0

Delta for Group 0:
  Original: start=-0.232047, slope=-2.14748e+09, intercept=-2.14748e+09, x_refl=0, y_refl=0
  Quantized: start=-59, slope=0, intercept=0

Delta for Group 0:
  Original: start=-0.228627, slope=-2.14748e+09, intercept=-2.14748e+09, x_refl=0, y_refl=0
  Quantized: start=-59, slope=0, intercept=0

Delta for Group 0:
  Original: start=-0.225208, slope=-2.14748e+09, intercept=-2.14748e+09, x_refl=0, y_refl=0
  Quantized: start=-58, slope=0, intercept=0

Delta for Group 0:
  Original: start=-0.221788, slope=-2.14748e+09, intercept=-2.14748e+09, x_refl=0, y_refl=0
  Quantized: start=-57, slope=0, intercept=0

Delta for Group 0:
  Original: start=-0.218368, slope=-2.14748e+09, intercept=-2.14748e+09, x_refl=0, y_refl=0
  Quantized: start=-56, slope=0, intercept=0

Delta for Group 0:
  Original: start=-0.214949, slope=-2.14748e+09, intercept=-2.14748e+09, x_refl=0, y_refl=0
  Quantized: start=-55, slope=0, intercept=0

Delta for Group 0:
  Original: start=-0.211529, slope=-2.14748e+09, intercept=-2.14748e+09, x_refl=0, y_refl=0
  Quantized: start=-54, slope=0, intercept=0

Delta for Group 0:
  Original: start=-0.208109, slope=-2.14748e+09, intercept=-2.14748e+09, x_refl=0, y_refl=0
  Quantized: start=-53, slope=0, intercept=0

Delta for Group 0:
  Original: start=-0.20469, slope=-2.14748e+09, intercept=-2.14748e+09, x_refl=0, y_refl=0
  Quantized: start=-52, slope=0, intercept=0

Delta for Group 0:
  Original: start=-0.20127, slope=-2.14748e+09, intercept=-2.14748e+09, x_refl=0, y_refl=0
  Quantized: start=-52, slope=0, intercept=0

Delta for Group 0:
  Original: start=-0.197851, slope=-2.14748e+09, intercept=-2.14748e+09, x_refl=0, y_refl=0
  Quantized: start=-51, slope=0, intercept=0

Delta for Group 0:
  Original: start=-0.194431, slope=-2.14748e+09, intercept=-2.14748e+09, x_refl=0, y_refl=0
  Quantized: start=-50, slope=0, intercept=0

Delta for Group 0:
  Original: start=-0.191011, slope=-2.14748e+09, intercept=-2.14748e+09, x_refl=0, y_refl=0
  Quantized: start=-49, slope=0, intercept=0

Delta for Group 0:
  Original: start=-0.187592, slope=-2.14748e+09, intercept=-2.14748e+09, x_refl=0, y_refl=0
  Quantized: start=-48, slope=0, intercept=0

Delta for Group 0:
  Original: start=-0.184172, slope=-2.14748e+09, intercept=-2.14748e+09, x_refl=0, y_refl=0
  Quantized: start=-47, slope=0, intercept=0

Delta for Group 0:
  Original: start=-0.180752, slope=-2.14748e+09, intercept=-2.14748e+09, x_refl=0, y_refl=0
  Quantized: start=-46, slope=0, intercept=0

Delta for Group 0:
  Original: start=-0.177333, slope=-2.14748e+09, intercept=-2.14748e+09, x_refl=0, y_refl=0
  Quantized: start=-45, slope=0, intercept=0

Delta for Group 0:
  Original: start=-0.173913, slope=-2.14748e+09, intercept=-2.14748e+09, x_refl=0, y_refl=0
  Quantized: start=-45, slope=0, intercept=0

Delta for Group 0:
  Original: start=-0.170493, slope=-2.14748e+09, intercept=-2.14748e+09, x_refl=0, y_refl=0
  Quantized: start=-44, slope=0, intercept=0

Delta for Group 0:
  Original: start=-0.167074, slope=-2.14748e+09, intercept=-2.14748e+09, x_refl=0, y_refl=0
  Quantized: start=-43, slope=0, intercept=0

Delta for Group 0:
  Original: start=-0.163654, slope=-2.14748e+09, intercept=-2.14748e+09, x_refl=0, y_refl=0
  Quantized: start=-42, slope=0, intercept=0

Delta for Group 0:
  Original: start=-0.160234, slope=-2.14748e+09, intercept=-2.14748e+09, x_refl=0, y_refl=0
  Quantized: start=-41, slope=0, intercept=0

Delta for Group 0:
  Original: start=-0.156815, slope=-2.14748e+09, intercept=-2.14748e+09, x_refl=0, y_refl=0
  Quantized: start=-40, slope=0, intercept=0

Delta for Group 0:
  Original: start=-0.153395, slope=-2.14748e+09, intercept=-2.14748e+09, x_refl=0, y_refl=0
  Quantized: start=-39, slope=0, intercept=0

Delta for Group 0:
  Original: start=-0.149976, slope=-2.14748e+09, intercept=-2.14748e+09, x_refl=0, y_refl=0
  Quantized: start=-38, slope=0, intercept=0

Delta for Group 0:
  Original: start=-0.146556, slope=-2.14748e+09, intercept=-2.14748e+09, x_refl=0, y_refl=0
  Quantized: start=-38, slope=0, intercept=0

Delta for Group 0:
  Original: start=-0.143136, slope=-2.14748e+09, intercept=-2.14748e+09, x_refl=0, y_refl=0
  Quantized: start=-37, slope=0, intercept=0

Delta for Group 0:
  Original: start=-0.139717, slope=-2.14748e+09, intercept=-2.14748e+09, x_refl=0, y_refl=0
  Quantized: start=-36, slope=0, intercept=0

Delta for Group 0:
  Original: start=-0.136297, slope=-2.14748e+09, intercept=-2.14748e+09, x_refl=0, y_refl=0
  Quantized: start=-35, slope=0, intercept=0

Delta for Group 0:
  Original: start=-0.132877, slope=-2.14748e+09, intercept=-2.14748e+09, x_refl=0, y_refl=0
  Quantized: start=-34, slope=0, intercept=0

Delta for Group 0:
  Original: start=-0.129458, slope=-2.14748e+09, intercept=-2.14748e+09, x_refl=0, y_refl=0
  Quantized: start=-33, slope=0, intercept=0

Delta for Group 0:
  Original: start=-0.126038, slope=-2.14748e+09, intercept=-2.14748e+09, x_refl=0, y_refl=0
  Quantized: start=-32, slope=0, intercept=0

Delta for Group 0:
  Original: start=-0.122618, slope=-2.14748e+09, intercept=-2.14748e+09, x_refl=0, y_refl=0
  Quantized: start=-31, slope=0, intercept=0

Delta for Group 0:
  Original: start=-0.119199, slope=-2.14748e+09, intercept=-2.14748e+09, x_refl=0, y_refl=0
  Quantized: start=-31, slope=0, intercept=0

Delta for Group 0:
  Original: start=-0.115779, slope=-2.14748e+09, intercept=-2.14748e+09, x_refl=0, y_refl=0
  Quantized: start=-30, slope=0, intercept=0

Delta for Group 0:
  Original: start=-0.11236, slope=-2.14748e+09, intercept=-2.14748e+09, x_refl=0, y_refl=0
  Quantized: start=-29, slope=0, intercept=0

Delta for Group 0:
  Original: start=-0.10894, slope=-2.14748e+09, intercept=-2.14748e+09, x_refl=0, y_refl=0
  Quantized: start=-28, slope=0, intercept=0

Delta for Group 0:
  Original: start=-0.10552, slope=-2.14748e+09, intercept=-2.14748e+09, x_refl=0, y_refl=0
  Quantized: start=-27, slope=0, intercept=0

Delta for Group 0:
  Original: start=-0.102101, slope=-2.14748e+09, intercept=-2.14748e+09, x_refl=0, y_refl=0
  Quantized: start=-26, slope=0, intercept=0

Delta for Group 0:
  Original: start=-0.098681, slope=-2.14748e+09, intercept=-2.14748e+09, x_refl=0, y_refl=0
  Quantized: start=-25, slope=0, intercept=0

Delta for Group 0:
  Original: start=-0.0952614, slope=-2.14748e+09, intercept=-2.14748e+09, x_refl=0, y_refl=0
  Quantized: start=-24, slope=0, intercept=0

Delta for Group 0:
  Original: start=-0.0918417, slope=-2.14748e+09, intercept=-2.14748e+09, x_refl=0, y_refl=0
  Quantized: start=-24, slope=0, intercept=0

Delta for Group 0:
  Original: start=-0.0884221, slope=-2.14748e+09, intercept=-2.14748e+09, x_refl=0, y_refl=0
  Quantized: start=-23, slope=0, intercept=0

Delta for Group 0:
  Original: start=-0.0850024, slope=-2.14748e+09, intercept=-2.14748e+09, x_refl=0, y_refl=0
  Quantized: start=-22, slope=0, intercept=0

Delta for Group 0:
  Original: start=-0.0815828, slope=-2.14748e+09, intercept=-2.14748e+09, x_refl=0, y_refl=0
  Quantized: start=-21, slope=0, intercept=0

Delta for Group 0:
  Original: start=-0.0781632, slope=-2.14748e+09, intercept=-2.14748e+09, x_refl=0, y_refl=0
  Quantized: start=-20, slope=0, intercept=0

Delta for Group 0:
  Original: start=-0.0747435, slope=-2.14748e+09, intercept=-2.14748e+09, x_refl=0, y_refl=0
  Quantized: start=-19, slope=0, intercept=0

Delta for Group 0:
  Original: start=-0.0713239, slope=-2.14748e+09, intercept=-2.14748e+09, x_refl=0, y_refl=0
  Quantized: start=-18, slope=0, intercept=0

Delta for Group 0:
  Original: start=-0.0679043, slope=-2.14748e+09, intercept=-2.14748e+09, x_refl=0, y_refl=0
  Quantized: start=-17, slope=0, intercept=0

Delta for Group 0:
  Original: start=-0.0644846, slope=-2.14748e+09, intercept=-2.14748e+09, x_refl=0, y_refl=0
  Quantized: start=-17, slope=0, intercept=0

Delta for Group 0:
  Original: start=-0.061065, slope=-2.14748e+09, intercept=-2.14748e+09, x_refl=0, y_refl=0
  Quantized: start=-16, slope=0, intercept=0

Delta for Group 0:
  Original: start=-0.0576453, slope=-2.14748e+09, intercept=-2.14748e+09, x_refl=0, y_refl=0
  Quantized: start=-15, slope=0, intercept=0

Delta for Group 0:
  Original: start=-0.0542257, slope=-2.14748e+09, intercept=-2.14748e+09, x_refl=0, y_refl=0
  Quantized: start=-14, slope=0, intercept=0

Delta for Group 0:
  Original: start=-0.0508061, slope=-2.14748e+09, intercept=-2.14748e+09, x_refl=0, y_refl=0
  Quantized: start=-13, slope=0, intercept=0

Delta for Group 0:
  Original: start=-0.0473864, slope=-2.14748e+09, intercept=-2.14748e+09, x_refl=0, y_refl=0
  Quantized: start=-12, slope=0, intercept=0

Delta for Group 0:
  Original: start=-0.0439668, slope=-2.14748e+09, intercept=-2.14748e+09, x_refl=0, y_refl=0
  Quantized: start=-11, slope=0, intercept=0

Delta for Group 0:
  Original: start=-0.0405471, slope=-2.14748e+09, intercept=-2.14748e+09, x_refl=0, y_refl=0
  Quantized: start=-10, slope=0, intercept=0

Delta for Group 0:
  Original: start=-0.0371275, slope=-2.14748e+09, intercept=-2.14748e+09, x_refl=0, y_refl=0
  Quantized: start=-10, slope=0, intercept=0

Delta for Group 0:
  Original: start=-0.0337079, slope=-2.14748e+09, intercept=-2.14748e+09, x_refl=0, y_refl=0
  Quantized: start=-9, slope=0, intercept=0

Delta for Group 0:
  Original: start=-0.0302882, slope=-2.14748e+09, intercept=-2.14748e+09, x_refl=0, y_refl=0
  Quantized: start=-8, slope=0, intercept=0

Delta for Group 0:
  Original: start=-0.0268686, slope=-2.14748e+09, intercept=-2.14748e+09, x_refl=0, y_refl=0
  Quantized: start=-7, slope=0, intercept=0

Delta for Group 0:
  Original: start=-0.023449, slope=-2.14748e+09, intercept=-2.14748e+09, x_refl=0, y_refl=0
  Quantized: start=-6, slope=0, intercept=0

Delta for Group 0:
  Original: start=-0.0200293, slope=-2.14748e+09, intercept=-2.14748e+09, x_refl=0, y_refl=0
  Quantized: start=-5, slope=0, intercept=0

Delta for Group 0:
  Original: start=-0.0166097, slope=-2.14748e+09, intercept=-2.14748e+09, x_refl=0, y_refl=0
  Quantized: start=-4, slope=0, intercept=0

Delta for Group 0:
  Original: start=-0.01319, slope=-2.14748e+09, intercept=-2.14748e+09, x_refl=0, y_refl=0
  Quantized: start=-3, slope=0, intercept=0

Delta for Group 0:
  Original: start=-0.0097704, slope=-2.14748e+09, intercept=-2.14748e+09, x_refl=0, y_refl=0
  Quantized: start=-3, slope=0, intercept=0

Delta for Group 0:
  Original: start=-0.00635076, slope=-2.14748e+09, intercept=-2.14748e+09, x_refl=0, y_refl=0
  Quantized: start=-2, slope=0, intercept=0

Delta for Group 0:
  Original: start=-0.00293112, slope=-2.14748e+09, intercept=-2.14748e+09, x_refl=0, y_refl=0
  Quantized: start=-1, slope=0, intercept=0

Delta for Group 0:
  Original: start=0.000488516, slope=-2.14748e+09, intercept=-2.14748e+09, x_refl=0, y_refl=0
  Quantized: start=0, slope=0, intercept=0

Delta for Group 0:
  Original: start=0.00390815, slope=-2.14748e+09, intercept=-2.14748e+09, x_refl=0, y_refl=0
  Quantized: start=1, slope=0, intercept=0

Delta for Group 0:
  Original: start=0.00732779, slope=-2.14748e+09, intercept=-2.14748e+09, x_refl=0, y_refl=0
  Quantized: start=2, slope=0, intercept=0

Delta for Group 0:
  Original: start=0.0107474, slope=-2.14748e+09, intercept=-2.14748e+09, x_refl=0, y_refl=0
  Quantized: start=3, slope=0, intercept=0

Delta for Group 0:
  Original: start=0.0141671, slope=-2.14748e+09, intercept=-2.14748e+09, x_refl=0, y_refl=0
  Quantized: start=4, slope=0, intercept=0

Delta for Group 0:
  Original: start=0.0175867, slope=-2.14748e+09, intercept=-2.14748e+09, x_refl=0, y_refl=0
  Quantized: start=5, slope=0, intercept=0

Delta for Group 0:
  Original: start=0.0210063, slope=-2.14748e+09, intercept=-2.14748e+09, x_refl=0, y_refl=0
  Quantized: start=5, slope=0, intercept=0

Delta for Group 0:
  Original: start=0.024426, slope=-2.14748e+09, intercept=-2.14748e+09, x_refl=0, y_refl=0
  Quantized: start=6, slope=0, intercept=0

Delta for Group 0:
  Original: start=0.0278456, slope=-2.14748e+09, intercept=-2.14748e+09, x_refl=0, y_refl=0
  Quantized: start=7, slope=0, intercept=0

Delta for Group 0:
  Original: start=0.0312653, slope=-2.14748e+09, intercept=-2.14748e+09, x_refl=0, y_refl=0
  Quantized: start=8, slope=0, intercept=0

Delta for Group 0:
  Original: start=0.0346849, slope=-2.14748e+09, intercept=-2.14748e+09, x_refl=0, y_refl=0
  Quantized: start=9, slope=0, intercept=0

Delta for Group 0:
  Original: start=0.0381045, slope=-2.14748e+09, intercept=-2.14748e+09, x_refl=0, y_refl=0
  Quantized: start=10, slope=0, intercept=0

Delta for Group 0:
  Original: start=0.0415242, slope=-2.14748e+09, intercept=-2.14748e+09, x_refl=0, y_refl=0
  Quantized: start=11, slope=0, intercept=0

Delta for Group 0:
  Original: start=0.0449438, slope=-2.14748e+09, intercept=-2.14748e+09, x_refl=0, y_refl=0
  Quantized: start=12, slope=0, intercept=0

Delta for Group 0:
  Original: start=0.0483635, slope=-2.14748e+09, intercept=-2.14748e+09, x_refl=0, y_refl=0
  Quantized: start=12, slope=0, intercept=0

Delta for Group 0:
  Original: start=0.0517831, slope=-2.14748e+09, intercept=-2.14748e+09, x_refl=0, y_refl=0
  Quantized: start=13, slope=0, intercept=0

Delta for Group 0:
  Original: start=0.0552027, slope=-2.14748e+09, intercept=-2.14748e+09, x_refl=0, y_refl=0
  Quantized: start=14, slope=0, intercept=0

Delta for Group 0:
  Original: start=0.0586224, slope=-2.14748e+09, intercept=-2.14748e+09, x_refl=0, y_refl=0
  Quantized: start=15, slope=0, intercept=0

Delta for Group 0:
  Original: start=0.062042, slope=-2.14748e+09, intercept=-2.14748e+09, x_refl=0, y_refl=0
  Quantized: start=16, slope=0, intercept=0

Delta for Group 0:
  Original: start=0.0654616, slope=-2.14748e+09, intercept=-2.14748e+09, x_refl=0, y_refl=0
  Quantized: start=17, slope=0, intercept=0

Delta for Group 0:
  Original: start=0.0688813, slope=-2.14748e+09, intercept=-2.14748e+09, x_refl=0, y_refl=0
  Quantized: start=18, slope=0, intercept=0

Delta for Group 0:
  Original: start=0.0723009, slope=-2.14748e+09, intercept=-2.14748e+09, x_refl=0, y_refl=0
  Quantized: start=19, slope=0, intercept=0

Delta for Group 0:
  Original: start=0.0757206, slope=-2.14748e+09, intercept=-2.14748e+09, x_refl=0, y_refl=0
  Quantized: start=19, slope=0, intercept=0

Delta for Group 0:
  Original: start=0.0791402, slope=-2.14748e+09, intercept=-2.14748e+09, x_refl=0, y_refl=0
  Quantized: start=20, slope=0, intercept=0

Delta for Group 0:
  Original: start=0.0825598, slope=-2.14748e+09, intercept=-2.14748e+09, x_refl=0, y_refl=0
  Quantized: start=21, slope=0, intercept=0

Delta for Group 0:
  Original: start=0.0859795, slope=-2.14748e+09, intercept=-2.14748e+09, x_refl=0, y_refl=0
  Quantized: start=22, slope=0, intercept=0

Delta for Group 0:
  Original: start=0.0893991, slope=-2.14748e+09, intercept=-2.14748e+09, x_refl=0, y_refl=0
  Quantized: start=23, slope=0, intercept=0

Delta for Group 0:
  Original: start=0.0928188, slope=-2.14748e+09, intercept=-2.14748e+09, x_refl=0, y_refl=0
  Quantized: start=24, slope=0, intercept=0

Delta for Group 0:
  Original: start=0.0962384, slope=-2.14748e+09, intercept=-2.14748e+09, x_refl=0, y_refl=0
  Quantized: start=25, slope=0, intercept=0

Delta for Group 0:
  Original: start=0.099658, slope=-2.14748e+09, intercept=-2.14748e+09, x_refl=0, y_refl=0
  Quantized: start=26, slope=0, intercept=0

Delta for Group 0:
  Original: start=0.103078, slope=-2.14748e+09, intercept=-2.14748e+09, x_refl=0, y_refl=0
  Quantized: start=26, slope=0, intercept=0

Delta for Group 0:
  Original: start=0.106497, slope=-2.14748e+09, intercept=-2.14748e+09, x_refl=0, y_refl=0
  Quantized: start=27, slope=0, intercept=0

Delta for Group 0:
  Original: start=0.109917, slope=-2.14748e+09, intercept=-2.14748e+09, x_refl=0, y_refl=0
  Quantized: start=28, slope=0, intercept=0

Delta for Group 0:
  Original: start=0.113337, slope=-2.14748e+09, intercept=-2.14748e+09, x_refl=0, y_refl=0
  Quantized: start=29, slope=0, intercept=0

Delta for Group 0:
  Original: start=0.116756, slope=-2.14748e+09, intercept=-2.14748e+09, x_refl=0, y_refl=0
  Quantized: start=30, slope=0, intercept=0

Delta for Group 0:
  Original: start=0.120176, slope=-2.14748e+09, intercept=-2.14748e+09, x_refl=0, y_refl=0
  Quantized: start=31, slope=0, intercept=0

Delta for Group 0:
  Original: start=0.123596, slope=-2.14748e+09, intercept=-2.14748e+09, x_refl=0, y_refl=0
  Quantized: start=32, slope=0, intercept=0

Delta for Group 0:
  Original: start=0.127015, slope=-2.14748e+09, intercept=-2.14748e+09, x_refl=0, y_refl=0
  Quantized: start=33, slope=0, intercept=0

Delta for Group 0:
  Original: start=0.130435, slope=-2.14748e+09, intercept=-2.14748e+09, x_refl=0, y_refl=0
  Quantized: start=33, slope=0, intercept=0

Delta for Group 0:
  Original: start=0.133854, slope=-2.14748e+09, intercept=-2.14748e+09, x_refl=0, y_refl=0
  Quantized: start=34, slope=0, intercept=0

Delta for Group 0:
  Original: start=0.137274, slope=-2.14748e+09, intercept=-2.14748e+09, x_refl=0, y_refl=0
  Quantized: start=35, slope=0, intercept=0

Delta for Group 0:
  Original: start=0.140694, slope=-2.14748e+09, intercept=-2.14748e+09, x_refl=0, y_refl=0
  Quantized: start=36, slope=0, intercept=0

Delta for Group 0:
  Original: start=0.144113, slope=-2.14748e+09, intercept=-2.14748e+09, x_refl=0, y_refl=0
  Quantized: start=37, slope=0, intercept=0

Delta for Group 0:
  Original: start=0.147533, slope=-2.14748e+09, intercept=-2.14748e+09, x_refl=0, y_refl=0
  Quantized: start=38, slope=0, intercept=0

Delta for Group 0:
  Original: start=0.150953, slope=-2.14748e+09, intercept=-2.14748e+09, x_refl=0, y_refl=0
  Quantized: start=39, slope=0, intercept=0

Delta for Group 0:
  Original: start=0.154372, slope=-2.14748e+09, intercept=-2.14748e+09, x_refl=0, y_refl=0
  Quantized: start=40, slope=0, intercept=0

Delta for Group 0:
  Original: start=0.157792, slope=-2.14748e+09, intercept=-2.14748e+09, x_refl=0, y_refl=0
  Quantized: start=40, slope=0, intercept=0

Delta for Group 0:
  Original: start=0.161212, slope=-2.14748e+09, intercept=-2.14748e+09, x_refl=0, y_refl=0
  Quantized: start=41, slope=0, intercept=0

Delta for Group 0:
  Original: start=0.164631, slope=-2.14748e+09, intercept=-2.14748e+09, x_refl=0, y_refl=0
  Quantized: start=42, slope=0, intercept=0

Delta for Group 0:
  Original: start=0.168051, slope=-2.14748e+09, intercept=-2.14748e+09, x_refl=0, y_refl=0
  Quantized: start=43, slope=0, intercept=0

Delta for Group 0:
  Original: start=0.17147, slope=-2.14748e+09, intercept=-2.14748e+09, x_refl=0, y_refl=0
  Quantized: start=44, slope=0, intercept=0

Delta for Group 0:
  Original: start=0.17489, slope=-2.14748e+09, intercept=-2.14748e+09, x_refl=0, y_refl=0
  Quantized: start=45, slope=0, intercept=0

Delta for Group 0:
  Original: start=0.17831, slope=-2.14748e+09, intercept=-2.14748e+09, x_refl=0, y_refl=0
  Quantized: start=46, slope=0, intercept=0

Delta for Group 0:
  Original: start=0.181729, slope=-2.14748e+09, intercept=-2.14748e+09, x_refl=0, y_refl=0
  Quantized: start=47, slope=0, intercept=0

Delta for Group 0:
  Original: start=0.185149, slope=-2.14748e+09, intercept=-2.14748e+09, x_refl=0, y_refl=0
  Quantized: start=47, slope=0, intercept=0

Delta for Group 0:
  Original: start=0.188569, slope=-2.14748e+09, intercept=-2.14748e+09, x_refl=0, y_refl=0
  Quantized: start=48, slope=0, intercept=0

Delta for Group 0:
  Original: start=0.191988, slope=-2.14748e+09, intercept=-2.14748e+09, x_refl=0, y_refl=0
  Quantized: start=49, slope=0, intercept=0

Delta for Group 0:
  Original: start=0.195408, slope=-2.14748e+09, intercept=-2.14748e+09, x_refl=0, y_refl=0
  Quantized: start=50, slope=0, intercept=0

Delta for Group 0:
  Original: start=0.198828, slope=-2.14748e+09, intercept=-2.14748e+09, x_refl=0, y_refl=0
  Quantized: start=51, slope=0, intercept=0

Delta for Group 0:
  Original: start=0.202247, slope=-2.14748e+09, intercept=-2.14748e+09, x_refl=0, y_refl=0
  Quantized: start=52, slope=0, intercept=0

Delta for Group 0:
  Original: start=0.205667, slope=-2.14748e+09, intercept=-2.14748e+09, x_refl=0, y_refl=0
  Quantized: start=53, slope=0, intercept=0

Delta for Group 0:
  Original: start=0.209086, slope=-2.14748e+09, intercept=-2.14748e+09, x_refl=0, y_refl=0
  Quantized: start=54, slope=0, intercept=0

Delta for Group 0:
  Original: start=0.212506, slope=-2.14748e+09, intercept=-2.14748e+09, x_refl=0, y_refl=0
  Quantized: start=54, slope=0, intercept=0

Delta for Group 0:
  Original: start=0.215926, slope=-2.14748e+09, intercept=-2.14748e+09, x_refl=0, y_refl=0
  Quantized: start=55, slope=0, intercept=0

Delta for Group 0:
  Original: start=0.219345, slope=-2.14748e+09, intercept=-2.14748e+09, x_refl=0, y_refl=0
  Quantized: start=56, slope=0, intercept=0

Delta for Group 0:
  Original: start=0.222765, slope=-2.14748e+09, intercept=-2.14748e+09, x_refl=0, y_refl=0
  Quantized: start=57, slope=0, intercept=0

Delta for Group 0:
  Original: start=0.226185, slope=-2.14748e+09, intercept=-2.14748e+09, x_refl=0, y_refl=0
  Quantized: start=58, slope=0, intercept=0

Delta for Group 0:
  Original: start=0.229604, slope=-2.14748e+09, intercept=-2.14748e+09, x_refl=0, y_refl=0
  Quantized: start=59, slope=0, intercept=0

Delta for Group 0:
  Original: start=0.233024, slope=-2.14748e+09, intercept=-2.14748e+09, x_refl=0, y_refl=0
  Quantized: start=60, slope=0, intercept=0

Delta for Group 0:
  Original: start=0.236444, slope=-2.14748e+09, intercept=-2.14748e+09, x_refl=0, y_refl=0
  Quantized: start=61, slope=0, intercept=0

Delta for Group 0:
  Original: start=0.239863, slope=-2.14748e+09, intercept=-2.14748e+09, x_refl=0, y_refl=0
  Quantized: start=61, slope=0, intercept=0

Delta for Group 0:
  Original: start=0.243283, slope=-2.14748e+09, intercept=-2.14748e+09, x_refl=0, y_refl=0
  Quantized: start=62, slope=0, intercept=0

Delta for Group 0:
  Original: start=0.246702, slope=-2.14748e+09, intercept=-2.14748e+09, x_refl=0, y_refl=0
  Quantized: start=63, slope=0, intercept=0

Delta for Group 0:
  Original: start=0.250122, slope=-2.14748e+09, intercept=-2.14748e+09, x_refl=0, y_refl=0
  Quantized: start=64, slope=0, intercept=0

Delta for Group 0:
  Original: start=0.253542, slope=-2.14748e+09, intercept=-2.14748e+09, x_refl=0, y_refl=0
  Quantized: start=65, slope=0, intercept=0

Delta for Group 0:
  Original: start=0.256961, slope=-2.14748e+09, intercept=-2.14748e+09, x_refl=0, y_refl=0
  Quantized: start=66, slope=0, intercept=0

Delta for Group 0:
  Original: start=0.260381, slope=-2.14748e+09, intercept=-2.14748e+09, x_refl=0, y_refl=0
  Quantized: start=67, slope=0, intercept=0

Delta for Group 0:
  Original: start=0.263801, slope=-2.14748e+09, intercept=-2.14748e+09, x_refl=0, y_refl=0
  Quantized: start=68, slope=0, intercept=0

Delta for Group 0:
  Original: start=0.26722, slope=-2.14748e+09, intercept=-2.14748e+09, x_refl=0, y_refl=0
  Quantized: start=68, slope=0, intercept=0

Delta for Group 0:
  Original: start=0.27064, slope=-2.14748e+09, intercept=-2.14748e+09, x_refl=0, y_refl=0
  Quantized: start=69, slope=0, intercept=0

Delta for Group 0:
  Original: start=0.27406, slope=-2.14748e+09, intercept=-2.14748e+09, x_refl=0, y_refl=0
  Quantized: start=70, slope=0, intercept=0

Delta for Group 0:
  Original: start=0.277479, slope=-2.14748e+09, intercept=-2.14748e+09, x_refl=0, y_refl=0
  Quantized: start=71, slope=0, intercept=0

Delta for Group 0:
  Original: start=0.280899, slope=-2.14748e+09, intercept=-2.14748e+09, x_refl=0, y_refl=0
  Quantized: start=72, slope=0, intercept=0

Delta for Group 0:
  Original: start=0.284319, slope=-2.14748e+09, intercept=-2.14748e+09, x_refl=0, y_refl=0
  Quantized: start=73, slope=0, intercept=0

Delta for Group 0:
  Original: start=0.287738, slope=-2.14748e+09, intercept=-2.14748e+09, x_refl=0, y_refl=0
  Quantized: start=74, slope=0, intercept=0

Delta for Group 0:
  Original: start=0.291158, slope=-2.14748e+09, intercept=-2.14748e+09, x_refl=0, y_refl=0
  Quantized: start=75, slope=0, intercept=0

Delta for Group 0:
  Original: start=0.294577, slope=-2.14748e+09, intercept=-2.14748e+09, x_refl=0, y_refl=0
  Quantized: start=75, slope=0, intercept=0

Delta for Group 0:
  Original: start=0.297997, slope=-2.14748e+09, intercept=-2.14748e+09, x_refl=0, y_refl=0
  Quantized: start=76, slope=0, intercept=0

Delta for Group 0:
  Original: start=0.301417, slope=-2.14748e+09, intercept=-2.14748e+09, x_refl=0, y_refl=0
  Quantized: start=77, slope=0, intercept=0

Delta for Group 0:
  Original: start=0.304836, slope=-2.14748e+09, intercept=-2.14748e+09, x_refl=0, y_refl=0
  Quantized: start=78, slope=0, intercept=0

Delta for Group 0:
  Original: start=0.308256, slope=-2.14748e+09, intercept=-2.14748e+09, x_refl=0, y_refl=0
  Quantized: start=79, slope=0, intercept=0

Delta for Group 0:
  Original: start=0.311676, slope=-2.14748e+09, intercept=-2.14748e+09, x_refl=0, y_refl=0
  Quantized: start=80, slope=0, intercept=0

Delta for Group 0:
  Original: start=0.315095, slope=-2.14748e+09, intercept=-2.14748e+09, x_refl=0, y_refl=0
  Quantized: start=81, slope=0, intercept=0

Delta for Group 0:
  Original: start=0.318515, slope=-2.14748e+09, intercept=-2.14748e+09, x_refl=0, y_refl=0
  Quantized: start=82, slope=0, intercept=0

Delta for Group 0:
  Original: start=0.321935, slope=-2.14748e+09, intercept=-2.14748e+09, x_refl=0, y_refl=0
  Quantized: start=82, slope=0, intercept=0

Delta for Group 0:
  Original: start=0.325354, slope=-2.14748e+09, intercept=-2.14748e+09, x_refl=0, y_refl=0
  Quantized: start=83, slope=0, intercept=0

Delta for Group 0:
  Original: start=0.328774, slope=-2.14748e+09, intercept=-2.14748e+09, x_refl=0, y_refl=0
  Quantized: start=84, slope=0, intercept=0

Delta for Group 0:
  Original: start=0.332193, slope=-2.14748e+09, intercept=-2.14748e+09, x_refl=0, y_refl=0
  Quantized: start=85, slope=0, intercept=0

Delta for Group 0:
  Original: start=0.335613, slope=-2.14748e+09, intercept=-2.14748e+09, x_refl=0, y_refl=0
  Quantized: start=86, slope=0, intercept=0

Delta for Group 0:
  Original: start=0.339033, slope=-2.14748e+09, intercept=-2.14748e+09, x_refl=0, y_refl=0
  Quantized: start=87, slope=0, intercept=0

Delta for Group 0:
  Original: start=0.342452, slope=-2.14748e+09, intercept=-2.14748e+09, x_refl=0, y_refl=0
  Quantized: start=88, slope=0, intercept=0

Delta for Group 0:
  Original: start=0.345872, slope=-2.14748e+09, intercept=-2.14748e+09, x_refl=0, y_refl=0
  Quantized: start=89, slope=0, intercept=0

Delta for Group 0:
  Original: start=0.349292, slope=-2.14748e+09, intercept=-2.14748e+09, x_refl=0, y_refl=0
  Quantized: start=89, slope=0, intercept=0

Delta for Group 0:
  Original: start=0.352711, slope=-2.14748e+09, intercept=-2.14748e+09, x_refl=0, y_refl=0
  Quantized: start=90, slope=0, intercept=0

Delta for Group 0:
  Original: start=0.356131, slope=-2.14748e+09, intercept=-2.14748e+09, x_refl=0, y_refl=0
  Quantized: start=91, slope=0, intercept=0

Delta for Group 0:
  Original: start=0.359551, slope=-2.14748e+09, intercept=-2.14748e+09, x_refl=0, y_refl=0
  Quantized: start=92, slope=0, intercept=0

Delta for Group 0:
  Original: start=0.36297, slope=-2.14748e+09, intercept=-2.14748e+09, x_refl=0, y_refl=0
  Quantized: start=93, slope=0, intercept=0

Delta for Group 0:
  Original: start=0.36639, slope=-2.14748e+09, intercept=-2.14748e+09, x_refl=0, y_refl=0
  Quantized: start=94, slope=0, intercept=0

Delta for Group 0:
  Original: start=0.369809, slope=-2.14748e+09, intercept=-2.14748e+09, x_refl=0, y_refl=0
  Quantized: start=95, slope=0, intercept=0

Delta for Group 0:
  Original: start=0.373229, slope=-2.14748e+09, intercept=-2.14748e+09, x_refl=0, y_refl=0
  Quantized: start=96, slope=0, intercept=0

Delta for Group 0:
  Original: start=0.376649, slope=-2.14748e+09, intercept=-2.14748e+09, x_refl=0, y_refl=0
  Quantized: start=96, slope=0, intercept=0

Delta for Group 0:
  Original: start=0.380068, slope=-2.14748e+09, intercept=-2.14748e+09, x_refl=0, y_refl=0
  Quantized: start=97, slope=0, intercept=0

Delta for Group 0:
  Original: start=0.383488, slope=-2.14748e+09, intercept=-2.14748e+09, x_refl=0, y_refl=0
  Quantized: start=98, slope=0, intercept=0

Delta for Group 0:
  Original: start=0.386908, slope=-2.14748e+09, intercept=-2.14748e+09, x_refl=0, y_refl=0
  Quantized: start=99, slope=0, intercept=0

Delta for Group 0:
  Original: start=0.390327, slope=-2.14748e+09, intercept=-2.14748e+09, x_refl=0, y_refl=0
  Quantized: start=100, slope=0, intercept=0

Delta for Group 0:
  Original: start=0.393747, slope=-2.14748e+09, intercept=-2.14748e+09, x_refl=0, y_refl=0
  Quantized: start=101, slope=0, intercept=0

Delta for Group 0:
  Original: start=0.397167, slope=-2.14748e+09, intercept=-2.14748e+09, x_refl=0, y_refl=0
  Quantized: start=102, slope=0, intercept=0

Delta for Group 0:
  Original: start=0.400586, slope=-2.14748e+09, intercept=-2.14748e+09, x_refl=0, y_refl=0
  Quantized: start=103, slope=0, intercept=0

Delta for Group 0:
  Original: start=0.404006, slope=-2.14748e+09, intercept=-2.14748e+09, x_refl=0, y_refl=0
  Quantized: start=103, slope=0, intercept=0

Delta for Group 0:
  Original: start=0.407425, slope=-2.14748e+09, intercept=-2.14748e+09, x_refl=0, y_refl=0
  Quantized: start=104, slope=0, intercept=0

Delta for Group 0:
  Original: start=0.410845, slope=-2.14748e+09, intercept=-2.14748e+09, x_refl=0, y_refl=0
  Quantized: start=105, slope=0, intercept=0

Delta for Group 0:
  Original: start=0.414265, slope=-2.14748e+09, intercept=-2.14748e+09, x_refl=0, y_refl=0
  Quantized: start=106, slope=0, intercept=0

Delta for Group 0:
  Original: start=0.417684, slope=-2.14748e+09, intercept=-2.14748e+09, x_refl=0, y_refl=0
  Quantized: start=107, slope=0, intercept=0

Delta for Group 0:
  Original: start=0.421104, slope=-2.14748e+09, intercept=-2.14748e+09, x_refl=0, y_refl=0
  Quantized: start=108, slope=0, intercept=0

Delta for Group 0:
  Original: start=0.424524, slope=-2.14748e+09, intercept=-2.14748e+09, x_refl=0, y_refl=0
  Quantized: start=109, slope=0, intercept=0

Delta for Group 0:
  Original: start=0.427943, slope=-2.14748e+09, intercept=-2.14748e+09, x_refl=0, y_refl=0
  Quantized: start=110, slope=0, intercept=0

Delta for Group 0:
  Original: start=0.431363, slope=-2.14748e+09, intercept=-2.14748e+09, x_refl=0, y_refl=0
  Quantized: start=110, slope=0, intercept=0

Delta for Group 0:
  Original: start=0.434783, slope=-2.14748e+09, intercept=-2.14748e+09, x_refl=0, y_refl=0
  Quantized: start=111, slope=0, intercept=0

Delta for Group 0:
  Original: start=0.438202, slope=-2.14748e+09, intercept=-2.14748e+09, x_refl=0, y_refl=0
  Quantized: start=112, slope=0, intercept=0

Delta for Group 0:
  Original: start=0.441622, slope=-2.14748e+09, intercept=-2.14748e+09, x_refl=0, y_refl=0
  Quantized: start=113, slope=0, intercept=0

Delta for Group 0:
  Original: start=0.445042, slope=-2.14748e+09, intercept=-2.14748e+09, x_refl=0, y_refl=0
  Quantized: start=114, slope=0, intercept=0

Delta for Group 0:
  Original: start=0.448461, slope=-2.14748e+09, intercept=-2.14748e+09, x_refl=0, y_refl=0
  Quantized: start=115, slope=0, intercept=0

Delta for Group 0:
  Original: start=0.451881, slope=-2.14748e+09, intercept=-2.14748e+09, x_refl=0, y_refl=0
  Quantized: start=116, slope=0, intercept=0

Delta for Group 0:
  Original: start=0.4553, slope=-2.14748e+09, intercept=-2.14748e+09, x_refl=0, y_refl=0
  Quantized: start=117, slope=0, intercept=0

Delta for Group 0:
  Original: start=0.45872, slope=-2.14748e+09, intercept=-2.14748e+09, x_refl=0, y_refl=0
  Quantized: start=117, slope=0, intercept=0

Delta for Group 0:
  Original: start=0.46214, slope=-2.14748e+09, intercept=-2.14748e+09, x_refl=0, y_refl=0
  Quantized: start=118, slope=0, intercept=0

Delta for Group 0:
  Original: start=0.465559, slope=-2.14748e+09, intercept=-2.14748e+09, x_refl=0, y_refl=0
  Quantized: start=119, slope=0, intercept=0

Delta for Group 0:
  Original: start=0.468979, slope=-2.14748e+09, intercept=-2.14748e+09, x_refl=0, y_refl=0
  Quantized: start=120, slope=0, intercept=0

Delta for Group 0:
  Original: start=0.472399, slope=-2.14748e+09, intercept=-2.14748e+09, x_refl=0, y_refl=0
  Quantized: start=121, slope=0, intercept=0

Delta for Group 0:
  Original: start=0.475818, slope=-2.14748e+09, intercept=-2.14748e+09, x_refl=0, y_refl=0
  Quantized: start=122, slope=0, intercept=0

Delta for Group 0:
  Original: start=0.479238, slope=-2.14748e+09, intercept=-2.14748e+09, x_refl=0, y_refl=0
  Quantized: start=123, slope=0, intercept=0

Delta for Group 0:
  Original: start=0.482658, slope=-2.14748e+09, intercept=-2.14748e+09, x_refl=0, y_refl=0
  Quantized: start=124, slope=0, intercept=0

Delta for Group 0:
  Original: start=0.486077, slope=-2.14748e+09, intercept=-2.14748e+09, x_refl=0, y_refl=0
  Quantized: start=124, slope=0, intercept=0

Delta for Group 0:
  Original: start=0.489497, slope=-2.14748e+09, intercept=-2.14748e+09, x_refl=0, y_refl=0
  Quantized: start=125, slope=0, intercept=0

Delta for Group 0:
  Original: start=0.492916, slope=-2.14748e+09, intercept=-2.14748e+09, x_refl=0, y_refl=0
  Quantized: start=126, slope=0, intercept=0

Delta for Group 0:
  Original: start=0.496336, slope=-2.14748e+09, intercept=-2.14748e+09, x_refl=0, y_refl=0
  Quantized: start=127, slope=0, intercept=0

Delta for Group 0:
  Original: start=0.499756, slope=-2.14748e+09, intercept=-2.14748e+09, x_refl=0, y_refl=0
  Quantized: start=128, slope=0, intercept=0

Delta for Group 0:
  Original: start=0.503175, slope=-2.14748e+09, intercept=-2.14748e+09, x_refl=0, y_refl=0
  Quantized: start=129, slope=0, intercept=0

Delta for Group 0:
  Original: start=0.506595, slope=-2.14748e+09, intercept=-2.14748e+09, x_refl=0, y_refl=0
  Quantized: start=130, slope=0, intercept=0

Delta for Group 0:
  Original: start=0.510015, slope=-2.14748e+09, intercept=-2.14748e+09, x_refl=0, y_refl=0
  Quantized: start=131, slope=0, intercept=0

Delta for Group 0:
  Original: start=0.513434, slope=-2.14748e+09, intercept=-2.14748e+09, x_refl=0, y_refl=0
  Quantized: start=131, slope=0, intercept=0

Delta for Group 0:
  Original: start=0.516854, slope=-2.14748e+09, intercept=-2.14748e+09, x_refl=0, y_refl=0
  Quantized: start=132, slope=0, intercept=0

Delta for Group 0:
  Original: start=0.520274, slope=-2.14748e+09, intercept=-2.14748e+09, x_refl=0, y_refl=0
  Quantized: start=133, slope=0, intercept=0

Delta for Group 0:
  Original: start=0.523693, slope=-2.14748e+09, intercept=-2.14748e+09, x_refl=0, y_refl=0
  Quantized: start=134, slope=0, intercept=0

Delta for Group 0:
  Original: start=0.527113, slope=-2.14748e+09, intercept=-2.14748e+09, x_refl=0, y_refl=0
  Quantized: start=135, slope=0, intercept=0

Delta for Group 0:
  Original: start=0.530532, slope=-2.14748e+09, intercept=-2.14748e+09, x_refl=0, y_refl=0
  Quantized: start=136, slope=0, intercept=0

Delta for Group 0:
  Original: start=0.533952, slope=-2.14748e+09, intercept=-2.14748e+09, x_refl=0, y_refl=0
  Quantized: start=137, slope=0, intercept=0

Delta for Group 0:
  Original: start=0.537372, slope=-2.14748e+09, intercept=-2.14748e+09, x_refl=0, y_refl=0
  Quantized: start=138, slope=0, intercept=0

Delta for Group 0:
  Original: start=0.540791, slope=-2.14748e+09, intercept=-2.14748e+09, x_refl=0, y_refl=0
  Quantized: start=138, slope=0, intercept=0

Delta for Group 0:
  Original: start=0.544211, slope=-2.14748e+09, intercept=-2.14748e+09, x_refl=0, y_refl=0
  Quantized: start=139, slope=0, intercept=0

Delta for Group 0:
  Original: start=0.547631, slope=-2.14748e+09, intercept=-2.14748e+09, x_refl=0, y_refl=0
  Quantized: start=140, slope=0, intercept=0

Delta for Group 0:
  Original: start=0.55105, slope=-2.14748e+09, intercept=-2.14748e+09, x_refl=0, y_refl=0
  Quantized: start=141, slope=0, intercept=0

Delta for Group 0:
  Original: start=0.55447, slope=-2.14748e+09, intercept=-2.14748e+09, x_refl=0, y_refl=0
  Quantized: start=142, slope=0, intercept=0

Delta for Group 0:
  Original: start=0.55789, slope=-2.14748e+09, intercept=-2.14748e+09, x_refl=0, y_refl=0
  Quantized: start=143, slope=0, intercept=0

Delta for Group 0:
  Original: start=0.561309, slope=-2.14748e+09, intercept=-2.14748e+09, x_refl=0, y_refl=0
  Quantized: start=144, slope=0, intercept=0

Delta for Group 0:
  Original: start=0.564729, slope=-2.14748e+09, intercept=-2.14748e+09, x_refl=0, y_refl=0
  Quantized: start=145, slope=0, intercept=0

Delta for Group 0:
  Original: start=0.568149, slope=-2.14748e+09, intercept=-2.14748e+09, x_refl=0, y_refl=0
  Quantized: start=145, slope=0, intercept=0

Delta for Group 0:
  Original: start=0.571568, slope=-2.14748e+09, intercept=-2.14748e+09, x_refl=0, y_refl=0
  Quantized: start=146, slope=0, intercept=0

Delta for Group 0:
  Original: start=0.574988, slope=-2.14748e+09, intercept=-2.14748e+09, x_refl=0, y_refl=0
  Quantized: start=147, slope=0, intercept=0

Delta for Group 0:
  Original: start=0.578407, slope=-2.14748e+09, intercept=-2.14748e+09, x_refl=0, y_refl=0
  Quantized: start=148, slope=0, intercept=0

Delta for Group 0:
  Original: start=0.581827, slope=-2.14748e+09, intercept=-2.14748e+09, x_refl=0, y_refl=0
  Quantized: start=149, slope=0, intercept=0

Delta for Group 0:
  Original: start=0.585247, slope=-2.14748e+09, intercept=-2.14748e+09, x_refl=0, y_refl=0
  Quantized: start=150, slope=0, intercept=0

Delta for Group 0:
  Original: start=0.588666, slope=-2.14748e+09, intercept=-2.14748e+09, x_refl=0, y_refl=0
  Quantized: start=151, slope=0, intercept=0

Delta for Group 0:
  Original: start=0.592086, slope=-2.14748e+09, intercept=-2.14748e+09, x_refl=0, y_refl=0
  Quantized: start=152, slope=0, intercept=0

Delta for Group 0:
  Original: start=0.595506, slope=-2.14748e+09, intercept=-2.14748e+09, x_refl=0, y_refl=0
  Quantized: start=152, slope=0, intercept=0

Delta for Group 0:
  Original: start=0.598925, slope=-2.14748e+09, intercept=-2.14748e+09, x_refl=0, y_refl=0
  Quantized: start=153, slope=0, intercept=0

Delta for Group 0:
  Original: start=0.602345, slope=-2.14748e+09, intercept=-2.14748e+09, x_refl=0, y_refl=0
  Quantized: start=154, slope=0, intercept=0

Delta for Group 0:
  Original: start=0.605765, slope=-2.14748e+09, intercept=-2.14748e+09, x_refl=0, y_refl=0
  Quantized: start=155, slope=0, intercept=0

Delta for Group 0:
  Original: start=0.609184, slope=-2.14748e+09, intercept=-2.14748e+09, x_refl=0, y_refl=0
  Quantized: start=156, slope=0, intercept=0

Delta for Group 0:
  Original: start=0.612604, slope=-2.14748e+09, intercept=-2.14748e+09, x_refl=0, y_refl=0
  Quantized: start=157, slope=0, intercept=0

Delta for Group 0:
  Original: start=0.616023, slope=-2.14748e+09, intercept=-2.14748e+09, x_refl=0, y_refl=0
  Quantized: start=158, slope=0, intercept=0

Delta for Group 0:
  Original: start=0.619443, slope=-2.14748e+09, intercept=-2.14748e+09, x_refl=0, y_refl=0
  Quantized: start=159, slope=0, intercept=0

Delta for Group 0:
  Original: start=0.622863, slope=-2.14748e+09, intercept=-2.14748e+09, x_refl=0, y_refl=0
  Quantized: start=159, slope=0, intercept=0

Delta for Group 0:
  Original: start=0.626282, slope=-2.14748e+09, intercept=-2.14748e+09, x_refl=0, y_refl=0
  Quantized: start=160, slope=0, intercept=0

Delta for Group 0:
  Original: start=0.629702, slope=-2.14748e+09, intercept=-2.14748e+09, x_refl=0, y_refl=0
  Quantized: start=161, slope=0, intercept=0

Delta for Group 0:
  Original: start=0.633122, slope=-2.14748e+09, intercept=-2.14748e+09, x_refl=0, y_refl=0
  Quantized: start=162, slope=0, intercept=0

Delta for Group 0:
  Original: start=0.636541, slope=-2.14748e+09, intercept=-2.14748e+09, x_refl=0, y_refl=0
  Quantized: start=163, slope=0, intercept=0

Delta for Group 0:
  Original: start=0.639961, slope=-2.14748e+09, intercept=-2.14748e+09, x_refl=0, y_refl=0
  Quantized: start=164, slope=0, intercept=0

Delta for Group 0:
  Original: start=0.643381, slope=-2.14748e+09, intercept=-2.14748e+09, x_refl=0, y_refl=0
  Quantized: start=165, slope=0, intercept=0

Delta for Group 0:
  Original: start=0.6468, slope=-2.14748e+09, intercept=-2.14748e+09, x_refl=0, y_refl=0
  Quantized: start=166, slope=0, intercept=0

Delta for Group 0:
  Original: start=0.65022, slope=-2.14748e+09, intercept=-2.14748e+09, x_refl=0, y_refl=0
  Quantized: start=166, slope=0, intercept=0

Delta for Group 0:
  Original: start=0.653639, slope=-2.14748e+09, intercept=-2.14748e+09, x_refl=0, y_refl=0
  Quantized: start=167, slope=0, intercept=0

Delta for Group 0:
  Original: start=0.657059, slope=-2.14748e+09, intercept=-2.14748e+09, x_refl=0, y_refl=0
  Quantized: start=168, slope=0, intercept=0

Delta for Group 0:
  Original: start=0.660479, slope=-2.14748e+09, intercept=-2.14748e+09, x_refl=0, y_refl=0
  Quantized: start=169, slope=0, intercept=0

Delta for Group 0:
  Original: start=0.663898, slope=-2.14748e+09, intercept=-2.14748e+09, x_refl=0, y_refl=0
  Quantized: start=170, slope=0, intercept=0

Delta for Group 0:
  Original: start=0.667318, slope=-2.14748e+09, intercept=-2.14748e+09, x_refl=0, y_refl=0
  Quantized: start=171, slope=0, intercept=0

Delta for Group 0:
  Original: start=0.670738, slope=-2.14748e+09, intercept=-2.14748e+09, x_refl=0, y_refl=0
  Quantized: start=172, slope=0, intercept=0

Delta for Group 0:
  Original: start=0.674157, slope=-2.14748e+09, intercept=-2.14748e+09, x_refl=0, y_refl=0
  Quantized: start=173, slope=0, intercept=0

Delta for Group 0:
  Original: start=0.677577, slope=-2.14748e+09, intercept=-2.14748e+09, x_refl=0, y_refl=0
  Quantized: start=173, slope=0, intercept=0

Delta for Group 0:
  Original: start=0.680997, slope=-2.14748e+09, intercept=-2.14748e+09, x_refl=0, y_refl=0
  Quantized: start=174, slope=0, intercept=0

Delta for Group 0:
  Original: start=0.684416, slope=-2.14748e+09, intercept=-2.14748e+09, x_refl=0, y_refl=0
  Quantized: start=175, slope=0, intercept=0

Delta for Group 0:
  Original: start=0.687836, slope=-2.14748e+09, intercept=-2.14748e+09, x_refl=0, y_refl=0
  Quantized: start=176, slope=0, intercept=0

Delta for Group 0:
  Original: start=0.691255, slope=-2.14748e+09, intercept=-2.14748e+09, x_refl=0, y_refl=0
  Quantized: start=177, slope=0, intercept=0

Delta for Group 0:
  Original: start=0.694675, slope=-2.14748e+09, intercept=-2.14748e+09, x_refl=0, y_refl=0
  Quantized: start=178, slope=0, intercept=0

Delta for Group 0:
  Original: start=0.698095, slope=-2.14748e+09, intercept=-2.14748e+09, x_refl=0, y_refl=0
  Quantized: start=179, slope=0, intercept=0

Delta for Group 0:
  Original: start=0.701514, slope=-2.14748e+09, intercept=-2.14748e+09, x_refl=0, y_refl=0
  Quantized: start=180, slope=0, intercept=0

Delta for Group 0:
  Original: start=0.704934, slope=-2.14748e+09, intercept=-2.14748e+09, x_refl=0, y_refl=0
  Quantized: start=180, slope=0, intercept=0

Delta for Group 0:
  Original: start=0.708354, slope=-2.14748e+09, intercept=-2.14748e+09, x_refl=0, y_refl=0
  Quantized: start=181, slope=0, intercept=0

Delta for Group 0:
  Original: start=0.711773, slope=-2.14748e+09, intercept=-2.14748e+09, x_refl=0, y_refl=0
  Quantized: start=182, slope=0, intercept=0

Delta for Group 0:
  Original: start=0.715193, slope=-2.14748e+09, intercept=-2.14748e+09, x_refl=0, y_refl=0
  Quantized: start=183, slope=0, intercept=0

Delta for Group 0:
  Original: start=0.718613, slope=-2.14748e+09, intercept=-2.14748e+09, x_refl=0, y_refl=0
  Quantized: start=184, slope=0, intercept=0

Delta for Group 0:
  Original: start=0.722032, slope=-2.14748e+09, intercept=-2.14748e+09, x_refl=0, y_refl=0
  Quantized: start=185, slope=0, intercept=0

Delta for Group 0:
  Original: start=0.725452, slope=-2.14748e+09, intercept=-2.14748e+09, x_refl=0, y_refl=0
  Quantized: start=186, slope=0, intercept=0

Delta for Group 0:
  Original: start=0.728872, slope=-2.14748e+09, intercept=-2.14748e+09, x_refl=0, y_refl=0
  Quantized: start=187, slope=0, intercept=0

Delta for Group 0:
  Original: start=0.732291, slope=-2.14748e+09, intercept=-2.14748e+09, x_refl=0, y_refl=0
  Quantized: start=187, slope=0, intercept=0

Delta for Group 0:
  Original: start=0.735711, slope=-2.14748e+09, intercept=-2.14748e+09, x_refl=0, y_refl=0
  Quantized: start=188, slope=0, intercept=0

Delta for Group 0:
  Original: start=0.73913, slope=-2.14748e+09, intercept=-2.14748e+09, x_refl=0, y_refl=0
  Quantized: start=189, slope=0, intercept=0

Delta for Group 0:
  Original: start=0.74255, slope=-2.14748e+09, intercept=-2.14748e+09, x_refl=0, y_refl=0
  Quantized: start=190, slope=0, intercept=0

Delta for Group 0:
  Original: start=0.74597, slope=-2.14748e+09, intercept=-2.14748e+09, x_refl=0, y_refl=0
  Quantized: start=191, slope=0, intercept=0

Delta for Group 0:
  Original: start=0.749389, slope=-2.14748e+09, intercept=-2.14748e+09, x_refl=0, y_refl=0
  Quantized: start=192, slope=0, intercept=0

Delta for Group 0:
  Original: start=0.752809, slope=-2.14748e+09, intercept=-2.14748e+09, x_refl=0, y_refl=0
  Quantized: start=193, slope=0, intercept=0

Delta for Group 0:
  Original: start=0.756229, slope=-2.14748e+09, intercept=-2.14748e+09, x_refl=0, y_refl=0
  Quantized: start=194, slope=0, intercept=0

Delta for Group 0:
  Original: start=0.759648, slope=-2.14748e+09, intercept=-2.14748e+09, x_refl=0, y_refl=0
  Quantized: start=194, slope=0, intercept=0

Delta for Group 0:
  Original: start=0.763068, slope=-2.14748e+09, intercept=-2.14748e+09, x_refl=0, y_refl=0
  Quantized: start=195, slope=0, intercept=0

Delta for Group 0:
  Original: start=0.766488, slope=-2.14748e+09, intercept=-2.14748e+09, x_refl=0, y_refl=0
  Quantized: start=196, slope=0, intercept=0

Delta for Group 0:
  Original: start=0.769907, slope=-2.14748e+09, intercept=-2.14748e+09, x_refl=0, y_refl=0
  Quantized: start=197, slope=0, intercept=0

Delta for Group 0:
  Original: start=0.773327, slope=-2.14748e+09, intercept=-2.14748e+09, x_refl=0, y_refl=0
  Quantized: start=198, slope=0, intercept=0

Delta for Group 0:
  Original: start=0.776746, slope=-2.14748e+09, intercept=-2.14748e+09, x_refl=0, y_refl=0
  Quantized: start=199, slope=0, intercept=0

Delta for Group 0:
  Original: start=0.780166, slope=-2.14748e+09, intercept=-2.14748e+09, x_refl=0, y_refl=0
  Quantized: start=200, slope=0, intercept=0

Delta for Group 0:
  Original: start=0.783586, slope=-2.14748e+09, intercept=-2.14748e+09, x_refl=0, y_refl=0
  Quantized: start=201, slope=0, intercept=0

Delta for Group 0:
  Original: start=0.787005, slope=-2.14748e+09, intercept=-2.14748e+09, x_refl=0, y_refl=0
  Quantized: start=201, slope=0, intercept=0

Delta for Group 0:
  Original: start=0.790425, slope=-2.14748e+09, intercept=-2.14748e+09, x_refl=0, y_refl=0
  Quantized: start=202, slope=0, intercept=0

Delta for Group 0:
  Original: start=0.793845, slope=-2.14748e+09, intercept=-2.14748e+09, x_refl=0, y_refl=0
  Quantized: start=203, slope=0, intercept=0

Delta for Group 0:
  Original: start=0.797264, slope=-2.14748e+09, intercept=-2.14748e+09, x_refl=0, y_refl=0
  Quantized: start=204, slope=0, intercept=0

Delta for Group 0:
  Original: start=0.800684, slope=-2.14748e+09, intercept=-2.14748e+09, x_refl=0, y_refl=0
  Quantized: start=205, slope=0, intercept=0

Delta for Group 0:
  Original: start=0.804104, slope=-2.14748e+09, intercept=-2.14748e+09, x_refl=0, y_refl=0
  Quantized: start=206, slope=0, intercept=0

Delta for Group 0:
  Original: start=0.807523, slope=-2.14748e+09, intercept=-2.14748e+09, x_refl=0, y_refl=0
  Quantized: start=207, slope=0, intercept=0

Delta for Group 0:
  Original: start=0.810943, slope=-2.14748e+09, intercept=-2.14748e+09, x_refl=0, y_refl=0
  Quantized: start=208, slope=0, intercept=0

Delta for Group 0:
  Original: start=0.814362, slope=-2.14748e+09, intercept=-2.14748e+09, x_refl=0, y_refl=0
  Quantized: start=208, slope=0, intercept=0

Delta for Group 0:
  Original: start=0.817782, slope=-2.14748e+09, intercept=-2.14748e+09, x_refl=0, y_refl=0
  Quantized: start=209, slope=0, intercept=0

Delta for Group 0:
  Original: start=0.821202, slope=-2.14748e+09, intercept=-2.14748e+09, x_refl=0, y_refl=0
  Quantized: start=210, slope=0, intercept=0

Delta for Group 0:
  Original: start=0.824621, slope=-2.14748e+09, intercept=-2.14748e+09, x_refl=0, y_refl=0
  Quantized: start=211, slope=0, intercept=0

Delta for Group 0:
  Original: start=0.828041, slope=-2.14748e+09, intercept=-2.14748e+09, x_refl=0, y_refl=0
  Quantized: start=212, slope=0, intercept=0

Delta for Group 0:
  Original: start=0.831461, slope=-2.14748e+09, intercept=-2.14748e+09, x_refl=0, y_refl=0
  Quantized: start=213, slope=0, intercept=0

Delta for Group 0:
  Original: start=0.83488, slope=-2.14748e+09, intercept=-2.14748e+09, x_refl=0, y_refl=0
  Quantized: start=214, slope=0, intercept=0

Delta for Group 0:
  Original: start=0.8383, slope=-2.14748e+09, intercept=-2.14748e+09, x_refl=0, y_refl=0
  Quantized: start=215, slope=0, intercept=0

Delta for Group 0:
  Original: start=0.84172, slope=-2.14748e+09, intercept=-2.14748e+09, x_refl=0, y_refl=0
  Quantized: start=215, slope=0, intercept=0

Delta for Group 0:
  Original: start=0.845139, slope=-2.14748e+09, intercept=-2.14748e+09, x_refl=0, y_refl=0
  Quantized: start=216, slope=0, intercept=0

Delta for Group 0:
  Original: start=0.848559, slope=-2.14748e+09, intercept=-2.14748e+09, x_refl=0, y_refl=0
  Quantized: start=217, slope=0, intercept=0

Delta for Group 0:
  Original: start=0.851979, slope=-2.14748e+09, intercept=-2.14748e+09, x_refl=0, y_refl=0
  Quantized: start=218, slope=0, intercept=0

Delta for Group 0:
  Original: start=0.855398, slope=-2.14748e+09, intercept=-2.14748e+09, x_refl=0, y_refl=0
  Quantized: start=219, slope=0, intercept=0

Delta for Group 0:
  Original: start=0.858818, slope=-2.14748e+09, intercept=-2.14748e+09, x_refl=0, y_refl=0
  Quantized: start=220, slope=0, intercept=0

Delta for Group 0:
  Original: start=0.862237, slope=-2.14748e+09, intercept=-2.14748e+09, x_refl=0, y_refl=0
  Quantized: start=221, slope=0, intercept=0

Delta for Group 0:
  Original: start=0.865657, slope=-2.14748e+09, intercept=-2.14748e+09, x_refl=0, y_refl=0
  Quantized: start=222, slope=0, intercept=0

Delta for Group 0:
  Original: start=0.869077, slope=-2.14748e+09, intercept=-2.14748e+09, x_refl=0, y_refl=0
  Quantized: start=222, slope=0, intercept=0

Delta for Group 0:
  Original: start=0.872496, slope=-2.14748e+09, intercept=-2.14748e+09, x_refl=0, y_refl=0
  Quantized: start=223, slope=0, intercept=0

Delta for Group 0:
  Original: start=0.875916, slope=-2.14748e+09, intercept=-2.14748e+09, x_refl=0, y_refl=0
  Quantized: start=224, slope=0, intercept=0

Delta for Group 0:
  Original: start=0.879336, slope=-2.14748e+09, intercept=-2.14748e+09, x_refl=0, y_refl=0
  Quantized: start=225, slope=0, intercept=0

Delta for Group 0:
  Original: start=0.882755, slope=-2.14748e+09, intercept=-2.14748e+09, x_refl=0, y_refl=0
  Quantized: start=226, slope=0, intercept=0

Delta for Group 0:
  Original: start=0.886175, slope=-2.14748e+09, intercept=-2.14748e+09, x_refl=0, y_refl=0
  Quantized: start=227, slope=0, intercept=0

Delta for Group 0:
  Original: start=0.889595, slope=-2.14748e+09, intercept=-2.14748e+09, x_refl=0, y_refl=0
  Quantized: start=228, slope=0, intercept=0

Delta for Group 0:
  Original: start=0.893014, slope=-2.14748e+09, intercept=-2.14748e+09, x_refl=0, y_refl=0
  Quantized: start=229, slope=0, intercept=0

Delta for Group 0:
  Original: start=0.896434, slope=-2.14748e+09, intercept=-2.14748e+09, x_refl=0, y_refl=0
  Quantized: start=229, slope=0, intercept=0

Delta for Group 0:
  Original: start=0.899853, slope=-2.14748e+09, intercept=-2.14748e+09, x_refl=0, y_refl=0
  Quantized: start=230, slope=0, intercept=0

Delta for Group 0:
  Original: start=0.903273, slope=-2.14748e+09, intercept=-2.14748e+09, x_refl=0, y_refl=0
  Quantized: start=231, slope=0, intercept=0

Delta for Group 0:
  Original: start=0.906693, slope=-2.14748e+09, intercept=-2.14748e+09, x_refl=0, y_refl=0
  Quantized: start=232, slope=0, intercept=0

Delta for Group 0:
  Original: start=0.910112, slope=-2.14748e+09, intercept=-2.14748e+09, x_refl=0, y_refl=0
  Quantized: start=233, slope=0, intercept=0

Delta for Group 0:
  Original: start=0.913532, slope=-2.14748e+09, intercept=-2.14748e+09, x_refl=0, y_refl=0
  Quantized: start=234, slope=0, intercept=0

Delta for Group 0:
  Original: start=0.916952, slope=-2.14748e+09, intercept=-2.14748e+09, x_refl=0, y_refl=0
  Quantized: start=235, slope=0, intercept=0

Delta for Group 0:
  Original: start=0.920371, slope=-2.14748e+09, intercept=-2.14748e+09, x_refl=0, y_refl=0
  Quantized: start=236, slope=0, intercept=0

Delta for Group 0:
  Original: start=0.923791, slope=-2.14748e+09, intercept=-2.14748e+09, x_refl=0, y_refl=0
  Quantized: start=236, slope=0, intercept=0

Delta for Group 0:
  Original: start=0.927211, slope=-2.14748e+09, intercept=-2.14748e+09, x_refl=0, y_refl=0
  Quantized: start=237, slope=0, intercept=0

Delta for Group 0:
  Original: start=0.93063, slope=-2.14748e+09, intercept=-2.14748e+09, x_refl=0, y_refl=0
  Quantized: start=238, slope=0, intercept=0

Delta for Group 0:
  Original: start=0.93405, slope=-2.14748e+09, intercept=-2.14748e+09, x_refl=0, y_refl=0
  Quantized: start=239, slope=0, intercept=0

Delta for Group 0:
  Original: start=0.937469, slope=-2.14748e+09, intercept=-2.14748e+09, x_refl=0, y_refl=0
  Quantized: start=240, slope=0, intercept=0

Delta for Group 0:
  Original: start=0.940889, slope=-2.14748e+09, intercept=-2.14748e+09, x_refl=0, y_refl=0
  Quantized: start=241, slope=0, intercept=0

Delta for Group 0:
  Original: start=0.944309, slope=-2.14748e+09, intercept=-2.14748e+09, x_refl=0, y_refl=0
  Quantized: start=242, slope=0, intercept=0

Delta for Group 0:
  Original: start=0.947728, slope=-2.14748e+09, intercept=-2.14748e+09, x_refl=0, y_refl=0
  Quantized: start=243, slope=0, intercept=0

Delta for Group 0:
  Original: start=0.951148, slope=-2.14748e+09, intercept=-2.14748e+09, x_refl=0, y_refl=0
  Quantized: start=243, slope=0, intercept=0

Delta for Group 0:
  Original: start=0.954568, slope=-2.14748e+09, intercept=-2.14748e+09, x_refl=0, y_refl=0
  Quantized: start=244, slope=0, intercept=0

Delta for Group 0:
  Original: start=0.957987, slope=-2.14748e+09, intercept=-2.14748e+09, x_refl=0, y_refl=0
  Quantized: start=245, slope=0, intercept=0

Delta for Group 0:
  Original: start=0.961407, slope=-2.14748e+09, intercept=-2.14748e+09, x_refl=0, y_refl=0
  Quantized: start=246, slope=0, intercept=0

Delta for Group 0:
  Original: start=0.964827, slope=-2.14748e+09, intercept=-2.14748e+09, x_refl=0, y_refl=0
  Quantized: start=247, slope=0, intercept=0

Delta for Group 0:
  Original: start=0.968246, slope=-2.14748e+09, intercept=-2.14748e+09, x_refl=0, y_refl=0
  Quantized: start=248, slope=0, intercept=0

Delta for Group 0:
  Original: start=0.971666, slope=-2.14748e+09, intercept=-2.14748e+09, x_refl=0, y_refl=0
  Quantized: start=249, slope=0, intercept=0

Delta for Group 0:
  Original: start=0.975085, slope=-2.14748e+09, intercept=-2.14748e+09, x_refl=0, y_refl=0
  Quantized: start=250, slope=0, intercept=0

Delta for Group 0:
  Original: start=0.978505, slope=-2.14748e+09, intercept=-2.14748e+09, x_refl=0, y_refl=0
  Quantized: start=250, slope=0, intercept=0

Delta for Group 0:
  Original: start=0.981925, slope=-2.14748e+09, intercept=-2.14748e+09, x_refl=0, y_refl=0
  Quantized: start=251, slope=0, intercept=0

Delta for Group 0:
  Original: start=0.985344, slope=-2.14748e+09, intercept=-2.14748e+09, x_refl=0, y_refl=0
  Quantized: start=252, slope=0, intercept=0

Delta for Group 0:
  Original: start=0.988764, slope=-2.14748e+09, intercept=-2.14748e+09, x_refl=0, y_refl=0
  Quantized: start=253, slope=0, intercept=0

Delta for Group 0:
  Original: start=0.992184, slope=-2.14748e+09, intercept=-2.14748e+09, x_refl=0, y_refl=0
  Quantized: start=254, slope=0, intercept=0

Delta for Group 0:
  Original: start=0.995603, slope=-2.14748e+09, intercept=-2.14748e+09, x_refl=0, y_refl=0
  Quantized: start=255, slope=0, intercept=0

Delta for Group 0:
  Original: start=0.999023, slope=-2.14748e+09, intercept=-2.14748e+09, x_refl=0, y_refl=0
  Quantized: start=256, slope=0, intercept=0

Delta for Group 0:
  Original: start=1.00244, slope=-2.14748e+09, intercept=-2.14748e+09, x_refl=0, y_refl=0
  Quantized: start=257, slope=0, intercept=0

Delta for Group 0:
  Original: start=1.00586, slope=-2.14748e+09, intercept=-2.14748e+09, x_refl=0, y_refl=0
  Quantized: start=258, slope=0, intercept=0

Delta for Group 0:
  Original: start=1.00928, slope=-2.14748e+09, intercept=-2.14748e+09, x_refl=0, y_refl=0
  Quantized: start=258, slope=0, intercept=0

Delta for Group 0:
  Original: start=1.0127, slope=-2.14748e+09, intercept=-2.14748e+09, x_refl=0, y_refl=0
  Quantized: start=259, slope=0, intercept=0

Delta for Group 0:
  Original: start=1.01612, slope=-2.14748e+09, intercept=-2.14748e+09, x_refl=0, y_refl=0
  Quantized: start=260, slope=0, intercept=0

Delta for Group 0:
  Original: start=1.01954, slope=-2.14748e+09, intercept=-2.14748e+09, x_refl=0, y_refl=0
  Quantized: start=261, slope=0, intercept=0

Delta for Group 0:
  Original: start=1.02296, slope=-2.14748e+09, intercept=-2.14748e+09, x_refl=0, y_refl=0
  Quantized: start=262, slope=0, intercept=0

Delta for Group 0:
  Original: start=1.02638, slope=-2.14748e+09, intercept=-2.14748e+09, x_refl=0, y_refl=0
  Quantized: start=263, slope=0, intercept=0

Delta for Group 0:
  Original: start=1.0298, slope=-2.14748e+09, intercept=-2.14748e+09, x_refl=0, y_refl=0
  Quantized: start=264, slope=0, intercept=0

Delta for Group 0:
  Original: start=1.03322, slope=-2.14748e+09, intercept=-2.14748e+09, x_refl=0, y_refl=0
  Quantized: start=265, slope=0, intercept=0

Delta for Group 0:
  Original: start=1.03664, slope=-2.14748e+09, intercept=-2.14748e+09, x_refl=0, y_refl=0
  Quantized: start=265, slope=0, intercept=0

Delta for Group 0:
  Original: start=1.04006, slope=-2.14748e+09, intercept=-2.14748e+09, x_refl=0, y_refl=0
  Quantized: start=266, slope=0, intercept=0

Delta for Group 0:
  Original: start=1.04348, slope=-2.14748e+09, intercept=-2.14748e+09, x_refl=0, y_refl=0
  Quantized: start=267, slope=0, intercept=0

Delta for Group 0:
  Original: start=1.0469, slope=-2.14748e+09, intercept=-2.14748e+09, x_refl=0, y_refl=0
  Quantized: start=268, slope=0, intercept=0

Delta for Group 0:
  Original: start=1.05032, slope=-2.14748e+09, intercept=-2.14748e+09, x_refl=0, y_refl=0
  Quantized: start=269, slope=0, intercept=0

Delta for Group 0:
  Original: start=1.05374, slope=-2.14748e+09, intercept=-2.14748e+09, x_refl=0, y_refl=0
  Quantized: start=270, slope=0, intercept=0

Delta for Group 0:
  Original: start=1.05716, slope=-2.14748e+09, intercept=-2.14748e+09, x_refl=0, y_refl=0
  Quantized: start=271, slope=0, intercept=0

Delta for Group 0:
  Original: start=1.06058, slope=-2.14748e+09, intercept=-2.14748e+09, x_refl=0, y_refl=0
  Quantized: start=272, slope=0, intercept=0

Delta for Group 0:
  Original: start=1.064, slope=-2.14748e+09, intercept=-2.14748e+09, x_refl=0, y_refl=0
  Quantized: start=272, slope=0, intercept=0

Delta for Group 0:
  Original: start=1.06742, slope=-2.14748e+09, intercept=-2.14748e+09, x_refl=0, y_refl=0
  Quantized: start=273, slope=0, intercept=0

Delta for Group 0:
  Original: start=1.07084, slope=-2.14748e+09, intercept=-2.14748e+09, x_refl=0, y_refl=0
  Quantized: start=274, slope=0, intercept=0

Delta for Group 0:
  Original: start=1.07426, slope=-2.14748e+09, intercept=-2.14748e+09, x_refl=0, y_refl=0
  Quantized: start=275, slope=0, intercept=0

Delta for Group 0:
  Original: start=1.07767, slope=-2.14748e+09, intercept=-2.14748e+09, x_refl=0, y_refl=0
  Quantized: start=276, slope=0, intercept=0

Delta for Group 0:
  Original: start=1.08109, slope=-2.14748e+09, intercept=-2.14748e+09, x_refl=0, y_refl=0
  Quantized: start=277, slope=0, intercept=0

Delta for Group 0:
  Original: start=1.08451, slope=-2.14748e+09, intercept=-2.14748e+09, x_refl=0, y_refl=0
  Quantized: start=278, slope=0, intercept=0

Delta for Group 0:
  Original: start=1.08793, slope=-2.14748e+09, intercept=-2.14748e+09, x_refl=0, y_refl=0
  Quantized: start=279, slope=0, intercept=0

Delta for Group 0:
  Original: start=1.09135, slope=-2.14748e+09, intercept=-2.14748e+09, x_refl=0, y_refl=0
  Quantized: start=279, slope=0, intercept=0

Delta for Group 0:
  Original: start=1.09477, slope=-2.14748e+09, intercept=-2.14748e+09, x_refl=0, y_refl=0
  Quantized: start=280, slope=0, intercept=0

Delta for Group 0:
  Original: start=1.09819, slope=-2.14748e+09, intercept=-2.14748e+09, x_refl=0, y_refl=0
  Quantized: start=281, slope=0, intercept=0

Delta for Group 0:
  Original: start=1.10161, slope=-2.14748e+09, intercept=-2.14748e+09, x_refl=0, y_refl=0
  Quantized: start=282, slope=0, intercept=0

Delta for Group 0:
  Original: start=1.10503, slope=-2.14748e+09, intercept=-2.14748e+09, x_refl=0, y_refl=0
  Quantized: start=283, slope=0, intercept=0

Delta for Group 0:
  Original: start=1.10845, slope=-2.14748e+09, intercept=-2.14748e+09, x_refl=0, y_refl=0
  Quantized: start=284, slope=0, intercept=0

Delta for Group 0:
  Original: start=1.11187, slope=-2.14748e+09, intercept=-2.14748e+09, x_refl=0, y_refl=0
  Quantized: start=285, slope=0, intercept=0

Delta for Group 0:
  Original: start=1.11529, slope=-2.14748e+09, intercept=-2.14748e+09, x_refl=0, y_refl=0
  Quantized: start=286, slope=0, intercept=0

Delta for Group 0:
  Original: start=1.11871, slope=-2.14748e+09, intercept=-2.14748e+09, x_refl=0, y_refl=0
  Quantized: start=286, slope=0, intercept=0

Delta for Group 0:
  Original: start=1.12213, slope=-2.14748e+09, intercept=-2.14748e+09, x_refl=0, y_refl=0
  Quantized: start=287, slope=0, intercept=0

Delta for Group 0:
  Original: start=1.12555, slope=-2.14748e+09, intercept=-2.14748e+09, x_refl=0, y_refl=0
  Quantized: start=288, slope=0, intercept=0

Delta for Group 0:
  Original: start=1.12897, slope=-2.14748e+09, intercept=-2.14748e+09, x_refl=0, y_refl=0
  Quantized: start=289, slope=0, intercept=0

Delta for Group 0:
  Original: start=1.13239, slope=-2.14748e+09, intercept=-2.14748e+09, x_refl=0, y_refl=0
  Quantized: start=290, slope=0, intercept=0

Delta for Group 0:
  Original: start=1.13581, slope=-2.14748e+09, intercept=-2.14748e+09, x_refl=0, y_refl=0
  Quantized: start=291, slope=0, intercept=0

Delta for Group 0:
  Original: start=1.13923, slope=-2.14748e+09, intercept=-2.14748e+09, x_refl=0, y_refl=0
  Quantized: start=292, slope=0, intercept=0

Delta for Group 0:
  Original: start=1.14265, slope=-2.14748e+09, intercept=-2.14748e+09, x_refl=0, y_refl=0
  Quantized: start=293, slope=0, intercept=0

Delta for Group 0:
  Original: start=1.14607, slope=-2.14748e+09, intercept=-2.14748e+09, x_refl=0, y_refl=0
  Quantized: start=293, slope=0, intercept=0

Delta for Group 0:
  Original: start=1.14949, slope=-2.14748e+09, intercept=-2.14748e+09, x_refl=0, y_refl=0
  Quantized: start=294, slope=0, intercept=0

Delta for Group 0:
  Original: start=1.15291, slope=-2.14748e+09, intercept=-2.14748e+09, x_refl=0, y_refl=0
  Quantized: start=295, slope=0, intercept=0

Delta for Group 0:
  Original: start=1.15633, slope=-2.14748e+09, intercept=-2.14748e+09, x_refl=0, y_refl=0
  Quantized: start=296, slope=0, intercept=0

Delta for Group 0:
  Original: start=1.15975, slope=-2.14748e+09, intercept=-2.14748e+09, x_refl=0, y_refl=0
  Quantized: start=297, slope=0, intercept=0

Delta for Group 0:
  Original: start=1.16317, slope=-2.14748e+09, intercept=-2.14748e+09, x_refl=0, y_refl=0
  Quantized: start=298, slope=0, intercept=0

Delta for Group 0:
  Original: start=1.16659, slope=-2.14748e+09, intercept=-2.14748e+09, x_refl=0, y_refl=0
  Quantized: start=299, slope=0, intercept=0

Delta for Group 0:
  Original: start=1.17, slope=-2.14748e+09, intercept=-2.14748e+09, x_refl=0, y_refl=0
  Quantized: start=300, slope=0, intercept=0

Delta for Group 0:
  Original: start=1.17342, slope=-2.14748e+09, intercept=-2.14748e+09, x_refl=0, y_refl=0
  Quantized: start=300, slope=0, intercept=0

Delta for Group 0:
  Original: start=1.17684, slope=-2.14748e+09, intercept=-2.14748e+09, x_refl=0, y_refl=0
  Quantized: start=301, slope=0, intercept=0

Delta for Group 0:
  Original: start=1.18026, slope=-2.14748e+09, intercept=-2.14748e+09, x_refl=0, y_refl=0
  Quantized: start=302, slope=0, intercept=0

Delta for Group 0:
  Original: start=1.18368, slope=-2.14748e+09, intercept=-2.14748e+09, x_refl=0, y_refl=0
  Quantized: start=303, slope=0, intercept=0

Delta for Group 0:
  Original: start=1.1871, slope=-2.14748e+09, intercept=-2.14748e+09, x_refl=0, y_refl=0
  Quantized: start=304, slope=0, intercept=0

Delta for Group 0:
  Original: start=1.19052, slope=-2.14748e+09, intercept=-2.14748e+09, x_refl=0, y_refl=0
  Quantized: start=305, slope=0, intercept=0

Delta for Group 0:
  Original: start=1.19394, slope=-2.14748e+09, intercept=-2.14748e+09, x_refl=0, y_refl=0
  Quantized: start=306, slope=0, intercept=0

Delta for Group 0:
  Original: start=1.19736, slope=-2.14748e+09, intercept=-2.14748e+09, x_refl=0, y_refl=0
  Quantized: start=307, slope=0, intercept=0

Delta for Group 0:
  Original: start=1.20078, slope=-2.14748e+09, intercept=-2.14748e+09, x_refl=0, y_refl=0
  Quantized: start=307, slope=0, intercept=0

Delta for Group 0:
  Original: start=1.2042, slope=-2.14748e+09, intercept=-2.14748e+09, x_refl=0, y_refl=0
  Quantized: start=308, slope=0, intercept=0

Delta for Group 0:
  Original: start=1.20762, slope=-2.14748e+09, intercept=-2.14748e+09, x_refl=0, y_refl=0
  Quantized: start=309, slope=0, intercept=0

Delta for Group 0:
  Original: start=1.21104, slope=-2.14748e+09, intercept=-2.14748e+09, x_refl=0, y_refl=0
  Quantized: start=310, slope=0, intercept=0

Delta for Group 0:
  Original: start=1.21446, slope=-2.14748e+09, intercept=-2.14748e+09, x_refl=0, y_refl=0
  Quantized: start=311, slope=0, intercept=0

Delta for Group 0:
  Original: start=1.21788, slope=-2.14748e+09, intercept=-2.14748e+09, x_refl=0, y_refl=0
  Quantized: start=312, slope=0, intercept=0

Delta for Group 0:
  Original: start=1.2213, slope=-2.14748e+09, intercept=-2.14748e+09, x_refl=0, y_refl=0
  Quantized: start=313, slope=0, intercept=0

Delta for Group 0:
  Original: start=1.22472, slope=-2.14748e+09, intercept=-2.14748e+09, x_refl=0, y_refl=0
  Quantized: start=314, slope=0, intercept=0

Delta for Group 0:
  Original: start=1.22814, slope=-2.14748e+09, intercept=-2.14748e+09, x_refl=0, y_refl=0
  Quantized: start=314, slope=0, intercept=0

Delta for Group 0:
  Original: start=1.23156, slope=-2.14748e+09, intercept=-2.14748e+09, x_refl=0, y_refl=0
  Quantized: start=315, slope=0, intercept=0

Delta for Group 0:
  Original: start=1.23498, slope=-2.14748e+09, intercept=-2.14748e+09, x_refl=0, y_refl=0
  Quantized: start=316, slope=0, intercept=0

Delta for Group 0:
  Original: start=1.2384, slope=-2.14748e+09, intercept=-2.14748e+09, x_refl=0, y_refl=0
  Quantized: start=317, slope=0, intercept=0

Delta for Group 0:
  Original: start=1.24182, slope=-2.14748e+09, intercept=-2.14748e+09, x_refl=0, y_refl=0
  Quantized: start=318, slope=0, intercept=0

Delta for Group 0:
  Original: start=1.24524, slope=-2.14748e+09, intercept=-2.14748e+09, x_refl=0, y_refl=0
  Quantized: start=319, slope=0, intercept=0

Delta for Group 0:
  Original: start=1.24866, slope=-2.14748e+09, intercept=-2.14748e+09, x_refl=0, y_refl=0
  Quantized: start=320, slope=0, intercept=0

Delta for Group 0:
  Original: start=1.25208, slope=-2.14748e+09, intercept=-2.14748e+09, x_refl=0, y_refl=0
  Quantized: start=321, slope=0, intercept=0

Delta for Group 0:
  Original: start=1.2555, slope=-2.14748e+09, intercept=-2.14748e+09, x_refl=0, y_refl=0
  Quantized: start=321, slope=0, intercept=0

Delta for Group 0:
  Original: start=1.25892, slope=-2.14748e+09, intercept=-2.14748e+09, x_refl=0, y_refl=0
  Quantized: start=322, slope=0, intercept=0

Delta for Group 0:
  Original: start=1.26234, slope=-2.14748e+09, intercept=-2.14748e+09, x_refl=0, y_refl=0
  Quantized: start=323, slope=0, intercept=0

Delta for Group 0:
  Original: start=1.26575, slope=-2.14748e+09, intercept=-2.14748e+09, x_refl=0, y_refl=0
  Quantized: start=324, slope=0, intercept=0

Delta for Group 0:
  Original: start=1.26917, slope=-2.14748e+09, intercept=-2.14748e+09, x_refl=0, y_refl=0
  Quantized: start=325, slope=0, intercept=0

Delta for Group 0:
  Original: start=1.27259, slope=-2.14748e+09, intercept=-2.14748e+09, x_refl=0, y_refl=0
  Quantized: start=326, slope=0, intercept=0

Delta for Group 0:
  Original: start=1.27601, slope=-2.14748e+09, intercept=-2.14748e+09, x_refl=0, y_refl=0
  Quantized: start=327, slope=0, intercept=0

Delta for Group 0:
  Original: start=1.27943, slope=-2.14748e+09, intercept=-2.14748e+09, x_refl=0, y_refl=0
  Quantized: start=328, slope=0, intercept=0

Delta for Group 0:
  Original: start=1.28285, slope=-2.14748e+09, intercept=-2.14748e+09, x_refl=0, y_refl=0
  Quantized: start=328, slope=0, intercept=0

Delta for Group 0:
  Original: start=1.28627, slope=-2.14748e+09, intercept=-2.14748e+09, x_refl=0, y_refl=0
  Quantized: start=329, slope=0, intercept=0

Delta for Group 0:
  Original: start=1.28969, slope=-2.14748e+09, intercept=-2.14748e+09, x_refl=0, y_refl=0
  Quantized: start=330, slope=0, intercept=0

Delta for Group 0:
  Original: start=1.29311, slope=-2.14748e+09, intercept=-2.14748e+09, x_refl=0, y_refl=0
  Quantized: start=331, slope=0, intercept=0

Delta for Group 0:
  Original: start=1.29653, slope=-2.14748e+09, intercept=-2.14748e+09, x_refl=0, y_refl=0
  Quantized: start=332, slope=0, intercept=0

Delta for Group 0:
  Original: start=1.29995, slope=-2.14748e+09, intercept=-2.14748e+09, x_refl=0, y_refl=0
  Quantized: start=333, slope=0, intercept=0

Delta for Group 0:
  Original: start=1.30337, slope=-2.14748e+09, intercept=-2.14748e+09, x_refl=0, y_refl=0
  Quantized: start=334, slope=0, intercept=0

Delta for Group 0:
  Original: start=1.30679, slope=-2.14748e+09, intercept=-2.14748e+09, x_refl=0, y_refl=0
  Quantized: start=335, slope=0, intercept=0

Delta for Group 0:
  Original: start=1.31021, slope=-2.14748e+09, intercept=-2.14748e+09, x_refl=0, y_refl=0
  Quantized: start=335, slope=0, intercept=0

Delta for Group 0:
  Original: start=1.31363, slope=-2.14748e+09, intercept=-2.14748e+09, x_refl=0, y_refl=0
  Quantized: start=336, slope=0, intercept=0

Delta for Group 0:
  Original: start=1.31705, slope=-2.14748e+09, intercept=-2.14748e+09, x_refl=0, y_refl=0
  Quantized: start=337, slope=0, intercept=0

Delta for Group 0:
  Original: start=1.32047, slope=-2.14748e+09, intercept=-2.14748e+09, x_refl=0, y_refl=0
  Quantized: start=338, slope=0, intercept=0

Delta for Group 0:
  Original: start=1.32389, slope=-2.14748e+09, intercept=-2.14748e+09, x_refl=0, y_refl=0
  Quantized: start=339, slope=0, intercept=0

Delta for Group 0:
  Original: start=1.32731, slope=-2.14748e+09, intercept=-2.14748e+09, x_refl=0, y_refl=0
  Quantized: start=340, slope=0, intercept=0

Delta for Group 0:
  Original: start=1.33073, slope=-2.14748e+09, intercept=-2.14748e+09, x_refl=0, y_refl=0
  Quantized: start=341, slope=0, intercept=0

Delta for Group 0:
  Original: start=1.33415, slope=-2.14748e+09, intercept=-2.14748e+09, x_refl=0, y_refl=0
  Quantized: start=342, slope=0, intercept=0

Delta for Group 0:
  Original: start=1.33757, slope=-2.14748e+09, intercept=-2.14748e+09, x_refl=0, y_refl=0
  Quantized: start=342, slope=0, intercept=0

Delta for Group 0:
  Original: start=1.34099, slope=-2.14748e+09, intercept=-2.14748e+09, x_refl=0, y_refl=0
  Quantized: start=343, slope=0, intercept=0

Delta for Group 0:
  Original: start=1.34441, slope=-2.14748e+09, intercept=-2.14748e+09, x_refl=0, y_refl=0
  Quantized: start=344, slope=0, intercept=0

Delta for Group 0:
  Original: start=1.34783, slope=-2.14748e+09, intercept=-2.14748e+09, x_refl=0, y_refl=0
  Quantized: start=345, slope=0, intercept=0

Delta for Group 0:
  Original: start=1.35125, slope=-2.14748e+09, intercept=-2.14748e+09, x_refl=0, y_refl=0
  Quantized: start=346, slope=0, intercept=0

Delta for Group 0:
  Original: start=1.35467, slope=-2.14748e+09, intercept=-2.14748e+09, x_refl=0, y_refl=0
  Quantized: start=347, slope=0, intercept=0

Delta for Group 0:
  Original: start=1.35808, slope=-2.14748e+09, intercept=-2.14748e+09, x_refl=0, y_refl=0
  Quantized: start=348, slope=0, intercept=0

Delta for Group 0:
  Original: start=1.3615, slope=-2.14748e+09, intercept=-2.14748e+09, x_refl=0, y_refl=0
  Quantized: start=349, slope=0, intercept=0

Delta for Group 0:
  Original: start=1.36492, slope=-2.14748e+09, intercept=-2.14748e+09, x_refl=0, y_refl=0
  Quantized: start=349, slope=0, intercept=0

Delta for Group 0:
  Original: start=1.36834, slope=-2.14748e+09, intercept=-2.14748e+09, x_refl=0, y_refl=0
  Quantized: start=350, slope=0, intercept=0

Delta for Group 0:
  Original: start=1.37176, slope=-2.14748e+09, intercept=-2.14748e+09, x_refl=0, y_refl=0
  Quantized: start=351, slope=0, intercept=0

Delta for Group 0:
  Original: start=1.37518, slope=-2.14748e+09, intercept=-2.14748e+09, x_refl=0, y_refl=0
  Quantized: start=352, slope=0, intercept=0

Delta for Group 0:
  Original: start=1.3786, slope=-2.14748e+09, intercept=-2.14748e+09, x_refl=0, y_refl=0
  Quantized: start=353, slope=0, intercept=0

Delta for Group 0:
  Original: start=1.38202, slope=-2.14748e+09, intercept=-2.14748e+09, x_refl=0, y_refl=0
  Quantized: start=354, slope=0, intercept=0

Delta for Group 0:
  Original: start=1.38544, slope=-2.14748e+09, intercept=-2.14748e+09, x_refl=0, y_refl=0
  Quantized: start=355, slope=0, intercept=0

Delta for Group 0:
  Original: start=1.38886, slope=-2.14748e+09, intercept=-2.14748e+09, x_refl=0, y_refl=0
  Quantized: start=356, slope=0, intercept=0

Delta for Group 0:
  Original: start=1.39228, slope=-2.14748e+09, intercept=-2.14748e+09, x_refl=0, y_refl=0
  Quantized: start=356, slope=0, intercept=0

Delta for Group 0:
  Original: start=1.3957, slope=-2.14748e+09, intercept=-2.14748e+09, x_refl=0, y_refl=0
  Quantized: start=357, slope=0, intercept=0

Delta for Group 0:
  Original: start=1.39912, slope=-2.14748e+09, intercept=-2.14748e+09, x_refl=0, y_refl=0
  Quantized: start=358, slope=0, intercept=0

Delta for Group 0:
  Original: start=1.40254, slope=-2.14748e+09, intercept=-2.14748e+09, x_refl=0, y_refl=0
  Quantized: start=359, slope=0, intercept=0

Delta for Group 0:
  Original: start=1.40596, slope=-2.14748e+09, intercept=-2.14748e+09, x_refl=0, y_refl=0
  Quantized: start=360, slope=0, intercept=0

Delta for Group 0:
  Original: start=1.40938, slope=-2.14748e+09, intercept=-2.14748e+09, x_refl=0, y_refl=0
  Quantized: start=361, slope=0, intercept=0

Delta for Group 0:
  Original: start=1.4128, slope=-2.14748e+09, intercept=-2.14748e+09, x_refl=0, y_refl=0
  Quantized: start=362, slope=0, intercept=0

Delta for Group 0:
  Original: start=1.41622, slope=-2.14748e+09, intercept=-2.14748e+09, x_refl=0, y_refl=0
  Quantized: start=363, slope=0, intercept=0

Delta for Group 0:
  Original: start=1.41964, slope=-2.14748e+09, intercept=-2.14748e+09, x_refl=0, y_refl=0
  Quantized: start=363, slope=0, intercept=0

Delta for Group 0:
  Original: start=1.42306, slope=-2.14748e+09, intercept=-2.14748e+09, x_refl=0, y_refl=0
  Quantized: start=364, slope=0, intercept=0

Delta for Group 0:
  Original: start=1.42648, slope=-2.14748e+09, intercept=-2.14748e+09, x_refl=0, y_refl=0
  Quantized: start=365, slope=0, intercept=0

Delta for Group 0:
  Original: start=1.4299, slope=-2.14748e+09, intercept=-2.14748e+09, x_refl=0, y_refl=0
  Quantized: start=366, slope=0, intercept=0

Delta for Group 0:
  Original: start=1.43332, slope=-2.14748e+09, intercept=-2.14748e+09, x_refl=0, y_refl=0
  Quantized: start=367, slope=0, intercept=0

Delta for Group 0:
  Original: start=1.43674, slope=-2.14748e+09, intercept=-2.14748e+09, x_refl=0, y_refl=0
  Quantized: start=368, slope=0, intercept=0

Delta for Group 0:
  Original: start=1.44016, slope=-2.14748e+09, intercept=-2.14748e+09, x_refl=0, y_refl=0
  Quantized: start=369, slope=0, intercept=0

Delta for Group 0:
  Original: start=1.44358, slope=-2.14748e+09, intercept=-2.14748e+09, x_refl=0, y_refl=0
  Quantized: start=370, slope=0, intercept=0

Delta for Group 0:
  Original: start=1.447, slope=-2.14748e+09, intercept=-2.14748e+09, x_refl=0, y_refl=0
  Quantized: start=370, slope=0, intercept=0

Delta for Group 0:
  Original: start=1.45042, slope=-2.14748e+09, intercept=-2.14748e+09, x_refl=0, y_refl=0
  Quantized: start=371, slope=0, intercept=0

Delta for Group 0:
  Original: start=1.45383, slope=-2.14748e+09, intercept=-2.14748e+09, x_refl=0, y_refl=0
  Quantized: start=372, slope=0, intercept=0

Delta for Group 0:
  Original: start=1.45725, slope=-2.14748e+09, intercept=-2.14748e+09, x_refl=0, y_refl=0
  Quantized: start=373, slope=0, intercept=0

Delta for Group 0:
  Original: start=1.46067, slope=-2.14748e+09, intercept=-2.14748e+09, x_refl=0, y_refl=0
  Quantized: start=374, slope=0, intercept=0

Delta for Group 0:
  Original: start=1.46409, slope=-2.14748e+09, intercept=-2.14748e+09, x_refl=0, y_refl=0
  Quantized: start=375, slope=0, intercept=0

Delta for Group 0:
  Original: start=1.46751, slope=-2.14748e+09, intercept=-2.14748e+09, x_refl=0, y_refl=0
  Quantized: start=376, slope=0, intercept=0

Delta for Group 0:
  Original: start=1.47093, slope=-2.14748e+09, intercept=-2.14748e+09, x_refl=0, y_refl=0
  Quantized: start=377, slope=0, intercept=0

Delta for Group 0:
  Original: start=1.47435, slope=-2.14748e+09, intercept=-2.14748e+09, x_refl=0, y_refl=0
  Quantized: start=377, slope=0, intercept=0

Delta for Group 0:
  Original: start=1.47777, slope=-2.14748e+09, intercept=-2.14748e+09, x_refl=0, y_refl=0
  Quantized: start=378, slope=0, intercept=0

Delta for Group 0:
  Original: start=1.48119, slope=-2.14748e+09, intercept=-2.14748e+09, x_refl=0, y_refl=0
  Quantized: start=379, slope=0, intercept=0

Delta for Group 0:
  Original: start=1.48461, slope=-2.14748e+09, intercept=-2.14748e+09, x_refl=0, y_refl=0
  Quantized: start=380, slope=0, intercept=0

Delta for Group 0:
  Original: start=1.48803, slope=-2.14748e+09, intercept=-2.14748e+09, x_refl=0, y_refl=0
  Quantized: start=381, slope=0, intercept=0

Delta for Group 0:
  Original: start=1.49145, slope=-2.14748e+09, intercept=-2.14748e+09, x_refl=0, y_refl=0
  Quantized: start=382, slope=0, intercept=0

Delta for Group 0:
  Original: start=1.49487, slope=-2.14748e+09, intercept=-2.14748e+09, x_refl=0, y_refl=0
  Quantized: start=383, slope=0, intercept=0

Delta for Group 0:
  Original: start=1.49829, slope=-2.14748e+09, intercept=-2.14748e+09, x_refl=0, y_refl=0
  Quantized: start=384, slope=0, intercept=0

Delta for Group 0:
  Original: start=1.50171, slope=-2.14748e+09, intercept=-2.14748e+09, x_refl=0, y_refl=0
  Quantized: start=384, slope=0, intercept=0

Delta for Group 0:
  Original: start=1.50513, slope=-2.14748e+09, intercept=-2.14748e+09, x_refl=0, y_refl=0
  Quantized: start=385, slope=0, intercept=0

Delta for Group 0:
  Original: start=1.50855, slope=-2.14748e+09, intercept=-2.14748e+09, x_refl=0, y_refl=0
  Quantized: start=386, slope=0, intercept=0

Delta for Group 0:
  Original: start=1.51197, slope=-2.14748e+09, intercept=-2.14748e+09, x_refl=0, y_refl=0
  Quantized: start=387, slope=0, intercept=0

Delta for Group 0:
  Original: start=1.51539, slope=-2.14748e+09, intercept=-2.14748e+09, x_refl=0, y_refl=0
  Quantized: start=388, slope=0, intercept=0

Delta for Group 0:
  Original: start=1.51881, slope=-2.14748e+09, intercept=-2.14748e+09, x_refl=0, y_refl=0
  Quantized: start=389, slope=0, intercept=0

Delta for Group 0:
  Original: start=1.52223, slope=-2.14748e+09, intercept=-2.14748e+09, x_refl=0, y_refl=0
  Quantized: start=390, slope=0, intercept=0

Delta for Group 0:
  Original: start=1.52565, slope=-2.14748e+09, intercept=-2.14748e+09, x_refl=0, y_refl=0
  Quantized: start=391, slope=0, intercept=0

Delta for Group 0:
  Original: start=1.52907, slope=-2.14748e+09, intercept=-2.14748e+09, x_refl=0, y_refl=0
  Quantized: start=391, slope=0, intercept=0

Delta for Group 0:
  Original: start=1.53249, slope=-2.14748e+09, intercept=-2.14748e+09, x_refl=0, y_refl=0
  Quantized: start=392, slope=0, intercept=0

Delta for Group 0:
  Original: start=1.53591, slope=-2.14748e+09, intercept=-2.14748e+09, x_refl=0, y_refl=0
  Quantized: start=393, slope=0, intercept=0

Delta for Group 0:
  Original: start=1.53933, slope=-2.14748e+09, intercept=-2.14748e+09, x_refl=0, y_refl=0
  Quantized: start=394, slope=0, intercept=0

Delta for Group 0:
  Original: start=1.54275, slope=-2.14748e+09, intercept=-2.14748e+09, x_refl=0, y_refl=0
  Quantized: start=395, slope=0, intercept=0

Delta for Group 0:
  Original: start=1.54617, slope=-2.14748e+09, intercept=-2.14748e+09, x_refl=0, y_refl=0
  Quantized: start=396, slope=0, intercept=0

Delta for Group 0:
  Original: start=1.54958, slope=-2.14748e+09, intercept=-2.14748e+09, x_refl=0, y_refl=0
  Quantized: start=397, slope=0, intercept=0

Delta for Group 0:
  Original: start=1.553, slope=-2.14748e+09, intercept=-2.14748e+09, x_refl=0, y_refl=0
  Quantized: start=398, slope=0, intercept=0

Delta for Group 0:
  Original: start=1.55642, slope=-2.14748e+09, intercept=-2.14748e+09, x_refl=0, y_refl=0
  Quantized: start=398, slope=0, intercept=0

Delta for Group 0:
  Original: start=1.55984, slope=-2.14748e+09, intercept=-2.14748e+09, x_refl=0, y_refl=0
  Quantized: start=399, slope=0, intercept=0

Delta for Group 0:
  Original: start=1.56326, slope=-2.14748e+09, intercept=-2.14748e+09, x_refl=0, y_refl=0
  Quantized: start=400, slope=0, intercept=0

Delta for Group 0:
  Original: start=1.56668, slope=-2.14748e+09, intercept=-2.14748e+09, x_refl=0, y_refl=0
  Quantized: start=401, slope=0, intercept=0

Delta for Group 0:
  Original: start=1.5701, slope=-2.14748e+09, intercept=-2.14748e+09, x_refl=0, y_refl=0
  Quantized: start=402, slope=0, intercept=0

Delta for Group 0:
  Original: start=1.57352, slope=-2.14748e+09, intercept=-2.14748e+09, x_refl=0, y_refl=0
  Quantized: start=403, slope=0, intercept=0

Delta for Group 0:
  Original: start=1.57694, slope=-2.14748e+09, intercept=-2.14748e+09, x_refl=0, y_refl=0
  Quantized: start=404, slope=0, intercept=0

Delta for Group 0:
  Original: start=1.58036, slope=-2.14748e+09, intercept=-2.14748e+09, x_refl=0, y_refl=0
  Quantized: start=405, slope=0, intercept=0

Delta for Group 0:
  Original: start=1.58378, slope=-2.14748e+09, intercept=-2.14748e+09, x_refl=0, y_refl=0
  Quantized: start=405, slope=0, intercept=0

Delta for Group 0:
  Original: start=1.5872, slope=-2.14748e+09, intercept=-2.14748e+09, x_refl=0, y_refl=0
  Quantized: start=406, slope=0, intercept=0

Delta for Group 0:
  Original: start=1.59062, slope=-2.14748e+09, intercept=-2.14748e+09, x_refl=0, y_refl=0
  Quantized: start=407, slope=0, intercept=0

Delta for Group 0:
  Original: start=1.59404, slope=-2.14748e+09, intercept=-2.14748e+09, x_refl=0, y_refl=0
  Quantized: start=408, slope=0, intercept=0

Delta for Group 0:
  Original: start=1.59746, slope=-2.14748e+09, intercept=-2.14748e+09, x_refl=0, y_refl=0
  Quantized: start=409, slope=0, intercept=0

Delta for Group 0:
  Original: start=1.60088, slope=-2.14748e+09, intercept=-2.14748e+09, x_refl=0, y_refl=0
  Quantized: start=410, slope=0, intercept=0

Delta for Group 0:
  Original: start=1.6043, slope=-2.14748e+09, intercept=-2.14748e+09, x_refl=0, y_refl=0
  Quantized: start=411, slope=0, intercept=0

Delta for Group 0:
  Original: start=1.60772, slope=-2.14748e+09, intercept=-2.14748e+09, x_refl=0, y_refl=0
  Quantized: start=412, slope=0, intercept=0

Delta for Group 0:
  Original: start=1.61114, slope=-2.14748e+09, intercept=-2.14748e+09, x_refl=0, y_refl=0
  Quantized: start=412, slope=0, intercept=0

Delta for Group 0:
  Original: start=1.61456, slope=-2.14748e+09, intercept=-2.14748e+09, x_refl=0, y_refl=0
  Quantized: start=413, slope=0, intercept=0

Delta for Group 0:
  Original: start=1.61798, slope=-2.14748e+09, intercept=-2.14748e+09, x_refl=0, y_refl=0
  Quantized: start=414, slope=0, intercept=0

Delta for Group 0:
  Original: start=1.6214, slope=-2.14748e+09, intercept=-2.14748e+09, x_refl=0, y_refl=0
  Quantized: start=415, slope=0, intercept=0

Delta for Group 0:
  Original: start=1.62482, slope=-2.14748e+09, intercept=-2.14748e+09, x_refl=0, y_refl=0
  Quantized: start=416, slope=0, intercept=0

Delta for Group 0:
  Original: start=1.62824, slope=-2.14748e+09, intercept=-2.14748e+09, x_refl=0, y_refl=0
  Quantized: start=417, slope=0, intercept=0

Delta for Group 0:
  Original: start=1.63166, slope=-2.14748e+09, intercept=-2.14748e+09, x_refl=0, y_refl=0
  Quantized: start=418, slope=0, intercept=0

Delta for Group 0:
  Original: start=1.63508, slope=-2.14748e+09, intercept=-2.14748e+09, x_refl=0, y_refl=0
  Quantized: start=419, slope=0, intercept=0

Delta for Group 0:
  Original: start=1.6385, slope=-2.14748e+09, intercept=-2.14748e+09, x_refl=0, y_refl=0
  Quantized: start=419, slope=0, intercept=0

Delta for Group 0:
  Original: start=1.64191, slope=-2.14748e+09, intercept=-2.14748e+09, x_refl=0, y_refl=0
  Quantized: start=420, slope=0, intercept=0

Delta for Group 0:
  Original: start=1.64533, slope=-2.14748e+09, intercept=-2.14748e+09, x_refl=0, y_refl=0
  Quantized: start=421, slope=0, intercept=0

Delta for Group 0:
  Original: start=1.64875, slope=-2.14748e+09, intercept=-2.14748e+09, x_refl=0, y_refl=0
  Quantized: start=422, slope=0, intercept=0

Delta for Group 0:
  Original: start=1.65217, slope=-2.14748e+09, intercept=-2.14748e+09, x_refl=0, y_refl=0
  Quantized: start=423, slope=0, intercept=0

Delta for Group 0:
  Original: start=1.65559, slope=-2.14748e+09, intercept=-2.14748e+09, x_refl=0, y_refl=0
  Quantized: start=424, slope=0, intercept=0

Delta for Group 0:
  Original: start=1.65901, slope=-2.14748e+09, intercept=-2.14748e+09, x_refl=0, y_refl=0
  Quantized: start=425, slope=0, intercept=0

Delta for Group 0:
  Original: start=1.66243, slope=-2.14748e+09, intercept=-2.14748e+09, x_refl=0, y_refl=0
  Quantized: start=426, slope=0, intercept=0

Delta for Group 0:
  Original: start=1.66585, slope=-2.14748e+09, intercept=-2.14748e+09, x_refl=0, y_refl=0
  Quantized: start=426, slope=0, intercept=0

Delta for Group 0:
  Original: start=1.66927, slope=-2.14748e+09, intercept=-2.14748e+09, x_refl=0, y_refl=0
  Quantized: start=427, slope=0, intercept=0

Delta for Group 0:
  Original: start=1.67269, slope=-2.14748e+09, intercept=-2.14748e+09, x_refl=0, y_refl=0
  Quantized: start=428, slope=0, intercept=0

Delta for Group 0:
  Original: start=1.67611, slope=-2.14748e+09, intercept=-2.14748e+09, x_refl=0, y_refl=0
  Quantized: start=429, slope=0, intercept=0

Delta for Group 0:
  Original: start=1.67953, slope=-2.14748e+09, intercept=-2.14748e+09, x_refl=0, y_refl=0
  Quantized: start=430, slope=0, intercept=0

Delta for Group 0:
  Original: start=1.68295, slope=-2.14748e+09, intercept=-2.14748e+09, x_refl=0, y_refl=0
  Quantized: start=431, slope=0, intercept=0

Delta for Group 0:
  Original: start=1.68637, slope=-2.14748e+09, intercept=-2.14748e+09, x_refl=0, y_refl=0
  Quantized: start=432, slope=0, intercept=0

Delta for Group 0:
  Original: start=1.68979, slope=-2.14748e+09, intercept=-2.14748e+09, x_refl=0, y_refl=0
  Quantized: start=433, slope=0, intercept=0

Delta for Group 0:
  Original: start=1.69321, slope=-2.14748e+09, intercept=-2.14748e+09, x_refl=0, y_refl=0
  Quantized: start=433, slope=0, intercept=0

Delta for Group 0:
  Original: start=1.69663, slope=-2.14748e+09, intercept=-2.14748e+09, x_refl=0, y_refl=0
  Quantized: start=434, slope=0, intercept=0

Delta for Group 0:
  Original: start=1.70005, slope=-2.14748e+09, intercept=-2.14748e+09, x_refl=0, y_refl=0
  Quantized: start=435, slope=0, intercept=0

Delta for Group 0:
  Original: start=1.70347, slope=-2.14748e+09, intercept=-2.14748e+09, x_refl=0, y_refl=0
  Quantized: start=436, slope=0, intercept=0

Delta for Group 0:
  Original: start=1.70689, slope=-2.14748e+09, intercept=-2.14748e+09, x_refl=0, y_refl=0
  Quantized: start=437, slope=0, intercept=0

Delta for Group 0:
  Original: start=1.71031, slope=-2.14748e+09, intercept=-2.14748e+09, x_refl=0, y_refl=0
  Quantized: start=438, slope=0, intercept=0

Delta for Group 0:
  Original: start=1.71373, slope=-2.14748e+09, intercept=-2.14748e+09, x_refl=0, y_refl=0
  Quantized: start=439, slope=0, intercept=0

Delta for Group 0:
  Original: start=1.71715, slope=-2.14748e+09, intercept=-2.14748e+09, x_refl=0, y_refl=0
  Quantized: start=440, slope=0, intercept=0

Delta for Group 0:
  Original: start=1.72057, slope=-2.14748e+09, intercept=-2.14748e+09, x_refl=0, y_refl=0
  Quantized: start=440, slope=0, intercept=0

Delta for Group 0:
  Original: start=1.72399, slope=-2.14748e+09, intercept=-2.14748e+09, x_refl=0, y_refl=0
  Quantized: start=441, slope=0, intercept=0

Delta for Group 0:
  Original: start=1.72741, slope=-2.14748e+09, intercept=-2.14748e+09, x_refl=0, y_refl=0
  Quantized: start=442, slope=0, intercept=0

Delta for Group 0:
  Original: start=1.73083, slope=-2.14748e+09, intercept=-2.14748e+09, x_refl=0, y_refl=0
  Quantized: start=443, slope=0, intercept=0

Delta for Group 0:
  Original: start=1.73425, slope=-2.14748e+09, intercept=-2.14748e+09, x_refl=0, y_refl=0
  Quantized: start=444, slope=0, intercept=0

Delta for Group 0:
  Original: start=1.73766, slope=-2.14748e+09, intercept=-2.14748e+09, x_refl=0, y_refl=0
  Quantized: start=445, slope=0, intercept=0

Delta for Group 0:
  Original: start=1.74108, slope=-2.14748e+09, intercept=-2.14748e+09, x_refl=0, y_refl=0
  Quantized: start=446, slope=0, intercept=0

Delta for Group 0:
  Original: start=1.7445, slope=-2.14748e+09, intercept=-2.14748e+09, x_refl=0, y_refl=0
  Quantized: start=447, slope=0, intercept=0

Delta for Group 0:
  Original: start=1.74792, slope=-2.14748e+09, intercept=-2.14748e+09, x_refl=0, y_refl=0
  Quantized: start=447, slope=0, intercept=0

Delta for Group 0:
  Original: start=1.75134, slope=-2.14748e+09, intercept=-2.14748e+09, x_refl=0, y_refl=0
  Quantized: start=448, slope=0, intercept=0

Delta for Group 0:
  Original: start=1.75476, slope=-2.14748e+09, intercept=-2.14748e+09, x_refl=0, y_refl=0
  Quantized: start=449, slope=0, intercept=0

Delta for Group 0:
  Original: start=1.75818, slope=-2.14748e+09, intercept=-2.14748e+09, x_refl=0, y_refl=0
  Quantized: start=450, slope=0, intercept=0

Delta for Group 0:
  Original: start=1.7616, slope=-2.14748e+09, intercept=-2.14748e+09, x_refl=0, y_refl=0
  Quantized: start=451, slope=0, intercept=0

Delta for Group 0:
  Original: start=1.76502, slope=-2.14748e+09, intercept=-2.14748e+09, x_refl=0, y_refl=0
  Quantized: start=452, slope=0, intercept=0

Delta for Group 0:
  Original: start=1.76844, slope=-2.14748e+09, intercept=-2.14748e+09, x_refl=0, y_refl=0
  Quantized: start=453, slope=0, intercept=0

Delta for Group 0:
  Original: start=1.77186, slope=-2.14748e+09, intercept=-2.14748e+09, x_refl=0, y_refl=0
  Quantized: start=454, slope=0, intercept=0

Delta for Group 0:
  Original: start=1.77528, slope=-2.14748e+09, intercept=-2.14748e+09, x_refl=0, y_refl=0
  Quantized: start=454, slope=0, intercept=0

Delta for Group 0:
  Original: start=1.7787, slope=-2.14748e+09, intercept=-2.14748e+09, x_refl=0, y_refl=0
  Quantized: start=455, slope=0, intercept=0

Delta for Group 0:
  Original: start=1.78212, slope=-2.14748e+09, intercept=-2.14748e+09, x_refl=0, y_refl=0
  Quantized: start=456, slope=0, intercept=0

Delta for Group 0:
  Original: start=1.78554, slope=-2.14748e+09, intercept=-2.14748e+09, x_refl=0, y_refl=0
  Quantized: start=457, slope=0, intercept=0

Delta for Group 0:
  Original: start=1.78896, slope=-2.14748e+09, intercept=-2.14748e+09, x_refl=0, y_refl=0
  Quantized: start=458, slope=0, intercept=0

Delta for Group 0:
  Original: start=1.79238, slope=-2.14748e+09, intercept=-2.14748e+09, x_refl=0, y_refl=0
  Quantized: start=459, slope=0, intercept=0

Delta for Group 0:
  Original: start=1.7958, slope=-2.14748e+09, intercept=-2.14748e+09, x_refl=0, y_refl=0
  Quantized: start=460, slope=0, intercept=0

Delta for Group 0:
  Original: start=1.79922, slope=-2.14748e+09, intercept=-2.14748e+09, x_refl=0, y_refl=0
  Quantized: start=461, slope=0, intercept=0

Delta for Group 0:
  Original: start=1.80264, slope=-2.14748e+09, intercept=-2.14748e+09, x_refl=0, y_refl=0
  Quantized: start=461, slope=0, intercept=0

Delta for Group 0:
  Original: start=1.80606, slope=-2.14748e+09, intercept=-2.14748e+09, x_refl=0, y_refl=0
  Quantized: start=462, slope=0, intercept=0

Delta for Group 0:
  Original: start=1.80948, slope=-2.14748e+09, intercept=-2.14748e+09, x_refl=0, y_refl=0
  Quantized: start=463, slope=0, intercept=0

Delta for Group 0:
  Original: start=1.8129, slope=-2.14748e+09, intercept=-2.14748e+09, x_refl=0, y_refl=0
  Quantized: start=464, slope=0, intercept=0

Delta for Group 0:
  Original: start=1.81632, slope=-2.14748e+09, intercept=-2.14748e+09, x_refl=0, y_refl=0
  Quantized: start=465, slope=0, intercept=0

Delta for Group 0:
  Original: start=1.81974, slope=-2.14748e+09, intercept=-2.14748e+09, x_refl=0, y_refl=0
  Quantized: start=466, slope=0, intercept=0

Delta for Group 0:
  Original: start=1.82316, slope=-2.14748e+09, intercept=-2.14748e+09, x_refl=0, y_refl=0
  Quantized: start=467, slope=0, intercept=0

Delta for Group 0:
  Original: start=1.82658, slope=-2.14748e+09, intercept=-2.14748e+09, x_refl=0, y_refl=0
  Quantized: start=468, slope=0, intercept=0

Delta for Group 0:
  Original: start=1.83, slope=-2.14748e+09, intercept=-2.14748e+09, x_refl=0, y_refl=0
  Quantized: start=468, slope=0, intercept=0

Delta for Group 0:
  Original: start=1.83341, slope=-2.14748e+09, intercept=-2.14748e+09, x_refl=0, y_refl=0
  Quantized: start=469, slope=0, intercept=0

Delta for Group 0:
  Original: start=1.83683, slope=-2.14748e+09, intercept=-2.14748e+09, x_refl=0, y_refl=0
  Quantized: start=470, slope=0, intercept=0

Delta for Group 0:
  Original: start=1.84025, slope=-2.14748e+09, intercept=-2.14748e+09, x_refl=0, y_refl=0
  Quantized: start=471, slope=0, intercept=0

Delta for Group 0:
  Original: start=1.84367, slope=-2.14748e+09, intercept=-2.14748e+09, x_refl=0, y_refl=0
  Quantized: start=472, slope=0, intercept=0

Delta for Group 0:
  Original: start=1.84709, slope=-2.14748e+09, intercept=-2.14748e+09, x_refl=0, y_refl=0
  Quantized: start=473, slope=0, intercept=0

Delta for Group 0:
  Original: start=1.85051, slope=-2.14748e+09, intercept=-2.14748e+09, x_refl=0, y_refl=0
  Quantized: start=474, slope=0, intercept=0

Delta for Group 0:
  Original: start=1.85393, slope=-2.14748e+09, intercept=-2.14748e+09, x_refl=0, y_refl=0
  Quantized: start=475, slope=0, intercept=0

Delta for Group 0:
  Original: start=1.85735, slope=-2.14748e+09, intercept=-2.14748e+09, x_refl=0, y_refl=0
  Quantized: start=475, slope=0, intercept=0

Delta for Group 0:
  Original: start=1.86077, slope=-2.14748e+09, intercept=-2.14748e+09, x_refl=0, y_refl=0
  Quantized: start=476, slope=0, intercept=0

Delta for Group 0:
  Original: start=1.86419, slope=-2.14748e+09, intercept=-2.14748e+09, x_refl=0, y_refl=0
  Quantized: start=477, slope=0, intercept=0

Delta for Group 0:
  Original: start=1.86761, slope=-2.14748e+09, intercept=-2.14748e+09, x_refl=0, y_refl=0
  Quantized: start=478, slope=0, intercept=0

Delta for Group 0:
  Original: start=1.87103, slope=-2.14748e+09, intercept=-2.14748e+09, x_refl=0, y_refl=0
  Quantized: start=479, slope=0, intercept=0

Delta for Group 0:
  Original: start=1.87445, slope=-2.14748e+09, intercept=-2.14748e+09, x_refl=0, y_refl=0
  Quantized: start=480, slope=0, intercept=0

Delta for Group 0:
  Original: start=1.87787, slope=-2.14748e+09, intercept=-2.14748e+09, x_refl=0, y_refl=0
  Quantized: start=481, slope=0, intercept=0

Delta for Group 0:
  Original: start=1.88129, slope=-2.14748e+09, intercept=-2.14748e+09, x_refl=0, y_refl=0
  Quantized: start=482, slope=0, intercept=0

Delta for Group 0:
  Original: start=1.88471, slope=-2.14748e+09, intercept=-2.14748e+09, x_refl=0, y_refl=0
  Quantized: start=482, slope=0, intercept=0

Delta for Group 0:
  Original: start=1.88813, slope=-2.14748e+09, intercept=-2.14748e+09, x_refl=0, y_refl=0
  Quantized: start=483, slope=0, intercept=0

Delta for Group 0:
  Original: start=1.89155, slope=-2.14748e+09, intercept=-2.14748e+09, x_refl=0, y_refl=0
  Quantized: start=484, slope=0, intercept=0

Delta for Group 0:
  Original: start=1.89497, slope=-2.14748e+09, intercept=-2.14748e+09, x_refl=0, y_refl=0
  Quantized: start=485, slope=0, intercept=0

Delta for Group 0:
  Original: start=1.89839, slope=-2.14748e+09, intercept=-2.14748e+09, x_refl=0, y_refl=0
  Quantized: start=486, slope=0, intercept=0

Delta for Group 0:
  Original: start=1.90181, slope=-2.14748e+09, intercept=-2.14748e+09, x_refl=0, y_refl=0
  Quantized: start=487, slope=0, intercept=0

Delta for Group 0:
  Original: start=1.90523, slope=-2.14748e+09, intercept=-2.14748e+09, x_refl=0, y_refl=0
  Quantized: start=488, slope=0, intercept=0

Delta for Group 0:
  Original: start=1.90865, slope=-2.14748e+09, intercept=-2.14748e+09, x_refl=0, y_refl=0
  Quantized: start=489, slope=0, intercept=0

Delta for Group 0:
  Original: start=1.91207, slope=-2.14748e+09, intercept=-2.14748e+09, x_refl=0, y_refl=0
  Quantized: start=489, slope=0, intercept=0

Delta for Group 0:
  Original: start=1.91549, slope=-2.14748e+09, intercept=-2.14748e+09, x_refl=0, y_refl=0
  Quantized: start=490, slope=0, intercept=0

Delta for Group 0:
  Original: start=1.91891, slope=-2.14748e+09, intercept=-2.14748e+09, x_refl=0, y_refl=0
  Quantized: start=491, slope=0, intercept=0

Delta for Group 0:
  Original: start=1.92233, slope=-2.14748e+09, intercept=-2.14748e+09, x_refl=0, y_refl=0
  Quantized: start=492, slope=0, intercept=0

Delta for Group 0:
  Original: start=1.92574, slope=-2.14748e+09, intercept=-2.14748e+09, x_refl=0, y_refl=0
  Quantized: start=493, slope=0, intercept=0

Delta for Group 0:
  Original: start=1.92916, slope=-2.14748e+09, intercept=-2.14748e+09, x_refl=0, y_refl=0
  Quantized: start=494, slope=0, intercept=0

Delta for Group 0:
  Original: start=1.93258, slope=-2.14748e+09, intercept=-2.14748e+09, x_refl=0, y_refl=0
  Quantized: start=495, slope=0, intercept=0

Delta for Group 0:
  Original: start=1.936, slope=-2.14748e+09, intercept=-2.14748e+09, x_refl=0, y_refl=0
  Quantized: start=496, slope=0, intercept=0

Delta for Group 0:
  Original: start=1.93942, slope=-2.14748e+09, intercept=-2.14748e+09, x_refl=0, y_refl=0
  Quantized: start=496, slope=0, intercept=0

Delta for Group 0:
  Original: start=1.94284, slope=-2.14748e+09, intercept=-2.14748e+09, x_refl=0, y_refl=0
  Quantized: start=497, slope=0, intercept=0

Delta for Group 0:
  Original: start=1.94626, slope=-2.14748e+09, intercept=-2.14748e+09, x_refl=0, y_refl=0
  Quantized: start=498, slope=0, intercept=0

Delta for Group 0:
  Original: start=1.94968, slope=-2.14748e+09, intercept=-2.14748e+09, x_refl=0, y_refl=0
  Quantized: start=499, slope=0, intercept=0

Delta for Group 0:
  Original: start=1.9531, slope=-2.14748e+09, intercept=-2.14748e+09, x_refl=0, y_refl=0
  Quantized: start=500, slope=0, intercept=0

Delta for Group 0:
  Original: start=1.95652, slope=-2.14748e+09, intercept=-2.14748e+09, x_refl=0, y_refl=0
  Quantized: start=501, slope=0, intercept=0

Delta for Group 0:
  Original: start=1.95994, slope=-2.14748e+09, intercept=-2.14748e+09, x_refl=0, y_refl=0
  Quantized: start=502, slope=0, intercept=0

Delta for Group 0:
  Original: start=1.96336, slope=-2.14748e+09, intercept=-2.14748e+09, x_refl=0, y_refl=0
  Quantized: start=503, slope=0, intercept=0

Delta for Group 0:
  Original: start=1.96678, slope=-2.14748e+09, intercept=-2.14748e+09, x_refl=0, y_refl=0
  Quantized: start=503, slope=0, intercept=0

Delta for Group 0:
  Original: start=1.9702, slope=-2.14748e+09, intercept=-2.14748e+09, x_refl=0, y_refl=0
  Quantized: start=504, slope=0, intercept=0

Delta for Group 0:
  Original: start=1.97362, slope=-2.14748e+09, intercept=-2.14748e+09, x_refl=0, y_refl=0
  Quantized: start=505, slope=0, intercept=0

Delta for Group 0:
  Original: start=1.97704, slope=-2.14748e+09, intercept=-2.14748e+09, x_refl=0, y_refl=0
  Quantized: start=506, slope=0, intercept=0

Delta for Group 0:
  Original: start=1.98046, slope=-2.14748e+09, intercept=-2.14748e+09, x_refl=0, y_refl=0
  Quantized: start=507, slope=0, intercept=0

Delta for Group 0:
  Original: start=1.98388, slope=-2.14748e+09, intercept=-2.14748e+09, x_refl=0, y_refl=0
  Quantized: start=508, slope=0, intercept=0

Delta for Group 0:
  Original: start=1.9873, slope=-2.14748e+09, intercept=-2.14748e+09, x_refl=0, y_refl=0
  Quantized: start=509, slope=0, intercept=0

Delta for Group 0:
  Original: start=1.99072, slope=-2.14748e+09, intercept=-2.14748e+09, x_refl=0, y_refl=0
  Quantized: start=510, slope=0, intercept=0

Delta for Group 0:
  Original: start=1.99414, slope=-2.14748e+09, intercept=-2.14748e+09, x_refl=0, y_refl=0
  Quantized: start=510, slope=0, intercept=0

Delta for Group 0:
  Original: start=1.99756, slope=-2.14748e+09, intercept=-2.14748e+09, x_refl=0, y_refl=0
  Quantized: start=511, slope=0, intercept=0

Delta for Group 0:
  Original: start=2.00098, slope=-2.14748e+09, intercept=-2.14748e+09, x_refl=0, y_refl=0
  Quantized: start=512, slope=0, intercept=0

Delta for Group 0:
  Original: start=2.0044, slope=-2.14748e+09, intercept=-2.14748e+09, x_refl=0, y_refl=0
  Quantized: start=513, slope=0, intercept=0

Delta for Group 0:
  Original: start=2.00782, slope=-2.14748e+09, intercept=-2.14748e+09, x_refl=0, y_refl=0
  Quantized: start=514, slope=0, intercept=0

Delta for Group 0:
  Original: start=2.01124, slope=-2.14748e+09, intercept=-2.14748e+09, x_refl=0, y_refl=0
  Quantized: start=515, slope=0, intercept=0

Delta for Group 0:
  Original: start=2.01466, slope=-2.14748e+09, intercept=-2.14748e+09, x_refl=0, y_refl=0
  Quantized: start=516, slope=0, intercept=0

Delta for Group 0:
  Original: start=2.01808, slope=-2.14748e+09, intercept=-2.14748e+09, x_refl=0, y_refl=0
  Quantized: start=517, slope=0, intercept=0

Delta for Group 0:
  Original: start=2.02149, slope=-2.14748e+09, intercept=-2.14748e+09, x_refl=0, y_refl=0
  Quantized: start=518, slope=0, intercept=0

Delta for Group 0:
  Original: start=2.02491, slope=-2.14748e+09, intercept=-2.14748e+09, x_refl=0, y_refl=0
  Quantized: start=518, slope=0, intercept=0

Delta for Group 0:
  Original: start=2.02833, slope=-2.14748e+09, intercept=-2.14748e+09, x_refl=0, y_refl=0
  Quantized: start=519, slope=0, intercept=0

Delta for Group 0:
  Original: start=2.03175, slope=-2.14748e+09, intercept=-2.14748e+09, x_refl=0, y_refl=0
  Quantized: start=520, slope=0, intercept=0

Delta for Group 0:
  Original: start=2.03517, slope=-2.14748e+09, intercept=-2.14748e+09, x_refl=0, y_refl=0
  Quantized: start=521, slope=0, intercept=0

Delta for Group 0:
  Original: start=2.03859, slope=-2.14748e+09, intercept=-2.14748e+09, x_refl=0, y_refl=0
  Quantized: start=522, slope=0, intercept=0

Delta for Group 0:
  Original: start=2.04201, slope=-2.14748e+09, intercept=-2.14748e+09, x_refl=0, y_refl=0
  Quantized: start=523, slope=0, intercept=0

Delta for Group 0:
  Original: start=2.04543, slope=-2.14748e+09, intercept=-2.14748e+09, x_refl=0, y_refl=0
  Quantized: start=524, slope=0, intercept=0

Delta for Group 0:
  Original: start=2.04885, slope=-2.14748e+09, intercept=-2.14748e+09, x_refl=0, y_refl=0
  Quantized: start=525, slope=0, intercept=0

Delta for Group 0:
  Original: start=2.05227, slope=-2.14748e+09, intercept=-2.14748e+09, x_refl=0, y_refl=0
  Quantized: start=525, slope=0, intercept=0

Delta for Group 0:
  Original: start=2.05569, slope=-2.14748e+09, intercept=-2.14748e+09, x_refl=0, y_refl=0
  Quantized: start=526, slope=0, intercept=0

Delta for Group 0:
  Original: start=2.05911, slope=-2.14748e+09, intercept=-2.14748e+09, x_refl=0, y_refl=0
  Quantized: start=527, slope=0, intercept=0

Delta for Group 0:
  Original: start=2.06253, slope=-2.14748e+09, intercept=-2.14748e+09, x_refl=0, y_refl=0
  Quantized: start=528, slope=0, intercept=0

Delta for Group 0:
  Original: start=2.06595, slope=-2.14748e+09, intercept=-2.14748e+09, x_refl=0, y_refl=0
  Quantized: start=529, slope=0, intercept=0

Delta for Group 0:
  Original: start=2.06937, slope=-2.14748e+09, intercept=-2.14748e+09, x_refl=0, y_refl=0
  Quantized: start=530, slope=0, intercept=0

Delta for Group 0:
  Original: start=2.07279, slope=-2.14748e+09, intercept=-2.14748e+09, x_refl=0, y_refl=0
  Quantized: start=531, slope=0, intercept=0

Delta for Group 0:
  Original: start=2.07621, slope=-2.14748e+09, intercept=-2.14748e+09, x_refl=0, y_refl=0
  Quantized: start=532, slope=0, intercept=0

Delta for Group 0:
  Original: start=2.07963, slope=-2.14748e+09, intercept=-2.14748e+09, x_refl=0, y_refl=0
  Quantized: start=532, slope=0, intercept=0

Delta for Group 0:
  Original: start=2.08305, slope=-2.14748e+09, intercept=-2.14748e+09, x_refl=0, y_refl=0
  Quantized: start=533, slope=0, intercept=0

Delta for Group 0:
  Original: start=2.08647, slope=-2.14748e+09, intercept=-2.14748e+09, x_refl=0, y_refl=0
  Quantized: start=534, slope=0, intercept=0

Delta for Group 0:
  Original: start=2.08989, slope=-2.14748e+09, intercept=-2.14748e+09, x_refl=0, y_refl=0
  Quantized: start=535, slope=0, intercept=0

Delta for Group 0:
  Original: start=2.09331, slope=-2.14748e+09, intercept=-2.14748e+09, x_refl=0, y_refl=0
  Quantized: start=536, slope=0, intercept=0

Delta for Group 0:
  Original: start=2.09673, slope=-2.14748e+09, intercept=-2.14748e+09, x_refl=0, y_refl=0
  Quantized: start=537, slope=0, intercept=0

Delta for Group 0:
  Original: start=2.10015, slope=-2.14748e+09, intercept=-2.14748e+09, x_refl=0, y_refl=0
  Quantized: start=538, slope=0, intercept=0

Delta for Group 0:
  Original: start=2.10357, slope=-2.14748e+09, intercept=-2.14748e+09, x_refl=0, y_refl=0
  Quantized: start=539, slope=0, intercept=0

Delta for Group 0:
  Original: start=2.10699, slope=-2.14748e+09, intercept=-2.14748e+09, x_refl=0, y_refl=0
  Quantized: start=539, slope=0, intercept=0

Delta for Group 0:
  Original: start=2.11041, slope=-2.14748e+09, intercept=-2.14748e+09, x_refl=0, y_refl=0
  Quantized: start=540, slope=0, intercept=0

Delta for Group 0:
  Original: start=2.11383, slope=-2.14748e+09, intercept=-2.14748e+09, x_refl=0, y_refl=0
  Quantized: start=541, slope=0, intercept=0

Delta for Group 0:
  Original: start=2.11724, slope=-2.14748e+09, intercept=-2.14748e+09, x_refl=0, y_refl=0
  Quantized: start=542, slope=0, intercept=0

Delta for Group 0:
  Original: start=2.12066, slope=-2.14748e+09, intercept=-2.14748e+09, x_refl=0, y_refl=0
  Quantized: start=543, slope=0, intercept=0

Delta for Group 0:
  Original: start=2.12408, slope=-2.14748e+09, intercept=-2.14748e+09, x_refl=0, y_refl=0
  Quantized: start=544, slope=0, intercept=0

Delta for Group 0:
  Original: start=2.1275, slope=-2.14748e+09, intercept=-2.14748e+09, x_refl=0, y_refl=0
  Quantized: start=545, slope=0, intercept=0

Delta for Group 0:
  Original: start=2.13092, slope=-2.14748e+09, intercept=-2.14748e+09, x_refl=0, y_refl=0
  Quantized: start=546, slope=0, intercept=0

Delta for Group 0:
  Original: start=2.13434, slope=-2.14748e+09, intercept=-2.14748e+09, x_refl=0, y_refl=0
  Quantized: start=546, slope=0, intercept=0

Delta for Group 0:
  Original: start=2.13776, slope=-2.14748e+09, intercept=-2.14748e+09, x_refl=0, y_refl=0
  Quantized: start=547, slope=0, intercept=0

Delta for Group 0:
  Original: start=2.14118, slope=-2.14748e+09, intercept=-2.14748e+09, x_refl=0, y_refl=0
  Quantized: start=548, slope=0, intercept=0

Delta for Group 0:
  Original: start=2.1446, slope=-2.14748e+09, intercept=-2.14748e+09, x_refl=0, y_refl=0
  Quantized: start=549, slope=0, intercept=0

Delta for Group 0:
  Original: start=2.14802, slope=-2.14748e+09, intercept=-2.14748e+09, x_refl=0, y_refl=0
  Quantized: start=550, slope=0, intercept=0

Delta for Group 0:
  Original: start=2.15144, slope=-2.14748e+09, intercept=-2.14748e+09, x_refl=0, y_refl=0
  Quantized: start=551, slope=0, intercept=0

Delta for Group 0:
  Original: start=2.15486, slope=-2.14748e+09, intercept=-2.14748e+09, x_refl=0, y_refl=0
  Quantized: start=552, slope=0, intercept=0

Delta for Group 0:
  Original: start=2.15828, slope=-2.14748e+09, intercept=-2.14748e+09, x_refl=0, y_refl=0
  Quantized: start=553, slope=0, intercept=0

Delta for Group 0:
  Original: start=2.1617, slope=-2.14748e+09, intercept=-2.14748e+09, x_refl=0, y_refl=0
  Quantized: start=553, slope=0, intercept=0

Delta for Group 0:
  Original: start=2.16512, slope=-2.14748e+09, intercept=-2.14748e+09, x_refl=0, y_refl=0
  Quantized: start=554, slope=0, intercept=0

Delta for Group 0:
  Original: start=2.16854, slope=-2.14748e+09, intercept=-2.14748e+09, x_refl=0, y_refl=0
  Quantized: start=555, slope=0, intercept=0

Delta for Group 0:
  Original: start=2.17196, slope=-2.14748e+09, intercept=-2.14748e+09, x_refl=0, y_refl=0
  Quantized: start=556, slope=0, intercept=0

Delta for Group 0:
  Original: start=2.17538, slope=-2.14748e+09, intercept=-2.14748e+09, x_refl=0, y_refl=0
  Quantized: start=557, slope=0, intercept=0

Delta for Group 0:
  Original: start=2.1788, slope=-2.14748e+09, intercept=-2.14748e+09, x_refl=0, y_refl=0
  Quantized: start=558, slope=0, intercept=0

Delta for Group 0:
  Original: start=2.18222, slope=-2.14748e+09, intercept=-2.14748e+09, x_refl=0, y_refl=0
  Quantized: start=559, slope=0, intercept=0

Delta for Group 0:
  Original: start=2.18564, slope=-2.14748e+09, intercept=-2.14748e+09, x_refl=0, y_refl=0
  Quantized: start=560, slope=0, intercept=0

Delta for Group 0:
  Original: start=2.18906, slope=-2.14748e+09, intercept=-2.14748e+09, x_refl=0, y_refl=0
  Quantized: start=560, slope=0, intercept=0

Delta for Group 0:
  Original: start=2.19248, slope=-2.14748e+09, intercept=-2.14748e+09, x_refl=0, y_refl=0
  Quantized: start=561, slope=0, intercept=0

Delta for Group 0:
  Original: start=2.1959, slope=-2.14748e+09, intercept=-2.14748e+09, x_refl=0, y_refl=0
  Quantized: start=562, slope=0, intercept=0

Delta for Group 0:
  Original: start=2.19932, slope=-2.14748e+09, intercept=-2.14748e+09, x_refl=0, y_refl=0
  Quantized: start=563, slope=0, intercept=0

Delta for Group 0:
  Original: start=2.20274, slope=-2.14748e+09, intercept=-2.14748e+09, x_refl=0, y_refl=0
  Quantized: start=564, slope=0, intercept=0

Delta for Group 0:
  Original: start=2.20616, slope=-2.14748e+09, intercept=-2.14748e+09, x_refl=0, y_refl=0
  Quantized: start=565, slope=0, intercept=0

Delta for Group 0:
  Original: start=2.20957, slope=-2.14748e+09, intercept=-2.14748e+09, x_refl=0, y_refl=0
  Quantized: start=566, slope=0, intercept=0

Delta for Group 0:
  Original: start=2.21299, slope=-2.14748e+09, intercept=-2.14748e+09, x_refl=0, y_refl=0
  Quantized: start=567, slope=0, intercept=0

Delta for Group 0:
  Original: start=2.21641, slope=-2.14748e+09, intercept=-2.14748e+09, x_refl=0, y_refl=0
  Quantized: start=567, slope=0, intercept=0

Delta for Group 0:
  Original: start=2.21983, slope=-2.14748e+09, intercept=-2.14748e+09, x_refl=0, y_refl=0
  Quantized: start=568, slope=0, intercept=0

Delta for Group 0:
  Original: start=2.22325, slope=-2.14748e+09, intercept=-2.14748e+09, x_refl=0, y_refl=0
  Quantized: start=569, slope=0, intercept=0

Delta for Group 0:
  Original: start=2.22667, slope=-2.14748e+09, intercept=-2.14748e+09, x_refl=0, y_refl=0
  Quantized: start=570, slope=0, intercept=0

Delta for Group 0:
  Original: start=2.23009, slope=-2.14748e+09, intercept=-2.14748e+09, x_refl=0, y_refl=0
  Quantized: start=571, slope=0, intercept=0

Delta for Group 0:
  Original: start=2.23351, slope=-2.14748e+09, intercept=-2.14748e+09, x_refl=0, y_refl=0
  Quantized: start=572, slope=0, intercept=0

Delta for Group 0:
  Original: start=2.23693, slope=-2.14748e+09, intercept=-2.14748e+09, x_refl=0, y_refl=0
  Quantized: start=573, slope=0, intercept=0

Delta for Group 0:
  Original: start=2.24035, slope=-2.14748e+09, intercept=-2.14748e+09, x_refl=0, y_refl=0
  Quantized: start=574, slope=0, intercept=0

Delta for Group 0:
  Original: start=2.24377, slope=-2.14748e+09, intercept=-2.14748e+09, x_refl=0, y_refl=0
  Quantized: start=574, slope=0, intercept=0

Delta for Group 0:
  Original: start=2.24719, slope=-2.14748e+09, intercept=-2.14748e+09, x_refl=0, y_refl=0
  Quantized: start=575, slope=0, intercept=0

Delta for Group 0:
  Original: start=2.25061, slope=-2.14748e+09, intercept=-2.14748e+09, x_refl=0, y_refl=0
  Quantized: start=576, slope=0, intercept=0

Delta for Group 0:
  Original: start=2.25403, slope=-2.14748e+09, intercept=-2.14748e+09, x_refl=0, y_refl=0
  Quantized: start=577, slope=0, intercept=0

Delta for Group 0:
  Original: start=2.25745, slope=-2.14748e+09, intercept=-2.14748e+09, x_refl=0, y_refl=0
  Quantized: start=578, slope=0, intercept=0

Delta for Group 0:
  Original: start=2.26087, slope=-2.14748e+09, intercept=-2.14748e+09, x_refl=0, y_refl=0
  Quantized: start=579, slope=0, intercept=0

Delta for Group 0:
  Original: start=2.26429, slope=-2.14748e+09, intercept=-2.14748e+09, x_refl=0, y_refl=0
  Quantized: start=580, slope=0, intercept=0

Delta for Group 0:
  Original: start=2.26771, slope=-2.14748e+09, intercept=-2.14748e+09, x_refl=0, y_refl=0
  Quantized: start=581, slope=0, intercept=0

Delta for Group 0:
  Original: start=2.27113, slope=-2.14748e+09, intercept=-2.14748e+09, x_refl=0, y_refl=0
  Quantized: start=581, slope=0, intercept=0

Delta for Group 0:
  Original: start=2.27455, slope=-2.14748e+09, intercept=-2.14748e+09, x_refl=0, y_refl=0
  Quantized: start=582, slope=0, intercept=0

Delta for Group 0:
  Original: start=2.27797, slope=-2.14748e+09, intercept=-2.14748e+09, x_refl=0, y_refl=0
  Quantized: start=583, slope=0, intercept=0

Delta for Group 0:
  Original: start=2.28139, slope=-2.14748e+09, intercept=-2.14748e+09, x_refl=0, y_refl=0
  Quantized: start=584, slope=0, intercept=0

Delta for Group 0:
  Original: start=2.28481, slope=-2.14748e+09, intercept=-2.14748e+09, x_refl=0, y_refl=0
  Quantized: start=585, slope=0, intercept=0

Delta for Group 0:
  Original: start=2.28823, slope=-2.14748e+09, intercept=-2.14748e+09, x_refl=0, y_refl=0
  Quantized: start=586, slope=0, intercept=0

Delta for Group 0:
  Original: start=2.29165, slope=-2.14748e+09, intercept=-2.14748e+09, x_refl=0, y_refl=0
  Quantized: start=587, slope=0, intercept=0

Delta for Group 0:
  Original: start=2.29507, slope=-2.14748e+09, intercept=-2.14748e+09, x_refl=0, y_refl=0
  Quantized: start=588, slope=0, intercept=0

Delta for Group 0:
  Original: start=2.29849, slope=-2.14748e+09, intercept=-2.14748e+09, x_refl=0, y_refl=0
  Quantized: start=588, slope=0, intercept=0

Delta for Group 0:
  Original: start=2.30191, slope=-2.14748e+09, intercept=-2.14748e+09, x_refl=0, y_refl=0
  Quantized: start=589, slope=0, intercept=0

Delta for Group 0:
  Original: start=2.30532, slope=-2.14748e+09, intercept=-2.14748e+09, x_refl=0, y_refl=0
  Quantized: start=590, slope=0, intercept=0

Delta for Group 0:
  Original: start=2.30874, slope=-2.14748e+09, intercept=-2.14748e+09, x_refl=0, y_refl=0
  Quantized: start=591, slope=0, intercept=0

Delta for Group 0:
  Original: start=2.31216, slope=-2.14748e+09, intercept=-2.14748e+09, x_refl=0, y_refl=0
  Quantized: start=592, slope=0, intercept=0

Delta for Group 0:
  Original: start=2.31558, slope=-2.14748e+09, intercept=-2.14748e+09, x_refl=0, y_refl=0
  Quantized: start=593, slope=0, intercept=0

Delta for Group 0:
  Original: start=2.319, slope=-2.14748e+09, intercept=-2.14748e+09, x_refl=0, y_refl=0
  Quantized: start=594, slope=0, intercept=0

Delta for Group 0:
  Original: start=2.32242, slope=-2.14748e+09, intercept=-2.14748e+09, x_refl=0, y_refl=0
  Quantized: start=595, slope=0, intercept=0

Delta for Group 0:
  Original: start=2.32584, slope=-2.14748e+09, intercept=-2.14748e+09, x_refl=0, y_refl=0
  Quantized: start=595, slope=0, intercept=0

Delta for Group 0:
  Original: start=2.32926, slope=-2.14748e+09, intercept=-2.14748e+09, x_refl=0, y_refl=0
  Quantized: start=596, slope=0, intercept=0

Delta for Group 0:
  Original: start=2.33268, slope=-2.14748e+09, intercept=-2.14748e+09, x_refl=0, y_refl=0
  Quantized: start=597, slope=0, intercept=0

Delta for Group 0:
  Original: start=2.3361, slope=-2.14748e+09, intercept=-2.14748e+09, x_refl=0, y_refl=0
  Quantized: start=598, slope=0, intercept=0

Delta for Group 0:
  Original: start=2.33952, slope=-2.14748e+09, intercept=-2.14748e+09, x_refl=0, y_refl=0
  Quantized: start=599, slope=0, intercept=0

Delta for Group 0:
  Original: start=2.34294, slope=-2.14748e+09, intercept=-2.14748e+09, x_refl=0, y_refl=0
  Quantized: start=600, slope=0, intercept=0

Delta for Group 0:
  Original: start=2.34636, slope=-2.14748e+09, intercept=-2.14748e+09, x_refl=0, y_refl=0
  Quantized: start=601, slope=0, intercept=0

Delta for Group 0:
  Original: start=2.34978, slope=-2.14748e+09, intercept=-2.14748e+09, x_refl=0, y_refl=0
  Quantized: start=602, slope=0, intercept=0

Delta for Group 0:
  Original: start=2.3532, slope=-2.14748e+09, intercept=-2.14748e+09, x_refl=0, y_refl=0
  Quantized: start=602, slope=0, intercept=0

Delta for Group 0:
  Original: start=2.35662, slope=-2.14748e+09, intercept=-2.14748e+09, x_refl=0, y_refl=0
  Quantized: start=603, slope=0, intercept=0

Delta for Group 0:
  Original: start=2.36004, slope=-2.14748e+09, intercept=-2.14748e+09, x_refl=0, y_refl=0
  Quantized: start=604, slope=0, intercept=0

Delta for Group 0:
  Original: start=2.36346, slope=-2.14748e+09, intercept=-2.14748e+09, x_refl=0, y_refl=0
  Quantized: start=605, slope=0, intercept=0

Delta for Group 0:
  Original: start=2.36688, slope=-2.14748e+09, intercept=-2.14748e+09, x_refl=0, y_refl=0
  Quantized: start=606, slope=0, intercept=0

Delta for Group 0:
  Original: start=2.3703, slope=-2.14748e+09, intercept=-2.14748e+09, x_refl=0, y_refl=0
  Quantized: start=607, slope=0, intercept=0

Delta for Group 0:
  Original: start=2.37372, slope=-2.14748e+09, intercept=-2.14748e+09, x_refl=0, y_refl=0
  Quantized: start=608, slope=0, intercept=0

Delta for Group 0:
  Original: start=2.37714, slope=-2.14748e+09, intercept=-2.14748e+09, x_refl=0, y_refl=0
  Quantized: start=609, slope=0, intercept=0

Delta for Group 0:
  Original: start=2.38056, slope=-2.14748e+09, intercept=-2.14748e+09, x_refl=0, y_refl=0
  Quantized: start=609, slope=0, intercept=0

Delta for Group 0:
  Original: start=2.38398, slope=-2.14748e+09, intercept=-2.14748e+09, x_refl=0, y_refl=0
  Quantized: start=610, slope=0, intercept=0

Delta for Group 0:
  Original: start=2.3874, slope=-2.14748e+09, intercept=-2.14748e+09, x_refl=0, y_refl=0
  Quantized: start=611, slope=0, intercept=0

Delta for Group 0:
  Original: start=2.39082, slope=-2.14748e+09, intercept=-2.14748e+09, x_refl=0, y_refl=0
  Quantized: start=612, slope=0, intercept=0

Delta for Group 0:
  Original: start=2.39424, slope=-2.14748e+09, intercept=-2.14748e+09, x_refl=0, y_refl=0
  Quantized: start=613, slope=0, intercept=0

Delta for Group 0:
  Original: start=2.39766, slope=-2.14748e+09, intercept=-2.14748e+09, x_refl=0, y_refl=0
  Quantized: start=614, slope=0, intercept=0

Delta for Group 0:
  Original: start=2.40107, slope=-2.14748e+09, intercept=-2.14748e+09, x_refl=0, y_refl=0
  Quantized: start=615, slope=0, intercept=0

Delta for Group 0:
  Original: start=2.40449, slope=-2.14748e+09, intercept=-2.14748e+09, x_refl=0, y_refl=0
  Quantized: start=616, slope=0, intercept=0

Delta for Group 0:
  Original: start=2.40791, slope=-2.14748e+09, intercept=-2.14748e+09, x_refl=0, y_refl=0
  Quantized: start=616, slope=0, intercept=0

Delta for Group 0:
  Original: start=2.41133, slope=-2.14748e+09, intercept=-2.14748e+09, x_refl=0, y_refl=0
  Quantized: start=617, slope=0, intercept=0

Delta for Group 0:
  Original: start=2.41475, slope=-2.14748e+09, intercept=-2.14748e+09, x_refl=0, y_refl=0
  Quantized: start=618, slope=0, intercept=0

Delta for Group 0:
  Original: start=2.41817, slope=-2.14748e+09, intercept=-2.14748e+09, x_refl=0, y_refl=0
  Quantized: start=619, slope=0, intercept=0

Delta for Group 0:
  Original: start=2.42159, slope=-2.14748e+09, intercept=-2.14748e+09, x_refl=0, y_refl=0
  Quantized: start=620, slope=0, intercept=0

Delta for Group 0:
  Original: start=2.42501, slope=-2.14748e+09, intercept=-2.14748e+09, x_refl=0, y_refl=0
  Quantized: start=621, slope=0, intercept=0

Delta for Group 0:
  Original: start=2.42843, slope=-2.14748e+09, intercept=-2.14748e+09, x_refl=0, y_refl=0
  Quantized: start=622, slope=0, intercept=0

Delta for Group 0:
  Original: start=2.43185, slope=-2.14748e+09, intercept=-2.14748e+09, x_refl=0, y_refl=0
  Quantized: start=623, slope=0, intercept=0

Delta for Group 0:
  Original: start=2.43527, slope=-2.14748e+09, intercept=-2.14748e+09, x_refl=0, y_refl=0
  Quantized: start=623, slope=0, intercept=0

Delta for Group 0:
  Original: start=2.43869, slope=-2.14748e+09, intercept=-2.14748e+09, x_refl=0, y_refl=0
  Quantized: start=624, slope=0, intercept=0

Delta for Group 0:
  Original: start=2.44211, slope=-2.14748e+09, intercept=-2.14748e+09, x_refl=0, y_refl=0
  Quantized: start=625, slope=0, intercept=0

Delta for Group 0:
  Original: start=2.44553, slope=-2.14748e+09, intercept=-2.14748e+09, x_refl=0, y_refl=0
  Quantized: start=626, slope=0, intercept=0

Delta for Group 0:
  Original: start=2.44895, slope=-2.14748e+09, intercept=-2.14748e+09, x_refl=0, y_refl=0
  Quantized: start=627, slope=0, intercept=0

Delta for Group 0:
  Original: start=2.45237, slope=-2.14748e+09, intercept=-2.14748e+09, x_refl=0, y_refl=0
  Quantized: start=628, slope=0, intercept=0

Delta for Group 0:
  Original: start=2.45579, slope=-2.14748e+09, intercept=-2.14748e+09, x_refl=0, y_refl=0
  Quantized: start=629, slope=0, intercept=0

Delta for Group 0:
  Original: start=2.45921, slope=-2.14748e+09, intercept=-2.14748e+09, x_refl=0, y_refl=0
  Quantized: start=630, slope=0, intercept=0

Delta for Group 0:
  Original: start=2.46263, slope=-2.14748e+09, intercept=-2.14748e+09, x_refl=0, y_refl=0
  Quantized: start=630, slope=0, intercept=0

Delta for Group 0:
  Original: start=2.46605, slope=-2.14748e+09, intercept=-2.14748e+09, x_refl=0, y_refl=0
  Quantized: start=631, slope=0, intercept=0

Delta for Group 0:
  Original: start=2.46947, slope=-2.14748e+09, intercept=-2.14748e+09, x_refl=0, y_refl=0
  Quantized: start=632, slope=0, intercept=0

Delta for Group 0:
  Original: start=2.47289, slope=-2.14748e+09, intercept=-2.14748e+09, x_refl=0, y_refl=0
  Quantized: start=633, slope=0, intercept=0

Delta for Group 0:
  Original: start=2.47631, slope=-2.14748e+09, intercept=-2.14748e+09, x_refl=0, y_refl=0
  Quantized: start=634, slope=0, intercept=0

Delta for Group 0:
  Original: start=2.47973, slope=-2.14748e+09, intercept=-2.14748e+09, x_refl=0, y_refl=0
  Quantized: start=635, slope=0, intercept=0

Delta for Group 0:
  Original: start=2.48315, slope=-2.14748e+09, intercept=-2.14748e+09, x_refl=0, y_refl=0
  Quantized: start=636, slope=0, intercept=0

Delta for Group 0:
  Original: start=2.48657, slope=-2.14748e+09, intercept=-2.14748e+09, x_refl=0, y_refl=0
  Quantized: start=637, slope=0, intercept=0

Delta for Group 0:
  Original: start=2.48999, slope=-2.14748e+09, intercept=-2.14748e+09, x_refl=0, y_refl=0
  Quantized: start=637, slope=0, intercept=0

Delta for Group 0:
  Original: start=2.4934, slope=-2.14748e+09, intercept=-2.14748e+09, x_refl=0, y_refl=0
  Quantized: start=638, slope=0, intercept=0

Delta for Group 0:
  Original: start=2.49682, slope=-2.14748e+09, intercept=-2.14748e+09, x_refl=0, y_refl=0
  Quantized: start=639, slope=0, intercept=0

Delta for Group 0:
  Original: start=2.50024, slope=-2.14748e+09, intercept=-2.14748e+09, x_refl=0, y_refl=0
  Quantized: start=640, slope=0, intercept=0

Delta for Group 0:
  Original: start=2.50366, slope=-2.14748e+09, intercept=-2.14748e+09, x_refl=0, y_refl=0
  Quantized: start=641, slope=0, intercept=0

Delta for Group 0:
  Original: start=2.50708, slope=-2.14748e+09, intercept=-2.14748e+09, x_refl=0, y_refl=0
  Quantized: start=642, slope=0, intercept=0

Delta for Group 0:
  Original: start=2.5105, slope=-2.14748e+09, intercept=-2.14748e+09, x_refl=0, y_refl=0
  Quantized: start=643, slope=0, intercept=0

Delta for Group 0:
  Original: start=2.51392, slope=-2.14748e+09, intercept=-2.14748e+09, x_refl=0, y_refl=0
  Quantized: start=644, slope=0, intercept=0

Delta for Group 0:
  Original: start=2.51734, slope=-2.14748e+09, intercept=-2.14748e+09, x_refl=0, y_refl=0
  Quantized: start=644, slope=0, intercept=0

Delta for Group 0:
  Original: start=2.52076, slope=-2.14748e+09, intercept=-2.14748e+09, x_refl=0, y_refl=0
  Quantized: start=645, slope=0, intercept=0

Delta for Group 0:
  Original: start=2.52418, slope=-2.14748e+09, intercept=-2.14748e+09, x_refl=0, y_refl=0
  Quantized: start=646, slope=0, intercept=0

Delta for Group 0:
  Original: start=2.5276, slope=-2.14748e+09, intercept=-2.14748e+09, x_refl=0, y_refl=0
  Quantized: start=647, slope=0, intercept=0

Delta for Group 0:
  Original: start=2.53102, slope=-2.14748e+09, intercept=-2.14748e+09, x_refl=0, y_refl=0
  Quantized: start=648, slope=0, intercept=0

Delta for Group 0:
  Original: start=2.53444, slope=-2.14748e+09, intercept=-2.14748e+09, x_refl=0, y_refl=0
  Quantized: start=649, slope=0, intercept=0

Delta for Group 0:
  Original: start=2.53786, slope=-2.14748e+09, intercept=-2.14748e+09, x_refl=0, y_refl=0
  Quantized: start=650, slope=0, intercept=0

Delta for Group 0:
  Original: start=2.54128, slope=-2.14748e+09, intercept=-2.14748e+09, x_refl=0, y_refl=0
  Quantized: start=651, slope=0, intercept=0

Delta for Group 0:
  Original: start=2.5447, slope=-2.14748e+09, intercept=-2.14748e+09, x_refl=0, y_refl=0
  Quantized: start=651, slope=0, intercept=0

Delta for Group 0:
  Original: start=2.54812, slope=-2.14748e+09, intercept=-2.14748e+09, x_refl=0, y_refl=0
  Quantized: start=652, slope=0, intercept=0

Delta for Group 0:
  Original: start=2.55154, slope=-2.14748e+09, intercept=-2.14748e+09, x_refl=0, y_refl=0
  Quantized: start=653, slope=0, intercept=0

Delta for Group 0:
  Original: start=2.55496, slope=-2.14748e+09, intercept=-2.14748e+09, x_refl=0, y_refl=0
  Quantized: start=654, slope=0, intercept=0

Delta for Group 0:
  Original: start=2.55838, slope=-2.14748e+09, intercept=-2.14748e+09, x_refl=0, y_refl=0
  Quantized: start=655, slope=0, intercept=0

Delta for Group 0:
  Original: start=2.5618, slope=-2.14748e+09, intercept=-2.14748e+09, x_refl=0, y_refl=0
  Quantized: start=656, slope=0, intercept=0

Delta for Group 0:
  Original: start=2.56522, slope=-2.14748e+09, intercept=-2.14748e+09, x_refl=0, y_refl=0
  Quantized: start=657, slope=0, intercept=0

Delta for Group 0:
  Original: start=2.56864, slope=-2.14748e+09, intercept=-2.14748e+09, x_refl=0, y_refl=0
  Quantized: start=658, slope=0, intercept=0

Delta for Group 0:
  Original: start=2.57206, slope=-2.14748e+09, intercept=-2.14748e+09, x_refl=0, y_refl=0
  Quantized: start=658, slope=0, intercept=0

Delta for Group 0:
  Original: start=2.57548, slope=-2.14748e+09, intercept=-2.14748e+09, x_refl=0, y_refl=0
  Quantized: start=659, slope=0, intercept=0

Delta for Group 0:
  Original: start=2.5789, slope=-2.14748e+09, intercept=-2.14748e+09, x_refl=0, y_refl=0
  Quantized: start=660, slope=0, intercept=0

Delta for Group 0:
  Original: start=2.58232, slope=-2.14748e+09, intercept=-2.14748e+09, x_refl=0, y_refl=0
  Quantized: start=661, slope=0, intercept=0

Delta for Group 0:
  Original: start=2.58574, slope=-2.14748e+09, intercept=-2.14748e+09, x_refl=0, y_refl=0
  Quantized: start=662, slope=0, intercept=0

Delta for Group 0:
  Original: start=2.58915, slope=-2.14748e+09, intercept=-2.14748e+09, x_refl=0, y_refl=0
  Quantized: start=663, slope=0, intercept=0

Delta for Group 0:
  Original: start=2.59257, slope=-2.14748e+09, intercept=-2.14748e+09, x_refl=0, y_refl=0
  Quantized: start=664, slope=0, intercept=0

Delta for Group 0:
  Original: start=2.59599, slope=-2.14748e+09, intercept=-2.14748e+09, x_refl=0, y_refl=0
  Quantized: start=665, slope=0, intercept=0

Delta for Group 0:
  Original: start=2.59941, slope=-2.14748e+09, intercept=-2.14748e+09, x_refl=0, y_refl=0
  Quantized: start=665, slope=0, intercept=0

Delta for Group 0:
  Original: start=2.60283, slope=-2.14748e+09, intercept=-2.14748e+09, x_refl=0, y_refl=0
  Quantized: start=666, slope=0, intercept=0

Delta for Group 0:
  Original: start=2.60625, slope=-2.14748e+09, intercept=-2.14748e+09, x_refl=0, y_refl=0
  Quantized: start=667, slope=0, intercept=0

Delta for Group 0:
  Original: start=2.60967, slope=-2.14748e+09, intercept=-2.14748e+09, x_refl=0, y_refl=0
  Quantized: start=668, slope=0, intercept=0

Delta for Group 0:
  Original: start=2.61309, slope=-2.14748e+09, intercept=-2.14748e+09, x_refl=0, y_refl=0
  Quantized: start=669, slope=0, intercept=0

Delta for Group 0:
  Original: start=2.61651, slope=-2.14748e+09, intercept=-2.14748e+09, x_refl=0, y_refl=0
  Quantized: start=670, slope=0, intercept=0

Delta for Group 0:
  Original: start=2.61993, slope=-2.14748e+09, intercept=-2.14748e+09, x_refl=0, y_refl=0
  Quantized: start=671, slope=0, intercept=0

Delta for Group 0:
  Original: start=2.62335, slope=-2.14748e+09, intercept=-2.14748e+09, x_refl=0, y_refl=0
  Quantized: start=672, slope=0, intercept=0

Delta for Group 0:
  Original: start=2.62677, slope=-2.14748e+09, intercept=-2.14748e+09, x_refl=0, y_refl=0
  Quantized: start=672, slope=0, intercept=0

Delta for Group 0:
  Original: start=2.63019, slope=-2.14748e+09, intercept=-2.14748e+09, x_refl=0, y_refl=0
  Quantized: start=673, slope=0, intercept=0

Delta for Group 0:
  Original: start=2.63361, slope=-2.14748e+09, intercept=-2.14748e+09, x_refl=0, y_refl=0
  Quantized: start=674, slope=0, intercept=0

Delta for Group 0:
  Original: start=2.63703, slope=-2.14748e+09, intercept=-2.14748e+09, x_refl=0, y_refl=0
  Quantized: start=675, slope=0, intercept=0

Delta for Group 0:
  Original: start=2.64045, slope=-2.14748e+09, intercept=-2.14748e+09, x_refl=0, y_refl=0
  Quantized: start=676, slope=0, intercept=0

Delta for Group 0:
  Original: start=2.64387, slope=-2.14748e+09, intercept=-2.14748e+09, x_refl=0, y_refl=0
  Quantized: start=677, slope=0, intercept=0

Delta for Group 0:
  Original: start=2.64729, slope=-2.14748e+09, intercept=-2.14748e+09, x_refl=0, y_refl=0
  Quantized: start=678, slope=0, intercept=0

Delta for Group 0:
  Original: start=2.65071, slope=-2.14748e+09, intercept=-2.14748e+09, x_refl=0, y_refl=0
  Quantized: start=679, slope=0, intercept=0

Delta for Group 0:
  Original: start=2.65413, slope=-2.14748e+09, intercept=-2.14748e+09, x_refl=0, y_refl=0
  Quantized: start=679, slope=0, intercept=0

Delta for Group 0:
  Original: start=2.65755, slope=-2.14748e+09, intercept=-2.14748e+09, x_refl=0, y_refl=0
  Quantized: start=680, slope=0, intercept=0

Delta for Group 0:
  Original: start=2.66097, slope=-2.14748e+09, intercept=-2.14748e+09, x_refl=0, y_refl=0
  Quantized: start=681, slope=0, intercept=0

Delta for Group 0:
  Original: start=2.66439, slope=-2.14748e+09, intercept=-2.14748e+09, x_refl=0, y_refl=0
  Quantized: start=682, slope=0, intercept=0

Delta for Group 0:
  Original: start=2.66781, slope=-2.14748e+09, intercept=-2.14748e+09, x_refl=0, y_refl=0
  Quantized: start=683, slope=0, intercept=0

Delta for Group 0:
  Original: start=2.67123, slope=-2.14748e+09, intercept=-2.14748e+09, x_refl=0, y_refl=0
  Quantized: start=684, slope=0, intercept=0

Delta for Group 0:
  Original: start=2.67465, slope=-2.14748e+09, intercept=-2.14748e+09, x_refl=0, y_refl=0
  Quantized: start=685, slope=0, intercept=0

Delta for Group 0:
  Original: start=2.67807, slope=-2.14748e+09, intercept=-2.14748e+09, x_refl=0, y_refl=0
  Quantized: start=686, slope=0, intercept=0

Delta for Group 0:
  Original: start=2.68149, slope=-2.14748e+09, intercept=-2.14748e+09, x_refl=0, y_refl=0
  Quantized: start=686, slope=0, intercept=0

Delta for Group 0:
  Original: start=2.6849, slope=-2.14748e+09, intercept=-2.14748e+09, x_refl=0, y_refl=0
  Quantized: start=687, slope=0, intercept=0

Delta for Group 0:
  Original: start=2.68832, slope=-2.14748e+09, intercept=-2.14748e+09, x_refl=0, y_refl=0
  Quantized: start=688, slope=0, intercept=0

Delta for Group 0:
  Original: start=2.69174, slope=-2.14748e+09, intercept=-2.14748e+09, x_refl=0, y_refl=0
  Quantized: start=689, slope=0, intercept=0

Delta for Group 0:
  Original: start=2.69516, slope=-2.14748e+09, intercept=-2.14748e+09, x_refl=0, y_refl=0
  Quantized: start=690, slope=0, intercept=0

Delta for Group 0:
  Original: start=2.69858, slope=-2.14748e+09, intercept=-2.14748e+09, x_refl=0, y_refl=0
  Quantized: start=691, slope=0, intercept=0

Delta for Group 0:
  Original: start=2.702, slope=-2.14748e+09, intercept=-2.14748e+09, x_refl=0, y_refl=0
  Quantized: start=692, slope=0, intercept=0

Delta for Group 0:
  Original: start=2.70542, slope=-2.14748e+09, intercept=-2.14748e+09, x_refl=0, y_refl=0
  Quantized: start=693, slope=0, intercept=0

Delta for Group 0:
  Original: start=2.70884, slope=-2.14748e+09, intercept=-2.14748e+09, x_refl=0, y_refl=0
  Quantized: start=693, slope=0, intercept=0

Delta for Group 0:
  Original: start=2.71226, slope=-2.14748e+09, intercept=-2.14748e+09, x_refl=0, y_refl=0
  Quantized: start=694, slope=0, intercept=0

Delta for Group 0:
  Original: start=2.71568, slope=-2.14748e+09, intercept=-2.14748e+09, x_refl=0, y_refl=0
  Quantized: start=695, slope=0, intercept=0

Delta for Group 0:
  Original: start=2.7191, slope=-2.14748e+09, intercept=-2.14748e+09, x_refl=0, y_refl=0
  Quantized: start=696, slope=0, intercept=0

Delta for Group 0:
  Original: start=2.72252, slope=-2.14748e+09, intercept=-2.14748e+09, x_refl=0, y_refl=0
  Quantized: start=697, slope=0, intercept=0

Delta for Group 0:
  Original: start=2.72594, slope=-2.14748e+09, intercept=-2.14748e+09, x_refl=0, y_refl=0
  Quantized: start=698, slope=0, intercept=0

Delta for Group 0:
  Original: start=2.72936, slope=-2.14748e+09, intercept=-2.14748e+09, x_refl=0, y_refl=0
  Quantized: start=699, slope=0, intercept=0

Delta for Group 0:
  Original: start=2.73278, slope=-2.14748e+09, intercept=-2.14748e+09, x_refl=0, y_refl=0
  Quantized: start=700, slope=0, intercept=0

Delta for Group 0:
  Original: start=2.7362, slope=-2.14748e+09, intercept=-2.14748e+09, x_refl=0, y_refl=0
  Quantized: start=700, slope=0, intercept=0

Delta for Group 0:
  Original: start=2.73962, slope=-2.14748e+09, intercept=-2.14748e+09, x_refl=0, y_refl=0
  Quantized: start=701, slope=0, intercept=0

Delta for Group 0:
  Original: start=2.74304, slope=-2.14748e+09, intercept=-2.14748e+09, x_refl=0, y_refl=0
  Quantized: start=702, slope=0, intercept=0

Delta for Group 0:
  Original: start=2.74646, slope=-2.14748e+09, intercept=-2.14748e+09, x_refl=0, y_refl=0
  Quantized: start=703, slope=0, intercept=0

Delta for Group 0:
  Original: start=2.74988, slope=-2.14748e+09, intercept=-2.14748e+09, x_refl=0, y_refl=0
  Quantized: start=704, slope=0, intercept=0

Delta for Group 0:
  Original: start=2.7533, slope=-2.14748e+09, intercept=-2.14748e+09, x_refl=0, y_refl=0
  Quantized: start=705, slope=0, intercept=0

Delta for Group 0:
  Original: start=2.75672, slope=-2.14748e+09, intercept=-2.14748e+09, x_refl=0, y_refl=0
  Quantized: start=706, slope=0, intercept=0

Delta for Group 0:
  Original: start=2.76014, slope=-2.14748e+09, intercept=-2.14748e+09, x_refl=0, y_refl=0
  Quantized: start=707, slope=0, intercept=0

Delta for Group 0:
  Original: start=2.76356, slope=-2.14748e+09, intercept=-2.14748e+09, x_refl=0, y_refl=0
  Quantized: start=707, slope=0, intercept=0

Delta for Group 0:
  Original: start=2.76698, slope=-2.14748e+09, intercept=-2.14748e+09, x_refl=0, y_refl=0
  Quantized: start=708, slope=0, intercept=0

Delta for Group 0:
  Original: start=2.7704, slope=-2.14748e+09, intercept=-2.14748e+09, x_refl=0, y_refl=0
  Quantized: start=709, slope=0, intercept=0

Delta for Group 0:
  Original: start=2.77382, slope=-2.14748e+09, intercept=-2.14748e+09, x_refl=0, y_refl=0
  Quantized: start=710, slope=0, intercept=0

Delta for Group 0:
  Original: start=2.77723, slope=-2.14748e+09, intercept=-2.14748e+09, x_refl=0, y_refl=0
  Quantized: start=711, slope=0, intercept=0

Delta for Group 0:
  Original: start=2.78065, slope=-2.14748e+09, intercept=-2.14748e+09, x_refl=0, y_refl=0
  Quantized: start=712, slope=0, intercept=0

Delta for Group 0:
  Original: start=2.78407, slope=-2.14748e+09, intercept=-2.14748e+09, x_refl=0, y_refl=0
  Quantized: start=713, slope=0, intercept=0

Delta for Group 0:
  Original: start=2.78749, slope=-2.14748e+09, intercept=-2.14748e+09, x_refl=0, y_refl=0
  Quantized: start=714, slope=0, intercept=0

Delta for Group 0:
  Original: start=2.79091, slope=-2.14748e+09, intercept=-2.14748e+09, x_refl=0, y_refl=0
  Quantized: start=714, slope=0, intercept=0

Delta for Group 0:
  Original: start=2.79433, slope=-2.14748e+09, intercept=-2.14748e+09, x_refl=0, y_refl=0
  Quantized: start=715, slope=0, intercept=0

Delta for Group 0:
  Original: start=2.79775, slope=-2.14748e+09, intercept=-2.14748e+09, x_refl=0, y_refl=0
  Quantized: start=716, slope=0, intercept=0

Delta for Group 0:
  Original: start=2.80117, slope=-2.14748e+09, intercept=-2.14748e+09, x_refl=0, y_refl=0
  Quantized: start=717, slope=0, intercept=0

Delta for Group 0:
  Original: start=2.80459, slope=-2.14748e+09, intercept=-2.14748e+09, x_refl=0, y_refl=0
  Quantized: start=718, slope=0, intercept=0

Delta for Group 0:
  Original: start=2.80801, slope=-2.14748e+09, intercept=-2.14748e+09, x_refl=0, y_refl=0
  Quantized: start=719, slope=0, intercept=0

Delta for Group 0:
  Original: start=2.81143, slope=-2.14748e+09, intercept=-2.14748e+09, x_refl=0, y_refl=0
  Quantized: start=720, slope=0, intercept=0

Delta for Group 0:
  Original: start=2.81485, slope=-2.14748e+09, intercept=-2.14748e+09, x_refl=0, y_refl=0
  Quantized: start=721, slope=0, intercept=0

Delta for Group 0:
  Original: start=2.81827, slope=-2.14748e+09, intercept=-2.14748e+09, x_refl=0, y_refl=0
  Quantized: start=721, slope=0, intercept=0

Delta for Group 0:
  Original: start=2.82169, slope=-2.14748e+09, intercept=-2.14748e+09, x_refl=0, y_refl=0
  Quantized: start=722, slope=0, intercept=0

Delta for Group 0:
  Original: start=2.82511, slope=-2.14748e+09, intercept=-2.14748e+09, x_refl=0, y_refl=0
  Quantized: start=723, slope=0, intercept=0

Delta for Group 0:
  Original: start=2.82853, slope=-2.14748e+09, intercept=-2.14748e+09, x_refl=0, y_refl=0
  Quantized: start=724, slope=0, intercept=0

Delta for Group 0:
  Original: start=2.83195, slope=-2.14748e+09, intercept=-2.14748e+09, x_refl=0, y_refl=0
  Quantized: start=725, slope=0, intercept=0

Delta for Group 0:
  Original: start=2.83537, slope=-2.14748e+09, intercept=-2.14748e+09, x_refl=0, y_refl=0
  Quantized: start=726, slope=0, intercept=0

Delta for Group 0:
  Original: start=2.83879, slope=-2.14748e+09, intercept=-2.14748e+09, x_refl=0, y_refl=0
  Quantized: start=727, slope=0, intercept=0

Delta for Group 0:
  Original: start=2.84221, slope=-2.14748e+09, intercept=-2.14748e+09, x_refl=0, y_refl=0
  Quantized: start=728, slope=0, intercept=0

Delta for Group 0:
  Original: start=2.84563, slope=-2.14748e+09, intercept=-2.14748e+09, x_refl=0, y_refl=0
  Quantized: start=728, slope=0, intercept=0

Delta for Group 0:
  Original: start=2.84905, slope=-2.14748e+09, intercept=-2.14748e+09, x_refl=0, y_refl=0
  Quantized: start=729, slope=0, intercept=0

Delta for Group 0:
  Original: start=2.85247, slope=-2.14748e+09, intercept=-2.14748e+09, x_refl=0, y_refl=0
  Quantized: start=730, slope=0, intercept=0

Delta for Group 0:
  Original: start=2.85589, slope=-2.14748e+09, intercept=-2.14748e+09, x_refl=0, y_refl=0
  Quantized: start=731, slope=0, intercept=0

Delta for Group 0:
  Original: start=2.85931, slope=-2.14748e+09, intercept=-2.14748e+09, x_refl=0, y_refl=0
  Quantized: start=732, slope=0, intercept=0

Delta for Group 0:
  Original: start=2.86273, slope=-2.14748e+09, intercept=-2.14748e+09, x_refl=0, y_refl=0
  Quantized: start=733, slope=0, intercept=0

Delta for Group 0:
  Original: start=2.86615, slope=-2.14748e+09, intercept=-2.14748e+09, x_refl=0, y_refl=0
  Quantized: start=734, slope=0, intercept=0

Delta for Group 0:
  Original: start=2.86957, slope=-2.14748e+09, intercept=-2.14748e+09, x_refl=0, y_refl=0
  Quantized: start=735, slope=0, intercept=0

Delta for Group 0:
  Original: start=2.87298, slope=-2.14748e+09, intercept=-2.14748e+09, x_refl=0, y_refl=0
  Quantized: start=735, slope=0, intercept=0

Delta for Group 0:
  Original: start=2.8764, slope=-2.14748e+09, intercept=-2.14748e+09, x_refl=0, y_refl=0
  Quantized: start=736, slope=0, intercept=0

Delta for Group 0:
  Original: start=2.87982, slope=-2.14748e+09, intercept=-2.14748e+09, x_refl=0, y_refl=0
  Quantized: start=737, slope=0, intercept=0

Delta for Group 0:
  Original: start=2.88324, slope=-2.14748e+09, intercept=-2.14748e+09, x_refl=0, y_refl=0
  Quantized: start=738, slope=0, intercept=0

Delta for Group 0:
  Original: start=2.88666, slope=-2.14748e+09, intercept=-2.14748e+09, x_refl=0, y_refl=0
  Quantized: start=739, slope=0, intercept=0

Delta for Group 0:
  Original: start=2.89008, slope=-2.14748e+09, intercept=-2.14748e+09, x_refl=0, y_refl=0
  Quantized: start=740, slope=0, intercept=0

Delta for Group 0:
  Original: start=2.8935, slope=-2.14748e+09, intercept=-2.14748e+09, x_refl=0, y_refl=0
  Quantized: start=741, slope=0, intercept=0

Delta for Group 0:
  Original: start=2.89692, slope=-2.14748e+09, intercept=-2.14748e+09, x_refl=0, y_refl=0
  Quantized: start=742, slope=0, intercept=0

Delta for Group 0:
  Original: start=2.90034, slope=-2.14748e+09, intercept=-2.14748e+09, x_refl=0, y_refl=0
  Quantized: start=742, slope=0, intercept=0

Delta for Group 0:
  Original: start=2.90376, slope=-2.14748e+09, intercept=-2.14748e+09, x_refl=0, y_refl=0
  Quantized: start=743, slope=0, intercept=0

Delta for Group 0:
  Original: start=2.90718, slope=-2.14748e+09, intercept=-2.14748e+09, x_refl=0, y_refl=0
  Quantized: start=744, slope=0, intercept=0

Delta for Group 0:
  Original: start=2.9106, slope=-2.14748e+09, intercept=-2.14748e+09, x_refl=0, y_refl=0
  Quantized: start=745, slope=0, intercept=0

Delta for Group 0:
  Original: start=2.91402, slope=-2.14748e+09, intercept=-2.14748e+09, x_refl=0, y_refl=0
  Quantized: start=746, slope=0, intercept=0

Delta for Group 0:
  Original: start=2.91744, slope=-2.14748e+09, intercept=-2.14748e+09, x_refl=0, y_refl=0
  Quantized: start=747, slope=0, intercept=0

Delta for Group 0:
  Original: start=2.92086, slope=-2.14748e+09, intercept=-2.14748e+09, x_refl=0, y_refl=0
  Quantized: start=748, slope=0, intercept=0

Delta for Group 0:
  Original: start=2.92428, slope=-2.14748e+09, intercept=-2.14748e+09, x_refl=0, y_refl=0
  Quantized: start=749, slope=0, intercept=0

Delta for Group 0:
  Original: start=2.9277, slope=-2.14748e+09, intercept=-2.14748e+09, x_refl=0, y_refl=0
  Quantized: start=749, slope=0, intercept=0

Delta for Group 0:
  Original: start=2.93112, slope=-2.14748e+09, intercept=-2.14748e+09, x_refl=0, y_refl=0
  Quantized: start=750, slope=0, intercept=0

Delta for Group 0:
  Original: start=2.93454, slope=-2.14748e+09, intercept=-2.14748e+09, x_refl=0, y_refl=0
  Quantized: start=751, slope=0, intercept=0

Delta for Group 0:
  Original: start=2.93796, slope=-2.14748e+09, intercept=-2.14748e+09, x_refl=0, y_refl=0
  Quantized: start=752, slope=0, intercept=0

Delta for Group 0:
  Original: start=2.94138, slope=-2.14748e+09, intercept=-2.14748e+09, x_refl=0, y_refl=0
  Quantized: start=753, slope=0, intercept=0

Delta for Group 0:
  Original: start=2.9448, slope=-2.14748e+09, intercept=-2.14748e+09, x_refl=0, y_refl=0
  Quantized: start=754, slope=0, intercept=0

Delta for Group 0:
  Original: start=2.94822, slope=-2.14748e+09, intercept=-2.14748e+09, x_refl=0, y_refl=0
  Quantized: start=755, slope=0, intercept=0

Delta for Group 0:
  Original: start=2.95164, slope=-2.14748e+09, intercept=-2.14748e+09, x_refl=0, y_refl=0
  Quantized: start=756, slope=0, intercept=0

Delta for Group 0:
  Original: start=2.95506, slope=-2.14748e+09, intercept=-2.14748e+09, x_refl=0, y_refl=0
  Quantized: start=756, slope=0, intercept=0

Delta for Group 0:
  Original: start=2.95848, slope=-2.14748e+09, intercept=-2.14748e+09, x_refl=0, y_refl=0
  Quantized: start=757, slope=0, intercept=0

Delta for Group 0:
  Original: start=2.9619, slope=-2.14748e+09, intercept=-2.14748e+09, x_refl=0, y_refl=0
  Quantized: start=758, slope=0, intercept=0

Delta for Group 0:
  Original: start=2.96532, slope=-2.14748e+09, intercept=-2.14748e+09, x_refl=0, y_refl=0
  Quantized: start=759, slope=0, intercept=0

Delta for Group 0:
  Original: start=2.96873, slope=-2.14748e+09, intercept=-2.14748e+09, x_refl=0, y_refl=0
  Quantized: start=760, slope=0, intercept=0

Delta for Group 0:
  Original: start=2.97215, slope=-2.14748e+09, intercept=-2.14748e+09, x_refl=0, y_refl=0
  Quantized: start=761, slope=0, intercept=0

Delta for Group 0:
  Original: start=2.97557, slope=-2.14748e+09, intercept=-2.14748e+09, x_refl=0, y_refl=0
  Quantized: start=762, slope=0, intercept=0

Delta for Group 0:
  Original: start=2.97899, slope=-2.14748e+09, intercept=-2.14748e+09, x_refl=0, y_refl=0
  Quantized: start=763, slope=0, intercept=0

Delta for Group 0:
  Original: start=2.98241, slope=-2.14748e+09, intercept=-2.14748e+09, x_refl=0, y_refl=0
  Quantized: start=763, slope=0, intercept=0

Delta for Group 0:
  Original: start=2.98583, slope=-2.14748e+09, intercept=-2.14748e+09, x_refl=0, y_refl=0
  Quantized: start=764, slope=0, intercept=0

Delta for Group 0:
  Original: start=2.98925, slope=-2.14748e+09, intercept=-2.14748e+09, x_refl=0, y_refl=0
  Quantized: start=765, slope=0, intercept=0

Delta for Group 0:
  Original: start=2.99267, slope=-2.14748e+09, intercept=-2.14748e+09, x_refl=0, y_refl=0
  Quantized: start=766, slope=0, intercept=0

Delta for Group 0:
  Original: start=2.99609, slope=-2.14748e+09, intercept=-2.14748e+09, x_refl=0, y_refl=0
  Quantized: start=767, slope=0, intercept=0

Delta for Group 0:
  Original: start=2.99951, slope=-2.14748e+09, intercept=-2.14748e+09, x_refl=0, y_refl=0
  Quantized: start=768, slope=0, intercept=0

Delta for Group 0:
  Original: start=3.00293, slope=-2.14748e+09, intercept=-2.14748e+09, x_refl=0, y_refl=0
  Quantized: start=769, slope=0, intercept=0

Delta for Group 0:
  Original: start=3.00635, slope=-2.14748e+09, intercept=-2.14748e+09, x_refl=0, y_refl=0
  Quantized: start=770, slope=0, intercept=0

Delta for Group 0:
  Original: start=3.00977, slope=-2.14748e+09, intercept=-2.14748e+09, x_refl=0, y_refl=0
  Quantized: start=771, slope=0, intercept=0

Delta for Group 0:
  Original: start=3.01319, slope=-2.14748e+09, intercept=-2.14748e+09, x_refl=0, y_refl=0
  Quantized: start=771, slope=0, intercept=0

Delta for Group 0:
  Original: start=3.01661, slope=-2.14748e+09, intercept=-2.14748e+09, x_refl=0, y_refl=0
  Quantized: start=772, slope=0, intercept=0

Delta for Group 0:
  Original: start=3.02003, slope=-2.14748e+09, intercept=-2.14748e+09, x_refl=0, y_refl=0
  Quantized: start=773, slope=0, intercept=0

Delta for Group 0:
  Original: start=3.02345, slope=-2.14748e+09, intercept=-2.14748e+09, x_refl=0, y_refl=0
  Quantized: start=774, slope=0, intercept=0

Delta for Group 0:
  Original: start=3.02687, slope=-2.14748e+09, intercept=-2.14748e+09, x_refl=0, y_refl=0
  Quantized: start=775, slope=0, intercept=0

Delta for Group 0:
  Original: start=3.03029, slope=-2.14748e+09, intercept=-2.14748e+09, x_refl=0, y_refl=0
  Quantized: start=776, slope=0, intercept=0

Delta for Group 0:
  Original: start=3.03371, slope=-2.14748e+09, intercept=-2.14748e+09, x_refl=0, y_refl=0
  Quantized: start=777, slope=0, intercept=0

Delta for Group 0:
  Original: start=3.03713, slope=-2.14748e+09, intercept=-2.14748e+09, x_refl=0, y_refl=0
  Quantized: start=778, slope=0, intercept=0

Delta for Group 0:
  Original: start=3.04055, slope=-2.14748e+09, intercept=-2.14748e+09, x_refl=0, y_refl=0
  Quantized: start=778, slope=0, intercept=0

Delta for Group 0:
  Original: start=3.04397, slope=-2.14748e+09, intercept=-2.14748e+09, x_refl=0, y_refl=0
  Quantized: start=779, slope=0, intercept=0

Delta for Group 0:
  Original: start=3.04739, slope=-2.14748e+09, intercept=-2.14748e+09, x_refl=0, y_refl=0
  Quantized: start=780, slope=0, intercept=0

Delta for Group 0:
  Original: start=3.05081, slope=-2.14748e+09, intercept=-2.14748e+09, x_refl=0, y_refl=0
  Quantized: start=781, slope=0, intercept=0

Delta for Group 0:
  Original: start=3.05423, slope=-2.14748e+09, intercept=-2.14748e+09, x_refl=0, y_refl=0
  Quantized: start=782, slope=0, intercept=0

Delta for Group 0:
  Original: start=3.05765, slope=-2.14748e+09, intercept=-2.14748e+09, x_refl=0, y_refl=0
  Quantized: start=783, slope=0, intercept=0

Delta for Group 0:
  Original: start=3.06106, slope=-2.14748e+09, intercept=-2.14748e+09, x_refl=0, y_refl=0
  Quantized: start=784, slope=0, intercept=0

Delta for Group 0:
  Original: start=3.06448, slope=-2.14748e+09, intercept=-2.14748e+09, x_refl=0, y_refl=0
  Quantized: start=785, slope=0, intercept=0

Delta for Group 0:
  Original: start=3.0679, slope=-2.14748e+09, intercept=-2.14748e+09, x_refl=0, y_refl=0
  Quantized: start=785, slope=0, intercept=0

Delta for Group 0:
  Original: start=3.07132, slope=-2.14748e+09, intercept=-2.14748e+09, x_refl=0, y_refl=0
  Quantized: start=786, slope=0, intercept=0

Delta for Group 0:
  Original: start=3.07474, slope=-2.14748e+09, intercept=-2.14748e+09, x_refl=0, y_refl=0
  Quantized: start=787, slope=0, intercept=0

Delta for Group 0:
  Original: start=3.07816, slope=-2.14748e+09, intercept=-2.14748e+09, x_refl=0, y_refl=0
  Quantized: start=788, slope=0, intercept=0

Delta for Group 0:
  Original: start=3.08158, slope=-2.14748e+09, intercept=-2.14748e+09, x_refl=0, y_refl=0
  Quantized: start=789, slope=0, intercept=0

Delta for Group 0:
  Original: start=3.085, slope=-2.14748e+09, intercept=-2.14748e+09, x_refl=0, y_refl=0
  Quantized: start=790, slope=0, intercept=0

Delta for Group 0:
  Original: start=3.08842, slope=-2.14748e+09, intercept=-2.14748e+09, x_refl=0, y_refl=0
  Quantized: start=791, slope=0, intercept=0

Delta for Group 0:
  Original: start=3.09184, slope=-2.14748e+09, intercept=-2.14748e+09, x_refl=0, y_refl=0
  Quantized: start=792, slope=0, intercept=0

Delta for Group 0:
  Original: start=3.09526, slope=-2.14748e+09, intercept=-2.14748e+09, x_refl=0, y_refl=0
  Quantized: start=792, slope=0, intercept=0

Delta for Group 0:
  Original: start=3.09868, slope=-2.14748e+09, intercept=-2.14748e+09, x_refl=0, y_refl=0
  Quantized: start=793, slope=0, intercept=0

Delta for Group 0:
  Original: start=3.1021, slope=-2.14748e+09, intercept=-2.14748e+09, x_refl=0, y_refl=0
  Quantized: start=794, slope=0, intercept=0

Delta for Group 0:
  Original: start=3.10552, slope=-2.14748e+09, intercept=-2.14748e+09, x_refl=0, y_refl=0
  Quantized: start=795, slope=0, intercept=0

Delta for Group 0:
  Original: start=3.10894, slope=-2.14748e+09, intercept=-2.14748e+09, x_refl=0, y_refl=0
  Quantized: start=796, slope=0, intercept=0

Delta for Group 0:
  Original: start=3.11236, slope=-2.14748e+09, intercept=-2.14748e+09, x_refl=0, y_refl=0
  Quantized: start=797, slope=0, intercept=0

Delta for Group 0:
  Original: start=3.11578, slope=-2.14748e+09, intercept=-2.14748e+09, x_refl=0, y_refl=0
  Quantized: start=798, slope=0, intercept=0

Delta for Group 0:
  Original: start=3.1192, slope=-2.14748e+09, intercept=-2.14748e+09, x_refl=0, y_refl=0
  Quantized: start=799, slope=0, intercept=0

Delta for Group 0:
  Original: start=3.12262, slope=-2.14748e+09, intercept=-2.14748e+09, x_refl=0, y_refl=0
  Quantized: start=799, slope=0, intercept=0

Delta for Group 0:
  Original: start=3.12604, slope=-2.14748e+09, intercept=-2.14748e+09, x_refl=0, y_refl=0
  Quantized: start=800, slope=0, intercept=0

Delta for Group 0:
  Original: start=3.12946, slope=-2.14748e+09, intercept=-2.14748e+09, x_refl=0, y_refl=0
  Quantized: start=801, slope=0, intercept=0

Delta for Group 0:
  Original: start=3.13288, slope=-2.14748e+09, intercept=-2.14748e+09, x_refl=0, y_refl=0
  Quantized: start=802, slope=0, intercept=0

Delta for Group 0:
  Original: start=3.1363, slope=-2.14748e+09, intercept=-2.14748e+09, x_refl=0, y_refl=0
  Quantized: start=803, slope=0, intercept=0

Delta for Group 0:
  Original: start=3.13972, slope=-2.14748e+09, intercept=-2.14748e+09, x_refl=0, y_refl=0
  Quantized: start=804, slope=0, intercept=0

Delta for Group 0:
  Original: start=3.14314, slope=-2.14748e+09, intercept=-2.14748e+09, x_refl=0, y_refl=0
  Quantized: start=805, slope=0, intercept=0

Delta for Group 0:
  Original: start=3.14656, slope=-2.14748e+09, intercept=-2.14748e+09, x_refl=0, y_refl=0
  Quantized: start=806, slope=0, intercept=0

Delta for Group 0:
  Original: start=3.14998, slope=-2.14748e+09, intercept=-2.14748e+09, x_refl=0, y_refl=0
  Quantized: start=806, slope=0, intercept=0

Delta for Group 0:
  Original: start=3.1534, slope=-2.14748e+09, intercept=-2.14748e+09, x_refl=0, y_refl=0
  Quantized: start=807, slope=0, intercept=0

Delta for Group 0:
  Original: start=3.15681, slope=-2.14748e+09, intercept=-2.14748e+09, x_refl=0, y_refl=0
  Quantized: start=808, slope=0, intercept=0

Delta for Group 0:
  Original: start=3.16023, slope=-2.14748e+09, intercept=-2.14748e+09, x_refl=0, y_refl=0
  Quantized: start=809, slope=0, intercept=0

Delta for Group 0:
  Original: start=3.16365, slope=-2.14748e+09, intercept=-2.14748e+09, x_refl=0, y_refl=0
  Quantized: start=810, slope=0, intercept=0

Delta for Group 0:
  Original: start=3.16707, slope=-2.14748e+09, intercept=-2.14748e+09, x_refl=0, y_refl=0
  Quantized: start=811, slope=0, intercept=0

Delta for Group 0:
  Original: start=3.17049, slope=-2.14748e+09, intercept=-2.14748e+09, x_refl=0, y_refl=0
  Quantized: start=812, slope=0, intercept=0

Delta for Group 0:
  Original: start=3.17391, slope=-2.14748e+09, intercept=-2.14748e+09, x_refl=0, y_refl=0
  Quantized: start=813, slope=0, intercept=0

Delta for Group 0:
  Original: start=3.17733, slope=-2.14748e+09, intercept=-2.14748e+09, x_refl=0, y_refl=0
  Quantized: start=813, slope=0, intercept=0

Delta for Group 0:
  Original: start=3.18075, slope=-2.14748e+09, intercept=-2.14748e+09, x_refl=0, y_refl=0
  Quantized: start=814, slope=0, intercept=0

Delta for Group 0:
  Original: start=3.18417, slope=-2.14748e+09, intercept=-2.14748e+09, x_refl=0, y_refl=0
  Quantized: start=815, slope=0, intercept=0

Delta for Group 0:
  Original: start=3.18759, slope=-2.14748e+09, intercept=-2.14748e+09, x_refl=0, y_refl=0
  Quantized: start=816, slope=0, intercept=0

Delta for Group 0:
  Original: start=3.19101, slope=-2.14748e+09, intercept=-2.14748e+09, x_refl=0, y_refl=0
  Quantized: start=817, slope=0, intercept=0

Delta for Group 0:
  Original: start=3.19443, slope=-2.14748e+09, intercept=-2.14748e+09, x_refl=0, y_refl=0
  Quantized: start=818, slope=0, intercept=0

Delta for Group 0:
  Original: start=3.19785, slope=-2.14748e+09, intercept=-2.14748e+09, x_refl=0, y_refl=0
  Quantized: start=819, slope=0, intercept=0

Delta for Group 0:
  Original: start=3.20127, slope=-2.14748e+09, intercept=-2.14748e+09, x_refl=0, y_refl=0
  Quantized: start=820, slope=0, intercept=0

Delta for Group 0:
  Original: start=3.20469, slope=-2.14748e+09, intercept=-2.14748e+09, x_refl=0, y_refl=0
  Quantized: start=820, slope=0, intercept=0

Delta for Group 0:
  Original: start=3.20811, slope=-2.14748e+09, intercept=-2.14748e+09, x_refl=0, y_refl=0
  Quantized: start=821, slope=0, intercept=0

Delta for Group 0:
  Original: start=3.21153, slope=-2.14748e+09, intercept=-2.14748e+09, x_refl=0, y_refl=0
  Quantized: start=822, slope=0, intercept=0

Delta for Group 0:
  Original: start=3.21495, slope=-2.14748e+09, intercept=-2.14748e+09, x_refl=0, y_refl=0
  Quantized: start=823, slope=0, intercept=0

Delta for Group 0:
  Original: start=3.21837, slope=-2.14748e+09, intercept=-2.14748e+09, x_refl=0, y_refl=0
  Quantized: start=824, slope=0, intercept=0

Delta for Group 0:
  Original: start=3.22179, slope=-2.14748e+09, intercept=-2.14748e+09, x_refl=0, y_refl=0
  Quantized: start=825, slope=0, intercept=0

Delta for Group 0:
  Original: start=3.22521, slope=-2.14748e+09, intercept=-2.14748e+09, x_refl=0, y_refl=0
  Quantized: start=826, slope=0, intercept=0

Delta for Group 0:
  Original: start=3.22863, slope=-2.14748e+09, intercept=-2.14748e+09, x_refl=0, y_refl=0
  Quantized: start=827, slope=0, intercept=0

Delta for Group 0:
  Original: start=3.23205, slope=-2.14748e+09, intercept=-2.14748e+09, x_refl=0, y_refl=0
  Quantized: start=827, slope=0, intercept=0

Delta for Group 0:
  Original: start=3.23547, slope=-2.14748e+09, intercept=-2.14748e+09, x_refl=0, y_refl=0
  Quantized: start=828, slope=0, intercept=0

Delta for Group 0:
  Original: start=3.23889, slope=-2.14748e+09, intercept=-2.14748e+09, x_refl=0, y_refl=0
  Quantized: start=829, slope=0, intercept=0

Delta for Group 0:
  Original: start=3.24231, slope=-2.14748e+09, intercept=-2.14748e+09, x_refl=0, y_refl=0
  Quantized: start=830, slope=0, intercept=0

Delta for Group 0:
  Original: start=3.24573, slope=-2.14748e+09, intercept=-2.14748e+09, x_refl=0, y_refl=0
  Quantized: start=831, slope=0, intercept=0

Delta for Group 0:
  Original: start=3.24915, slope=-2.14748e+09, intercept=-2.14748e+09, x_refl=0, y_refl=0
  Quantized: start=832, slope=0, intercept=0

Delta for Group 0:
  Original: start=3.25256, slope=-2.14748e+09, intercept=-2.14748e+09, x_refl=0, y_refl=0
  Quantized: start=833, slope=0, intercept=0

Delta for Group 0:
  Original: start=3.25598, slope=-2.14748e+09, intercept=-2.14748e+09, x_refl=0, y_refl=0
  Quantized: start=834, slope=0, intercept=0

Delta for Group 0:
  Original: start=3.2594, slope=-2.14748e+09, intercept=-2.14748e+09, x_refl=0, y_refl=0
  Quantized: start=834, slope=0, intercept=0

Delta for Group 0:
  Original: start=3.26282, slope=-2.14748e+09, intercept=-2.14748e+09, x_refl=0, y_refl=0
  Quantized: start=835, slope=0, intercept=0

Delta for Group 0:
  Original: start=3.26624, slope=-2.14748e+09, intercept=-2.14748e+09, x_refl=0, y_refl=0
  Quantized: start=836, slope=0, intercept=0

Delta for Group 0:
  Original: start=3.26966, slope=-2.14748e+09, intercept=-2.14748e+09, x_refl=0, y_refl=0
  Quantized: start=837, slope=0, intercept=0

Delta for Group 0:
  Original: start=3.27308, slope=-2.14748e+09, intercept=-2.14748e+09, x_refl=0, y_refl=0
  Quantized: start=838, slope=0, intercept=0

Delta for Group 0:
  Original: start=3.2765, slope=-2.14748e+09, intercept=-2.14748e+09, x_refl=0, y_refl=0
  Quantized: start=839, slope=0, intercept=0

Delta for Group 0:
  Original: start=3.27992, slope=-2.14748e+09, intercept=-2.14748e+09, x_refl=0, y_refl=0
  Quantized: start=840, slope=0, intercept=0

Delta for Group 0:
  Original: start=3.28334, slope=-2.14748e+09, intercept=-2.14748e+09, x_refl=0, y_refl=0
  Quantized: start=841, slope=0, intercept=0

Delta for Group 0:
  Original: start=3.28676, slope=-2.14748e+09, intercept=-2.14748e+09, x_refl=0, y_refl=0
  Quantized: start=841, slope=0, intercept=0

Delta for Group 0:
  Original: start=3.29018, slope=-2.14748e+09, intercept=-2.14748e+09, x_refl=0, y_refl=0
  Quantized: start=842, slope=0, intercept=0

Delta for Group 0:
  Original: start=3.2936, slope=-2.14748e+09, intercept=-2.14748e+09, x_refl=0, y_refl=0
  Quantized: start=843, slope=0, intercept=0

Delta for Group 0:
  Original: start=3.29702, slope=-2.14748e+09, intercept=-2.14748e+09, x_refl=0, y_refl=0
  Quantized: start=844, slope=0, intercept=0

Delta for Group 0:
  Original: start=3.30044, slope=-2.14748e+09, intercept=-2.14748e+09, x_refl=0, y_refl=0
  Quantized: start=845, slope=0, intercept=0

Delta for Group 0:
  Original: start=3.30386, slope=-2.14748e+09, intercept=-2.14748e+09, x_refl=0, y_refl=0
  Quantized: start=846, slope=0, intercept=0

Delta for Group 0:
  Original: start=3.30728, slope=-2.14748e+09, intercept=-2.14748e+09, x_refl=0, y_refl=0
  Quantized: start=847, slope=0, intercept=0

Delta for Group 0:
  Original: start=3.3107, slope=-2.14748e+09, intercept=-2.14748e+09, x_refl=0, y_refl=0
  Quantized: start=848, slope=0, intercept=0

Delta for Group 0:
  Original: start=3.31412, slope=-2.14748e+09, intercept=-2.14748e+09, x_refl=0, y_refl=0
  Quantized: start=848, slope=0, intercept=0

Delta for Group 0:
  Original: start=3.31754, slope=-2.14748e+09, intercept=-2.14748e+09, x_refl=0, y_refl=0
  Quantized: start=849, slope=0, intercept=0

Delta for Group 0:
  Original: start=3.32096, slope=-2.14748e+09, intercept=-2.14748e+09, x_refl=0, y_refl=0
  Quantized: start=850, slope=0, intercept=0

Delta for Group 0:
  Original: start=3.32438, slope=-2.14748e+09, intercept=-2.14748e+09, x_refl=0, y_refl=0
  Quantized: start=851, slope=0, intercept=0

Delta for Group 0:
  Original: start=3.3278, slope=-2.14748e+09, intercept=-2.14748e+09, x_refl=0, y_refl=0
  Quantized: start=852, slope=0, intercept=0

Delta for Group 0:
  Original: start=3.33122, slope=-2.14748e+09, intercept=-2.14748e+09, x_refl=0, y_refl=0
  Quantized: start=853, slope=0, intercept=0

Delta for Group 0:
  Original: start=3.33464, slope=-2.14748e+09, intercept=-2.14748e+09, x_refl=0, y_refl=0
  Quantized: start=854, slope=0, intercept=0

Delta for Group 0:
  Original: start=3.33806, slope=-2.14748e+09, intercept=-2.14748e+09, x_refl=0, y_refl=0
  Quantized: start=855, slope=0, intercept=0

Delta for Group 0:
  Original: start=3.34148, slope=-2.14748e+09, intercept=-2.14748e+09, x_refl=0, y_refl=0
  Quantized: start=855, slope=0, intercept=0

Delta for Group 0:
  Original: start=3.34489, slope=-2.14748e+09, intercept=-2.14748e+09, x_refl=0, y_refl=0
  Quantized: start=856, slope=0, intercept=0

Delta for Group 0:
  Original: start=3.34831, slope=-2.14748e+09, intercept=-2.14748e+09, x_refl=0, y_refl=0
  Quantized: start=857, slope=0, intercept=0

Delta for Group 0:
  Original: start=3.35173, slope=-2.14748e+09, intercept=-2.14748e+09, x_refl=0, y_refl=0
  Quantized: start=858, slope=0, intercept=0

Delta for Group 0:
  Original: start=3.35515, slope=-2.14748e+09, intercept=-2.14748e+09, x_refl=0, y_refl=0
  Quantized: start=859, slope=0, intercept=0

Delta for Group 0:
  Original: start=3.35857, slope=-2.14748e+09, intercept=-2.14748e+09, x_refl=0, y_refl=0
  Quantized: start=860, slope=0, intercept=0

Delta for Group 0:
  Original: start=3.36199, slope=-2.14748e+09, intercept=-2.14748e+09, x_refl=0, y_refl=0
  Quantized: start=861, slope=0, intercept=0

Delta for Group 0:
  Original: start=3.36541, slope=-2.14748e+09, intercept=-2.14748e+09, x_refl=0, y_refl=0
  Quantized: start=862, slope=0, intercept=0

Delta for Group 0:
  Original: start=3.36883, slope=-2.14748e+09, intercept=-2.14748e+09, x_refl=0, y_refl=0
  Quantized: start=862, slope=0, intercept=0

Delta for Group 0:
  Original: start=3.37225, slope=-2.14748e+09, intercept=-2.14748e+09, x_refl=0, y_refl=0
  Quantized: start=863, slope=0, intercept=0

Delta for Group 0:
  Original: start=3.37567, slope=-2.14748e+09, intercept=-2.14748e+09, x_refl=0, y_refl=0
  Quantized: start=864, slope=0, intercept=0

Delta for Group 0:
  Original: start=3.37909, slope=-2.14748e+09, intercept=-2.14748e+09, x_refl=0, y_refl=0
  Quantized: start=865, slope=0, intercept=0

Delta for Group 0:
  Original: start=3.38251, slope=-2.14748e+09, intercept=-2.14748e+09, x_refl=0, y_refl=0
  Quantized: start=866, slope=0, intercept=0

Delta for Group 0:
  Original: start=3.38593, slope=-2.14748e+09, intercept=-2.14748e+09, x_refl=0, y_refl=0
  Quantized: start=867, slope=0, intercept=0

Delta for Group 0:
  Original: start=3.38935, slope=-2.14748e+09, intercept=-2.14748e+09, x_refl=0, y_refl=0
  Quantized: start=868, slope=0, intercept=0

Delta for Group 0:
  Original: start=3.39277, slope=-2.14748e+09, intercept=-2.14748e+09, x_refl=0, y_refl=0
  Quantized: start=869, slope=0, intercept=0

Delta for Group 0:
  Original: start=3.39619, slope=-2.14748e+09, intercept=-2.14748e+09, x_refl=0, y_refl=0
  Quantized: start=869, slope=0, intercept=0

Delta for Group 0:
  Original: start=3.39961, slope=-2.14748e+09, intercept=-2.14748e+09, x_refl=0, y_refl=0
  Quantized: start=870, slope=0, intercept=0

Delta for Group 0:
  Original: start=3.40303, slope=-2.14748e+09, intercept=-2.14748e+09, x_refl=0, y_refl=0
  Quantized: start=871, slope=0, intercept=0

Delta for Group 0:
  Original: start=3.40645, slope=-2.14748e+09, intercept=-2.14748e+09, x_refl=0, y_refl=0
  Quantized: start=872, slope=0, intercept=0

Delta for Group 0:
  Original: start=3.40987, slope=-2.14748e+09, intercept=-2.14748e+09, x_refl=0, y_refl=0
  Quantized: start=873, slope=0, intercept=0

Delta for Group 0:
  Original: start=3.41329, slope=-2.14748e+09, intercept=-2.14748e+09, x_refl=0, y_refl=0
  Quantized: start=874, slope=0, intercept=0

Delta for Group 0:
  Original: start=3.41671, slope=-2.14748e+09, intercept=-2.14748e+09, x_refl=0, y_refl=0
  Quantized: start=875, slope=0, intercept=0

Delta for Group 0:
  Original: start=3.42013, slope=-2.14748e+09, intercept=-2.14748e+09, x_refl=0, y_refl=0
  Quantized: start=876, slope=0, intercept=0

Delta for Group 0:
  Original: start=3.42355, slope=-2.14748e+09, intercept=-2.14748e+09, x_refl=0, y_refl=0
  Quantized: start=876, slope=0, intercept=0

Delta for Group 0:
  Original: start=3.42697, slope=-2.14748e+09, intercept=-2.14748e+09, x_refl=0, y_refl=0
  Quantized: start=877, slope=0, intercept=0

Delta for Group 0:
  Original: start=3.43039, slope=-2.14748e+09, intercept=-2.14748e+09, x_refl=0, y_refl=0
  Quantized: start=878, slope=0, intercept=0

Delta for Group 0:
  Original: start=3.43381, slope=-2.14748e+09, intercept=-2.14748e+09, x_refl=0, y_refl=0
  Quantized: start=879, slope=0, intercept=0

Delta for Group 0:
  Original: start=3.43723, slope=-2.14748e+09, intercept=-2.14748e+09, x_refl=0, y_refl=0
  Quantized: start=880, slope=0, intercept=0

Delta for Group 0:
  Original: start=3.44064, slope=-2.14748e+09, intercept=-2.14748e+09, x_refl=0, y_refl=0
  Quantized: start=881, slope=0, intercept=0

Delta for Group 0:
  Original: start=3.44406, slope=-2.14748e+09, intercept=-2.14748e+09, x_refl=0, y_refl=0
  Quantized: start=882, slope=0, intercept=0

Delta for Group 0:
  Original: start=3.44748, slope=-2.14748e+09, intercept=-2.14748e+09, x_refl=0, y_refl=0
  Quantized: start=883, slope=0, intercept=0

Delta for Group 0:
  Original: start=3.4509, slope=-2.14748e+09, intercept=-2.14748e+09, x_refl=0, y_refl=0
  Quantized: start=883, slope=0, intercept=0

Delta for Group 0:
  Original: start=3.45432, slope=-2.14748e+09, intercept=-2.14748e+09, x_refl=0, y_refl=0
  Quantized: start=884, slope=0, intercept=0

Delta for Group 0:
  Original: start=3.45774, slope=-2.14748e+09, intercept=-2.14748e+09, x_refl=0, y_refl=0
  Quantized: start=885, slope=0, intercept=0

Delta for Group 0:
  Original: start=3.46116, slope=-2.14748e+09, intercept=-2.14748e+09, x_refl=0, y_refl=0
  Quantized: start=886, slope=0, intercept=0

Delta for Group 0:
  Original: start=3.46458, slope=-2.14748e+09, intercept=-2.14748e+09, x_refl=0, y_refl=0
  Quantized: start=887, slope=0, intercept=0

Delta for Group 0:
  Original: start=3.468, slope=-2.14748e+09, intercept=-2.14748e+09, x_refl=0, y_refl=0
  Quantized: start=888, slope=0, intercept=0

Delta for Group 0:
  Original: start=3.47142, slope=-2.14748e+09, intercept=-2.14748e+09, x_refl=0, y_refl=0
  Quantized: start=889, slope=0, intercept=0

Delta for Group 0:
  Original: start=3.47484, slope=-2.14748e+09, intercept=-2.14748e+09, x_refl=0, y_refl=0
  Quantized: start=890, slope=0, intercept=0

Delta for Group 0:
  Original: start=3.47826, slope=-2.14748e+09, intercept=-2.14748e+09, x_refl=0, y_refl=0
  Quantized: start=890, slope=0, intercept=0

Delta for Group 0:
  Original: start=3.48168, slope=-2.14748e+09, intercept=-2.14748e+09, x_refl=0, y_refl=0
  Quantized: start=891, slope=0, intercept=0

Delta for Group 0:
  Original: start=3.4851, slope=-2.14748e+09, intercept=-2.14748e+09, x_refl=0, y_refl=0
  Quantized: start=892, slope=0, intercept=0

Delta for Group 0:
  Original: start=3.48852, slope=-2.14748e+09, intercept=-2.14748e+09, x_refl=0, y_refl=0
  Quantized: start=893, slope=0, intercept=0

Delta for Group 0:
  Original: start=3.49194, slope=-2.14748e+09, intercept=-2.14748e+09, x_refl=0, y_refl=0
  Quantized: start=894, slope=0, intercept=0

Delta for Group 0:
  Original: start=3.49536, slope=-2.14748e+09, intercept=-2.14748e+09, x_refl=0, y_refl=0
  Quantized: start=895, slope=0, intercept=0

Delta for Group 0:
  Original: start=3.49878, slope=-2.14748e+09, intercept=-2.14748e+09, x_refl=0, y_refl=0
  Quantized: start=896, slope=0, intercept=0

Delta for Group 0:
  Original: start=3.5022, slope=-2.14748e+09, intercept=-2.14748e+09, x_refl=0, y_refl=0
  Quantized: start=897, slope=0, intercept=0

Delta for Group 0:
  Original: start=3.50562, slope=-2.14748e+09, intercept=-2.14748e+09, x_refl=0, y_refl=0
  Quantized: start=897, slope=0, intercept=0

Delta for Group 0:
  Original: start=3.50904, slope=-2.14748e+09, intercept=-2.14748e+09, x_refl=0, y_refl=0
  Quantized: start=898, slope=0, intercept=0

Delta for Group 0:
  Original: start=3.51246, slope=-2.14748e+09, intercept=-2.14748e+09, x_refl=0, y_refl=0
  Quantized: start=899, slope=0, intercept=0

Delta for Group 0:
  Original: start=3.51588, slope=-2.14748e+09, intercept=-2.14748e+09, x_refl=0, y_refl=0
  Quantized: start=900, slope=0, intercept=0

Delta for Group 0:
  Original: start=3.5193, slope=-2.14748e+09, intercept=-2.14748e+09, x_refl=0, y_refl=0
  Quantized: start=901, slope=0, intercept=0

Delta for Group 0:
  Original: start=3.52272, slope=-2.14748e+09, intercept=-2.14748e+09, x_refl=0, y_refl=0
  Quantized: start=902, slope=0, intercept=0

Delta for Group 0:
  Original: start=3.52614, slope=-2.14748e+09, intercept=-2.14748e+09, x_refl=0, y_refl=0
  Quantized: start=903, slope=0, intercept=0

Delta for Group 0:
  Original: start=3.52956, slope=-2.14748e+09, intercept=-2.14748e+09, x_refl=0, y_refl=0
  Quantized: start=904, slope=0, intercept=0

Delta for Group 0:
  Original: start=3.53298, slope=-2.14748e+09, intercept=-2.14748e+09, x_refl=0, y_refl=0
  Quantized: start=904, slope=0, intercept=0

Delta for Group 0:
  Original: start=3.53639, slope=-2.14748e+09, intercept=-2.14748e+09, x_refl=0, y_refl=0
  Quantized: start=905, slope=0, intercept=0

Delta for Group 0:
  Original: start=3.53981, slope=-2.14748e+09, intercept=-2.14748e+09, x_refl=0, y_refl=0
  Quantized: start=906, slope=0, intercept=0

Delta for Group 0:
  Original: start=3.54323, slope=-2.14748e+09, intercept=-2.14748e+09, x_refl=0, y_refl=0
  Quantized: start=907, slope=0, intercept=0

Delta for Group 0:
  Original: start=3.54665, slope=-2.14748e+09, intercept=-2.14748e+09, x_refl=0, y_refl=0
  Quantized: start=908, slope=0, intercept=0

Delta for Group 0:
  Original: start=3.55007, slope=-2.14748e+09, intercept=-2.14748e+09, x_refl=0, y_refl=0
  Quantized: start=909, slope=0, intercept=0

Delta for Group 0:
  Original: start=3.55349, slope=-2.14748e+09, intercept=-2.14748e+09, x_refl=0, y_refl=0
  Quantized: start=910, slope=0, intercept=0

Delta for Group 0:
  Original: start=3.55691, slope=-2.14748e+09, intercept=-2.14748e+09, x_refl=0, y_refl=0
  Quantized: start=911, slope=0, intercept=0

Delta for Group 0:
  Original: start=3.56033, slope=-2.14748e+09, intercept=-2.14748e+09, x_refl=0, y_refl=0
  Quantized: start=911, slope=0, intercept=0

Delta for Group 0:
  Original: start=3.56375, slope=-2.14748e+09, intercept=-2.14748e+09, x_refl=0, y_refl=0
  Quantized: start=912, slope=0, intercept=0

Delta for Group 0:
  Original: start=3.56717, slope=-2.14748e+09, intercept=-2.14748e+09, x_refl=0, y_refl=0
  Quantized: start=913, slope=0, intercept=0

Delta for Group 0:
  Original: start=3.57059, slope=-2.14748e+09, intercept=-2.14748e+09, x_refl=0, y_refl=0
  Quantized: start=914, slope=0, intercept=0

Delta for Group 0:
  Original: start=3.57401, slope=-2.14748e+09, intercept=-2.14748e+09, x_refl=0, y_refl=0
  Quantized: start=915, slope=0, intercept=0

Delta for Group 0:
  Original: start=3.57743, slope=-2.14748e+09, intercept=-2.14748e+09, x_refl=0, y_refl=0
  Quantized: start=916, slope=0, intercept=0

Delta for Group 0:
  Original: start=3.58085, slope=-2.14748e+09, intercept=-2.14748e+09, x_refl=0, y_refl=0
  Quantized: start=917, slope=0, intercept=0

Delta for Group 0:
  Original: start=3.58427, slope=-2.14748e+09, intercept=-2.14748e+09, x_refl=0, y_refl=0
  Quantized: start=918, slope=0, intercept=0

Delta for Group 0:
  Original: start=3.58769, slope=-2.14748e+09, intercept=-2.14748e+09, x_refl=0, y_refl=0
  Quantized: start=918, slope=0, intercept=0

Delta for Group 0:
  Original: start=3.59111, slope=-2.14748e+09, intercept=-2.14748e+09, x_refl=0, y_refl=0
  Quantized: start=919, slope=0, intercept=0

Delta for Group 0:
  Original: start=3.59453, slope=-2.14748e+09, intercept=-2.14748e+09, x_refl=0, y_refl=0
  Quantized: start=920, slope=0, intercept=0

Delta for Group 0:
  Original: start=3.59795, slope=-2.14748e+09, intercept=-2.14748e+09, x_refl=0, y_refl=0
  Quantized: start=921, slope=0, intercept=0

Delta for Group 0:
  Original: start=3.60137, slope=-2.14748e+09, intercept=-2.14748e+09, x_refl=0, y_refl=0
  Quantized: start=922, slope=0, intercept=0

Delta for Group 0:
  Original: start=3.60479, slope=-2.14748e+09, intercept=-2.14748e+09, x_refl=0, y_refl=0
  Quantized: start=923, slope=0, intercept=0

Delta for Group 0:
  Original: start=3.60821, slope=-2.14748e+09, intercept=-2.14748e+09, x_refl=0, y_refl=0
  Quantized: start=924, slope=0, intercept=0

Delta for Group 0:
  Original: start=3.61163, slope=-2.14748e+09, intercept=-2.14748e+09, x_refl=0, y_refl=0
  Quantized: start=925, slope=0, intercept=0

Delta for Group 0:
  Original: start=3.61505, slope=-2.14748e+09, intercept=-2.14748e+09, x_refl=0, y_refl=0
  Quantized: start=925, slope=0, intercept=0

Delta for Group 0:
  Original: start=3.61847, slope=-2.14748e+09, intercept=-2.14748e+09, x_refl=0, y_refl=0
  Quantized: start=926, slope=0, intercept=0

Delta for Group 0:
  Original: start=3.62189, slope=-2.14748e+09, intercept=-2.14748e+09, x_refl=0, y_refl=0
  Quantized: start=927, slope=0, intercept=0

Delta for Group 0:
  Original: start=3.62531, slope=-2.14748e+09, intercept=-2.14748e+09, x_refl=0, y_refl=0
  Quantized: start=928, slope=0, intercept=0

Delta for Group 0:
  Original: start=3.62872, slope=-2.14748e+09, intercept=-2.14748e+09, x_refl=0, y_refl=0
  Quantized: start=929, slope=0, intercept=0

Delta for Group 0:
  Original: start=3.63214, slope=-2.14748e+09, intercept=-2.14748e+09, x_refl=0, y_refl=0
  Quantized: start=930, slope=0, intercept=0

Delta for Group 0:
  Original: start=3.63556, slope=-2.14748e+09, intercept=-2.14748e+09, x_refl=0, y_refl=0
  Quantized: start=931, slope=0, intercept=0

Delta for Group 0:
  Original: start=3.63898, slope=-2.14748e+09, intercept=-2.14748e+09, x_refl=0, y_refl=0
  Quantized: start=932, slope=0, intercept=0

Delta for Group 0:
  Original: start=3.6424, slope=-2.14748e+09, intercept=-2.14748e+09, x_refl=0, y_refl=0
  Quantized: start=932, slope=0, intercept=0

Delta for Group 0:
  Original: start=3.64582, slope=-2.14748e+09, intercept=-2.14748e+09, x_refl=0, y_refl=0
  Quantized: start=933, slope=0, intercept=0

Delta for Group 0:
  Original: start=3.64924, slope=-2.14748e+09, intercept=-2.14748e+09, x_refl=0, y_refl=0
  Quantized: start=934, slope=0, intercept=0

Delta for Group 0:
  Original: start=3.65266, slope=-2.14748e+09, intercept=-2.14748e+09, x_refl=0, y_refl=0
  Quantized: start=935, slope=0, intercept=0

Delta for Group 0:
  Original: start=3.65608, slope=-2.14748e+09, intercept=-2.14748e+09, x_refl=0, y_refl=0
  Quantized: start=936, slope=0, intercept=0

Delta for Group 0:
  Original: start=3.6595, slope=-2.14748e+09, intercept=-2.14748e+09, x_refl=0, y_refl=0
  Quantized: start=937, slope=0, intercept=0

Delta for Group 0:
  Original: start=3.66292, slope=-2.14748e+09, intercept=-2.14748e+09, x_refl=0, y_refl=0
  Quantized: start=938, slope=0, intercept=0

Delta for Group 0:
  Original: start=3.66634, slope=-2.14748e+09, intercept=-2.14748e+09, x_refl=0, y_refl=0
  Quantized: start=939, slope=0, intercept=0

Delta for Group 0:
  Original: start=3.66976, slope=-2.14748e+09, intercept=-2.14748e+09, x_refl=0, y_refl=0
  Quantized: start=939, slope=0, intercept=0

Delta for Group 0:
  Original: start=3.67318, slope=-2.14748e+09, intercept=-2.14748e+09, x_refl=0, y_refl=0
  Quantized: start=940, slope=0, intercept=0

Delta for Group 0:
  Original: start=3.6766, slope=-2.14748e+09, intercept=-2.14748e+09, x_refl=0, y_refl=0
  Quantized: start=941, slope=0, intercept=0

Delta for Group 0:
  Original: start=3.68002, slope=-2.14748e+09, intercept=-2.14748e+09, x_refl=0, y_refl=0
  Quantized: start=942, slope=0, intercept=0

Delta for Group 0:
  Original: start=3.68344, slope=-2.14748e+09, intercept=-2.14748e+09, x_refl=0, y_refl=0
  Quantized: start=943, slope=0, intercept=0

Delta for Group 0:
  Original: start=3.68686, slope=-2.14748e+09, intercept=-2.14748e+09, x_refl=0, y_refl=0
  Quantized: start=944, slope=0, intercept=0

Delta for Group 0:
  Original: start=3.69028, slope=-2.14748e+09, intercept=-2.14748e+09, x_refl=0, y_refl=0
  Quantized: start=945, slope=0, intercept=0

Delta for Group 0:
  Original: start=3.6937, slope=-2.14748e+09, intercept=-2.14748e+09, x_refl=0, y_refl=0
  Quantized: start=946, slope=0, intercept=0

Delta for Group 0:
  Original: start=3.69712, slope=-2.14748e+09, intercept=-2.14748e+09, x_refl=0, y_refl=0
  Quantized: start=946, slope=0, intercept=0

Delta for Group 0:
  Original: start=3.70054, slope=-2.14748e+09, intercept=-2.14748e+09, x_refl=0, y_refl=0
  Quantized: start=947, slope=0, intercept=0

Delta for Group 0:
  Original: start=3.70396, slope=-2.14748e+09, intercept=-2.14748e+09, x_refl=0, y_refl=0
  Quantized: start=948, slope=0, intercept=0

Delta for Group 0:
  Original: start=3.70738, slope=-2.14748e+09, intercept=-2.14748e+09, x_refl=0, y_refl=0
  Quantized: start=949, slope=0, intercept=0

Delta for Group 0:
  Original: start=3.7108, slope=-2.14748e+09, intercept=-2.14748e+09, x_refl=0, y_refl=0
  Quantized: start=950, slope=0, intercept=0

Delta for Group 0:
  Original: start=3.71422, slope=-2.14748e+09, intercept=-2.14748e+09, x_refl=0, y_refl=0
  Quantized: start=951, slope=0, intercept=0

Delta for Group 0:
  Original: start=3.71764, slope=-2.14748e+09, intercept=-2.14748e+09, x_refl=0, y_refl=0
  Quantized: start=952, slope=0, intercept=0

Delta for Group 0:
  Original: start=3.72106, slope=-2.14748e+09, intercept=-2.14748e+09, x_refl=0, y_refl=0
  Quantized: start=953, slope=0, intercept=0

Delta for Group 0:
  Original: start=3.72447, slope=-2.14748e+09, intercept=-2.14748e+09, x_refl=0, y_refl=0
  Quantized: start=953, slope=0, intercept=0

Delta for Group 0:
  Original: start=3.72789, slope=-2.14748e+09, intercept=-2.14748e+09, x_refl=0, y_refl=0
  Quantized: start=954, slope=0, intercept=0

Delta for Group 0:
  Original: start=3.73131, slope=-2.14748e+09, intercept=-2.14748e+09, x_refl=0, y_refl=0
  Quantized: start=955, slope=0, intercept=0

Delta for Group 0:
  Original: start=3.73473, slope=-2.14748e+09, intercept=-2.14748e+09, x_refl=0, y_refl=0
  Quantized: start=956, slope=0, intercept=0

Delta for Group 0:
  Original: start=3.73815, slope=-2.14748e+09, intercept=-2.14748e+09, x_refl=0, y_refl=0
  Quantized: start=957, slope=0, intercept=0

Delta for Group 0:
  Original: start=3.74157, slope=-2.14748e+09, intercept=-2.14748e+09, x_refl=0, y_refl=0
  Quantized: start=958, slope=0, intercept=0

Delta for Group 0:
  Original: start=3.74499, slope=-2.14748e+09, intercept=-2.14748e+09, x_refl=0, y_refl=0
  Quantized: start=959, slope=0, intercept=0

Delta for Group 0:
  Original: start=3.74841, slope=-2.14748e+09, intercept=-2.14748e+09, x_refl=0, y_refl=0
  Quantized: start=960, slope=0, intercept=0

Delta for Group 0:
  Original: start=3.75183, slope=-2.14748e+09, intercept=-2.14748e+09, x_refl=0, y_refl=0
  Quantized: start=960, slope=0, intercept=0

Delta for Group 0:
  Original: start=3.75525, slope=-2.14748e+09, intercept=-2.14748e+09, x_refl=0, y_refl=0
  Quantized: start=961, slope=0, intercept=0

Delta for Group 0:
  Original: start=3.75867, slope=-2.14748e+09, intercept=-2.14748e+09, x_refl=0, y_refl=0
  Quantized: start=962, slope=0, intercept=0

Delta for Group 0:
  Original: start=3.76209, slope=-2.14748e+09, intercept=-2.14748e+09, x_refl=0, y_refl=0
  Quantized: start=963, slope=0, intercept=0

Delta for Group 0:
  Original: start=3.76551, slope=-2.14748e+09, intercept=-2.14748e+09, x_refl=0, y_refl=0
  Quantized: start=964, slope=0, intercept=0

Delta for Group 0:
  Original: start=3.76893, slope=-2.14748e+09, intercept=-2.14748e+09, x_refl=0, y_refl=0
  Quantized: start=965, slope=0, intercept=0

Delta for Group 0:
  Original: start=3.77235, slope=-2.14748e+09, intercept=-2.14748e+09, x_refl=0, y_refl=0
  Quantized: start=966, slope=0, intercept=0

Delta for Group 0:
  Original: start=3.77577, slope=-2.14748e+09, intercept=-2.14748e+09, x_refl=0, y_refl=0
  Quantized: start=967, slope=0, intercept=0

Delta for Group 0:
  Original: start=3.77919, slope=-2.14748e+09, intercept=-2.14748e+09, x_refl=0, y_refl=0
  Quantized: start=967, slope=0, intercept=0

Delta for Group 0:
  Original: start=3.78261, slope=-2.14748e+09, intercept=-2.14748e+09, x_refl=0, y_refl=0
  Quantized: start=968, slope=0, intercept=0

Delta for Group 0:
  Original: start=3.78603, slope=-2.14748e+09, intercept=-2.14748e+09, x_refl=0, y_refl=0
  Quantized: start=969, slope=0, intercept=0

Delta for Group 0:
  Original: start=3.78945, slope=-2.14748e+09, intercept=-2.14748e+09, x_refl=0, y_refl=0
  Quantized: start=970, slope=0, intercept=0

Delta for Group 0:
  Original: start=3.79287, slope=-2.14748e+09, intercept=-2.14748e+09, x_refl=0, y_refl=0
  Quantized: start=971, slope=0, intercept=0

Delta for Group 0:
  Original: start=3.79629, slope=-2.14748e+09, intercept=-2.14748e+09, x_refl=0, y_refl=0
  Quantized: start=972, slope=0, intercept=0

Delta for Group 0:
  Original: start=3.79971, slope=-2.14748e+09, intercept=-2.14748e+09, x_refl=0, y_refl=0
  Quantized: start=973, slope=0, intercept=0

Delta for Group 0:
  Original: start=3.80313, slope=-2.14748e+09, intercept=-2.14748e+09, x_refl=0, y_refl=0
  Quantized: start=974, slope=0, intercept=0

Delta for Group 0:
  Original: start=3.80655, slope=-2.14748e+09, intercept=-2.14748e+09, x_refl=0, y_refl=0
  Quantized: start=974, slope=0, intercept=0

Delta for Group 0:
  Original: start=3.80997, slope=-2.14748e+09, intercept=-2.14748e+09, x_refl=0, y_refl=0
  Quantized: start=975, slope=0, intercept=0

Delta for Group 0:
  Original: start=3.81339, slope=-2.14748e+09, intercept=-2.14748e+09, x_refl=0, y_refl=0
  Quantized: start=976, slope=0, intercept=0

Delta for Group 0:
  Original: start=3.81681, slope=-2.14748e+09, intercept=-2.14748e+09, x_refl=0, y_refl=0
  Quantized: start=977, slope=0, intercept=0

Delta for Group 0:
  Original: start=3.82022, slope=-2.14748e+09, intercept=-2.14748e+09, x_refl=0, y_refl=0
  Quantized: start=978, slope=0, intercept=0

Delta for Group 0:
  Original: start=3.82364, slope=-2.14748e+09, intercept=-2.14748e+09, x_refl=0, y_refl=0
  Quantized: start=979, slope=0, intercept=0

Delta for Group 0:
  Original: start=3.82706, slope=-2.14748e+09, intercept=-2.14748e+09, x_refl=0, y_refl=0
  Quantized: start=980, slope=0, intercept=0

Delta for Group 0:
  Original: start=3.83048, slope=-2.14748e+09, intercept=-2.14748e+09, x_refl=0, y_refl=0
  Quantized: start=981, slope=0, intercept=0

Delta for Group 0:
  Original: start=3.8339, slope=-2.14748e+09, intercept=-2.14748e+09, x_refl=0, y_refl=0
  Quantized: start=981, slope=0, intercept=0

Delta for Group 0:
  Original: start=3.83732, slope=-2.14748e+09, intercept=-2.14748e+09, x_refl=0, y_refl=0
  Quantized: start=982, slope=0, intercept=0

Delta for Group 0:
  Original: start=3.84074, slope=-2.14748e+09, intercept=-2.14748e+09, x_refl=0, y_refl=0
  Quantized: start=983, slope=0, intercept=0

Delta for Group 0:
  Original: start=3.84416, slope=-2.14748e+09, intercept=-2.14748e+09, x_refl=0, y_refl=0
  Quantized: start=984, slope=0, intercept=0

Delta for Group 0:
  Original: start=3.84758, slope=-2.14748e+09, intercept=-2.14748e+09, x_refl=0, y_refl=0
  Quantized: start=985, slope=0, intercept=0

Delta for Group 0:
  Original: start=3.851, slope=-2.14748e+09, intercept=-2.14748e+09, x_refl=0, y_refl=0
  Quantized: start=986, slope=0, intercept=0

Delta for Group 0:
  Original: start=3.85442, slope=-2.14748e+09, intercept=-2.14748e+09, x_refl=0, y_refl=0
  Quantized: start=987, slope=0, intercept=0

Delta for Group 0:
  Original: start=3.85784, slope=-2.14748e+09, intercept=-2.14748e+09, x_refl=0, y_refl=0
  Quantized: start=988, slope=0, intercept=0

Delta for Group 0:
  Original: start=3.86126, slope=-2.14748e+09, intercept=-2.14748e+09, x_refl=0, y_refl=0
  Quantized: start=988, slope=0, intercept=0

Delta for Group 0:
  Original: start=3.86468, slope=-2.14748e+09, intercept=-2.14748e+09, x_refl=0, y_refl=0
  Quantized: start=989, slope=0, intercept=0

Delta for Group 0:
  Original: start=3.8681, slope=-2.14748e+09, intercept=-2.14748e+09, x_refl=0, y_refl=0
  Quantized: start=990, slope=0, intercept=0

Delta for Group 0:
  Original: start=3.87152, slope=-2.14748e+09, intercept=-2.14748e+09, x_refl=0, y_refl=0
  Quantized: start=991, slope=0, intercept=0

Delta for Group 0:
  Original: start=3.87494, slope=-2.14748e+09, intercept=-2.14748e+09, x_refl=0, y_refl=0
  Quantized: start=992, slope=0, intercept=0

Delta for Group 0:
  Original: start=3.87836, slope=-2.14748e+09, intercept=-2.14748e+09, x_refl=0, y_refl=0
  Quantized: start=993, slope=0, intercept=0

Delta for Group 0:
  Original: start=3.88178, slope=-2.14748e+09, intercept=-2.14748e+09, x_refl=0, y_refl=0
  Quantized: start=994, slope=0, intercept=0

Delta for Group 0:
  Original: start=3.8852, slope=-2.14748e+09, intercept=-2.14748e+09, x_refl=0, y_refl=0
  Quantized: start=995, slope=0, intercept=0

Delta for Group 0:
  Original: start=3.88862, slope=-2.14748e+09, intercept=-2.14748e+09, x_refl=0, y_refl=0
  Quantized: start=995, slope=0, intercept=0

Delta for Group 0:
  Original: start=3.89204, slope=-2.14748e+09, intercept=-2.14748e+09, x_refl=0, y_refl=0
  Quantized: start=996, slope=0, intercept=0

Delta for Group 0:
  Original: start=3.89546, slope=-2.14748e+09, intercept=-2.14748e+09, x_refl=0, y_refl=0
  Quantized: start=997, slope=0, intercept=0

Delta for Group 0:
  Original: start=3.89888, slope=-2.14748e+09, intercept=-2.14748e+09, x_refl=0, y_refl=0
  Quantized: start=998, slope=0, intercept=0

Delta for Group 0:
  Original: start=3.9023, slope=-2.14748e+09, intercept=-2.14748e+09, x_refl=0, y_refl=0
  Quantized: start=999, slope=0, intercept=0

Delta for Group 0:
  Original: start=3.90572, slope=-2.14748e+09, intercept=-2.14748e+09, x_refl=0, y_refl=0
  Quantized: start=1000, slope=0, intercept=0

Delta for Group 0:
  Original: start=3.90914, slope=-2.14748e+09, intercept=-2.14748e+09, x_refl=0, y_refl=0
  Quantized: start=1001, slope=0, intercept=0

Delta for Group 0:
  Original: start=3.91255, slope=-2.14748e+09, intercept=-2.14748e+09, x_refl=0, y_refl=0
  Quantized: start=1002, slope=0, intercept=0

Delta for Group 0:
  Original: start=3.91597, slope=-2.14748e+09, intercept=-2.14748e+09, x_refl=0, y_refl=0
  Quantized: start=1002, slope=0, intercept=0

Delta for Group 0:
  Original: start=3.91939, slope=-2.14748e+09, intercept=-2.14748e+09, x_refl=0, y_refl=0
  Quantized: start=1003, slope=0, intercept=0

Delta for Group 0:
  Original: start=3.92281, slope=-2.14748e+09, intercept=-2.14748e+09, x_refl=0, y_refl=0
  Quantized: start=1004, slope=0, intercept=0

Delta for Group 0:
  Original: start=3.92623, slope=-2.14748e+09, intercept=-2.14748e+09, x_refl=0, y_refl=0
  Quantized: start=1005, slope=0, intercept=0

Delta for Group 0:
  Original: start=3.92965, slope=-2.14748e+09, intercept=-2.14748e+09, x_refl=0, y_refl=0
  Quantized: start=1006, slope=0, intercept=0

Delta for Group 0:
  Original: start=3.93307, slope=-2.14748e+09, intercept=-2.14748e+09, x_refl=0, y_refl=0
  Quantized: start=1007, slope=0, intercept=0

Delta for Group 0:
  Original: start=3.93649, slope=-2.14748e+09, intercept=-2.14748e+09, x_refl=0, y_refl=0
  Quantized: start=1008, slope=0, intercept=0

Delta for Group 0:
  Original: start=3.93991, slope=-2.14748e+09, intercept=-2.14748e+09, x_refl=0, y_refl=0
  Quantized: start=1009, slope=0, intercept=0

Delta for Group 0:
  Original: start=3.94333, slope=-2.14748e+09, intercept=-2.14748e+09, x_refl=0, y_refl=0
  Quantized: start=1009, slope=0, intercept=0

Delta for Group 0:
  Original: start=3.94675, slope=-2.14748e+09, intercept=-2.14748e+09, x_refl=0, y_refl=0
  Quantized: start=1010, slope=0, intercept=0

Delta for Group 0:
  Original: start=3.95017, slope=-2.14748e+09, intercept=-2.14748e+09, x_refl=0, y_refl=0
  Quantized: start=1011, slope=0, intercept=0

Delta for Group 0:
  Original: start=3.95359, slope=-2.14748e+09, intercept=-2.14748e+09, x_refl=0, y_refl=0
  Quantized: start=1012, slope=0, intercept=0

Delta for Group 0:
  Original: start=3.95701, slope=-2.14748e+09, intercept=-2.14748e+09, x_refl=0, y_refl=0
  Quantized: start=1013, slope=0, intercept=0

Delta for Group 0:
  Original: start=3.96043, slope=-2.14748e+09, intercept=-2.14748e+09, x_refl=0, y_refl=0
  Quantized: start=1014, slope=0, intercept=0

Delta for Group 0:
  Original: start=3.96385, slope=-2.14748e+09, intercept=-2.14748e+09, x_refl=0, y_refl=0
  Quantized: start=1015, slope=0, intercept=0

Delta for Group 0:
  Original: start=3.96727, slope=-2.14748e+09, intercept=-2.14748e+09, x_refl=0, y_refl=0
  Quantized: start=1016, slope=0, intercept=0

Delta for Group 0:
  Original: start=3.97069, slope=-2.14748e+09, intercept=-2.14748e+09, x_refl=0, y_refl=0
  Quantized: start=1016, slope=0, intercept=0

Delta for Group 0:
  Original: start=3.97411, slope=-2.14748e+09, intercept=-2.14748e+09, x_refl=0, y_refl=0
  Quantized: start=1017, slope=0, intercept=0

Delta for Group 0:
  Original: start=3.97753, slope=-2.14748e+09, intercept=-2.14748e+09, x_refl=0, y_refl=0
  Quantized: start=1018, slope=0, intercept=0

Delta for Group 0:
  Original: start=3.98095, slope=-2.14748e+09, intercept=-2.14748e+09, x_refl=0, y_refl=0
  Quantized: start=1019, slope=0, intercept=0

Delta for Group 0:
  Original: start=3.98437, slope=-2.14748e+09, intercept=-2.14748e+09, x_refl=0, y_refl=0
  Quantized: start=1020, slope=0, intercept=0

Delta for Group 0:
  Original: start=3.98779, slope=-2.14748e+09, intercept=-2.14748e+09, x_refl=0, y_refl=0
  Quantized: start=1021, slope=0, intercept=0

Delta for Group 0:
  Original: start=3.99121, slope=-2.14748e+09, intercept=-2.14748e+09, x_refl=0, y_refl=0
  Quantized: start=1022, slope=0, intercept=0

Delta for Group 0:
  Original: start=3.99463, slope=-2.14748e+09, intercept=-2.14748e+09, x_refl=0, y_refl=0
  Quantized: start=1023, slope=0, intercept=0

Delta for Group 0:
  Original: start=3.99805, slope=-2.14748e+09, intercept=-2.14748e+09, x_refl=0, y_refl=0
  Quantized: start=1023, slope=0, intercept=0

Delta for Group 0:
  Original: start=4.00147, slope=-2.14748e+09, intercept=-2.14748e+09, x_refl=0, y_refl=0
  Quantized: start=1024, slope=0, intercept=0

Delta for Group 0:
  Original: start=4.00489, slope=-2.14748e+09, intercept=-2.14748e+09, x_refl=0, y_refl=0
  Quantized: start=1025, slope=0, intercept=0

Delta for Group 0:
  Original: start=4.0083, slope=-2.14748e+09, intercept=-2.14748e+09, x_refl=0, y_refl=0
  Quantized: start=1026, slope=0, intercept=0

Delta for Group 0:
  Original: start=4.01172, slope=-2.14748e+09, intercept=-2.14748e+09, x_refl=0, y_refl=0
  Quantized: start=1027, slope=0, intercept=0

Delta for Group 0:
  Original: start=4.01514, slope=-2.14748e+09, intercept=-2.14748e+09, x_refl=0, y_refl=0
  Quantized: start=1028, slope=0, intercept=0

Delta for Group 0:
  Original: start=4.01856, slope=-2.14748e+09, intercept=-2.14748e+09, x_refl=0, y_refl=0
  Quantized: start=1029, slope=0, intercept=0

Delta for Group 0:
  Original: start=4.02198, slope=-2.14748e+09, intercept=-2.14748e+09, x_refl=0, y_refl=0
  Quantized: start=1030, slope=0, intercept=0

Delta for Group 0:
  Original: start=4.0254, slope=-2.14748e+09, intercept=-2.14748e+09, x_refl=0, y_refl=0
  Quantized: start=1031, slope=0, intercept=0

Delta for Group 0:
  Original: start=4.02882, slope=-2.14748e+09, intercept=-2.14748e+09, x_refl=0, y_refl=0
  Quantized: start=1031, slope=0, intercept=0

Delta for Group 0:
  Original: start=4.03224, slope=-2.14748e+09, intercept=-2.14748e+09, x_refl=0, y_refl=0
  Quantized: start=1032, slope=0, intercept=0

Delta for Group 0:
  Original: start=4.03566, slope=-2.14748e+09, intercept=-2.14748e+09, x_refl=0, y_refl=0
  Quantized: start=1033, slope=0, intercept=0

Delta for Group 0:
  Original: start=4.03908, slope=-2.14748e+09, intercept=-2.14748e+09, x_refl=0, y_refl=0
  Quantized: start=1034, slope=0, intercept=0

Delta for Group 0:
  Original: start=4.0425, slope=-2.14748e+09, intercept=-2.14748e+09, x_refl=0, y_refl=0
  Quantized: start=1035, slope=0, intercept=0

Delta for Group 0:
  Original: start=4.04592, slope=-2.14748e+09, intercept=-2.14748e+09, x_refl=0, y_refl=0
  Quantized: start=1036, slope=0, intercept=0

Delta for Group 0:
  Original: start=4.04934, slope=-2.14748e+09, intercept=-2.14748e+09, x_refl=0, y_refl=0
  Quantized: start=1037, slope=0, intercept=0

Delta for Group 0:
  Original: start=4.05276, slope=-2.14748e+09, intercept=-2.14748e+09, x_refl=0, y_refl=0
  Quantized: start=1038, slope=0, intercept=0

Delta for Group 0:
  Original: start=4.05618, slope=-2.14748e+09, intercept=-2.14748e+09, x_refl=0, y_refl=0
  Quantized: start=1038, slope=0, intercept=0

Delta for Group 0:
  Original: start=4.0596, slope=-2.14748e+09, intercept=-2.14748e+09, x_refl=0, y_refl=0
  Quantized: start=1039, slope=0, intercept=0

Delta for Group 0:
  Original: start=4.06302, slope=-2.14748e+09, intercept=-2.14748e+09, x_refl=0, y_refl=0
  Quantized: start=1040, slope=0, intercept=0

Delta for Group 0:
  Original: start=4.06644, slope=-2.14748e+09, intercept=-2.14748e+09, x_refl=0, y_refl=0
  Quantized: start=1041, slope=0, intercept=0

Delta for Group 0:
  Original: start=4.06986, slope=-2.14748e+09, intercept=-2.14748e+09, x_refl=0, y_refl=0
  Quantized: start=1042, slope=0, intercept=0

Delta for Group 0:
  Original: start=4.07328, slope=-2.14748e+09, intercept=-2.14748e+09, x_refl=0, y_refl=0
  Quantized: start=1043, slope=0, intercept=0

Delta for Group 0:
  Original: start=4.0767, slope=-2.14748e+09, intercept=-2.14748e+09, x_refl=0, y_refl=0
  Quantized: start=1044, slope=0, intercept=0

Delta for Group 0:
  Original: start=4.08012, slope=-2.14748e+09, intercept=-2.14748e+09, x_refl=0, y_refl=0
  Quantized: start=1045, slope=0, intercept=0

Delta for Group 0:
  Original: start=4.08354, slope=-2.14748e+09, intercept=-2.14748e+09, x_refl=0, y_refl=0
  Quantized: start=1045, slope=0, intercept=0

Delta for Group 0:
  Original: start=4.08696, slope=-2.14748e+09, intercept=-2.14748e+09, x_refl=0, y_refl=0
  Quantized: start=1046, slope=0, intercept=0

Delta for Group 0:
  Original: start=4.09038, slope=-2.14748e+09, intercept=-2.14748e+09, x_refl=0, y_refl=0
  Quantized: start=1047, slope=0, intercept=0

Delta for Group 0:
  Original: start=4.0938, slope=-2.14748e+09, intercept=-2.14748e+09, x_refl=0, y_refl=0
  Quantized: start=1048, slope=0, intercept=0

Delta for Group 0:
  Original: start=4.09722, slope=-2.14748e+09, intercept=-2.14748e+09, x_refl=0, y_refl=0
  Quantized: start=1049, slope=0, intercept=0

Delta for Group 0:
  Original: start=4.10064, slope=-2.14748e+09, intercept=-2.14748e+09, x_refl=0, y_refl=0
  Quantized: start=1050, slope=0, intercept=0

Delta for Group 0:
  Original: start=4.10405, slope=-2.14748e+09, intercept=-2.14748e+09, x_refl=0, y_refl=0
  Quantized: start=1051, slope=0, intercept=0

Delta for Group 0:
  Original: start=4.10747, slope=-2.14748e+09, intercept=-2.14748e+09, x_refl=0, y_refl=0
  Quantized: start=1052, slope=0, intercept=0

Delta for Group 0:
  Original: start=4.11089, slope=-2.14748e+09, intercept=-2.14748e+09, x_refl=0, y_refl=0
  Quantized: start=1052, slope=0, intercept=0

Delta for Group 0:
  Original: start=4.11431, slope=-2.14748e+09, intercept=-2.14748e+09, x_refl=0, y_refl=0
  Quantized: start=1053, slope=0, intercept=0

Delta for Group 0:
  Original: start=4.11773, slope=-2.14748e+09, intercept=-2.14748e+09, x_refl=0, y_refl=0
  Quantized: start=1054, slope=0, intercept=0

Delta for Group 0:
  Original: start=4.12115, slope=-2.14748e+09, intercept=-2.14748e+09, x_refl=0, y_refl=0
  Quantized: start=1055, slope=0, intercept=0

Delta for Group 0:
  Original: start=4.12457, slope=-2.14748e+09, intercept=-2.14748e+09, x_refl=0, y_refl=0
  Quantized: start=1056, slope=0, intercept=0

Delta for Group 0:
  Original: start=4.12799, slope=-2.14748e+09, intercept=-2.14748e+09, x_refl=0, y_refl=0
  Quantized: start=1057, slope=0, intercept=0

Delta for Group 0:
  Original: start=4.13141, slope=-2.14748e+09, intercept=-2.14748e+09, x_refl=0, y_refl=0
  Quantized: start=1058, slope=0, intercept=0

Delta for Group 0:
  Original: start=4.13483, slope=-2.14748e+09, intercept=-2.14748e+09, x_refl=0, y_refl=0
  Quantized: start=1059, slope=0, intercept=0

Delta for Group 0:
  Original: start=4.13825, slope=-2.14748e+09, intercept=-2.14748e+09, x_refl=0, y_refl=0
  Quantized: start=1059, slope=0, intercept=0

Delta for Group 0:
  Original: start=4.14167, slope=-2.14748e+09, intercept=-2.14748e+09, x_refl=0, y_refl=0
  Quantized: start=1060, slope=0, intercept=0

Delta for Group 0:
  Original: start=4.14509, slope=-2.14748e+09, intercept=-2.14748e+09, x_refl=0, y_refl=0
  Quantized: start=1061, slope=0, intercept=0

Delta for Group 0:
  Original: start=4.14851, slope=-2.14748e+09, intercept=-2.14748e+09, x_refl=0, y_refl=0
  Quantized: start=1062, slope=0, intercept=0

Delta for Group 0:
  Original: start=4.15193, slope=-2.14748e+09, intercept=-2.14748e+09, x_refl=0, y_refl=0
  Quantized: start=1063, slope=0, intercept=0

Delta for Group 0:
  Original: start=4.15535, slope=-2.14748e+09, intercept=-2.14748e+09, x_refl=0, y_refl=0
  Quantized: start=1064, slope=0, intercept=0

Delta for Group 0:
  Original: start=4.15877, slope=-2.14748e+09, intercept=-2.14748e+09, x_refl=0, y_refl=0
  Quantized: start=1065, slope=0, intercept=0

Delta for Group 0:
  Original: start=4.16219, slope=-2.14748e+09, intercept=-2.14748e+09, x_refl=0, y_refl=0
  Quantized: start=1066, slope=0, intercept=0

Delta for Group 0:
  Original: start=4.16561, slope=-2.14748e+09, intercept=-2.14748e+09, x_refl=0, y_refl=0
  Quantized: start=1066, slope=0, intercept=0

Delta for Group 0:
  Original: start=4.16903, slope=-2.14748e+09, intercept=-2.14748e+09, x_refl=0, y_refl=0
  Quantized: start=1067, slope=0, intercept=0

Delta for Group 0:
  Original: start=4.17245, slope=-2.14748e+09, intercept=-2.14748e+09, x_refl=0, y_refl=0
  Quantized: start=1068, slope=0, intercept=0

Delta for Group 0:
  Original: start=4.17587, slope=-2.14748e+09, intercept=-2.14748e+09, x_refl=0, y_refl=0
  Quantized: start=1069, slope=0, intercept=0

Delta for Group 0:
  Original: start=4.17929, slope=-2.14748e+09, intercept=-2.14748e+09, x_refl=0, y_refl=0
  Quantized: start=1070, slope=0, intercept=0

Delta for Group 0:
  Original: start=4.18271, slope=-2.14748e+09, intercept=-2.14748e+09, x_refl=0, y_refl=0
  Quantized: start=1071, slope=0, intercept=0

Delta for Group 0:
  Original: start=4.18613, slope=-2.14748e+09, intercept=-2.14748e+09, x_refl=0, y_refl=0
  Quantized: start=1072, slope=0, intercept=0

Delta for Group 0:
  Original: start=4.18955, slope=-2.14748e+09, intercept=-2.14748e+09, x_refl=0, y_refl=0
  Quantized: start=1073, slope=0, intercept=0

Delta for Group 0:
  Original: start=4.19297, slope=-2.14748e+09, intercept=-2.14748e+09, x_refl=0, y_refl=0
  Quantized: start=1073, slope=0, intercept=0

Delta for Group 0:
  Original: start=4.19638, slope=-2.14748e+09, intercept=-2.14748e+09, x_refl=0, y_refl=0
  Quantized: start=1074, slope=0, intercept=0

Delta for Group 0:
  Original: start=4.1998, slope=-2.14748e+09, intercept=-2.14748e+09, x_refl=0, y_refl=0
  Quantized: start=1075, slope=0, intercept=0

Delta for Group 0:
  Original: start=4.20322, slope=-2.14748e+09, intercept=-2.14748e+09, x_refl=0, y_refl=0
  Quantized: start=1076, slope=0, intercept=0

Delta for Group 0:
  Original: start=4.20664, slope=-2.14748e+09, intercept=-2.14748e+09, x_refl=0, y_refl=0
  Quantized: start=1077, slope=0, intercept=0

Delta for Group 0:
  Original: start=4.21006, slope=-2.14748e+09, intercept=-2.14748e+09, x_refl=0, y_refl=0
  Quantized: start=1078, slope=0, intercept=0

Delta for Group 0:
  Original: start=4.21348, slope=-2.14748e+09, intercept=-2.14748e+09, x_refl=0, y_refl=0
  Quantized: start=1079, slope=0, intercept=0

Delta for Group 0:
  Original: start=4.2169, slope=-2.14748e+09, intercept=-2.14748e+09, x_refl=0, y_refl=0
  Quantized: start=1080, slope=0, intercept=0

Delta for Group 0:
  Original: start=4.22032, slope=-2.14748e+09, intercept=-2.14748e+09, x_refl=0, y_refl=0
  Quantized: start=1080, slope=0, intercept=0

Delta for Group 0:
  Original: start=4.22374, slope=-2.14748e+09, intercept=-2.14748e+09, x_refl=0, y_refl=0
  Quantized: start=1081, slope=0, intercept=0

Delta for Group 0:
  Original: start=4.22716, slope=-2.14748e+09, intercept=-2.14748e+09, x_refl=0, y_refl=0
  Quantized: start=1082, slope=0, intercept=0

Delta for Group 0:
  Original: start=4.23058, slope=-2.14748e+09, intercept=-2.14748e+09, x_refl=0, y_refl=0
  Quantized: start=1083, slope=0, intercept=0

Delta for Group 0:
  Original: start=4.234, slope=-2.14748e+09, intercept=-2.14748e+09, x_refl=0, y_refl=0
  Quantized: start=1084, slope=0, intercept=0

Delta for Group 0:
  Original: start=4.23742, slope=-2.14748e+09, intercept=-2.14748e+09, x_refl=0, y_refl=0
  Quantized: start=1085, slope=0, intercept=0

Delta for Group 0:
  Original: start=4.24084, slope=-2.14748e+09, intercept=-2.14748e+09, x_refl=0, y_refl=0
  Quantized: start=1086, slope=0, intercept=0

Delta for Group 0:
  Original: start=4.24426, slope=-2.14748e+09, intercept=-2.14748e+09, x_refl=0, y_refl=0
  Quantized: start=1087, slope=0, intercept=0

Delta for Group 0:
  Original: start=4.24768, slope=-2.14748e+09, intercept=-2.14748e+09, x_refl=0, y_refl=0
  Quantized: start=1087, slope=0, intercept=0

Delta for Group 0:
  Original: start=4.2511, slope=-2.14748e+09, intercept=-2.14748e+09, x_refl=0, y_refl=0
  Quantized: start=1088, slope=0, intercept=0

Delta for Group 0:
  Original: start=4.25452, slope=-2.14748e+09, intercept=-2.14748e+09, x_refl=0, y_refl=0
  Quantized: start=1089, slope=0, intercept=0

Delta for Group 0:
  Original: start=4.25794, slope=-2.14748e+09, intercept=-2.14748e+09, x_refl=0, y_refl=0
  Quantized: start=1090, slope=0, intercept=0

Delta for Group 0:
  Original: start=4.26136, slope=-2.14748e+09, intercept=-2.14748e+09, x_refl=0, y_refl=0
  Quantized: start=1091, slope=0, intercept=0

Delta for Group 0:
  Original: start=4.26478, slope=-2.14748e+09, intercept=-2.14748e+09, x_refl=0, y_refl=0
  Quantized: start=1092, slope=0, intercept=0

Delta for Group 0:
  Original: start=4.2682, slope=-2.14748e+09, intercept=-2.14748e+09, x_refl=0, y_refl=0
  Quantized: start=1093, slope=0, intercept=0

Delta for Group 0:
  Original: start=4.27162, slope=-2.14748e+09, intercept=-2.14748e+09, x_refl=0, y_refl=0
  Quantized: start=1094, slope=0, intercept=0

Delta for Group 0:
  Original: start=4.27504, slope=-2.14748e+09, intercept=-2.14748e+09, x_refl=0, y_refl=0
  Quantized: start=1094, slope=0, intercept=0

Delta for Group 0:
  Original: start=4.27846, slope=-2.14748e+09, intercept=-2.14748e+09, x_refl=0, y_refl=0
  Quantized: start=1095, slope=0, intercept=0

Delta for Group 0:
  Original: start=4.28188, slope=-2.14748e+09, intercept=-2.14748e+09, x_refl=0, y_refl=0
  Quantized: start=1096, slope=0, intercept=0

Delta for Group 0:
  Original: start=4.2853, slope=-2.14748e+09, intercept=-2.14748e+09, x_refl=0, y_refl=0
  Quantized: start=1097, slope=0, intercept=0

Delta for Group 0:
  Original: start=4.28872, slope=-2.14748e+09, intercept=-2.14748e+09, x_refl=0, y_refl=0
  Quantized: start=1098, slope=0, intercept=0

Delta for Group 0:
  Original: start=4.29213, slope=-2.14748e+09, intercept=-2.14748e+09, x_refl=0, y_refl=0
  Quantized: start=1099, slope=0, intercept=0

Delta for Group 0:
  Original: start=4.29555, slope=-2.14748e+09, intercept=-2.14748e+09, x_refl=0, y_refl=0
  Quantized: start=1100, slope=0, intercept=0

Delta for Group 0:
  Original: start=4.29897, slope=-2.14748e+09, intercept=-2.14748e+09, x_refl=0, y_refl=0
  Quantized: start=1101, slope=0, intercept=0

Delta for Group 0:
  Original: start=4.30239, slope=-2.14748e+09, intercept=-2.14748e+09, x_refl=0, y_refl=0
  Quantized: start=1101, slope=0, intercept=0

Delta for Group 0:
  Original: start=4.30581, slope=-2.14748e+09, intercept=-2.14748e+09, x_refl=0, y_refl=0
  Quantized: start=1102, slope=0, intercept=0

Delta for Group 0:
  Original: start=4.30923, slope=-2.14748e+09, intercept=-2.14748e+09, x_refl=0, y_refl=0
  Quantized: start=1103, slope=0, intercept=0

Delta for Group 0:
  Original: start=4.31265, slope=-2.14748e+09, intercept=-2.14748e+09, x_refl=0, y_refl=0
  Quantized: start=1104, slope=0, intercept=0

Delta for Group 0:
  Original: start=4.31607, slope=-2.14748e+09, intercept=-2.14748e+09, x_refl=0, y_refl=0
  Quantized: start=1105, slope=0, intercept=0

Delta for Group 0:
  Original: start=4.31949, slope=-2.14748e+09, intercept=-2.14748e+09, x_refl=0, y_refl=0
  Quantized: start=1106, slope=0, intercept=0

Delta for Group 0:
  Original: start=4.32291, slope=-2.14748e+09, intercept=-2.14748e+09, x_refl=0, y_refl=0
  Quantized: start=1107, slope=0, intercept=0

Delta for Group 0:
  Original: start=4.32633, slope=-2.14748e+09, intercept=-2.14748e+09, x_refl=0, y_refl=0
  Quantized: start=1108, slope=0, intercept=0

Delta for Group 0:
  Original: start=4.32975, slope=-2.14748e+09, intercept=-2.14748e+09, x_refl=0, y_refl=0
  Quantized: start=1108, slope=0, intercept=0

Delta for Group 0:
  Original: start=4.33317, slope=-2.14748e+09, intercept=-2.14748e+09, x_refl=0, y_refl=0
  Quantized: start=1109, slope=0, intercept=0

Delta for Group 0:
  Original: start=4.33659, slope=-2.14748e+09, intercept=-2.14748e+09, x_refl=0, y_refl=0
  Quantized: start=1110, slope=0, intercept=0

Delta for Group 0:
  Original: start=4.34001, slope=-2.14748e+09, intercept=-2.14748e+09, x_refl=0, y_refl=0
  Quantized: start=1111, slope=0, intercept=0

Delta for Group 0:
  Original: start=4.34343, slope=-2.14748e+09, intercept=-2.14748e+09, x_refl=0, y_refl=0
  Quantized: start=1112, slope=0, intercept=0

Delta for Group 0:
  Original: start=4.34685, slope=-2.14748e+09, intercept=-2.14748e+09, x_refl=0, y_refl=0
  Quantized: start=1113, slope=0, intercept=0

Delta for Group 0:
  Original: start=4.35027, slope=-2.14748e+09, intercept=-2.14748e+09, x_refl=0, y_refl=0
  Quantized: start=1114, slope=0, intercept=0

Delta for Group 0:
  Original: start=4.35369, slope=-2.14748e+09, intercept=-2.14748e+09, x_refl=0, y_refl=0
  Quantized: start=1115, slope=0, intercept=0

Delta for Group 0:
  Original: start=4.35711, slope=-2.14748e+09, intercept=-2.14748e+09, x_refl=0, y_refl=0
  Quantized: start=1115, slope=0, intercept=0

Delta for Group 0:
  Original: start=4.36053, slope=-2.14748e+09, intercept=-2.14748e+09, x_refl=0, y_refl=0
  Quantized: start=1116, slope=0, intercept=0

Delta for Group 0:
  Original: start=4.36395, slope=-2.14748e+09, intercept=-2.14748e+09, x_refl=0, y_refl=0
  Quantized: start=1117, slope=0, intercept=0

Delta for Group 0:
  Original: start=4.36737, slope=-2.14748e+09, intercept=-2.14748e+09, x_refl=0, y_refl=0
  Quantized: start=1118, slope=0, intercept=0

Delta for Group 0:
  Original: start=4.37079, slope=-2.14748e+09, intercept=-2.14748e+09, x_refl=0, y_refl=0
  Quantized: start=1119, slope=0, intercept=0

Delta for Group 0:
  Original: start=4.37421, slope=-2.14748e+09, intercept=-2.14748e+09, x_refl=0, y_refl=0
  Quantized: start=1120, slope=0, intercept=0

Delta for Group 0:
  Original: start=4.37763, slope=-2.14748e+09, intercept=-2.14748e+09, x_refl=0, y_refl=0
  Quantized: start=1121, slope=0, intercept=0

Delta for Group 0:
  Original: start=4.38105, slope=-2.14748e+09, intercept=-2.14748e+09, x_refl=0, y_refl=0
  Quantized: start=1122, slope=0, intercept=0

Delta for Group 0:
  Original: start=4.38447, slope=-2.14748e+09, intercept=-2.14748e+09, x_refl=0, y_refl=0
  Quantized: start=1122, slope=0, intercept=0

Delta for Group 0:
  Original: start=4.38788, slope=-2.14748e+09, intercept=-2.14748e+09, x_refl=0, y_refl=0
  Quantized: start=1123, slope=0, intercept=0

Delta for Group 0:
  Original: start=4.3913, slope=-2.14748e+09, intercept=-2.14748e+09, x_refl=0, y_refl=0
  Quantized: start=1124, slope=0, intercept=0

Delta for Group 0:
  Original: start=4.39472, slope=-2.14748e+09, intercept=-2.14748e+09, x_refl=0, y_refl=0
  Quantized: start=1125, slope=0, intercept=0

Delta for Group 0:
  Original: start=4.39814, slope=-2.14748e+09, intercept=-2.14748e+09, x_refl=0, y_refl=0
  Quantized: start=1126, slope=0, intercept=0

Delta for Group 0:
  Original: start=4.40156, slope=-2.14748e+09, intercept=-2.14748e+09, x_refl=0, y_refl=0
  Quantized: start=1127, slope=0, intercept=0

Delta for Group 0:
  Original: start=4.40498, slope=-2.14748e+09, intercept=-2.14748e+09, x_refl=0, y_refl=0
  Quantized: start=1128, slope=0, intercept=0

Delta for Group 0:
  Original: start=4.4084, slope=-2.14748e+09, intercept=-2.14748e+09, x_refl=0, y_refl=0
  Quantized: start=1129, slope=0, intercept=0

Delta for Group 0:
  Original: start=4.41182, slope=-2.14748e+09, intercept=-2.14748e+09, x_refl=0, y_refl=0
  Quantized: start=1129, slope=0, intercept=0

Delta for Group 0:
  Original: start=4.41524, slope=-2.14748e+09, intercept=-2.14748e+09, x_refl=0, y_refl=0
  Quantized: start=1130, slope=0, intercept=0

Delta for Group 0:
  Original: start=4.41866, slope=-2.14748e+09, intercept=-2.14748e+09, x_refl=0, y_refl=0
  Quantized: start=1131, slope=0, intercept=0

Delta for Group 0:
  Original: start=4.42208, slope=-2.14748e+09, intercept=-2.14748e+09, x_refl=0, y_refl=0
  Quantized: start=1132, slope=0, intercept=0

Delta for Group 0:
  Original: start=4.4255, slope=-2.14748e+09, intercept=-2.14748e+09, x_refl=0, y_refl=0
  Quantized: start=1133, slope=0, intercept=0

Delta for Group 0:
  Original: start=4.42892, slope=-2.14748e+09, intercept=-2.14748e+09, x_refl=0, y_refl=0
  Quantized: start=1134, slope=0, intercept=0

Delta for Group 0:
  Original: start=4.43234, slope=-2.14748e+09, intercept=-2.14748e+09, x_refl=0, y_refl=0
  Quantized: start=1135, slope=0, intercept=0

Delta for Group 0:
  Original: start=4.43576, slope=-2.14748e+09, intercept=-2.14748e+09, x_refl=0, y_refl=0
  Quantized: start=1136, slope=0, intercept=0

Delta for Group 0:
  Original: start=4.43918, slope=-2.14748e+09, intercept=-2.14748e+09, x_refl=0, y_refl=0
  Quantized: start=1136, slope=0, intercept=0

Delta for Group 0:
  Original: start=4.4426, slope=-2.14748e+09, intercept=-2.14748e+09, x_refl=0, y_refl=0
  Quantized: start=1137, slope=0, intercept=0

Delta for Group 0:
  Original: start=4.44602, slope=-2.14748e+09, intercept=-2.14748e+09, x_refl=0, y_refl=0
  Quantized: start=1138, slope=0, intercept=0

Delta for Group 0:
  Original: start=4.44944, slope=-2.14748e+09, intercept=-2.14748e+09, x_refl=0, y_refl=0
  Quantized: start=1139, slope=0, intercept=0

Delta for Group 0:
  Original: start=4.45286, slope=-2.14748e+09, intercept=-2.14748e+09, x_refl=0, y_refl=0
  Quantized: start=1140, slope=0, intercept=0

Delta for Group 0:
  Original: start=4.45628, slope=-2.14748e+09, intercept=-2.14748e+09, x_refl=0, y_refl=0
  Quantized: start=1141, slope=0, intercept=0

Delta for Group 0:
  Original: start=4.4597, slope=-2.14748e+09, intercept=-2.14748e+09, x_refl=0, y_refl=0
  Quantized: start=1142, slope=0, intercept=0

Delta for Group 0:
  Original: start=4.46312, slope=-2.14748e+09, intercept=-2.14748e+09, x_refl=0, y_refl=0
  Quantized: start=1143, slope=0, intercept=0

Delta for Group 0:
  Original: start=4.46654, slope=-2.14748e+09, intercept=-2.14748e+09, x_refl=0, y_refl=0
  Quantized: start=1143, slope=0, intercept=0

Delta for Group 0:
  Original: start=4.46996, slope=-2.14748e+09, intercept=-2.14748e+09, x_refl=0, y_refl=0
  Quantized: start=1144, slope=0, intercept=0

Delta for Group 0:
  Original: start=4.47338, slope=-2.14748e+09, intercept=-2.14748e+09, x_refl=0, y_refl=0
  Quantized: start=1145, slope=0, intercept=0

Delta for Group 0:
  Original: start=4.4768, slope=-2.14748e+09, intercept=-2.14748e+09, x_refl=0, y_refl=0
  Quantized: start=1146, slope=0, intercept=0

Delta for Group 0:
  Original: start=4.48021, slope=-2.14748e+09, intercept=-2.14748e+09, x_refl=0, y_refl=0
  Quantized: start=1147, slope=0, intercept=0

Delta for Group 0:
  Original: start=4.48363, slope=-2.14748e+09, intercept=-2.14748e+09, x_refl=0, y_refl=0
  Quantized: start=1148, slope=0, intercept=0

Delta for Group 0:
  Original: start=4.48705, slope=-2.14748e+09, intercept=-2.14748e+09, x_refl=0, y_refl=0
  Quantized: start=1149, slope=0, intercept=0

Delta for Group 0:
  Original: start=4.49047, slope=-2.14748e+09, intercept=-2.14748e+09, x_refl=0, y_refl=0
  Quantized: start=1150, slope=0, intercept=0

Delta for Group 0:
  Original: start=4.49389, slope=-2.14748e+09, intercept=-2.14748e+09, x_refl=0, y_refl=0
  Quantized: start=1150, slope=0, intercept=0

Delta for Group 0:
  Original: start=4.49731, slope=-2.14748e+09, intercept=-2.14748e+09, x_refl=0, y_refl=0
  Quantized: start=1151, slope=0, intercept=0

Delta for Group 0:
  Original: start=4.50073, slope=-2.14748e+09, intercept=-2.14748e+09, x_refl=0, y_refl=0
  Quantized: start=1152, slope=0, intercept=0

Delta for Group 0:
  Original: start=4.50415, slope=-2.14748e+09, intercept=-2.14748e+09, x_refl=0, y_refl=0
  Quantized: start=1153, slope=0, intercept=0

Delta for Group 0:
  Original: start=4.50757, slope=-2.14748e+09, intercept=-2.14748e+09, x_refl=0, y_refl=0
  Quantized: start=1154, slope=0, intercept=0

Delta for Group 0:
  Original: start=4.51099, slope=-2.14748e+09, intercept=-2.14748e+09, x_refl=0, y_refl=0
  Quantized: start=1155, slope=0, intercept=0

Delta for Group 0:
  Original: start=4.51441, slope=-2.14748e+09, intercept=-2.14748e+09, x_refl=0, y_refl=0
  Quantized: start=1156, slope=0, intercept=0

Delta for Group 0:
  Original: start=4.51783, slope=-2.14748e+09, intercept=-2.14748e+09, x_refl=0, y_refl=0
  Quantized: start=1157, slope=0, intercept=0

Delta for Group 0:
  Original: start=4.52125, slope=-2.14748e+09, intercept=-2.14748e+09, x_refl=0, y_refl=0
  Quantized: start=1157, slope=0, intercept=0

Delta for Group 0:
  Original: start=4.52467, slope=-2.14748e+09, intercept=-2.14748e+09, x_refl=0, y_refl=0
  Quantized: start=1158, slope=0, intercept=0

Delta for Group 0:
  Original: start=4.52809, slope=-2.14748e+09, intercept=-2.14748e+09, x_refl=0, y_refl=0
  Quantized: start=1159, slope=0, intercept=0

Delta for Group 0:
  Original: start=4.53151, slope=-2.14748e+09, intercept=-2.14748e+09, x_refl=0, y_refl=0
  Quantized: start=1160, slope=0, intercept=0

Delta for Group 0:
  Original: start=4.53493, slope=-2.14748e+09, intercept=-2.14748e+09, x_refl=0, y_refl=0
  Quantized: start=1161, slope=0, intercept=0

Delta for Group 0:
  Original: start=4.53835, slope=-2.14748e+09, intercept=-2.14748e+09, x_refl=0, y_refl=0
  Quantized: start=1162, slope=0, intercept=0

Delta for Group 0:
  Original: start=4.54177, slope=-2.14748e+09, intercept=-2.14748e+09, x_refl=0, y_refl=0
  Quantized: start=1163, slope=0, intercept=0

Delta for Group 0:
  Original: start=4.54519, slope=-2.14748e+09, intercept=-2.14748e+09, x_refl=0, y_refl=0
  Quantized: start=1164, slope=0, intercept=0

Delta for Group 0:
  Original: start=4.54861, slope=-2.14748e+09, intercept=-2.14748e+09, x_refl=0, y_refl=0
  Quantized: start=1164, slope=0, intercept=0

Delta for Group 0:
  Original: start=4.55203, slope=-2.14748e+09, intercept=-2.14748e+09, x_refl=0, y_refl=0
  Quantized: start=1165, slope=0, intercept=0

Delta for Group 0:
  Original: start=4.55545, slope=-2.14748e+09, intercept=-2.14748e+09, x_refl=0, y_refl=0
  Quantized: start=1166, slope=0, intercept=0

Delta for Group 0:
  Original: start=4.55887, slope=-2.14748e+09, intercept=-2.14748e+09, x_refl=0, y_refl=0
  Quantized: start=1167, slope=0, intercept=0

Delta for Group 0:
  Original: start=4.56229, slope=-2.14748e+09, intercept=-2.14748e+09, x_refl=0, y_refl=0
  Quantized: start=1168, slope=0, intercept=0

Delta for Group 0:
  Original: start=4.56571, slope=-2.14748e+09, intercept=-2.14748e+09, x_refl=0, y_refl=0
  Quantized: start=1169, slope=0, intercept=0

Delta for Group 0:
  Original: start=4.56913, slope=-2.14748e+09, intercept=-2.14748e+09, x_refl=0, y_refl=0
  Quantized: start=1170, slope=0, intercept=0

Delta for Group 0:
  Original: start=4.57255, slope=-2.14748e+09, intercept=-2.14748e+09, x_refl=0, y_refl=0
  Quantized: start=1171, slope=0, intercept=0

Delta for Group 0:
  Original: start=4.57596, slope=-2.14748e+09, intercept=-2.14748e+09, x_refl=0, y_refl=0
  Quantized: start=1171, slope=0, intercept=0

Delta for Group 0:
  Original: start=4.57938, slope=-2.14748e+09, intercept=-2.14748e+09, x_refl=0, y_refl=0
  Quantized: start=1172, slope=0, intercept=0

Delta for Group 0:
  Original: start=4.5828, slope=-2.14748e+09, intercept=-2.14748e+09, x_refl=0, y_refl=0
  Quantized: start=1173, slope=0, intercept=0

Delta for Group 0:
  Original: start=4.58622, slope=-2.14748e+09, intercept=-2.14748e+09, x_refl=0, y_refl=0
  Quantized: start=1174, slope=0, intercept=0

Delta for Group 0:
  Original: start=4.58964, slope=-2.14748e+09, intercept=-2.14748e+09, x_refl=0, y_refl=0
  Quantized: start=1175, slope=0, intercept=0

Delta for Group 0:
  Original: start=4.59306, slope=-2.14748e+09, intercept=-2.14748e+09, x_refl=0, y_refl=0
  Quantized: start=1176, slope=0, intercept=0

Delta for Group 0:
  Original: start=4.59648, slope=-2.14748e+09, intercept=-2.14748e+09, x_refl=0, y_refl=0
  Quantized: start=1177, slope=0, intercept=0

Delta for Group 0:
  Original: start=4.5999, slope=-2.14748e+09, intercept=-2.14748e+09, x_refl=0, y_refl=0
  Quantized: start=1178, slope=0, intercept=0

Delta for Group 0:
  Original: start=4.60332, slope=-2.14748e+09, intercept=-2.14748e+09, x_refl=0, y_refl=0
  Quantized: start=1178, slope=0, intercept=0

Delta for Group 0:
  Original: start=4.60674, slope=-2.14748e+09, intercept=-2.14748e+09, x_refl=0, y_refl=0
  Quantized: start=1179, slope=0, intercept=0

Delta for Group 0:
  Original: start=4.61016, slope=-2.14748e+09, intercept=-2.14748e+09, x_refl=0, y_refl=0
  Quantized: start=1180, slope=0, intercept=0

Delta for Group 0:
  Original: start=4.61358, slope=-2.14748e+09, intercept=-2.14748e+09, x_refl=0, y_refl=0
  Quantized: start=1181, slope=0, intercept=0

Delta for Group 0:
  Original: start=4.617, slope=-2.14748e+09, intercept=-2.14748e+09, x_refl=0, y_refl=0
  Quantized: start=1182, slope=0, intercept=0

Delta for Group 0:
  Original: start=4.62042, slope=-2.14748e+09, intercept=-2.14748e+09, x_refl=0, y_refl=0
  Quantized: start=1183, slope=0, intercept=0

Delta for Group 0:
  Original: start=4.62384, slope=-2.14748e+09, intercept=-2.14748e+09, x_refl=0, y_refl=0
  Quantized: start=1184, slope=0, intercept=0

Delta for Group 0:
  Original: start=4.62726, slope=-2.14748e+09, intercept=-2.14748e+09, x_refl=0, y_refl=0
  Quantized: start=1185, slope=0, intercept=0

Delta for Group 0:
  Original: start=4.63068, slope=-2.14748e+09, intercept=-2.14748e+09, x_refl=0, y_refl=0
  Quantized: start=1185, slope=0, intercept=0

Delta for Group 0:
  Original: start=4.6341, slope=-2.14748e+09, intercept=-2.14748e+09, x_refl=0, y_refl=0
  Quantized: start=1186, slope=0, intercept=0

Delta for Group 0:
  Original: start=4.63752, slope=-2.14748e+09, intercept=-2.14748e+09, x_refl=0, y_refl=0
  Quantized: start=1187, slope=0, intercept=0

Delta for Group 0:
  Original: start=4.64094, slope=-2.14748e+09, intercept=-2.14748e+09, x_refl=0, y_refl=0
  Quantized: start=1188, slope=0, intercept=0

Delta for Group 0:
  Original: start=4.64436, slope=-2.14748e+09, intercept=-2.14748e+09, x_refl=0, y_refl=0
  Quantized: start=1189, slope=0, intercept=0

Delta for Group 0:
  Original: start=4.64778, slope=-2.14748e+09, intercept=-2.14748e+09, x_refl=0, y_refl=0
  Quantized: start=1190, slope=0, intercept=0

Delta for Group 0:
  Original: start=4.6512, slope=-2.14748e+09, intercept=-2.14748e+09, x_refl=0, y_refl=0
  Quantized: start=1191, slope=0, intercept=0

Delta for Group 0:
  Original: start=4.65462, slope=-2.14748e+09, intercept=-2.14748e+09, x_refl=0, y_refl=0
  Quantized: start=1192, slope=0, intercept=0

Delta for Group 0:
  Original: start=4.65804, slope=-2.14748e+09, intercept=-2.14748e+09, x_refl=0, y_refl=0
  Quantized: start=1192, slope=0, intercept=0

Delta for Group 0:
  Original: start=4.66146, slope=-2.14748e+09, intercept=-2.14748e+09, x_refl=0, y_refl=0
  Quantized: start=1193, slope=0, intercept=0

Delta for Group 0:
  Original: start=4.66488, slope=-2.14748e+09, intercept=-2.14748e+09, x_refl=0, y_refl=0
  Quantized: start=1194, slope=0, intercept=0

Delta for Group 0:
  Original: start=4.6683, slope=-2.14748e+09, intercept=-2.14748e+09, x_refl=0, y_refl=0
  Quantized: start=1195, slope=0, intercept=0

Delta for Group 0:
  Original: start=4.67171, slope=-2.14748e+09, intercept=-2.14748e+09, x_refl=0, y_refl=0
  Quantized: start=1196, slope=0, intercept=0

Delta for Group 0:
  Original: start=4.67513, slope=-2.14748e+09, intercept=-2.14748e+09, x_refl=0, y_refl=0
  Quantized: start=1197, slope=0, intercept=0

Delta for Group 0:
  Original: start=4.67855, slope=-2.14748e+09, intercept=-2.14748e+09, x_refl=0, y_refl=0
  Quantized: start=1198, slope=0, intercept=0

Delta for Group 0:
  Original: start=4.68197, slope=-2.14748e+09, intercept=-2.14748e+09, x_refl=0, y_refl=0
  Quantized: start=1199, slope=0, intercept=0

Delta for Group 0:
  Original: start=4.68539, slope=-2.14748e+09, intercept=-2.14748e+09, x_refl=0, y_refl=0
  Quantized: start=1199, slope=0, intercept=0

Delta for Group 0:
  Original: start=4.68881, slope=-2.14748e+09, intercept=-2.14748e+09, x_refl=0, y_refl=0
  Quantized: start=1200, slope=0, intercept=0

Delta for Group 0:
  Original: start=4.69223, slope=-2.14748e+09, intercept=-2.14748e+09, x_refl=0, y_refl=0
  Quantized: start=1201, slope=0, intercept=0

Delta for Group 0:
  Original: start=4.69565, slope=-2.14748e+09, intercept=-2.14748e+09, x_refl=0, y_refl=0
  Quantized: start=1202, slope=0, intercept=0

Delta for Group 0:
  Original: start=4.69907, slope=-2.14748e+09, intercept=-2.14748e+09, x_refl=0, y_refl=0
  Quantized: start=1203, slope=0, intercept=0

Delta for Group 0:
  Original: start=4.70249, slope=-2.14748e+09, intercept=-2.14748e+09, x_refl=0, y_refl=0
  Quantized: start=1204, slope=0, intercept=0

Delta for Group 0:
  Original: start=4.70591, slope=-2.14748e+09, intercept=-2.14748e+09, x_refl=0, y_refl=0
  Quantized: start=1205, slope=0, intercept=0

Delta for Group 0:
  Original: start=4.70933, slope=-2.14748e+09, intercept=-2.14748e+09, x_refl=0, y_refl=0
  Quantized: start=1206, slope=0, intercept=0

Delta for Group 0:
  Original: start=4.71275, slope=-2.14748e+09, intercept=-2.14748e+09, x_refl=0, y_refl=0
  Quantized: start=1206, slope=0, intercept=0

Delta for Group 0:
  Original: start=4.71617, slope=-2.14748e+09, intercept=-2.14748e+09, x_refl=0, y_refl=0
  Quantized: start=1207, slope=0, intercept=0

Delta for Group 0:
  Original: start=4.71959, slope=-2.14748e+09, intercept=-2.14748e+09, x_refl=0, y_refl=0
  Quantized: start=1208, slope=0, intercept=0

Delta for Group 0:
  Original: start=4.72301, slope=-2.14748e+09, intercept=-2.14748e+09, x_refl=0, y_refl=0
  Quantized: start=1209, slope=0, intercept=0

Delta for Group 0:
  Original: start=4.72643, slope=-2.14748e+09, intercept=-2.14748e+09, x_refl=0, y_refl=0
  Quantized: start=1210, slope=0, intercept=0

Delta for Group 0:
  Original: start=4.72985, slope=-2.14748e+09, intercept=-2.14748e+09, x_refl=0, y_refl=0
  Quantized: start=1211, slope=0, intercept=0

Delta for Group 0:
  Original: start=4.73327, slope=-2.14748e+09, intercept=-2.14748e+09, x_refl=0, y_refl=0
  Quantized: start=1212, slope=0, intercept=0

Delta for Group 0:
  Original: start=4.73669, slope=-2.14748e+09, intercept=-2.14748e+09, x_refl=0, y_refl=0
  Quantized: start=1213, slope=0, intercept=0

Delta for Group 0:
  Original: start=4.74011, slope=-2.14748e+09, intercept=-2.14748e+09, x_refl=0, y_refl=0
  Quantized: start=1213, slope=0, intercept=0

Delta for Group 0:
  Original: start=4.74353, slope=-2.14748e+09, intercept=-2.14748e+09, x_refl=0, y_refl=0
  Quantized: start=1214, slope=0, intercept=0

Delta for Group 0:
  Original: start=4.74695, slope=-2.14748e+09, intercept=-2.14748e+09, x_refl=0, y_refl=0
  Quantized: start=1215, slope=0, intercept=0

Delta for Group 0:
  Original: start=4.75037, slope=-2.14748e+09, intercept=-2.14748e+09, x_refl=0, y_refl=0
  Quantized: start=1216, slope=0, intercept=0

Delta for Group 0:
  Original: start=4.75379, slope=-2.14748e+09, intercept=-2.14748e+09, x_refl=0, y_refl=0
  Quantized: start=1217, slope=0, intercept=0

Delta for Group 0:
  Original: start=4.75721, slope=-2.14748e+09, intercept=-2.14748e+09, x_refl=0, y_refl=0
  Quantized: start=1218, slope=0, intercept=0

Delta for Group 0:
  Original: start=4.76063, slope=-2.14748e+09, intercept=-2.14748e+09, x_refl=0, y_refl=0
  Quantized: start=1219, slope=0, intercept=0

Delta for Group 0:
  Original: start=4.76404, slope=-2.14748e+09, intercept=-2.14748e+09, x_refl=0, y_refl=0
  Quantized: start=1220, slope=0, intercept=0

Delta for Group 0:
  Original: start=4.76746, slope=-2.14748e+09, intercept=-2.14748e+09, x_refl=0, y_refl=0
  Quantized: start=1220, slope=0, intercept=0

Delta for Group 0:
  Original: start=4.77088, slope=-2.14748e+09, intercept=-2.14748e+09, x_refl=0, y_refl=0
  Quantized: start=1221, slope=0, intercept=0

Delta for Group 0:
  Original: start=4.7743, slope=-2.14748e+09, intercept=-2.14748e+09, x_refl=0, y_refl=0
  Quantized: start=1222, slope=0, intercept=0

Delta for Group 0:
  Original: start=4.77772, slope=-2.14748e+09, intercept=-2.14748e+09, x_refl=0, y_refl=0
  Quantized: start=1223, slope=0, intercept=0

Delta for Group 0:
  Original: start=4.78114, slope=-2.14748e+09, intercept=-2.14748e+09, x_refl=0, y_refl=0
  Quantized: start=1224, slope=0, intercept=0

Delta for Group 0:
  Original: start=4.78456, slope=-2.14748e+09, intercept=-2.14748e+09, x_refl=0, y_refl=0
  Quantized: start=1225, slope=0, intercept=0

Delta for Group 0:
  Original: start=4.78798, slope=-2.14748e+09, intercept=-2.14748e+09, x_refl=0, y_refl=0
  Quantized: start=1226, slope=0, intercept=0

Delta for Group 0:
  Original: start=4.7914, slope=-2.14748e+09, intercept=-2.14748e+09, x_refl=0, y_refl=0
  Quantized: start=1227, slope=0, intercept=0

Delta for Group 0:
  Original: start=4.79482, slope=-2.14748e+09, intercept=-2.14748e+09, x_refl=0, y_refl=0
  Quantized: start=1227, slope=0, intercept=0

Delta for Group 0:
  Original: start=4.79824, slope=-2.14748e+09, intercept=-2.14748e+09, x_refl=0, y_refl=0
  Quantized: start=1228, slope=0, intercept=0

Delta for Group 0:
  Original: start=4.80166, slope=-2.14748e+09, intercept=-2.14748e+09, x_refl=0, y_refl=0
  Quantized: start=1229, slope=0, intercept=0

Delta for Group 0:
  Original: start=4.80508, slope=-2.14748e+09, intercept=-2.14748e+09, x_refl=0, y_refl=0
  Quantized: start=1230, slope=0, intercept=0

Delta for Group 0:
  Original: start=4.8085, slope=-2.14748e+09, intercept=-2.14748e+09, x_refl=0, y_refl=0
  Quantized: start=1231, slope=0, intercept=0

Delta for Group 0:
  Original: start=4.81192, slope=-2.14748e+09, intercept=-2.14748e+09, x_refl=0, y_refl=0
  Quantized: start=1232, slope=0, intercept=0

Delta for Group 0:
  Original: start=4.81534, slope=-2.14748e+09, intercept=-2.14748e+09, x_refl=0, y_refl=0
  Quantized: start=1233, slope=0, intercept=0

Delta for Group 0:
  Original: start=4.81876, slope=-2.14748e+09, intercept=-2.14748e+09, x_refl=0, y_refl=0
  Quantized: start=1234, slope=0, intercept=0

Delta for Group 0:
  Original: start=4.82218, slope=-2.14748e+09, intercept=-2.14748e+09, x_refl=0, y_refl=0
  Quantized: start=1234, slope=0, intercept=0

Delta for Group 0:
  Original: start=4.8256, slope=-2.14748e+09, intercept=-2.14748e+09, x_refl=0, y_refl=0
  Quantized: start=1235, slope=0, intercept=0

Delta for Group 0:
  Original: start=4.82902, slope=-2.14748e+09, intercept=-2.14748e+09, x_refl=0, y_refl=0
  Quantized: start=1236, slope=0, intercept=0

Delta for Group 0:
  Original: start=4.83244, slope=-2.14748e+09, intercept=-2.14748e+09, x_refl=0, y_refl=0
  Quantized: start=1237, slope=0, intercept=0

Delta for Group 0:
  Original: start=4.83586, slope=-2.14748e+09, intercept=-2.14748e+09, x_refl=0, y_refl=0
  Quantized: start=1238, slope=0, intercept=0

Delta for Group 0:
  Original: start=4.83928, slope=-2.14748e+09, intercept=-2.14748e+09, x_refl=0, y_refl=0
  Quantized: start=1239, slope=0, intercept=0

Delta for Group 0:
  Original: start=4.8427, slope=-2.14748e+09, intercept=-2.14748e+09, x_refl=0, y_refl=0
  Quantized: start=1240, slope=0, intercept=0

Delta for Group 0:
  Original: start=4.84612, slope=-2.14748e+09, intercept=-2.14748e+09, x_refl=0, y_refl=0
  Quantized: start=1241, slope=0, intercept=0

Delta for Group 0:
  Original: start=4.84954, slope=-2.14748e+09, intercept=-2.14748e+09, x_refl=0, y_refl=0
  Quantized: start=1241, slope=0, intercept=0

Delta for Group 0:
  Original: start=4.85296, slope=-2.14748e+09, intercept=-2.14748e+09, x_refl=0, y_refl=0
  Quantized: start=1242, slope=0, intercept=0

Delta for Group 0:
  Original: start=4.85638, slope=-2.14748e+09, intercept=-2.14748e+09, x_refl=0, y_refl=0
  Quantized: start=1243, slope=0, intercept=0

Delta for Group 0:
  Original: start=4.85979, slope=-2.14748e+09, intercept=-2.14748e+09, x_refl=0, y_refl=0
  Quantized: start=1244, slope=0, intercept=0

Delta for Group 0:
  Original: start=4.86321, slope=-2.14748e+09, intercept=-2.14748e+09, x_refl=0, y_refl=0
  Quantized: start=1245, slope=0, intercept=0

Delta for Group 0:
  Original: start=4.86663, slope=-2.14748e+09, intercept=-2.14748e+09, x_refl=0, y_refl=0
  Quantized: start=1246, slope=0, intercept=0

Delta for Group 0:
  Original: start=4.87005, slope=-2.14748e+09, intercept=-2.14748e+09, x_refl=0, y_refl=0
  Quantized: start=1247, slope=0, intercept=0

Delta for Group 0:
  Original: start=4.87347, slope=-2.14748e+09, intercept=-2.14748e+09, x_refl=0, y_refl=0
  Quantized: start=1248, slope=0, intercept=0

Delta for Group 0:
  Original: start=4.87689, slope=-2.14748e+09, intercept=-2.14748e+09, x_refl=0, y_refl=0
  Quantized: start=1248, slope=0, intercept=0

Delta for Group 0:
  Original: start=4.88031, slope=-2.14748e+09, intercept=-2.14748e+09, x_refl=0, y_refl=0
  Quantized: start=1249, slope=0, intercept=0

Delta for Group 0:
  Original: start=4.88373, slope=-2.14748e+09, intercept=-2.14748e+09, x_refl=0, y_refl=0
  Quantized: start=1250, slope=0, intercept=0

Delta for Group 0:
  Original: start=4.88715, slope=-2.14748e+09, intercept=-2.14748e+09, x_refl=0, y_refl=0
  Quantized: start=1251, slope=0, intercept=0

Delta for Group 0:
  Original: start=4.89057, slope=-2.14748e+09, intercept=-2.14748e+09, x_refl=0, y_refl=0
  Quantized: start=1252, slope=0, intercept=0

Delta for Group 0:
  Original: start=4.89399, slope=-2.14748e+09, intercept=-2.14748e+09, x_refl=0, y_refl=0
  Quantized: start=1253, slope=0, intercept=0

Delta for Group 0:
  Original: start=4.89741, slope=-2.14748e+09, intercept=-2.14748e+09, x_refl=0, y_refl=0
  Quantized: start=1254, slope=0, intercept=0

Delta for Group 0:
  Original: start=4.90083, slope=-2.14748e+09, intercept=-2.14748e+09, x_refl=0, y_refl=0
  Quantized: start=1255, slope=0, intercept=0

Delta for Group 0:
  Original: start=4.90425, slope=-2.14748e+09, intercept=-2.14748e+09, x_refl=0, y_refl=0
  Quantized: start=1255, slope=0, intercept=0

Delta for Group 0:
  Original: start=4.90767, slope=-2.14748e+09, intercept=-2.14748e+09, x_refl=0, y_refl=0
  Quantized: start=1256, slope=0, intercept=0

Delta for Group 0:
  Original: start=4.91109, slope=-2.14748e+09, intercept=-2.14748e+09, x_refl=0, y_refl=0
  Quantized: start=1257, slope=0, intercept=0

Delta for Group 0:
  Original: start=4.91451, slope=-2.14748e+09, intercept=-2.14748e+09, x_refl=0, y_refl=0
  Quantized: start=1258, slope=0, intercept=0

Delta for Group 0:
  Original: start=4.91793, slope=-2.14748e+09, intercept=-2.14748e+09, x_refl=0, y_refl=0
  Quantized: start=1259, slope=0, intercept=0

Delta for Group 0:
  Original: start=4.92135, slope=-2.14748e+09, intercept=-2.14748e+09, x_refl=0, y_refl=0
  Quantized: start=1260, slope=0, intercept=0

Delta for Group 0:
  Original: start=4.92477, slope=-2.14748e+09, intercept=-2.14748e+09, x_refl=0, y_refl=0
  Quantized: start=1261, slope=0, intercept=0

Delta for Group 0:
  Original: start=4.92819, slope=-2.14748e+09, intercept=-2.14748e+09, x_refl=0, y_refl=0
  Quantized: start=1262, slope=0, intercept=0

Delta for Group 0:
  Original: start=4.93161, slope=-2.14748e+09, intercept=-2.14748e+09, x_refl=0, y_refl=0
  Quantized: start=1262, slope=0, intercept=0

Delta for Group 0:
  Original: start=4.93503, slope=-2.14748e+09, intercept=-2.14748e+09, x_refl=0, y_refl=0
  Quantized: start=1263, slope=0, intercept=0

Delta for Group 0:
  Original: start=4.93845, slope=-2.14748e+09, intercept=-2.14748e+09, x_refl=0, y_refl=0
  Quantized: start=1264, slope=0, intercept=0

Delta for Group 0:
  Original: start=4.94187, slope=-2.14748e+09, intercept=-2.14748e+09, x_refl=0, y_refl=0
  Quantized: start=1265, slope=0, intercept=0

Delta for Group 0:
  Original: start=4.94529, slope=-2.14748e+09, intercept=-2.14748e+09, x_refl=0, y_refl=0
  Quantized: start=1266, slope=0, intercept=0

Delta for Group 0:
  Original: start=4.94871, slope=-2.14748e+09, intercept=-2.14748e+09, x_refl=0, y_refl=0
  Quantized: start=1267, slope=0, intercept=0

Delta for Group 0:
  Original: start=4.95213, slope=-2.14748e+09, intercept=-2.14748e+09, x_refl=0, y_refl=0
  Quantized: start=1268, slope=0, intercept=0

Delta for Group 0:
  Original: start=4.95554, slope=-2.14748e+09, intercept=-2.14748e+09, x_refl=0, y_refl=0
  Quantized: start=1269, slope=0, intercept=0

Delta for Group 0:
  Original: start=4.95896, slope=-2.14748e+09, intercept=-2.14748e+09, x_refl=0, y_refl=0
  Quantized: start=1269, slope=0, intercept=0

Delta for Group 0:
  Original: start=4.96238, slope=-2.14748e+09, intercept=-2.14748e+09, x_refl=0, y_refl=0
  Quantized: start=1270, slope=0, intercept=0

Delta for Group 0:
  Original: start=4.9658, slope=-2.14748e+09, intercept=-2.14748e+09, x_refl=0, y_refl=0
  Quantized: start=1271, slope=0, intercept=0

Delta for Group 0:
  Original: start=4.96922, slope=-2.14748e+09, intercept=-2.14748e+09, x_refl=0, y_refl=0
  Quantized: start=1272, slope=0, intercept=0

Delta for Group 0:
  Original: start=4.97264, slope=-2.14748e+09, intercept=-2.14748e+09, x_refl=0, y_refl=0
  Quantized: start=1273, slope=0, intercept=0

Delta for Group 0:
  Original: start=4.97606, slope=-2.14748e+09, intercept=-2.14748e+09, x_refl=0, y_refl=0
  Quantized: start=1274, slope=0, intercept=0

Delta for Group 0:
  Original: start=4.97948, slope=-2.14748e+09, intercept=-2.14748e+09, x_refl=0, y_refl=0
  Quantized: start=1275, slope=0, intercept=0

Delta for Group 0:
  Original: start=4.9829, slope=-2.14748e+09, intercept=-2.14748e+09, x_refl=0, y_refl=0
  Quantized: start=1276, slope=0, intercept=0

Delta for Group 0:
  Original: start=4.98632, slope=-2.14748e+09, intercept=-2.14748e+09, x_refl=0, y_refl=0
  Quantized: start=1276, slope=0, intercept=0

Delta for Group 0:
  Original: start=4.98974, slope=-2.14748e+09, intercept=-2.14748e+09, x_refl=0, y_refl=0
  Quantized: start=1277, slope=0, intercept=0

Delta for Group 0:
  Original: start=4.99316, slope=-2.14748e+09, intercept=-2.14748e+09, x_refl=0, y_refl=0
  Quantized: start=1278, slope=0, intercept=0

Delta for Group 0:
  Original: start=4.99658, slope=-2.14748e+09, intercept=-2.14748e+09, x_refl=0, y_refl=0
  Quantized: start=1279, slope=0, intercept=0

Delta for Group 0:
  Original: start=0, slope=0, intercept=0, x_refl=0, y_refl=0
  Quantized: start=0, slope=0, intercept=0

