===== Group 1 ===== 
Storage Type: ORPHAN
Base Interval: [0, 0]
Base Interval Length: 0
Base Params: b=0, c=0
Scale Factor: slope=65536
Actual interval count: 1
Quantized: b=0, c=0
Scale factor (power of 2): slope_scale=0 (2^-inf)

===== Group 0 ===== 
Storage Type: NORMAL
Base Interval: [-2, -1.99805]
Base Interval Length: 0.00195408
Base Params: b=0.135468, c=0.40627
Scale Factor: slope=65536
Actual interval count: 2048
Quantized: b=8878, c=26625
Scale factor (power of 2): slope_scale=0 (2^-inf)

Delta for Group 1:
  Original: start=1.98828, slope=480010, intercept=-475788, x_refl=0, y_refl=0
  Orphan interval length: 0.0117245
  Quantized: start=-768, end=0, length=768, slope=21258, intercept=-17036

Delta for Group 0:
  Original: start=-2, slope=0, intercept=0, x_refl=0, y_refl=0
  Quantized: start=0, slope=0, intercept=0

Delta for Group 0:
  Original: start=-1.99805, slope=17, intercept=35, x_refl=0, y_refl=0
  Quantized: start=128, slope=17, intercept=35

Delta for Group 0:
  Original: start=-1.99609, slope=35, intercept=69, x_refl=0, y_refl=0
  Quantized: start=256, slope=35, intercept=69

Delta for Group 0:
  Original: start=-1.99414, slope=52, intercept=104, x_refl=0, y_refl=0
  Quantized: start=384, slope=52, intercept=104

Delta for Group 0:
  Original: start=-1.99218, slope=70, intercept=139, x_refl=0, y_refl=0
  Quantized: start=512, slope=70, intercept=139

Delta for Group 0:
  Original: start=-1.99023, slope=87, intercept=174, x_refl=0, y_refl=0
  Quantized: start=640, slope=87, intercept=174

Delta for Group 0:
  Original: start=-1.98828, slope=105, intercept=209, x_refl=0, y_refl=0
  Quantized: start=768, slope=105, intercept=209

Delta for Group 0:
  Original: start=-1.98632, slope=122, intercept=244, x_refl=0, y_refl=0
  Quantized: start=896, slope=122, intercept=244

Delta for Group 0:
  Original: start=-1.98437, slope=140, intercept=279, x_refl=0, y_refl=0
  Quantized: start=1025, slope=140, intercept=279

Delta for Group 0:
  Original: start=-1.98241, slope=158, intercept=313, x_refl=0, y_refl=0
  Quantized: start=1153, slope=158, intercept=313

Delta for Group 0:
  Original: start=-1.98046, slope=175, intercept=348, x_refl=0, y_refl=0
  Quantized: start=1281, slope=175, intercept=348

Delta for Group 0:
  Original: start=-1.97851, slope=193, intercept=384, x_refl=0, y_refl=0
  Quantized: start=1409, slope=193, intercept=384

Delta for Group 0:
  Original: start=-1.97655, slope=211, intercept=419, x_refl=0, y_refl=0
  Quantized: start=1537, slope=211, intercept=419

Delta for Group 0:
  Original: start=-1.9746, slope=228, intercept=454, x_refl=0, y_refl=0
  Quantized: start=1665, slope=228, intercept=454

Delta for Group 0:
  Original: start=-1.97264, slope=246, intercept=489, x_refl=0, y_refl=0
  Quantized: start=1793, slope=246, intercept=489

Delta for Group 0:
  Original: start=-1.97069, slope=264, intercept=524, x_refl=0, y_refl=0
  Quantized: start=1921, slope=264, intercept=524

Delta for Group 0:
  Original: start=-1.96873, slope=282, intercept=559, x_refl=0, y_refl=0
  Quantized: start=2049, slope=282, intercept=559

Delta for Group 0:
  Original: start=-1.96678, slope=300, intercept=594, x_refl=0, y_refl=0
  Quantized: start=2177, slope=300, intercept=594

Delta for Group 0:
  Original: start=-1.96483, slope=318, intercept=630, x_refl=0, y_refl=0
  Quantized: start=2305, slope=318, intercept=630

Delta for Group 0:
  Original: start=-1.96287, slope=336, intercept=665, x_refl=0, y_refl=0
  Quantized: start=2433, slope=336, intercept=665

Delta for Group 0:
  Original: start=-1.96092, slope=354, intercept=700, x_refl=0, y_refl=0
  Quantized: start=2561, slope=354, intercept=700

Delta for Group 0:
  Original: start=-1.95896, slope=372, intercept=736, x_refl=0, y_refl=0
  Quantized: start=2689, slope=372, intercept=736

Delta for Group 0:
  Original: start=-1.95701, slope=390, intercept=771, x_refl=0, y_refl=0
  Quantized: start=2817, slope=390, intercept=771

Delta for Group 0:
  Original: start=-1.95506, slope=408, intercept=807, x_refl=0, y_refl=0
  Quantized: start=2945, slope=408, intercept=807

Delta for Group 0:
  Original: start=-1.9531, slope=426, intercept=842, x_refl=0, y_refl=0
  Quantized: start=3074, slope=426, intercept=842

Delta for Group 0:
  Original: start=-1.95115, slope=444, intercept=878, x_refl=0, y_refl=0
  Quantized: start=3202, slope=444, intercept=878

Delta for Group 0:
  Original: start=-1.94919, slope=463, intercept=913, x_refl=0, y_refl=0
  Quantized: start=3330, slope=463, intercept=913

Delta for Group 0:
  Original: start=-1.94724, slope=481, intercept=949, x_refl=0, y_refl=0
  Quantized: start=3458, slope=481, intercept=949

Delta for Group 0:
  Original: start=-1.94529, slope=499, intercept=984, x_refl=0, y_refl=0
  Quantized: start=3586, slope=499, intercept=984

Delta for Group 0:
  Original: start=-1.94333, slope=518, intercept=1020, x_refl=0, y_refl=0
  Quantized: start=3714, slope=518, intercept=1020

Delta for Group 0:
  Original: start=-1.94138, slope=536, intercept=1056, x_refl=0, y_refl=0
  Quantized: start=3842, slope=536, intercept=1056

Delta for Group 0:
  Original: start=-1.93942, slope=554, intercept=1091, x_refl=0, y_refl=0
  Quantized: start=3970, slope=554, intercept=1091

Delta for Group 0:
  Original: start=-1.93747, slope=573, intercept=1127, x_refl=0, y_refl=0
  Quantized: start=4098, slope=573, intercept=1127

Delta for Group 0:
  Original: start=-1.93552, slope=591, intercept=1163, x_refl=0, y_refl=0
  Quantized: start=4226, slope=591, intercept=1163

Delta for Group 0:
  Original: start=-1.93356, slope=610, intercept=1199, x_refl=0, y_refl=0
  Quantized: start=4354, slope=610, intercept=1199

Delta for Group 0:
  Original: start=-1.93161, slope=628, intercept=1235, x_refl=0, y_refl=0
  Quantized: start=4482, slope=628, intercept=1235

Delta for Group 0:
  Original: start=-1.92965, slope=647, intercept=1270, x_refl=0, y_refl=0
  Quantized: start=4610, slope=647, intercept=1270

Delta for Group 0:
  Original: start=-1.9277, slope=666, intercept=1306, x_refl=0, y_refl=0
  Quantized: start=4738, slope=666, intercept=1306

Delta for Group 0:
  Original: start=-1.92574, slope=684, intercept=1342, x_refl=0, y_refl=0
  Quantized: start=4866, slope=684, intercept=1342

Delta for Group 0:
  Original: start=-1.92379, slope=703, intercept=1378, x_refl=0, y_refl=0
  Quantized: start=4994, slope=703, intercept=1378

Delta for Group 0:
  Original: start=-1.92184, slope=722, intercept=1414, x_refl=0, y_refl=0
  Quantized: start=5123, slope=722, intercept=1414

Delta for Group 0:
  Original: start=-1.91988, slope=741, intercept=1450, x_refl=0, y_refl=0
  Quantized: start=5251, slope=741, intercept=1450

Delta for Group 0:
  Original: start=-1.91793, slope=759, intercept=1486, x_refl=0, y_refl=0
  Quantized: start=5379, slope=759, intercept=1486

Delta for Group 0:
  Original: start=-1.91597, slope=778, intercept=1523, x_refl=0, y_refl=0
  Quantized: start=5507, slope=778, intercept=1523

Delta for Group 0:
  Original: start=-1.91402, slope=797, intercept=1559, x_refl=0, y_refl=0
  Quantized: start=5635, slope=797, intercept=1559

Delta for Group 0:
  Original: start=-1.91207, slope=816, intercept=1595, x_refl=0, y_refl=0
  Quantized: start=5763, slope=816, intercept=1595

Delta for Group 0:
  Original: start=-1.91011, slope=835, intercept=1631, x_refl=0, y_refl=0
  Quantized: start=5891, slope=835, intercept=1631

Delta for Group 0:
  Original: start=-1.90816, slope=854, intercept=1667, x_refl=0, y_refl=0
  Quantized: start=6019, slope=854, intercept=1667

Delta for Group 0:
  Original: start=-1.9062, slope=873, intercept=1704, x_refl=0, y_refl=0
  Quantized: start=6147, slope=873, intercept=1704

Delta for Group 0:
  Original: start=-1.90425, slope=892, intercept=1740, x_refl=0, y_refl=0
  Quantized: start=6275, slope=892, intercept=1740

Delta for Group 0:
  Original: start=-1.9023, slope=911, intercept=1776, x_refl=0, y_refl=0
  Quantized: start=6403, slope=911, intercept=1776

Delta for Group 0:
  Original: start=-1.90034, slope=930, intercept=1813, x_refl=0, y_refl=0
  Quantized: start=6531, slope=930, intercept=1813

Delta for Group 0:
  Original: start=-1.89839, slope=950, intercept=1849, x_refl=0, y_refl=0
  Quantized: start=6659, slope=950, intercept=1849

Delta for Group 0:
  Original: start=-1.89643, slope=969, intercept=1886, x_refl=0, y_refl=0
  Quantized: start=6787, slope=969, intercept=1886

Delta for Group 0:
  Original: start=-1.89448, slope=988, intercept=1922, x_refl=0, y_refl=0
  Quantized: start=6915, slope=988, intercept=1922

Delta for Group 0:
  Original: start=-1.89253, slope=1007, intercept=1959, x_refl=0, y_refl=0
  Quantized: start=7043, slope=1007, intercept=1959

Delta for Group 0:
  Original: start=-1.89057, slope=1027, intercept=1995, x_refl=0, y_refl=0
  Quantized: start=7172, slope=1027, intercept=1995

Delta for Group 0:
  Original: start=-1.88862, slope=1046, intercept=2032, x_refl=0, y_refl=0
  Quantized: start=7300, slope=1046, intercept=2032

Delta for Group 0:
  Original: start=-1.88666, slope=1065, intercept=2068, x_refl=0, y_refl=0
  Quantized: start=7428, slope=1065, intercept=2068

Delta for Group 0:
  Original: start=-1.88471, slope=1085, intercept=2105, x_refl=0, y_refl=0
  Quantized: start=7556, slope=1085, intercept=2105

Delta for Group 0:
  Original: start=-1.88276, slope=1104, intercept=2142, x_refl=0, y_refl=0
  Quantized: start=7684, slope=1104, intercept=2142

Delta for Group 0:
  Original: start=-1.8808, slope=1124, intercept=2178, x_refl=0, y_refl=0
  Quantized: start=7812, slope=1124, intercept=2178

Delta for Group 0:
  Original: start=-1.87885, slope=1143, intercept=2215, x_refl=0, y_refl=0
  Quantized: start=7940, slope=1143, intercept=2215

Delta for Group 0:
  Original: start=-1.87689, slope=1163, intercept=2252, x_refl=0, y_refl=0
  Quantized: start=8068, slope=1163, intercept=2252

Delta for Group 0:
  Original: start=-1.87494, slope=1183, intercept=2289, x_refl=0, y_refl=0
  Quantized: start=8196, slope=1183, intercept=2289

Delta for Group 0:
  Original: start=-1.87298, slope=1202, intercept=2326, x_refl=0, y_refl=0
  Quantized: start=8324, slope=1202, intercept=2326

Delta for Group 0:
  Original: start=-1.87103, slope=1222, intercept=2363, x_refl=0, y_refl=0
  Quantized: start=8452, slope=1222, intercept=2363

Delta for Group 0:
  Original: start=-1.86908, slope=1242, intercept=2399, x_refl=0, y_refl=0
  Quantized: start=8580, slope=1242, intercept=2399

Delta for Group 0:
  Original: start=-1.86712, slope=1262, intercept=2436, x_refl=0, y_refl=0
  Quantized: start=8708, slope=1262, intercept=2436

Delta for Group 0:
  Original: start=-1.86517, slope=1281, intercept=2473, x_refl=0, y_refl=0
  Quantized: start=8836, slope=1281, intercept=2473

Delta for Group 0:
  Original: start=-1.86321, slope=1301, intercept=2510, x_refl=0, y_refl=0
  Quantized: start=8964, slope=1301, intercept=2510

Delta for Group 0:
  Original: start=-1.86126, slope=1321, intercept=2547, x_refl=0, y_refl=0
  Quantized: start=9092, slope=1321, intercept=2547

Delta for Group 0:
  Original: start=-1.85931, slope=1341, intercept=2585, x_refl=0, y_refl=0
  Quantized: start=9221, slope=1341, intercept=2585

Delta for Group 0:
  Original: start=-1.85735, slope=1361, intercept=2622, x_refl=0, y_refl=0
  Quantized: start=9349, slope=1361, intercept=2622

Delta for Group 0:
  Original: start=-1.8554, slope=1381, intercept=2659, x_refl=0, y_refl=0
  Quantized: start=9477, slope=1381, intercept=2659

Delta for Group 0:
  Original: start=-1.85344, slope=1401, intercept=2696, x_refl=0, y_refl=0
  Quantized: start=9605, slope=1401, intercept=2696

Delta for Group 0:
  Original: start=-1.85149, slope=1421, intercept=2733, x_refl=0, y_refl=0
  Quantized: start=9733, slope=1421, intercept=2733

Delta for Group 0:
  Original: start=-1.84954, slope=1442, intercept=2771, x_refl=0, y_refl=0
  Quantized: start=9861, slope=1442, intercept=2771

Delta for Group 0:
  Original: start=-1.84758, slope=1462, intercept=2808, x_refl=0, y_refl=0
  Quantized: start=9989, slope=1462, intercept=2808

Delta for Group 0:
  Original: start=-1.84563, slope=1482, intercept=2845, x_refl=0, y_refl=0
  Quantized: start=10117, slope=1482, intercept=2845

Delta for Group 0:
  Original: start=-1.84367, slope=1502, intercept=2883, x_refl=0, y_refl=0
  Quantized: start=10245, slope=1502, intercept=2883

Delta for Group 0:
  Original: start=-1.84172, slope=1523, intercept=2920, x_refl=0, y_refl=0
  Quantized: start=10373, slope=1523, intercept=2920

Delta for Group 0:
  Original: start=-1.83977, slope=1543, intercept=2957, x_refl=0, y_refl=0
  Quantized: start=10501, slope=1543, intercept=2957

Delta for Group 0:
  Original: start=-1.83781, slope=1563, intercept=2995, x_refl=0, y_refl=0
  Quantized: start=10629, slope=1563, intercept=2995

Delta for Group 0:
  Original: start=-1.83586, slope=1584, intercept=3032, x_refl=0, y_refl=0
  Quantized: start=10757, slope=1584, intercept=3032

Delta for Group 0:
  Original: start=-1.8339, slope=1604, intercept=3070, x_refl=0, y_refl=0
  Quantized: start=10885, slope=1604, intercept=3070

Delta for Group 0:
  Original: start=-1.83195, slope=1625, intercept=3107, x_refl=0, y_refl=0
  Quantized: start=11013, slope=1625, intercept=3107

Delta for Group 0:
  Original: start=-1.83, slope=1645, intercept=3145, x_refl=0, y_refl=0
  Quantized: start=11141, slope=1645, intercept=3145

Delta for Group 0:
  Original: start=-1.82804, slope=1666, intercept=3183, x_refl=0, y_refl=0
  Quantized: start=11270, slope=1666, intercept=3183

Delta for Group 0:
  Original: start=-1.82609, slope=1686, intercept=3220, x_refl=0, y_refl=0
  Quantized: start=11398, slope=1686, intercept=3220

Delta for Group 0:
  Original: start=-1.82413, slope=1707, intercept=3258, x_refl=0, y_refl=0
  Quantized: start=11526, slope=1707, intercept=3258

Delta for Group 0:
  Original: start=-1.82218, slope=1728, intercept=3296, x_refl=0, y_refl=0
  Quantized: start=11654, slope=1728, intercept=3296

Delta for Group 0:
  Original: start=-1.82022, slope=1749, intercept=3333, x_refl=0, y_refl=0
  Quantized: start=11782, slope=1749, intercept=3333

Delta for Group 0:
  Original: start=-1.81827, slope=1769, intercept=3371, x_refl=0, y_refl=0
  Quantized: start=11910, slope=1769, intercept=3371

Delta for Group 0:
  Original: start=-1.81632, slope=1790, intercept=3409, x_refl=0, y_refl=0
  Quantized: start=12038, slope=1790, intercept=3409

Delta for Group 0:
  Original: start=-1.81436, slope=1811, intercept=3447, x_refl=0, y_refl=0
  Quantized: start=12166, slope=1811, intercept=3447

Delta for Group 0:
  Original: start=-1.81241, slope=1832, intercept=3485, x_refl=0, y_refl=0
  Quantized: start=12294, slope=1832, intercept=3485

Delta for Group 0:
  Original: start=-1.81045, slope=1853, intercept=3523, x_refl=0, y_refl=0
  Quantized: start=12422, slope=1853, intercept=3523

Delta for Group 0:
  Original: start=-1.8085, slope=1874, intercept=3561, x_refl=0, y_refl=0
  Quantized: start=12550, slope=1874, intercept=3561

Delta for Group 0:
  Original: start=-1.80655, slope=1895, intercept=3599, x_refl=0, y_refl=0
  Quantized: start=12678, slope=1895, intercept=3599

Delta for Group 0:
  Original: start=-1.80459, slope=1916, intercept=3637, x_refl=0, y_refl=0
  Quantized: start=12806, slope=1916, intercept=3637

Delta for Group 0:
  Original: start=-1.80264, slope=1937, intercept=3675, x_refl=0, y_refl=0
  Quantized: start=12934, slope=1937, intercept=3675

Delta for Group 0:
  Original: start=-1.80068, slope=1958, intercept=3713, x_refl=0, y_refl=0
  Quantized: start=13062, slope=1958, intercept=3713

Delta for Group 0:
  Original: start=-1.79873, slope=1979, intercept=3751, x_refl=0, y_refl=0
  Quantized: start=13190, slope=1979, intercept=3751

Delta for Group 0:
  Original: start=-1.79678, slope=2001, intercept=3789, x_refl=0, y_refl=0
  Quantized: start=13319, slope=2001, intercept=3789

Delta for Group 0:
  Original: start=-1.79482, slope=2022, intercept=3827, x_refl=0, y_refl=0
  Quantized: start=13447, slope=2022, intercept=3827

Delta for Group 0:
  Original: start=-1.79287, slope=2043, intercept=3866, x_refl=0, y_refl=0
  Quantized: start=13575, slope=2043, intercept=3866

Delta for Group 0:
  Original: start=-1.79091, slope=2065, intercept=3904, x_refl=0, y_refl=0
  Quantized: start=13703, slope=2065, intercept=3904

Delta for Group 0:
  Original: start=-1.78896, slope=2086, intercept=3942, x_refl=0, y_refl=0
  Quantized: start=13831, slope=2086, intercept=3942

Delta for Group 0:
  Original: start=-1.78701, slope=2107, intercept=3980, x_refl=0, y_refl=0
  Quantized: start=13959, slope=2107, intercept=3980

Delta for Group 0:
  Original: start=-1.78505, slope=2129, intercept=4019, x_refl=0, y_refl=0
  Quantized: start=14087, slope=2129, intercept=4019

Delta for Group 0:
  Original: start=-1.7831, slope=2150, intercept=4057, x_refl=0, y_refl=0
  Quantized: start=14215, slope=2150, intercept=4057

Delta for Group 0:
  Original: start=-1.78114, slope=2172, intercept=4096, x_refl=0, y_refl=0
  Quantized: start=14343, slope=2172, intercept=4096

Delta for Group 0:
  Original: start=-1.77919, slope=2194, intercept=4134, x_refl=0, y_refl=0
  Quantized: start=14471, slope=2194, intercept=4134

Delta for Group 0:
  Original: start=-1.77723, slope=2215, intercept=4173, x_refl=0, y_refl=0
  Quantized: start=14599, slope=2215, intercept=4173

Delta for Group 0:
  Original: start=-1.77528, slope=2237, intercept=4211, x_refl=0, y_refl=0
  Quantized: start=14727, slope=2237, intercept=4211

Delta for Group 0:
  Original: start=-1.77333, slope=2259, intercept=4250, x_refl=0, y_refl=0
  Quantized: start=14855, slope=2259, intercept=4250

Delta for Group 0:
  Original: start=-1.77137, slope=2281, intercept=4288, x_refl=0, y_refl=0
  Quantized: start=14983, slope=2281, intercept=4288

Delta for Group 0:
  Original: start=-1.76942, slope=2302, intercept=4327, x_refl=0, y_refl=0
  Quantized: start=15111, slope=2302, intercept=4327

Delta for Group 0:
  Original: start=-1.76746, slope=2324, intercept=4365, x_refl=0, y_refl=0
  Quantized: start=15239, slope=2324, intercept=4365

Delta for Group 0:
  Original: start=-1.76551, slope=2346, intercept=4404, x_refl=0, y_refl=0
  Quantized: start=15368, slope=2346, intercept=4404

Delta for Group 0:
  Original: start=-1.76356, slope=2368, intercept=4443, x_refl=0, y_refl=0
  Quantized: start=15496, slope=2368, intercept=4443

Delta for Group 0:
  Original: start=-1.7616, slope=2390, intercept=4482, x_refl=0, y_refl=0
  Quantized: start=15624, slope=2390, intercept=4482

Delta for Group 0:
  Original: start=-1.75965, slope=2412, intercept=4520, x_refl=0, y_refl=0
  Quantized: start=15752, slope=2412, intercept=4520

Delta for Group 0:
  Original: start=-1.75769, slope=2434, intercept=4559, x_refl=0, y_refl=0
  Quantized: start=15880, slope=2434, intercept=4559

Delta for Group 0:
  Original: start=-1.75574, slope=2456, intercept=4598, x_refl=0, y_refl=0
  Quantized: start=16008, slope=2456, intercept=4598

Delta for Group 0:
  Original: start=-1.75379, slope=2479, intercept=4637, x_refl=0, y_refl=0
  Quantized: start=16136, slope=2479, intercept=4637

Delta for Group 0:
  Original: start=-1.75183, slope=2501, intercept=4676, x_refl=0, y_refl=0
  Quantized: start=16264, slope=2501, intercept=4676

Delta for Group 0:
  Original: start=-1.74988, slope=2523, intercept=4715, x_refl=0, y_refl=0
  Quantized: start=16392, slope=2523, intercept=4715

Delta for Group 0:
  Original: start=-1.74792, slope=2545, intercept=4754, x_refl=0, y_refl=0
  Quantized: start=16520, slope=2545, intercept=4754

Delta for Group 0:
  Original: start=-1.74597, slope=2568, intercept=4793, x_refl=0, y_refl=0
  Quantized: start=16648, slope=2568, intercept=4793

Delta for Group 0:
  Original: start=-1.74402, slope=2590, intercept=4832, x_refl=0, y_refl=0
  Quantized: start=16776, slope=2590, intercept=4832

Delta for Group 0:
  Original: start=-1.74206, slope=2612, intercept=4871, x_refl=0, y_refl=0
  Quantized: start=16904, slope=2612, intercept=4871

Delta for Group 0:
  Original: start=-1.74011, slope=2635, intercept=4910, x_refl=0, y_refl=0
  Quantized: start=17032, slope=2635, intercept=4910

Delta for Group 0:
  Original: start=-1.73815, slope=2657, intercept=4949, x_refl=0, y_refl=0
  Quantized: start=17160, slope=2657, intercept=4949

Delta for Group 0:
  Original: start=-1.7362, slope=2680, intercept=4988, x_refl=0, y_refl=0
  Quantized: start=17288, slope=2680, intercept=4988

Delta for Group 0:
  Original: start=-1.73425, slope=2703, intercept=5028, x_refl=0, y_refl=0
  Quantized: start=17417, slope=2703, intercept=5028

Delta for Group 0:
  Original: start=-1.73229, slope=2725, intercept=5067, x_refl=0, y_refl=0
  Quantized: start=17545, slope=2725, intercept=5067

Delta for Group 0:
  Original: start=-1.73034, slope=2748, intercept=5106, x_refl=0, y_refl=0
  Quantized: start=17673, slope=2748, intercept=5106

Delta for Group 0:
  Original: start=-1.72838, slope=2771, intercept=5145, x_refl=0, y_refl=0
  Quantized: start=17801, slope=2771, intercept=5145

Delta for Group 0:
  Original: start=-1.72643, slope=2793, intercept=5185, x_refl=0, y_refl=0
  Quantized: start=17929, slope=2793, intercept=5185

Delta for Group 0:
  Original: start=-1.72447, slope=2816, intercept=5224, x_refl=0, y_refl=0
  Quantized: start=18057, slope=2816, intercept=5224

Delta for Group 0:
  Original: start=-1.72252, slope=2839, intercept=5263, x_refl=0, y_refl=0
  Quantized: start=18185, slope=2839, intercept=5263

Delta for Group 0:
  Original: start=-1.72057, slope=2862, intercept=5303, x_refl=0, y_refl=0
  Quantized: start=18313, slope=2862, intercept=5303

Delta for Group 0:
  Original: start=-1.71861, slope=2885, intercept=5342, x_refl=0, y_refl=0
  Quantized: start=18441, slope=2885, intercept=5342

Delta for Group 0:
  Original: start=-1.71666, slope=2908, intercept=5382, x_refl=0, y_refl=0
  Quantized: start=18569, slope=2908, intercept=5382

Delta for Group 0:
  Original: start=-1.7147, slope=2931, intercept=5421, x_refl=0, y_refl=0
  Quantized: start=18697, slope=2931, intercept=5421

Delta for Group 0:
  Original: start=-1.71275, slope=2954, intercept=5461, x_refl=0, y_refl=0
  Quantized: start=18825, slope=2954, intercept=5461

Delta for Group 0:
  Original: start=-1.7108, slope=2977, intercept=5501, x_refl=0, y_refl=0
  Quantized: start=18953, slope=2977, intercept=5501

Delta for Group 0:
  Original: start=-1.70884, slope=3001, intercept=5540, x_refl=0, y_refl=0
  Quantized: start=19081, slope=3001, intercept=5540

Delta for Group 0:
  Original: start=-1.70689, slope=3024, intercept=5580, x_refl=0, y_refl=0
  Quantized: start=19209, slope=3024, intercept=5580

Delta for Group 0:
  Original: start=-1.70493, slope=3047, intercept=5620, x_refl=0, y_refl=0
  Quantized: start=19337, slope=3047, intercept=5620

Delta for Group 0:
  Original: start=-1.70298, slope=3070, intercept=5659, x_refl=0, y_refl=0
  Quantized: start=19466, slope=3070, intercept=5659

Delta for Group 0:
  Original: start=-1.70103, slope=3094, intercept=5699, x_refl=0, y_refl=0
  Quantized: start=19594, slope=3094, intercept=5699

Delta for Group 0:
  Original: start=-1.69907, slope=3117, intercept=5739, x_refl=0, y_refl=0
  Quantized: start=19722, slope=3117, intercept=5739

Delta for Group 0:
  Original: start=-1.69712, slope=3141, intercept=5779, x_refl=0, y_refl=0
  Quantized: start=19850, slope=3141, intercept=5779

Delta for Group 0:
  Original: start=-1.69516, slope=3164, intercept=5818, x_refl=0, y_refl=0
  Quantized: start=19978, slope=3164, intercept=5818

Delta for Group 0:
  Original: start=-1.69321, slope=3188, intercept=5858, x_refl=0, y_refl=0
  Quantized: start=20106, slope=3188, intercept=5858

Delta for Group 0:
  Original: start=-1.69126, slope=3211, intercept=5898, x_refl=0, y_refl=0
  Quantized: start=20234, slope=3211, intercept=5898

Delta for Group 0:
  Original: start=-1.6893, slope=3235, intercept=5938, x_refl=0, y_refl=0
  Quantized: start=20362, slope=3235, intercept=5938

Delta for Group 0:
  Original: start=-1.68735, slope=3259, intercept=5978, x_refl=0, y_refl=0
  Quantized: start=20490, slope=3259, intercept=5978

Delta for Group 0:
  Original: start=-1.68539, slope=3282, intercept=6018, x_refl=0, y_refl=0
  Quantized: start=20618, slope=3282, intercept=6018

Delta for Group 0:
  Original: start=-1.68344, slope=3306, intercept=6058, x_refl=0, y_refl=0
  Quantized: start=20746, slope=3306, intercept=6058

Delta for Group 0:
  Original: start=-1.68149, slope=3330, intercept=6098, x_refl=0, y_refl=0
  Quantized: start=20874, slope=3330, intercept=6098

Delta for Group 0:
  Original: start=-1.67953, slope=3354, intercept=6138, x_refl=0, y_refl=0
  Quantized: start=21002, slope=3354, intercept=6138

Delta for Group 0:
  Original: start=-1.67758, slope=3378, intercept=6179, x_refl=0, y_refl=0
  Quantized: start=21130, slope=3378, intercept=6179

Delta for Group 0:
  Original: start=-1.67562, slope=3402, intercept=6219, x_refl=0, y_refl=0
  Quantized: start=21258, slope=3402, intercept=6219

Delta for Group 0:
  Original: start=-1.67367, slope=3426, intercept=6259, x_refl=0, y_refl=0
  Quantized: start=21386, slope=3426, intercept=6259

Delta for Group 0:
  Original: start=-1.67171, slope=3450, intercept=6299, x_refl=0, y_refl=0
  Quantized: start=21515, slope=3450, intercept=6299

Delta for Group 0:
  Original: start=-1.66976, slope=3474, intercept=6339, x_refl=0, y_refl=0
  Quantized: start=21643, slope=3474, intercept=6339

Delta for Group 0:
  Original: start=-1.66781, slope=3498, intercept=6380, x_refl=0, y_refl=0
  Quantized: start=21771, slope=3498, intercept=6380

Delta for Group 0:
  Original: start=-1.66585, slope=3522, intercept=6420, x_refl=0, y_refl=0
  Quantized: start=21899, slope=3522, intercept=6420

Delta for Group 0:
  Original: start=-1.6639, slope=3547, intercept=6460, x_refl=0, y_refl=0
  Quantized: start=22027, slope=3547, intercept=6460

Delta for Group 0:
  Original: start=-1.66194, slope=3571, intercept=6501, x_refl=0, y_refl=0
  Quantized: start=22155, slope=3571, intercept=6501

Delta for Group 0:
  Original: start=-1.65999, slope=3595, intercept=6541, x_refl=0, y_refl=0
  Quantized: start=22283, slope=3595, intercept=6541

Delta for Group 0:
  Original: start=-1.65804, slope=3620, intercept=6582, x_refl=0, y_refl=0
  Quantized: start=22411, slope=3620, intercept=6582

Delta for Group 0:
  Original: start=-1.65608, slope=3644, intercept=6622, x_refl=0, y_refl=0
  Quantized: start=22539, slope=3644, intercept=6622

Delta for Group 0:
  Original: start=-1.65413, slope=3669, intercept=6663, x_refl=0, y_refl=0
  Quantized: start=22667, slope=3669, intercept=6663

Delta for Group 0:
  Original: start=-1.65217, slope=3693, intercept=6703, x_refl=0, y_refl=0
  Quantized: start=22795, slope=3693, intercept=6703

Delta for Group 0:
  Original: start=-1.65022, slope=3718, intercept=6744, x_refl=0, y_refl=0
  Quantized: start=22923, slope=3718, intercept=6744

Delta for Group 0:
  Original: start=-1.64827, slope=3742, intercept=6784, x_refl=0, y_refl=0
  Quantized: start=23051, slope=3742, intercept=6784

Delta for Group 0:
  Original: start=-1.64631, slope=3767, intercept=6825, x_refl=0, y_refl=0
  Quantized: start=23179, slope=3767, intercept=6825

Delta for Group 0:
  Original: start=-1.64436, slope=3792, intercept=6866, x_refl=0, y_refl=0
  Quantized: start=23307, slope=3792, intercept=6866

Delta for Group 0:
  Original: start=-1.6424, slope=3817, intercept=6906, x_refl=0, y_refl=0
  Quantized: start=23435, slope=3817, intercept=6906

Delta for Group 0:
  Original: start=-1.64045, slope=3841, intercept=6947, x_refl=0, y_refl=0
  Quantized: start=23564, slope=3841, intercept=6947

Delta for Group 0:
  Original: start=-1.6385, slope=3866, intercept=6988, x_refl=0, y_refl=0
  Quantized: start=23692, slope=3866, intercept=6988

Delta for Group 0:
  Original: start=-1.63654, slope=3891, intercept=7029, x_refl=0, y_refl=0
  Quantized: start=23820, slope=3891, intercept=7029

Delta for Group 0:
  Original: start=-1.63459, slope=3916, intercept=7070, x_refl=0, y_refl=0
  Quantized: start=23948, slope=3916, intercept=7070

Delta for Group 0:
  Original: start=-1.63263, slope=3941, intercept=7110, x_refl=0, y_refl=0
  Quantized: start=24076, slope=3941, intercept=7110

Delta for Group 0:
  Original: start=-1.63068, slope=3966, intercept=7151, x_refl=0, y_refl=0
  Quantized: start=24204, slope=3966, intercept=7151

Delta for Group 0:
  Original: start=-1.62872, slope=3991, intercept=7192, x_refl=0, y_refl=0
  Quantized: start=24332, slope=3991, intercept=7192

Delta for Group 0:
  Original: start=-1.62677, slope=4017, intercept=7233, x_refl=0, y_refl=0
  Quantized: start=24460, slope=4017, intercept=7233

Delta for Group 0:
  Original: start=-1.62482, slope=4042, intercept=7274, x_refl=0, y_refl=0
  Quantized: start=24588, slope=4042, intercept=7274

Delta for Group 0:
  Original: start=-1.62286, slope=4067, intercept=7315, x_refl=0, y_refl=0
  Quantized: start=24716, slope=4067, intercept=7315

Delta for Group 0:
  Original: start=-1.62091, slope=4092, intercept=7356, x_refl=0, y_refl=0
  Quantized: start=24844, slope=4092, intercept=7356

Delta for Group 0:
  Original: start=-1.61895, slope=4118, intercept=7397, x_refl=0, y_refl=0
  Quantized: start=24972, slope=4118, intercept=7397

Delta for Group 0:
  Original: start=-1.617, slope=4143, intercept=7438, x_refl=0, y_refl=0
  Quantized: start=25100, slope=4143, intercept=7438

Delta for Group 0:
  Original: start=-1.61505, slope=4169, intercept=7479, x_refl=0, y_refl=0
  Quantized: start=25228, slope=4169, intercept=7479

Delta for Group 0:
  Original: start=-1.61309, slope=4194, intercept=7521, x_refl=0, y_refl=0
  Quantized: start=25356, slope=4194, intercept=7521

Delta for Group 0:
  Original: start=-1.61114, slope=4220, intercept=7562, x_refl=0, y_refl=0
  Quantized: start=25484, slope=4220, intercept=7562

Delta for Group 0:
  Original: start=-1.60918, slope=4245, intercept=7603, x_refl=0, y_refl=0
  Quantized: start=25613, slope=4245, intercept=7603

Delta for Group 0:
  Original: start=-1.60723, slope=4271, intercept=7644, x_refl=0, y_refl=0
  Quantized: start=25741, slope=4271, intercept=7644

Delta for Group 0:
  Original: start=-1.60528, slope=4297, intercept=7686, x_refl=0, y_refl=0
  Quantized: start=25869, slope=4297, intercept=7686

Delta for Group 0:
  Original: start=-1.60332, slope=4322, intercept=7727, x_refl=0, y_refl=0
  Quantized: start=25997, slope=4322, intercept=7727

Delta for Group 0:
  Original: start=-1.60137, slope=4348, intercept=7768, x_refl=0, y_refl=0
  Quantized: start=26125, slope=4348, intercept=7768

Delta for Group 0:
  Original: start=-1.59941, slope=4374, intercept=7810, x_refl=0, y_refl=0
  Quantized: start=26253, slope=4374, intercept=7810

Delta for Group 0:
  Original: start=-1.59746, slope=4400, intercept=7851, x_refl=0, y_refl=0
  Quantized: start=26381, slope=4400, intercept=7851

Delta for Group 0:
  Original: start=-1.59551, slope=4426, intercept=7892, x_refl=0, y_refl=0
  Quantized: start=26509, slope=4426, intercept=7892

Delta for Group 0:
  Original: start=-1.59355, slope=4452, intercept=7934, x_refl=0, y_refl=0
  Quantized: start=26637, slope=4452, intercept=7934

Delta for Group 0:
  Original: start=-1.5916, slope=4478, intercept=7975, x_refl=0, y_refl=0
  Quantized: start=26765, slope=4478, intercept=7975

Delta for Group 0:
  Original: start=-1.58964, slope=4504, intercept=8017, x_refl=0, y_refl=0
  Quantized: start=26893, slope=4504, intercept=8017

Delta for Group 0:
  Original: start=-1.58769, slope=4530, intercept=8059, x_refl=0, y_refl=0
  Quantized: start=27021, slope=4530, intercept=8059

Delta for Group 0:
  Original: start=-1.58574, slope=4557, intercept=8100, x_refl=0, y_refl=0
  Quantized: start=27149, slope=4557, intercept=8100

Delta for Group 0:
  Original: start=-1.58378, slope=4583, intercept=8142, x_refl=0, y_refl=0
  Quantized: start=27277, slope=4583, intercept=8142

Delta for Group 0:
  Original: start=-1.58183, slope=4609, intercept=8183, x_refl=0, y_refl=0
  Quantized: start=27405, slope=4609, intercept=8183

Delta for Group 0:
  Original: start=-1.57987, slope=4636, intercept=8225, x_refl=0, y_refl=0
  Quantized: start=27533, slope=4636, intercept=8225

Delta for Group 0:
  Original: start=-1.57792, slope=4662, intercept=8267, x_refl=0, y_refl=0
  Quantized: start=27662, slope=4662, intercept=8267

Delta for Group 0:
  Original: start=-1.57596, slope=4689, intercept=8309, x_refl=0, y_refl=0
  Quantized: start=27790, slope=4689, intercept=8309

Delta for Group 0:
  Original: start=-1.57401, slope=4715, intercept=8350, x_refl=0, y_refl=0
  Quantized: start=27918, slope=4715, intercept=8350

Delta for Group 0:
  Original: start=-1.57206, slope=4742, intercept=8392, x_refl=0, y_refl=0
  Quantized: start=28046, slope=4742, intercept=8392

Delta for Group 0:
  Original: start=-1.5701, slope=4768, intercept=8434, x_refl=0, y_refl=0
  Quantized: start=28174, slope=4768, intercept=8434

Delta for Group 0:
  Original: start=-1.56815, slope=4795, intercept=8476, x_refl=0, y_refl=0
  Quantized: start=28302, slope=4795, intercept=8476

Delta for Group 0:
  Original: start=-1.56619, slope=4822, intercept=8518, x_refl=0, y_refl=0
  Quantized: start=28430, slope=4822, intercept=8518

Delta for Group 0:
  Original: start=-1.56424, slope=4849, intercept=8560, x_refl=0, y_refl=0
  Quantized: start=28558, slope=4849, intercept=8560

Delta for Group 0:
  Original: start=-1.56229, slope=4875, intercept=8602, x_refl=0, y_refl=0
  Quantized: start=28686, slope=4875, intercept=8602

Delta for Group 0:
  Original: start=-1.56033, slope=4902, intercept=8644, x_refl=0, y_refl=0
  Quantized: start=28814, slope=4902, intercept=8644

Delta for Group 0:
  Original: start=-1.55838, slope=4929, intercept=8686, x_refl=0, y_refl=0
  Quantized: start=28942, slope=4929, intercept=8686

Delta for Group 0:
  Original: start=-1.55642, slope=4956, intercept=8728, x_refl=0, y_refl=0
  Quantized: start=29070, slope=4956, intercept=8728

Delta for Group 0:
  Original: start=-1.55447, slope=4983, intercept=8770, x_refl=0, y_refl=0
  Quantized: start=29198, slope=4983, intercept=8770

Delta for Group 0:
  Original: start=-1.55252, slope=5010, intercept=8812, x_refl=0, y_refl=0
  Quantized: start=29326, slope=5010, intercept=8812

Delta for Group 0:
  Original: start=-1.55056, slope=5038, intercept=8854, x_refl=0, y_refl=0
  Quantized: start=29454, slope=5038, intercept=8854

Delta for Group 0:
  Original: start=-1.54861, slope=5065, intercept=8896, x_refl=0, y_refl=0
  Quantized: start=29582, slope=5065, intercept=8896

Delta for Group 0:
  Original: start=-1.54665, slope=5092, intercept=8938, x_refl=0, y_refl=0
  Quantized: start=29711, slope=5092, intercept=8938

Delta for Group 0:
  Original: start=-1.5447, slope=5119, intercept=8980, x_refl=0, y_refl=0
  Quantized: start=29839, slope=5119, intercept=8980

Delta for Group 0:
  Original: start=-1.54275, slope=5147, intercept=9023, x_refl=0, y_refl=0
  Quantized: start=29967, slope=5147, intercept=9023

Delta for Group 0:
  Original: start=-1.54079, slope=5174, intercept=9065, x_refl=0, y_refl=0
  Quantized: start=30095, slope=5174, intercept=9065

Delta for Group 0:
  Original: start=-1.53884, slope=5202, intercept=9107, x_refl=0, y_refl=0
  Quantized: start=30223, slope=5202, intercept=9107

Delta for Group 0:
  Original: start=-1.53688, slope=5229, intercept=9149, x_refl=0, y_refl=0
  Quantized: start=30351, slope=5229, intercept=9149

Delta for Group 0:
  Original: start=-1.53493, slope=5257, intercept=9192, x_refl=0, y_refl=0
  Quantized: start=30479, slope=5257, intercept=9192

Delta for Group 0:
  Original: start=-1.53298, slope=5285, intercept=9234, x_refl=0, y_refl=0
  Quantized: start=30607, slope=5285, intercept=9234

Delta for Group 0:
  Original: start=-1.53102, slope=5312, intercept=9277, x_refl=0, y_refl=0
  Quantized: start=30735, slope=5312, intercept=9277

Delta for Group 0:
  Original: start=-1.52907, slope=5340, intercept=9319, x_refl=0, y_refl=0
  Quantized: start=30863, slope=5340, intercept=9319

Delta for Group 0:
  Original: start=-1.52711, slope=5368, intercept=9362, x_refl=0, y_refl=0
  Quantized: start=30991, slope=5368, intercept=9362

Delta for Group 0:
  Original: start=-1.52516, slope=5396, intercept=9404, x_refl=0, y_refl=0
  Quantized: start=31119, slope=5396, intercept=9404

Delta for Group 0:
  Original: start=-1.5232, slope=5424, intercept=9447, x_refl=0, y_refl=0
  Quantized: start=31247, slope=5424, intercept=9447

Delta for Group 0:
  Original: start=-1.52125, slope=5452, intercept=9489, x_refl=0, y_refl=0
  Quantized: start=31375, slope=5452, intercept=9489

Delta for Group 0:
  Original: start=-1.5193, slope=5480, intercept=9532, x_refl=0, y_refl=0
  Quantized: start=31503, slope=5480, intercept=9532

Delta for Group 0:
  Original: start=-1.51734, slope=5508, intercept=9574, x_refl=0, y_refl=0
  Quantized: start=31631, slope=5508, intercept=9574

Delta for Group 0:
  Original: start=-1.51539, slope=5536, intercept=9617, x_refl=0, y_refl=0
  Quantized: start=31760, slope=5536, intercept=9617

Delta for Group 0:
  Original: start=-1.51343, slope=5564, intercept=9660, x_refl=0, y_refl=0
  Quantized: start=31888, slope=5564, intercept=9660

Delta for Group 0:
  Original: start=-1.51148, slope=5592, intercept=9702, x_refl=0, y_refl=0
  Quantized: start=32016, slope=5592, intercept=9702

Delta for Group 0:
  Original: start=-1.50953, slope=5621, intercept=9745, x_refl=0, y_refl=0
  Quantized: start=32144, slope=5621, intercept=9745

Delta for Group 0:
  Original: start=-1.50757, slope=5649, intercept=9788, x_refl=0, y_refl=0
  Quantized: start=32272, slope=5649, intercept=9788

Delta for Group 0:
  Original: start=-1.50562, slope=5677, intercept=9831, x_refl=0, y_refl=0
  Quantized: start=32400, slope=5677, intercept=9831

Delta for Group 0:
  Original: start=-1.50366, slope=5706, intercept=9873, x_refl=0, y_refl=0
  Quantized: start=32528, slope=5706, intercept=9873

Delta for Group 0:
  Original: start=-1.50171, slope=5734, intercept=9916, x_refl=0, y_refl=0
  Quantized: start=32656, slope=5734, intercept=9916

Delta for Group 0:
  Original: start=-1.49976, slope=5763, intercept=9959, x_refl=0, y_refl=0
  Quantized: start=-32752, slope=5763, intercept=9959

Delta for Group 0:
  Original: start=-1.4978, slope=5792, intercept=10002, x_refl=0, y_refl=0
  Quantized: start=-32624, slope=5792, intercept=10002

Delta for Group 0:
  Original: start=-1.49585, slope=5820, intercept=10045, x_refl=0, y_refl=0
  Quantized: start=-32496, slope=5820, intercept=10045

Delta for Group 0:
  Original: start=-1.49389, slope=5849, intercept=10088, x_refl=0, y_refl=0
  Quantized: start=-32368, slope=5849, intercept=10088

Delta for Group 0:
  Original: start=-1.49194, slope=5878, intercept=10131, x_refl=0, y_refl=0
  Quantized: start=-32240, slope=5878, intercept=10131

Delta for Group 0:
  Original: start=-1.48999, slope=5907, intercept=10174, x_refl=0, y_refl=0
  Quantized: start=-32112, slope=5907, intercept=10174

Delta for Group 0:
  Original: start=-1.48803, slope=5936, intercept=10217, x_refl=0, y_refl=0
  Quantized: start=-31984, slope=5936, intercept=10217

Delta for Group 0:
  Original: start=-1.48608, slope=5965, intercept=10260, x_refl=0, y_refl=0
  Quantized: start=-31856, slope=5965, intercept=10260

Delta for Group 0:
  Original: start=-1.48412, slope=5994, intercept=10303, x_refl=0, y_refl=0
  Quantized: start=-31727, slope=5994, intercept=10303

Delta for Group 0:
  Original: start=-1.48217, slope=6023, intercept=10346, x_refl=0, y_refl=0
  Quantized: start=-31599, slope=6023, intercept=10346

Delta for Group 0:
  Original: start=-1.48021, slope=6052, intercept=10389, x_refl=0, y_refl=0
  Quantized: start=-31471, slope=6052, intercept=10389

Delta for Group 0:
  Original: start=-1.47826, slope=6081, intercept=10432, x_refl=0, y_refl=0
  Quantized: start=-31343, slope=6081, intercept=10432

Delta for Group 0:
  Original: start=-1.47631, slope=6110, intercept=10476, x_refl=0, y_refl=0
  Quantized: start=-31215, slope=6110, intercept=10476

Delta for Group 0:
  Original: start=-1.47435, slope=6140, intercept=10519, x_refl=0, y_refl=0
  Quantized: start=-31087, slope=6140, intercept=10519

Delta for Group 0:
  Original: start=-1.4724, slope=6169, intercept=10562, x_refl=0, y_refl=0
  Quantized: start=-30959, slope=6169, intercept=10562

Delta for Group 0:
  Original: start=-1.47044, slope=6198, intercept=10605, x_refl=0, y_refl=0
  Quantized: start=-30831, slope=6198, intercept=10605

Delta for Group 0:
  Original: start=-1.46849, slope=6228, intercept=10649, x_refl=0, y_refl=0
  Quantized: start=-30703, slope=6228, intercept=10649

Delta for Group 0:
  Original: start=-1.46654, slope=6257, intercept=10692, x_refl=0, y_refl=0
  Quantized: start=-30575, slope=6257, intercept=10692

Delta for Group 0:
  Original: start=-1.46458, slope=6287, intercept=10735, x_refl=0, y_refl=0
  Quantized: start=-30447, slope=6287, intercept=10735

Delta for Group 0:
  Original: start=-1.46263, slope=6317, intercept=10779, x_refl=0, y_refl=0
  Quantized: start=-30319, slope=6317, intercept=10779

Delta for Group 0:
  Original: start=-1.46067, slope=6346, intercept=10822, x_refl=0, y_refl=0
  Quantized: start=-30191, slope=6346, intercept=10822

Delta for Group 0:
  Original: start=-1.45872, slope=6376, intercept=10866, x_refl=0, y_refl=0
  Quantized: start=-30063, slope=6376, intercept=10866

Delta for Group 0:
  Original: start=-1.45677, slope=6406, intercept=10909, x_refl=0, y_refl=0
  Quantized: start=-29935, slope=6406, intercept=10909

Delta for Group 0:
  Original: start=-1.45481, slope=6436, intercept=10953, x_refl=0, y_refl=0
  Quantized: start=-29807, slope=6436, intercept=10953

Delta for Group 0:
  Original: start=-1.45286, slope=6466, intercept=10996, x_refl=0, y_refl=0
  Quantized: start=-29678, slope=6466, intercept=10996

Delta for Group 0:
  Original: start=-1.4509, slope=6496, intercept=11040, x_refl=0, y_refl=0
  Quantized: start=-29550, slope=6496, intercept=11040

Delta for Group 0:
  Original: start=-1.44895, slope=6526, intercept=11083, x_refl=0, y_refl=0
  Quantized: start=-29422, slope=6526, intercept=11083

Delta for Group 0:
  Original: start=-1.447, slope=6556, intercept=11127, x_refl=0, y_refl=0
  Quantized: start=-29294, slope=6556, intercept=11127

Delta for Group 0:
  Original: start=-1.44504, slope=6586, intercept=11170, x_refl=0, y_refl=0
  Quantized: start=-29166, slope=6586, intercept=11170

Delta for Group 0:
  Original: start=-1.44309, slope=6617, intercept=11214, x_refl=0, y_refl=0
  Quantized: start=-29038, slope=6617, intercept=11214

Delta for Group 0:
  Original: start=-1.44113, slope=6647, intercept=11258, x_refl=0, y_refl=0
  Quantized: start=-28910, slope=6647, intercept=11258

Delta for Group 0:
  Original: start=-1.43918, slope=6677, intercept=11301, x_refl=0, y_refl=0
  Quantized: start=-28782, slope=6677, intercept=11301

Delta for Group 0:
  Original: start=-1.43723, slope=6708, intercept=11345, x_refl=0, y_refl=0
  Quantized: start=-28654, slope=6708, intercept=11345

Delta for Group 0:
  Original: start=-1.43527, slope=6738, intercept=11389, x_refl=0, y_refl=0
  Quantized: start=-28526, slope=6738, intercept=11389

Delta for Group 0:
  Original: start=-1.43332, slope=6769, intercept=11433, x_refl=0, y_refl=0
  Quantized: start=-28398, slope=6769, intercept=11433

Delta for Group 0:
  Original: start=-1.43136, slope=6799, intercept=11477, x_refl=0, y_refl=0
  Quantized: start=-28270, slope=6799, intercept=11477

Delta for Group 0:
  Original: start=-1.42941, slope=6830, intercept=11520, x_refl=0, y_refl=0
  Quantized: start=-28142, slope=6830, intercept=11520

Delta for Group 0:
  Original: start=-1.42745, slope=6861, intercept=11564, x_refl=0, y_refl=0
  Quantized: start=-28014, slope=6861, intercept=11564

Delta for Group 0:
  Original: start=-1.4255, slope=6891, intercept=11608, x_refl=0, y_refl=0
  Quantized: start=-27886, slope=6891, intercept=11608

Delta for Group 0:
  Original: start=-1.42355, slope=6922, intercept=11652, x_refl=0, y_refl=0
  Quantized: start=-27758, slope=6922, intercept=11652

Delta for Group 0:
  Original: start=-1.42159, slope=6953, intercept=11696, x_refl=0, y_refl=0
  Quantized: start=-27629, slope=6953, intercept=11696

Delta for Group 0:
  Original: start=-1.41964, slope=6984, intercept=11740, x_refl=0, y_refl=0
  Quantized: start=-27501, slope=6984, intercept=11740

Delta for Group 0:
  Original: start=-1.41768, slope=7015, intercept=11784, x_refl=0, y_refl=0
  Quantized: start=-27373, slope=7015, intercept=11784

Delta for Group 0:
  Original: start=-1.41573, slope=7046, intercept=11828, x_refl=0, y_refl=0
  Quantized: start=-27245, slope=7046, intercept=11828

Delta for Group 0:
  Original: start=-1.41378, slope=7077, intercept=11872, x_refl=0, y_refl=0
  Quantized: start=-27117, slope=7077, intercept=11872

Delta for Group 0:
  Original: start=-1.41182, slope=7109, intercept=11916, x_refl=0, y_refl=0
  Quantized: start=-26989, slope=7109, intercept=11916

Delta for Group 0:
  Original: start=-1.40987, slope=7140, intercept=11960, x_refl=0, y_refl=0
  Quantized: start=-26861, slope=7140, intercept=11960

Delta for Group 0:
  Original: start=-1.40791, slope=7171, intercept=12004, x_refl=0, y_refl=0
  Quantized: start=-26733, slope=7171, intercept=12004

Delta for Group 0:
  Original: start=-1.40596, slope=7203, intercept=12048, x_refl=0, y_refl=0
  Quantized: start=-26605, slope=7203, intercept=12048

Delta for Group 0:
  Original: start=-1.40401, slope=7234, intercept=12093, x_refl=0, y_refl=0
  Quantized: start=-26477, slope=7234, intercept=12093

Delta for Group 0:
  Original: start=-1.40205, slope=7266, intercept=12137, x_refl=0, y_refl=0
  Quantized: start=-26349, slope=7266, intercept=12137

Delta for Group 0:
  Original: start=-1.4001, slope=7297, intercept=12181, x_refl=0, y_refl=0
  Quantized: start=-26221, slope=7297, intercept=12181

Delta for Group 0:
  Original: start=-1.39814, slope=7329, intercept=12225, x_refl=0, y_refl=0
  Quantized: start=-26093, slope=7329, intercept=12225

Delta for Group 0:
  Original: start=-1.39619, slope=7361, intercept=12269, x_refl=0, y_refl=0
  Quantized: start=-25965, slope=7361, intercept=12269

Delta for Group 0:
  Original: start=-1.39424, slope=7392, intercept=12314, x_refl=0, y_refl=0
  Quantized: start=-25837, slope=7392, intercept=12314

Delta for Group 0:
  Original: start=-1.39228, slope=7424, intercept=12358, x_refl=0, y_refl=0
  Quantized: start=-25709, slope=7424, intercept=12358

Delta for Group 0:
  Original: start=-1.39033, slope=7456, intercept=12402, x_refl=0, y_refl=0
  Quantized: start=-25580, slope=7456, intercept=12402

Delta for Group 0:
  Original: start=-1.38837, slope=7488, intercept=12447, x_refl=0, y_refl=0
  Quantized: start=-25452, slope=7488, intercept=12447

Delta for Group 0:
  Original: start=-1.38642, slope=7520, intercept=12491, x_refl=0, y_refl=0
  Quantized: start=-25324, slope=7520, intercept=12491

Delta for Group 0:
  Original: start=-1.38447, slope=7552, intercept=12535, x_refl=0, y_refl=0
  Quantized: start=-25196, slope=7552, intercept=12535

Delta for Group 0:
  Original: start=-1.38251, slope=7584, intercept=12580, x_refl=0, y_refl=0
  Quantized: start=-25068, slope=7584, intercept=12580

Delta for Group 0:
  Original: start=-1.38056, slope=7616, intercept=12624, x_refl=0, y_refl=0
  Quantized: start=-24940, slope=7616, intercept=12624

Delta for Group 0:
  Original: start=-1.3786, slope=7649, intercept=12669, x_refl=0, y_refl=0
  Quantized: start=-24812, slope=7649, intercept=12669

Delta for Group 0:
  Original: start=-1.37665, slope=7681, intercept=12713, x_refl=0, y_refl=0
  Quantized: start=-24684, slope=7681, intercept=12713

Delta for Group 0:
  Original: start=-1.37469, slope=7713, intercept=12758, x_refl=0, y_refl=0
  Quantized: start=-24556, slope=7713, intercept=12758

Delta for Group 0:
  Original: start=-1.37274, slope=7746, intercept=12802, x_refl=0, y_refl=0
  Quantized: start=-24428, slope=7746, intercept=12802

Delta for Group 0:
  Original: start=-1.37079, slope=7778, intercept=12847, x_refl=0, y_refl=0
  Quantized: start=-24300, slope=7778, intercept=12847

Delta for Group 0:
  Original: start=-1.36883, slope=7811, intercept=12892, x_refl=0, y_refl=0
  Quantized: start=-24172, slope=7811, intercept=12892

Delta for Group 0:
  Original: start=-1.36688, slope=7844, intercept=12936, x_refl=0, y_refl=0
  Quantized: start=-24044, slope=7844, intercept=12936

Delta for Group 0:
  Original: start=-1.36492, slope=7876, intercept=12981, x_refl=0, y_refl=0
  Quantized: start=-23916, slope=7876, intercept=12981

Delta for Group 0:
  Original: start=-1.36297, slope=7909, intercept=13026, x_refl=0, y_refl=0
  Quantized: start=-23788, slope=7909, intercept=13026

Delta for Group 0:
  Original: start=-1.36102, slope=7942, intercept=13070, x_refl=0, y_refl=0
  Quantized: start=-23660, slope=7942, intercept=13070

Delta for Group 0:
  Original: start=-1.35906, slope=7975, intercept=13115, x_refl=0, y_refl=0
  Quantized: start=-23531, slope=7975, intercept=13115

Delta for Group 0:
  Original: start=-1.35711, slope=8008, intercept=13160, x_refl=0, y_refl=0
  Quantized: start=-23403, slope=8008, intercept=13160

Delta for Group 0:
  Original: start=-1.35515, slope=8041, intercept=13204, x_refl=0, y_refl=0
  Quantized: start=-23275, slope=8041, intercept=13204

Delta for Group 0:
  Original: start=-1.3532, slope=8074, intercept=13249, x_refl=0, y_refl=0
  Quantized: start=-23147, slope=8074, intercept=13249

Delta for Group 0:
  Original: start=-1.35125, slope=8107, intercept=13294, x_refl=0, y_refl=0
  Quantized: start=-23019, slope=8107, intercept=13294

Delta for Group 0:
  Original: start=-1.34929, slope=8140, intercept=13339, x_refl=0, y_refl=0
  Quantized: start=-22891, slope=8140, intercept=13339

Delta for Group 0:
  Original: start=-1.34734, slope=8174, intercept=13384, x_refl=0, y_refl=0
  Quantized: start=-22763, slope=8174, intercept=13384

Delta for Group 0:
  Original: start=-1.34538, slope=8207, intercept=13429, x_refl=0, y_refl=0
  Quantized: start=-22635, slope=8207, intercept=13429

Delta for Group 0:
  Original: start=-1.34343, slope=8240, intercept=13473, x_refl=0, y_refl=0
  Quantized: start=-22507, slope=8240, intercept=13473

Delta for Group 0:
  Original: start=-1.34148, slope=8274, intercept=13518, x_refl=0, y_refl=0
  Quantized: start=-22379, slope=8274, intercept=13518

Delta for Group 0:
  Original: start=-1.33952, slope=8307, intercept=13563, x_refl=0, y_refl=0
  Quantized: start=-22251, slope=8307, intercept=13563

Delta for Group 0:
  Original: start=-1.33757, slope=8341, intercept=13608, x_refl=0, y_refl=0
  Quantized: start=-22123, slope=8341, intercept=13608

Delta for Group 0:
  Original: start=-1.33561, slope=8375, intercept=13653, x_refl=0, y_refl=0
  Quantized: start=-21995, slope=8375, intercept=13653

Delta for Group 0:
  Original: start=-1.33366, slope=8408, intercept=13698, x_refl=0, y_refl=0
  Quantized: start=-21867, slope=8408, intercept=13698

Delta for Group 0:
  Original: start=-1.3317, slope=8442, intercept=13743, x_refl=0, y_refl=0
  Quantized: start=-21739, slope=8442, intercept=13743

Delta for Group 0:
  Original: start=-1.32975, slope=8476, intercept=13788, x_refl=0, y_refl=0
  Quantized: start=-21611, slope=8476, intercept=13788

Delta for Group 0:
  Original: start=-1.3278, slope=8510, intercept=13833, x_refl=0, y_refl=0
  Quantized: start=-21482, slope=8510, intercept=13833

Delta for Group 0:
  Original: start=-1.32584, slope=8544, intercept=13878, x_refl=0, y_refl=0
  Quantized: start=-21354, slope=8544, intercept=13878

Delta for Group 0:
  Original: start=-1.32389, slope=8578, intercept=13924, x_refl=0, y_refl=0
  Quantized: start=-21226, slope=8578, intercept=13924

Delta for Group 0:
  Original: start=-1.32193, slope=8612, intercept=13969, x_refl=0, y_refl=0
  Quantized: start=-21098, slope=8612, intercept=13969

Delta for Group 0:
  Original: start=-1.31998, slope=8646, intercept=14014, x_refl=0, y_refl=0
  Quantized: start=-20970, slope=8646, intercept=14014

Delta for Group 0:
  Original: start=-1.31803, slope=8681, intercept=14059, x_refl=0, y_refl=0
  Quantized: start=-20842, slope=8681, intercept=14059

Delta for Group 0:
  Original: start=-1.31607, slope=8715, intercept=14104, x_refl=0, y_refl=0
  Quantized: start=-20714, slope=8715, intercept=14104

Delta for Group 0:
  Original: start=-1.31412, slope=8749, intercept=14149, x_refl=0, y_refl=0
  Quantized: start=-20586, slope=8749, intercept=14149

Delta for Group 0:
  Original: start=-1.31216, slope=8784, intercept=14195, x_refl=0, y_refl=0
  Quantized: start=-20458, slope=8784, intercept=14195

Delta for Group 0:
  Original: start=-1.31021, slope=8818, intercept=14240, x_refl=0, y_refl=0
  Quantized: start=-20330, slope=8818, intercept=14240

Delta for Group 0:
  Original: start=-1.30826, slope=8853, intercept=14285, x_refl=0, y_refl=0
  Quantized: start=-20202, slope=8853, intercept=14285

Delta for Group 0:
  Original: start=-1.3063, slope=8888, intercept=14331, x_refl=0, y_refl=0
  Quantized: start=-20074, slope=8888, intercept=14331

Delta for Group 0:
  Original: start=-1.30435, slope=8923, intercept=14376, x_refl=0, y_refl=0
  Quantized: start=-19946, slope=8923, intercept=14376

Delta for Group 0:
  Original: start=-1.30239, slope=8957, intercept=14421, x_refl=0, y_refl=0
  Quantized: start=-19818, slope=8957, intercept=14421

Delta for Group 0:
  Original: start=-1.30044, slope=8992, intercept=14467, x_refl=0, y_refl=0
  Quantized: start=-19690, slope=8992, intercept=14467

Delta for Group 0:
  Original: start=-1.29849, slope=9027, intercept=14512, x_refl=0, y_refl=0
  Quantized: start=-19562, slope=9027, intercept=14512

Delta for Group 0:
  Original: start=-1.29653, slope=9062, intercept=14557, x_refl=0, y_refl=0
  Quantized: start=-19433, slope=9062, intercept=14557

Delta for Group 0:
  Original: start=-1.29458, slope=9097, intercept=14603, x_refl=0, y_refl=0
  Quantized: start=-19305, slope=9097, intercept=14603

Delta for Group 0:
  Original: start=-1.29262, slope=9132, intercept=14648, x_refl=0, y_refl=0
  Quantized: start=-19177, slope=9132, intercept=14648

Delta for Group 0:
  Original: start=-1.29067, slope=9168, intercept=14694, x_refl=0, y_refl=0
  Quantized: start=-19049, slope=9168, intercept=14694

Delta for Group 0:
  Original: start=-1.28872, slope=9203, intercept=14739, x_refl=0, y_refl=0
  Quantized: start=-18921, slope=9203, intercept=14739

Delta for Group 0:
  Original: start=-1.28676, slope=9238, intercept=14785, x_refl=0, y_refl=0
  Quantized: start=-18793, slope=9238, intercept=14785

Delta for Group 0:
  Original: start=-1.28481, slope=9274, intercept=14830, x_refl=0, y_refl=0
  Quantized: start=-18665, slope=9274, intercept=14830

Delta for Group 0:
  Original: start=-1.28285, slope=9309, intercept=14876, x_refl=0, y_refl=0
  Quantized: start=-18537, slope=9309, intercept=14876

Delta for Group 0:
  Original: start=-1.2809, slope=9345, intercept=14921, x_refl=0, y_refl=0
  Quantized: start=-18409, slope=9345, intercept=14921

Delta for Group 0:
  Original: start=-1.27894, slope=9381, intercept=14967, x_refl=0, y_refl=0
  Quantized: start=-18281, slope=9381, intercept=14967

Delta for Group 0:
  Original: start=-1.27699, slope=9416, intercept=15013, x_refl=0, y_refl=0
  Quantized: start=-18153, slope=9416, intercept=15013

Delta for Group 0:
  Original: start=-1.27504, slope=9452, intercept=15058, x_refl=0, y_refl=0
  Quantized: start=-18025, slope=9452, intercept=15058

Delta for Group 0:
  Original: start=-1.27308, slope=9488, intercept=15104, x_refl=0, y_refl=0
  Quantized: start=-17897, slope=9488, intercept=15104

Delta for Group 0:
  Original: start=-1.27113, slope=9524, intercept=15150, x_refl=0, y_refl=0
  Quantized: start=-17769, slope=9524, intercept=15150

Delta for Group 0:
  Original: start=-1.26917, slope=9560, intercept=15195, x_refl=0, y_refl=0
  Quantized: start=-17641, slope=9560, intercept=15195

Delta for Group 0:
  Original: start=-1.26722, slope=9596, intercept=15241, x_refl=0, y_refl=0
  Quantized: start=-17513, slope=9596, intercept=15241

Delta for Group 0:
  Original: start=-1.26527, slope=9632, intercept=15287, x_refl=0, y_refl=0
  Quantized: start=-17384, slope=9632, intercept=15287

Delta for Group 0:
  Original: start=-1.26331, slope=9668, intercept=15332, x_refl=0, y_refl=0
  Quantized: start=-17256, slope=9668, intercept=15332

Delta for Group 0:
  Original: start=-1.26136, slope=9704, intercept=15378, x_refl=0, y_refl=0
  Quantized: start=-17128, slope=9704, intercept=15378

Delta for Group 0:
  Original: start=-1.2594, slope=9741, intercept=15424, x_refl=0, y_refl=0
  Quantized: start=-17000, slope=9741, intercept=15424

Delta for Group 0:
  Original: start=-1.25745, slope=9777, intercept=15470, x_refl=0, y_refl=0
  Quantized: start=-16872, slope=9777, intercept=15470

Delta for Group 0:
  Original: start=-1.2555, slope=9814, intercept=15516, x_refl=0, y_refl=0
  Quantized: start=-16744, slope=9814, intercept=15516

Delta for Group 0:
  Original: start=-1.25354, slope=9850, intercept=15561, x_refl=0, y_refl=0
  Quantized: start=-16616, slope=9850, intercept=15561

Delta for Group 0:
  Original: start=-1.25159, slope=9887, intercept=15607, x_refl=0, y_refl=0
  Quantized: start=-16488, slope=9887, intercept=15607

Delta for Group 0:
  Original: start=-1.24963, slope=9924, intercept=15653, x_refl=0, y_refl=0
  Quantized: start=-16360, slope=9924, intercept=15653

Delta for Group 0:
  Original: start=-1.24768, slope=9960, intercept=15699, x_refl=0, y_refl=0
  Quantized: start=-16232, slope=9960, intercept=15699

Delta for Group 0:
  Original: start=-1.24573, slope=9997, intercept=15745, x_refl=0, y_refl=0
  Quantized: start=-16104, slope=9997, intercept=15745

Delta for Group 0:
  Original: start=-1.24377, slope=10034, intercept=15791, x_refl=0, y_refl=0
  Quantized: start=-15976, slope=10034, intercept=15791

Delta for Group 0:
  Original: start=-1.24182, slope=10071, intercept=15837, x_refl=0, y_refl=0
  Quantized: start=-15848, slope=10071, intercept=15837

Delta for Group 0:
  Original: start=-1.23986, slope=10108, intercept=15883, x_refl=0, y_refl=0
  Quantized: start=-15720, slope=10108, intercept=15883

Delta for Group 0:
  Original: start=-1.23791, slope=10145, intercept=15929, x_refl=0, y_refl=0
  Quantized: start=-15592, slope=10145, intercept=15929

Delta for Group 0:
  Original: start=-1.23596, slope=10183, intercept=15975, x_refl=0, y_refl=0
  Quantized: start=-15464, slope=10183, intercept=15975

Delta for Group 0:
  Original: start=-1.234, slope=10220, intercept=16021, x_refl=0, y_refl=0
  Quantized: start=-15335, slope=10220, intercept=16021

Delta for Group 0:
  Original: start=-1.23205, slope=10257, intercept=16067, x_refl=0, y_refl=0
  Quantized: start=-15207, slope=10257, intercept=16067

Delta for Group 0:
  Original: start=-1.23009, slope=10295, intercept=16113, x_refl=0, y_refl=0
  Quantized: start=-15079, slope=10295, intercept=16113

Delta for Group 0:
  Original: start=-1.22814, slope=10332, intercept=16159, x_refl=0, y_refl=0
  Quantized: start=-14951, slope=10332, intercept=16159

Delta for Group 0:
  Original: start=-1.22618, slope=10370, intercept=16205, x_refl=0, y_refl=0
  Quantized: start=-14823, slope=10370, intercept=16205

Delta for Group 0:
  Original: start=-1.22423, slope=10407, intercept=16251, x_refl=0, y_refl=0
  Quantized: start=-14695, slope=10407, intercept=16251

Delta for Group 0:
  Original: start=-1.22228, slope=10445, intercept=16297, x_refl=0, y_refl=0
  Quantized: start=-14567, slope=10445, intercept=16297

Delta for Group 0:
  Original: start=-1.22032, slope=10483, intercept=16343, x_refl=0, y_refl=0
  Quantized: start=-14439, slope=10483, intercept=16343

Delta for Group 0:
  Original: start=-1.21837, slope=10521, intercept=16389, x_refl=0, y_refl=0
  Quantized: start=-14311, slope=10521, intercept=16389

Delta for Group 0:
  Original: start=-1.21641, slope=10559, intercept=16435, x_refl=0, y_refl=0
  Quantized: start=-14183, slope=10559, intercept=16435

Delta for Group 0:
  Original: start=-1.21446, slope=10597, intercept=16482, x_refl=0, y_refl=0
  Quantized: start=-14055, slope=10597, intercept=16482

Delta for Group 0:
  Original: start=-1.21251, slope=10635, intercept=16528, x_refl=0, y_refl=0
  Quantized: start=-13927, slope=10635, intercept=16528

Delta for Group 0:
  Original: start=-1.21055, slope=10673, intercept=16574, x_refl=0, y_refl=0
  Quantized: start=-13799, slope=10673, intercept=16574

Delta for Group 0:
  Original: start=-1.2086, slope=10711, intercept=16620, x_refl=0, y_refl=0
  Quantized: start=-13671, slope=10711, intercept=16620

Delta for Group 0:
  Original: start=-1.20664, slope=10750, intercept=16666, x_refl=0, y_refl=0
  Quantized: start=-13543, slope=10750, intercept=16666

Delta for Group 0:
  Original: start=-1.20469, slope=10788, intercept=16713, x_refl=0, y_refl=0
  Quantized: start=-13415, slope=10788, intercept=16713

Delta for Group 0:
  Original: start=-1.20274, slope=10826, intercept=16759, x_refl=0, y_refl=0
  Quantized: start=-13286, slope=10826, intercept=16759

Delta for Group 0:
  Original: start=-1.20078, slope=10865, intercept=16805, x_refl=0, y_refl=0
  Quantized: start=-13158, slope=10865, intercept=16805

Delta for Group 0:
  Original: start=-1.19883, slope=10904, intercept=16852, x_refl=0, y_refl=0
  Quantized: start=-13030, slope=10904, intercept=16852

Delta for Group 0:
  Original: start=-1.19687, slope=10942, intercept=16898, x_refl=0, y_refl=0
  Quantized: start=-12902, slope=10942, intercept=16898

Delta for Group 0:
  Original: start=-1.19492, slope=10981, intercept=16944, x_refl=0, y_refl=0
  Quantized: start=-12774, slope=10981, intercept=16944

Delta for Group 0:
  Original: start=-1.19297, slope=11020, intercept=16991, x_refl=0, y_refl=0
  Quantized: start=-12646, slope=11020, intercept=16991

Delta for Group 0:
  Original: start=-1.19101, slope=11059, intercept=17037, x_refl=0, y_refl=0
  Quantized: start=-12518, slope=11059, intercept=17037

Delta for Group 0:
  Original: start=-1.18906, slope=11098, intercept=17083, x_refl=0, y_refl=0
  Quantized: start=-12390, slope=11098, intercept=17083

Delta for Group 0:
  Original: start=-1.1871, slope=11137, intercept=17130, x_refl=0, y_refl=0
  Quantized: start=-12262, slope=11137, intercept=17130

Delta for Group 0:
  Original: start=-1.18515, slope=11176, intercept=17176, x_refl=0, y_refl=0
  Quantized: start=-12134, slope=11176, intercept=17176

Delta for Group 0:
  Original: start=-1.18319, slope=11215, intercept=17222, x_refl=0, y_refl=0
  Quantized: start=-12006, slope=11215, intercept=17222

Delta for Group 0:
  Original: start=-1.18124, slope=11255, intercept=17269, x_refl=0, y_refl=0
  Quantized: start=-11878, slope=11255, intercept=17269

Delta for Group 0:
  Original: start=-1.17929, slope=11294, intercept=17315, x_refl=0, y_refl=0
  Quantized: start=-11750, slope=11294, intercept=17315

Delta for Group 0:
  Original: start=-1.17733, slope=11333, intercept=17362, x_refl=0, y_refl=0
  Quantized: start=-11622, slope=11333, intercept=17362

Delta for Group 0:
  Original: start=-1.17538, slope=11373, intercept=17408, x_refl=0, y_refl=0
  Quantized: start=-11494, slope=11373, intercept=17408

Delta for Group 0:
  Original: start=-1.17342, slope=11412, intercept=17455, x_refl=0, y_refl=0
  Quantized: start=-11366, slope=11412, intercept=17455

Delta for Group 0:
  Original: start=-1.17147, slope=11452, intercept=17501, x_refl=0, y_refl=0
  Quantized: start=-11237, slope=11452, intercept=17501

Delta for Group 0:
  Original: start=-1.16952, slope=11492, intercept=17548, x_refl=0, y_refl=0
  Quantized: start=-11109, slope=11492, intercept=17548

Delta for Group 0:
  Original: start=-1.16756, slope=11532, intercept=17594, x_refl=0, y_refl=0
  Quantized: start=-10981, slope=11532, intercept=17594

Delta for Group 0:
  Original: start=-1.16561, slope=11572, intercept=17641, x_refl=0, y_refl=0
  Quantized: start=-10853, slope=11572, intercept=17641

Delta for Group 0:
  Original: start=-1.16365, slope=11612, intercept=17687, x_refl=0, y_refl=0
  Quantized: start=-10725, slope=11612, intercept=17687

Delta for Group 0:
  Original: start=-1.1617, slope=11652, intercept=17734, x_refl=0, y_refl=0
  Quantized: start=-10597, slope=11652, intercept=17734

Delta for Group 0:
  Original: start=-1.15975, slope=11692, intercept=17780, x_refl=0, y_refl=0
  Quantized: start=-10469, slope=11692, intercept=17780

Delta for Group 0:
  Original: start=-1.15779, slope=11732, intercept=17827, x_refl=0, y_refl=0
  Quantized: start=-10341, slope=11732, intercept=17827

Delta for Group 0:
  Original: start=-1.15584, slope=11772, intercept=17874, x_refl=0, y_refl=0
  Quantized: start=-10213, slope=11772, intercept=17874

Delta for Group 0:
  Original: start=-1.15388, slope=11813, intercept=17920, x_refl=0, y_refl=0
  Quantized: start=-10085, slope=11813, intercept=17920

Delta for Group 0:
  Original: start=-1.15193, slope=11853, intercept=17967, x_refl=0, y_refl=0
  Quantized: start=-9957, slope=11853, intercept=17967

Delta for Group 0:
  Original: start=-1.14998, slope=11894, intercept=18013, x_refl=0, y_refl=0
  Quantized: start=-9829, slope=11894, intercept=18013

Delta for Group 0:
  Original: start=-1.14802, slope=11935, intercept=18060, x_refl=0, y_refl=0
  Quantized: start=-9701, slope=11935, intercept=18060

Delta for Group 0:
  Original: start=-1.14607, slope=11975, intercept=18107, x_refl=0, y_refl=0
  Quantized: start=-9573, slope=11975, intercept=18107

Delta for Group 0:
  Original: start=-1.14411, slope=12016, intercept=18153, x_refl=0, y_refl=0
  Quantized: start=-9445, slope=12016, intercept=18153

Delta for Group 0:
  Original: start=-1.14216, slope=12057, intercept=18200, x_refl=0, y_refl=0
  Quantized: start=-9317, slope=12057, intercept=18200

Delta for Group 0:
  Original: start=-1.14021, slope=12098, intercept=18247, x_refl=0, y_refl=0
  Quantized: start=-9188, slope=12098, intercept=18247

Delta for Group 0:
  Original: start=-1.13825, slope=12139, intercept=18293, x_refl=0, y_refl=0
  Quantized: start=-9060, slope=12139, intercept=18293

Delta for Group 0:
  Original: start=-1.1363, slope=12180, intercept=18340, x_refl=0, y_refl=0
  Quantized: start=-8932, slope=12180, intercept=18340

Delta for Group 0:
  Original: start=-1.13434, slope=12221, intercept=18387, x_refl=0, y_refl=0
  Quantized: start=-8804, slope=12221, intercept=18387

Delta for Group 0:
  Original: start=-1.13239, slope=12262, intercept=18434, x_refl=0, y_refl=0
  Quantized: start=-8676, slope=12262, intercept=18434

Delta for Group 0:
  Original: start=-1.13043, slope=12304, intercept=18480, x_refl=0, y_refl=0
  Quantized: start=-8548, slope=12304, intercept=18480

Delta for Group 0:
  Original: start=-1.12848, slope=12345, intercept=18527, x_refl=0, y_refl=0
  Quantized: start=-8420, slope=12345, intercept=18527

Delta for Group 0:
  Original: start=-1.12653, slope=12387, intercept=18574, x_refl=0, y_refl=0
  Quantized: start=-8292, slope=12387, intercept=18574

Delta for Group 0:
  Original: start=-1.12457, slope=12428, intercept=18621, x_refl=0, y_refl=0
  Quantized: start=-8164, slope=12428, intercept=18621

Delta for Group 0:
  Original: start=-1.12262, slope=12470, intercept=18667, x_refl=0, y_refl=0
  Quantized: start=-8036, slope=12470, intercept=18667

Delta for Group 0:
  Original: start=-1.12066, slope=12512, intercept=18714, x_refl=0, y_refl=0
  Quantized: start=-7908, slope=12512, intercept=18714

Delta for Group 0:
  Original: start=-1.11871, slope=12554, intercept=18761, x_refl=0, y_refl=0
  Quantized: start=-7780, slope=12554, intercept=18761

Delta for Group 0:
  Original: start=-1.11676, slope=12596, intercept=18808, x_refl=0, y_refl=0
  Quantized: start=-7652, slope=12596, intercept=18808

Delta for Group 0:
  Original: start=-1.1148, slope=12638, intercept=18855, x_refl=0, y_refl=0
  Quantized: start=-7524, slope=12638, intercept=18855

Delta for Group 0:
  Original: start=-1.11285, slope=12680, intercept=18902, x_refl=0, y_refl=0
  Quantized: start=-7396, slope=12680, intercept=18902

Delta for Group 0:
  Original: start=-1.11089, slope=12722, intercept=18948, x_refl=0, y_refl=0
  Quantized: start=-7268, slope=12722, intercept=18948

Delta for Group 0:
  Original: start=-1.10894, slope=12764, intercept=18995, x_refl=0, y_refl=0
  Quantized: start=-7139, slope=12764, intercept=18995

Delta for Group 0:
  Original: start=-1.10699, slope=12806, intercept=19042, x_refl=0, y_refl=0
  Quantized: start=-7011, slope=12806, intercept=19042

Delta for Group 0:
  Original: start=-1.10503, slope=12849, intercept=19089, x_refl=0, y_refl=0
  Quantized: start=-6883, slope=12849, intercept=19089

Delta for Group 0:
  Original: start=-1.10308, slope=12891, intercept=19136, x_refl=0, y_refl=0
  Quantized: start=-6755, slope=12891, intercept=19136

Delta for Group 0:
  Original: start=-1.10112, slope=12934, intercept=19183, x_refl=0, y_refl=0
  Quantized: start=-6627, slope=12934, intercept=19183

Delta for Group 0:
  Original: start=-1.09917, slope=12977, intercept=19230, x_refl=0, y_refl=0
  Quantized: start=-6499, slope=12977, intercept=19230

Delta for Group 0:
  Original: start=-1.09722, slope=13019, intercept=19277, x_refl=0, y_refl=0
  Quantized: start=-6371, slope=13019, intercept=19277

Delta for Group 0:
  Original: start=-1.09526, slope=13062, intercept=19323, x_refl=0, y_refl=0
  Quantized: start=-6243, slope=13062, intercept=19323

Delta for Group 0:
  Original: start=-1.09331, slope=13105, intercept=19370, x_refl=0, y_refl=0
  Quantized: start=-6115, slope=13105, intercept=19370

Delta for Group 0:
  Original: start=-1.09135, slope=13148, intercept=19417, x_refl=0, y_refl=0
  Quantized: start=-5987, slope=13148, intercept=19417

Delta for Group 0:
  Original: start=-1.0894, slope=13191, intercept=19464, x_refl=0, y_refl=0
  Quantized: start=-5859, slope=13191, intercept=19464

Delta for Group 0:
  Original: start=-1.08745, slope=13234, intercept=19511, x_refl=0, y_refl=0
  Quantized: start=-5731, slope=13234, intercept=19511

Delta for Group 0:
  Original: start=-1.08549, slope=13277, intercept=19558, x_refl=0, y_refl=0
  Quantized: start=-5603, slope=13277, intercept=19558

Delta for Group 0:
  Original: start=-1.08354, slope=13321, intercept=19605, x_refl=0, y_refl=0
  Quantized: start=-5475, slope=13321, intercept=19605

Delta for Group 0:
  Original: start=-1.08158, slope=13364, intercept=19652, x_refl=0, y_refl=0
  Quantized: start=-5347, slope=13364, intercept=19652

Delta for Group 0:
  Original: start=-1.07963, slope=13408, intercept=19699, x_refl=0, y_refl=0
  Quantized: start=-5219, slope=13408, intercept=19699

Delta for Group 0:
  Original: start=-1.07767, slope=13451, intercept=19746, x_refl=0, y_refl=0
  Quantized: start=-5090, slope=13451, intercept=19746

Delta for Group 0:
  Original: start=-1.07572, slope=13495, intercept=19793, x_refl=0, y_refl=0
  Quantized: start=-4962, slope=13495, intercept=19793

Delta for Group 0:
  Original: start=-1.07377, slope=13539, intercept=19840, x_refl=0, y_refl=0
  Quantized: start=-4834, slope=13539, intercept=19840

Delta for Group 0:
  Original: start=-1.07181, slope=13583, intercept=19887, x_refl=0, y_refl=0
  Quantized: start=-4706, slope=13583, intercept=19887

Delta for Group 0:
  Original: start=-1.06986, slope=13627, intercept=19934, x_refl=0, y_refl=0
  Quantized: start=-4578, slope=13627, intercept=19934

Delta for Group 0:
  Original: start=-1.0679, slope=13671, intercept=19981, x_refl=0, y_refl=0
  Quantized: start=-4450, slope=13671, intercept=19981

Delta for Group 0:
  Original: start=-1.06595, slope=13715, intercept=20028, x_refl=0, y_refl=0
  Quantized: start=-4322, slope=13715, intercept=20028

Delta for Group 0:
  Original: start=-1.064, slope=13759, intercept=20075, x_refl=0, y_refl=0
  Quantized: start=-4194, slope=13759, intercept=20075

Delta for Group 0:
  Original: start=-1.06204, slope=13803, intercept=20122, x_refl=0, y_refl=0
  Quantized: start=-4066, slope=13803, intercept=20122

Delta for Group 0:
  Original: start=-1.06009, slope=13848, intercept=20169, x_refl=0, y_refl=0
  Quantized: start=-3938, slope=13848, intercept=20169

Delta for Group 0:
  Original: start=-1.05813, slope=13892, intercept=20216, x_refl=0, y_refl=0
  Quantized: start=-3810, slope=13892, intercept=20216

Delta for Group 0:
  Original: start=-1.05618, slope=13937, intercept=20263, x_refl=0, y_refl=0
  Quantized: start=-3682, slope=13937, intercept=20263

Delta for Group 0:
  Original: start=-1.05423, slope=13981, intercept=20310, x_refl=0, y_refl=0
  Quantized: start=-3554, slope=13981, intercept=20310

Delta for Group 0:
  Original: start=-1.05227, slope=14026, intercept=20357, x_refl=0, y_refl=0
  Quantized: start=-3426, slope=14026, intercept=20357

Delta for Group 0:
  Original: start=-1.05032, slope=14071, intercept=20404, x_refl=0, y_refl=0
  Quantized: start=-3298, slope=14071, intercept=20404

Delta for Group 0:
  Original: start=-1.04836, slope=14116, intercept=20451, x_refl=0, y_refl=0
  Quantized: start=-3170, slope=14116, intercept=20451

Delta for Group 0:
  Original: start=-1.04641, slope=14161, intercept=20498, x_refl=0, y_refl=0
  Quantized: start=-3041, slope=14161, intercept=20498

Delta for Group 0:
  Original: start=-1.04446, slope=14206, intercept=20545, x_refl=0, y_refl=0
  Quantized: start=-2913, slope=14206, intercept=20545

Delta for Group 0:
  Original: start=-1.0425, slope=14251, intercept=20593, x_refl=0, y_refl=0
  Quantized: start=-2785, slope=14251, intercept=20593

Delta for Group 0:
  Original: start=-1.04055, slope=14296, intercept=20640, x_refl=0, y_refl=0
  Quantized: start=-2657, slope=14296, intercept=20640

Delta for Group 0:
  Original: start=-1.03859, slope=14341, intercept=20687, x_refl=0, y_refl=0
  Quantized: start=-2529, slope=14341, intercept=20687

Delta for Group 0:
  Original: start=-1.03664, slope=14387, intercept=20734, x_refl=0, y_refl=0
  Quantized: start=-2401, slope=14387, intercept=20734

Delta for Group 0:
  Original: start=-1.03468, slope=14432, intercept=20781, x_refl=0, y_refl=0
  Quantized: start=-2273, slope=14432, intercept=20781

Delta for Group 0:
  Original: start=-1.03273, slope=14478, intercept=20828, x_refl=0, y_refl=0
  Quantized: start=-2145, slope=14478, intercept=20828

Delta for Group 0:
  Original: start=-1.03078, slope=14523, intercept=20875, x_refl=0, y_refl=0
  Quantized: start=-2017, slope=14523, intercept=20875

Delta for Group 0:
  Original: start=-1.02882, slope=14569, intercept=20922, x_refl=0, y_refl=0
  Quantized: start=-1889, slope=14569, intercept=20922

Delta for Group 0:
  Original: start=-1.02687, slope=14615, intercept=20969, x_refl=0, y_refl=0
  Quantized: start=-1761, slope=14615, intercept=20969

Delta for Group 0:
  Original: start=-1.02491, slope=14661, intercept=21016, x_refl=0, y_refl=0
  Quantized: start=-1633, slope=14661, intercept=21016

Delta for Group 0:
  Original: start=-1.02296, slope=14707, intercept=21063, x_refl=0, y_refl=0
  Quantized: start=-1505, slope=14707, intercept=21063

Delta for Group 0:
  Original: start=-1.02101, slope=14753, intercept=21111, x_refl=0, y_refl=0
  Quantized: start=-1377, slope=14753, intercept=21111

Delta for Group 0:
  Original: start=-1.01905, slope=14799, intercept=21158, x_refl=0, y_refl=0
  Quantized: start=-1249, slope=14799, intercept=21158

Delta for Group 0:
  Original: start=-1.0171, slope=14846, intercept=21205, x_refl=0, y_refl=0
  Quantized: start=-1121, slope=14846, intercept=21205

Delta for Group 0:
  Original: start=-1.01514, slope=14892, intercept=21252, x_refl=0, y_refl=0
  Quantized: start=-992, slope=14892, intercept=21252

Delta for Group 0:
  Original: start=-1.01319, slope=14939, intercept=21299, x_refl=0, y_refl=0
  Quantized: start=-864, slope=14939, intercept=21299

Delta for Group 0:
  Original: start=-1.01124, slope=14985, intercept=21346, x_refl=0, y_refl=0
  Quantized: start=-736, slope=14985, intercept=21346

Delta for Group 0:
  Original: start=-1.00928, slope=15032, intercept=21393, x_refl=0, y_refl=0
  Quantized: start=-608, slope=15032, intercept=21393

Delta for Group 0:
  Original: start=-1.00733, slope=15079, intercept=21440, x_refl=0, y_refl=0
  Quantized: start=-480, slope=15079, intercept=21440

Delta for Group 0:
  Original: start=-1.00537, slope=15126, intercept=21487, x_refl=0, y_refl=0
  Quantized: start=-352, slope=15126, intercept=21487

Delta for Group 0:
  Original: start=-1.00342, slope=15173, intercept=21534, x_refl=0, y_refl=0
  Quantized: start=-224, slope=15173, intercept=21534

Delta for Group 0:
  Original: start=-1.00147, slope=15220, intercept=21582, x_refl=0, y_refl=0
  Quantized: start=-96, slope=15220, intercept=21582

Delta for Group 0:
  Original: start=-0.999511, slope=15267, intercept=21629, x_refl=0, y_refl=0
  Quantized: start=32, slope=15267, intercept=21629

Delta for Group 0:
  Original: start=-0.997557, slope=15314, intercept=21676, x_refl=0, y_refl=0
  Quantized: start=160, slope=15314, intercept=21676

Delta for Group 0:
  Original: start=-0.995603, slope=15361, intercept=21723, x_refl=0, y_refl=0
  Quantized: start=288, slope=15361, intercept=21723

Delta for Group 0:
  Original: start=-0.993649, slope=15409, intercept=21770, x_refl=0, y_refl=0
  Quantized: start=416, slope=15409, intercept=21770

Delta for Group 0:
  Original: start=-0.991695, slope=15456, intercept=21817, x_refl=0, y_refl=0
  Quantized: start=544, slope=15456, intercept=21817

Delta for Group 0:
  Original: start=-0.989741, slope=15504, intercept=21864, x_refl=0, y_refl=0
  Quantized: start=672, slope=15504, intercept=21864

Delta for Group 0:
  Original: start=-0.987787, slope=15551, intercept=21911, x_refl=0, y_refl=0
  Quantized: start=800, slope=15551, intercept=21911

Delta for Group 0:
  Original: start=-0.985833, slope=15599, intercept=21958, x_refl=0, y_refl=0
  Quantized: start=928, slope=15599, intercept=21958

Delta for Group 0:
  Original: start=-0.983879, slope=15647, intercept=22006, x_refl=0, y_refl=0
  Quantized: start=1057, slope=15647, intercept=22006

Delta for Group 0:
  Original: start=-0.981925, slope=15695, intercept=22053, x_refl=0, y_refl=0
  Quantized: start=1185, slope=15695, intercept=22053

Delta for Group 0:
  Original: start=-0.979971, slope=15743, intercept=22100, x_refl=0, y_refl=0
  Quantized: start=1313, slope=15743, intercept=22100

Delta for Group 0:
  Original: start=-0.978017, slope=15791, intercept=22147, x_refl=0, y_refl=0
  Quantized: start=1441, slope=15791, intercept=22147

Delta for Group 0:
  Original: start=-0.976063, slope=15840, intercept=22194, x_refl=0, y_refl=0
  Quantized: start=1569, slope=15840, intercept=22194

Delta for Group 0:
  Original: start=-0.974108, slope=15888, intercept=22241, x_refl=0, y_refl=0
  Quantized: start=1697, slope=15888, intercept=22241

Delta for Group 0:
  Original: start=-0.972154, slope=15936, intercept=22288, x_refl=0, y_refl=0
  Quantized: start=1825, slope=15936, intercept=22288

Delta for Group 0:
  Original: start=-0.9702, slope=15985, intercept=22335, x_refl=0, y_refl=0
  Quantized: start=1953, slope=15985, intercept=22335

Delta for Group 0:
  Original: start=-0.968246, slope=16034, intercept=22382, x_refl=0, y_refl=0
  Quantized: start=2081, slope=16034, intercept=22382

Delta for Group 0:
  Original: start=-0.966292, slope=16082, intercept=22429, x_refl=0, y_refl=0
  Quantized: start=2209, slope=16082, intercept=22429

Delta for Group 0:
  Original: start=-0.964338, slope=16131, intercept=22477, x_refl=0, y_refl=0
  Quantized: start=2337, slope=16131, intercept=22477

Delta for Group 0:
  Original: start=-0.962384, slope=16180, intercept=22524, x_refl=0, y_refl=0
  Quantized: start=2465, slope=16180, intercept=22524

Delta for Group 0:
  Original: start=-0.96043, slope=16229, intercept=22571, x_refl=0, y_refl=0
  Quantized: start=2593, slope=16229, intercept=22571

Delta for Group 0:
  Original: start=-0.958476, slope=16278, intercept=22618, x_refl=0, y_refl=0
  Quantized: start=2721, slope=16278, intercept=22618

Delta for Group 0:
  Original: start=-0.956522, slope=16327, intercept=22665, x_refl=0, y_refl=0
  Quantized: start=2849, slope=16327, intercept=22665

Delta for Group 0:
  Original: start=-0.954568, slope=16377, intercept=22712, x_refl=0, y_refl=0
  Quantized: start=2977, slope=16377, intercept=22712

Delta for Group 0:
  Original: start=-0.952614, slope=16426, intercept=22759, x_refl=0, y_refl=0
  Quantized: start=3106, slope=16426, intercept=22759

Delta for Group 0:
  Original: start=-0.95066, slope=16476, intercept=22806, x_refl=0, y_refl=0
  Quantized: start=3234, slope=16476, intercept=22806

Delta for Group 0:
  Original: start=-0.948705, slope=16525, intercept=22853, x_refl=0, y_refl=0
  Quantized: start=3362, slope=16525, intercept=22853

Delta for Group 0:
  Original: start=-0.946751, slope=16575, intercept=22900, x_refl=0, y_refl=0
  Quantized: start=3490, slope=16575, intercept=22900

Delta for Group 0:
  Original: start=-0.944797, slope=16625, intercept=22947, x_refl=0, y_refl=0
  Quantized: start=3618, slope=16625, intercept=22947

Delta for Group 0:
  Original: start=-0.942843, slope=16674, intercept=22994, x_refl=0, y_refl=0
  Quantized: start=3746, slope=16674, intercept=22994

Delta for Group 0:
  Original: start=-0.940889, slope=16724, intercept=23041, x_refl=0, y_refl=0
  Quantized: start=3874, slope=16724, intercept=23041

Delta for Group 0:
  Original: start=-0.938935, slope=16775, intercept=23088, x_refl=0, y_refl=0
  Quantized: start=4002, slope=16775, intercept=23088

Delta for Group 0:
  Original: start=-0.936981, slope=16825, intercept=23135, x_refl=0, y_refl=0
  Quantized: start=4130, slope=16825, intercept=23135

Delta for Group 0:
  Original: start=-0.935027, slope=16875, intercept=23182, x_refl=0, y_refl=0
  Quantized: start=4258, slope=16875, intercept=23182

Delta for Group 0:
  Original: start=-0.933073, slope=16925, intercept=23229, x_refl=0, y_refl=0
  Quantized: start=4386, slope=16925, intercept=23229

Delta for Group 0:
  Original: start=-0.931119, slope=16976, intercept=23276, x_refl=0, y_refl=0
  Quantized: start=4514, slope=16976, intercept=23276

Delta for Group 0:
  Original: start=-0.929165, slope=17026, intercept=23323, x_refl=0, y_refl=0
  Quantized: start=4642, slope=17026, intercept=23323

Delta for Group 0:
  Original: start=-0.927211, slope=17077, intercept=23370, x_refl=0, y_refl=0
  Quantized: start=4770, slope=17077, intercept=23370

Delta for Group 0:
  Original: start=-0.925256, slope=17128, intercept=23417, x_refl=0, y_refl=0
  Quantized: start=4898, slope=17128, intercept=23417

Delta for Group 0:
  Original: start=-0.923302, slope=17179, intercept=23464, x_refl=0, y_refl=0
  Quantized: start=5026, slope=17179, intercept=23464

Delta for Group 0:
  Original: start=-0.921348, slope=17230, intercept=23511, x_refl=0, y_refl=0
  Quantized: start=5155, slope=17230, intercept=23511

Delta for Group 0:
  Original: start=-0.919394, slope=17281, intercept=23558, x_refl=0, y_refl=0
  Quantized: start=5283, slope=17281, intercept=23558

Delta for Group 0:
  Original: start=-0.91744, slope=17332, intercept=23605, x_refl=0, y_refl=0
  Quantized: start=5411, slope=17332, intercept=23605

Delta for Group 0:
  Original: start=-0.915486, slope=17383, intercept=23652, x_refl=0, y_refl=0
  Quantized: start=5539, slope=17383, intercept=23652

Delta for Group 0:
  Original: start=-0.913532, slope=17435, intercept=23699, x_refl=0, y_refl=0
  Quantized: start=5667, slope=17435, intercept=23699

Delta for Group 0:
  Original: start=-0.911578, slope=17486, intercept=23746, x_refl=0, y_refl=0
  Quantized: start=5795, slope=17486, intercept=23746

Delta for Group 0:
  Original: start=-0.909624, slope=17538, intercept=23793, x_refl=0, y_refl=0
  Quantized: start=5923, slope=17538, intercept=23793

Delta for Group 0:
  Original: start=-0.90767, slope=17589, intercept=23840, x_refl=0, y_refl=0
  Quantized: start=6051, slope=17589, intercept=23840

Delta for Group 0:
  Original: start=-0.905716, slope=17641, intercept=23886, x_refl=0, y_refl=0
  Quantized: start=6179, slope=17641, intercept=23886

Delta for Group 0:
  Original: start=-0.903762, slope=17693, intercept=23933, x_refl=0, y_refl=0
  Quantized: start=6307, slope=17693, intercept=23933

Delta for Group 0:
  Original: start=-0.901808, slope=17745, intercept=23980, x_refl=0, y_refl=0
  Quantized: start=6435, slope=17745, intercept=23980

Delta for Group 0:
  Original: start=-0.899853, slope=17797, intercept=24027, x_refl=0, y_refl=0
  Quantized: start=6563, slope=17797, intercept=24027

Delta for Group 0:
  Original: start=-0.897899, slope=17849, intercept=24074, x_refl=0, y_refl=0
  Quantized: start=6691, slope=17849, intercept=24074

Delta for Group 0:
  Original: start=-0.895945, slope=17901, intercept=24121, x_refl=0, y_refl=0
  Quantized: start=6819, slope=17901, intercept=24121

Delta for Group 0:
  Original: start=-0.893991, slope=17954, intercept=24168, x_refl=0, y_refl=0
  Quantized: start=6947, slope=17954, intercept=24168

Delta for Group 0:
  Original: start=-0.892037, slope=18006, intercept=24214, x_refl=0, y_refl=0
  Quantized: start=7075, slope=18006, intercept=24214

Delta for Group 0:
  Original: start=-0.890083, slope=18059, intercept=24261, x_refl=0, y_refl=0
  Quantized: start=7204, slope=18059, intercept=24261

Delta for Group 0:
  Original: start=-0.888129, slope=18111, intercept=24308, x_refl=0, y_refl=0
  Quantized: start=7332, slope=18111, intercept=24308

Delta for Group 0:
  Original: start=-0.886175, slope=18164, intercept=24355, x_refl=0, y_refl=0
  Quantized: start=7460, slope=18164, intercept=24355

Delta for Group 0:
  Original: start=-0.884221, slope=18217, intercept=24402, x_refl=0, y_refl=0
  Quantized: start=7588, slope=18217, intercept=24402

Delta for Group 0:
  Original: start=-0.882267, slope=18270, intercept=24448, x_refl=0, y_refl=0
  Quantized: start=7716, slope=18270, intercept=24448

Delta for Group 0:
  Original: start=-0.880313, slope=18323, intercept=24495, x_refl=0, y_refl=0
  Quantized: start=7844, slope=18323, intercept=24495

Delta for Group 0:
  Original: start=-0.878359, slope=18376, intercept=24542, x_refl=0, y_refl=0
  Quantized: start=7972, slope=18376, intercept=24542

Delta for Group 0:
  Original: start=-0.876404, slope=18430, intercept=24588, x_refl=0, y_refl=0
  Quantized: start=8100, slope=18430, intercept=24588

Delta for Group 0:
  Original: start=-0.87445, slope=18483, intercept=24635, x_refl=0, y_refl=0
  Quantized: start=8228, slope=18483, intercept=24635

Delta for Group 0:
  Original: start=-0.872496, slope=18537, intercept=24682, x_refl=0, y_refl=0
  Quantized: start=8356, slope=18537, intercept=24682

Delta for Group 0:
  Original: start=-0.870542, slope=18590, intercept=24729, x_refl=0, y_refl=0
  Quantized: start=8484, slope=18590, intercept=24729

Delta for Group 0:
  Original: start=-0.868588, slope=18644, intercept=24775, x_refl=0, y_refl=0
  Quantized: start=8612, slope=18644, intercept=24775

Delta for Group 0:
  Original: start=-0.866634, slope=18698, intercept=24822, x_refl=0, y_refl=0
  Quantized: start=8740, slope=18698, intercept=24822

Delta for Group 0:
  Original: start=-0.86468, slope=18752, intercept=24869, x_refl=0, y_refl=0
  Quantized: start=8868, slope=18752, intercept=24869

Delta for Group 0:
  Original: start=-0.862726, slope=18806, intercept=24915, x_refl=0, y_refl=0
  Quantized: start=8996, slope=18806, intercept=24915

Delta for Group 0:
  Original: start=-0.860772, slope=18860, intercept=24962, x_refl=0, y_refl=0
  Quantized: start=9124, slope=18860, intercept=24962

Delta for Group 0:
  Original: start=-0.858818, slope=18914, intercept=25008, x_refl=0, y_refl=0
  Quantized: start=9253, slope=18914, intercept=25008

Delta for Group 0:
  Original: start=-0.856864, slope=18969, intercept=25055, x_refl=0, y_refl=0
  Quantized: start=9381, slope=18969, intercept=25055

Delta for Group 0:
  Original: start=-0.85491, slope=19023, intercept=25101, x_refl=0, y_refl=0
  Quantized: start=9509, slope=19023, intercept=25101

Delta for Group 0:
  Original: start=-0.852956, slope=19078, intercept=25148, x_refl=0, y_refl=0
  Quantized: start=9637, slope=19078, intercept=25148

Delta for Group 0:
  Original: start=-0.851001, slope=19132, intercept=25195, x_refl=0, y_refl=0
  Quantized: start=9765, slope=19132, intercept=25195

Delta for Group 0:
  Original: start=-0.849047, slope=19187, intercept=25241, x_refl=0, y_refl=0
  Quantized: start=9893, slope=19187, intercept=25241

Delta for Group 0:
  Original: start=-0.847093, slope=19242, intercept=25288, x_refl=0, y_refl=0
  Quantized: start=10021, slope=19242, intercept=25288

Delta for Group 0:
  Original: start=-0.845139, slope=19297, intercept=25334, x_refl=0, y_refl=0
  Quantized: start=10149, slope=19297, intercept=25334

Delta for Group 0:
  Original: start=-0.843185, slope=19352, intercept=25381, x_refl=0, y_refl=0
  Quantized: start=10277, slope=19352, intercept=25381

Delta for Group 0:
  Original: start=-0.841231, slope=19407, intercept=25427, x_refl=0, y_refl=0
  Quantized: start=10405, slope=19407, intercept=25427

Delta for Group 0:
  Original: start=-0.839277, slope=19463, intercept=25473, x_refl=0, y_refl=0
  Quantized: start=10533, slope=19463, intercept=25473

Delta for Group 0:
  Original: start=-0.837323, slope=19518, intercept=25520, x_refl=0, y_refl=0
  Quantized: start=10661, slope=19518, intercept=25520

Delta for Group 0:
  Original: start=-0.835369, slope=19574, intercept=25566, x_refl=0, y_refl=0
  Quantized: start=10789, slope=19574, intercept=25566

Delta for Group 0:
  Original: start=-0.833415, slope=19629, intercept=25613, x_refl=0, y_refl=0
  Quantized: start=10917, slope=19629, intercept=25613

Delta for Group 0:
  Original: start=-0.831461, slope=19685, intercept=25659, x_refl=0, y_refl=0
  Quantized: start=11045, slope=19685, intercept=25659

Delta for Group 0:
  Original: start=-0.829507, slope=19741, intercept=25705, x_refl=0, y_refl=0
  Quantized: start=11173, slope=19741, intercept=25705

Delta for Group 0:
  Original: start=-0.827553, slope=19797, intercept=25752, x_refl=0, y_refl=0
  Quantized: start=11302, slope=19797, intercept=25752

Delta for Group 0:
  Original: start=-0.825598, slope=19853, intercept=25798, x_refl=0, y_refl=0
  Quantized: start=11430, slope=19853, intercept=25798

Delta for Group 0:
  Original: start=-0.823644, slope=19909, intercept=25844, x_refl=0, y_refl=0
  Quantized: start=11558, slope=19909, intercept=25844

Delta for Group 0:
  Original: start=-0.82169, slope=19966, intercept=25891, x_refl=0, y_refl=0
  Quantized: start=11686, slope=19966, intercept=25891

Delta for Group 0:
  Original: start=-0.819736, slope=20022, intercept=25937, x_refl=0, y_refl=0
  Quantized: start=11814, slope=20022, intercept=25937

Delta for Group 0:
  Original: start=-0.817782, slope=20078, intercept=25983, x_refl=0, y_refl=0
  Quantized: start=11942, slope=20078, intercept=25983

Delta for Group 0:
  Original: start=-0.815828, slope=20135, intercept=26029, x_refl=0, y_refl=0
  Quantized: start=12070, slope=20135, intercept=26029

Delta for Group 0:
  Original: start=-0.813874, slope=20192, intercept=26075, x_refl=0, y_refl=0
  Quantized: start=12198, slope=20192, intercept=26075

Delta for Group 0:
  Original: start=-0.81192, slope=20249, intercept=26122, x_refl=0, y_refl=0
  Quantized: start=12326, slope=20249, intercept=26122

Delta for Group 0:
  Original: start=-0.809966, slope=20306, intercept=26168, x_refl=0, y_refl=0
  Quantized: start=12454, slope=20306, intercept=26168

Delta for Group 0:
  Original: start=-0.808012, slope=20363, intercept=26214, x_refl=0, y_refl=0
  Quantized: start=12582, slope=20363, intercept=26214

Delta for Group 0:
  Original: start=-0.806058, slope=20420, intercept=26260, x_refl=0, y_refl=0
  Quantized: start=12710, slope=20420, intercept=26260

Delta for Group 0:
  Original: start=-0.804104, slope=20477, intercept=26306, x_refl=0, y_refl=0
  Quantized: start=12838, slope=20477, intercept=26306

Delta for Group 0:
  Original: start=-0.802149, slope=20535, intercept=26352, x_refl=0, y_refl=0
  Quantized: start=12966, slope=20535, intercept=26352

Delta for Group 0:
  Original: start=-0.800195, slope=20592, intercept=26398, x_refl=0, y_refl=0
  Quantized: start=13094, slope=20592, intercept=26398

Delta for Group 0:
  Original: start=-0.798241, slope=20650, intercept=26444, x_refl=0, y_refl=0
  Quantized: start=13222, slope=20650, intercept=26444

Delta for Group 0:
  Original: start=-0.796287, slope=20708, intercept=26490, x_refl=0, y_refl=0
  Quantized: start=13351, slope=20708, intercept=26490

Delta for Group 0:
  Original: start=-0.794333, slope=20766, intercept=26536, x_refl=0, y_refl=0
  Quantized: start=13479, slope=20766, intercept=26536

Delta for Group 0:
  Original: start=-0.792379, slope=20824, intercept=26582, x_refl=0, y_refl=0
  Quantized: start=13607, slope=20824, intercept=26582

Delta for Group 0:
  Original: start=-0.790425, slope=20882, intercept=26628, x_refl=0, y_refl=0
  Quantized: start=13735, slope=20882, intercept=26628

Delta for Group 0:
  Original: start=-0.788471, slope=20940, intercept=26674, x_refl=0, y_refl=0
  Quantized: start=13863, slope=20940, intercept=26674

Delta for Group 0:
  Original: start=-0.786517, slope=20998, intercept=26720, x_refl=0, y_refl=0
  Quantized: start=13991, slope=20998, intercept=26720

Delta for Group 0:
  Original: start=-0.784563, slope=21057, intercept=26766, x_refl=0, y_refl=0
  Quantized: start=14119, slope=21057, intercept=26766

Delta for Group 0:
  Original: start=-0.782609, slope=21115, intercept=26811, x_refl=0, y_refl=0
  Quantized: start=14247, slope=21115, intercept=26811

Delta for Group 0:
  Original: start=-0.780655, slope=21174, intercept=26857, x_refl=0, y_refl=0
  Quantized: start=14375, slope=21174, intercept=26857

Delta for Group 0:
  Original: start=-0.778701, slope=21233, intercept=26903, x_refl=0, y_refl=0
  Quantized: start=14503, slope=21233, intercept=26903

Delta for Group 0:
  Original: start=-0.776746, slope=21291, intercept=26949, x_refl=0, y_refl=0
  Quantized: start=14631, slope=21291, intercept=26949

Delta for Group 0:
  Original: start=-0.774792, slope=21350, intercept=26994, x_refl=0, y_refl=0
  Quantized: start=14759, slope=21350, intercept=26994

Delta for Group 0:
  Original: start=-0.772838, slope=21410, intercept=27040, x_refl=0, y_refl=0
  Quantized: start=14887, slope=21410, intercept=27040

Delta for Group 0:
  Original: start=-0.770884, slope=21469, intercept=27086, x_refl=0, y_refl=0
  Quantized: start=15015, slope=21469, intercept=27086

Delta for Group 0:
  Original: start=-0.76893, slope=21528, intercept=27131, x_refl=0, y_refl=0
  Quantized: start=15143, slope=21528, intercept=27131

Delta for Group 0:
  Original: start=-0.766976, slope=21588, intercept=27177, x_refl=0, y_refl=0
  Quantized: start=15271, slope=21588, intercept=27177

Delta for Group 0:
  Original: start=-0.765022, slope=21647, intercept=27223, x_refl=0, y_refl=0
  Quantized: start=15400, slope=21647, intercept=27223

Delta for Group 0:
  Original: start=-0.763068, slope=21707, intercept=27268, x_refl=0, y_refl=0
  Quantized: start=15528, slope=21707, intercept=27268

Delta for Group 0:
  Original: start=-0.761114, slope=21767, intercept=27314, x_refl=0, y_refl=0
  Quantized: start=15656, slope=21767, intercept=27314

Delta for Group 0:
  Original: start=-0.75916, slope=21827, intercept=27359, x_refl=0, y_refl=0
  Quantized: start=15784, slope=21827, intercept=27359

Delta for Group 0:
  Original: start=-0.757206, slope=21887, intercept=27405, x_refl=0, y_refl=0
  Quantized: start=15912, slope=21887, intercept=27405

Delta for Group 0:
  Original: start=-0.755252, slope=21947, intercept=27450, x_refl=0, y_refl=0
  Quantized: start=16040, slope=21947, intercept=27450

Delta for Group 0:
  Original: start=-0.753298, slope=22007, intercept=27496, x_refl=0, y_refl=0
  Quantized: start=16168, slope=22007, intercept=27496

Delta for Group 0:
  Original: start=-0.751343, slope=22068, intercept=27541, x_refl=0, y_refl=0
  Quantized: start=16296, slope=22068, intercept=27541

Delta for Group 0:
  Original: start=-0.749389, slope=22128, intercept=27586, x_refl=0, y_refl=0
  Quantized: start=16424, slope=22128, intercept=27586

Delta for Group 0:
  Original: start=-0.747435, slope=22189, intercept=27632, x_refl=0, y_refl=0
  Quantized: start=16552, slope=22189, intercept=27632

Delta for Group 0:
  Original: start=-0.745481, slope=22250, intercept=27677, x_refl=0, y_refl=0
  Quantized: start=16680, slope=22250, intercept=27677

Delta for Group 0:
  Original: start=-0.743527, slope=22311, intercept=27722, x_refl=0, y_refl=0
  Quantized: start=16808, slope=22311, intercept=27722

Delta for Group 0:
  Original: start=-0.741573, slope=22372, intercept=27767, x_refl=0, y_refl=0
  Quantized: start=16936, slope=22372, intercept=27767

Delta for Group 0:
  Original: start=-0.739619, slope=22433, intercept=27813, x_refl=0, y_refl=0
  Quantized: start=17064, slope=22433, intercept=27813

Delta for Group 0:
  Original: start=-0.737665, slope=22494, intercept=27858, x_refl=0, y_refl=0
  Quantized: start=17192, slope=22494, intercept=27858

Delta for Group 0:
  Original: start=-0.735711, slope=22555, intercept=27903, x_refl=0, y_refl=0
  Quantized: start=17320, slope=22555, intercept=27903

Delta for Group 0:
  Original: start=-0.733757, slope=22617, intercept=27948, x_refl=0, y_refl=0
  Quantized: start=17449, slope=22617, intercept=27948

Delta for Group 0:
  Original: start=-0.731803, slope=22678, intercept=27993, x_refl=0, y_refl=0
  Quantized: start=17577, slope=22678, intercept=27993

Delta for Group 0:
  Original: start=-0.729849, slope=22740, intercept=28038, x_refl=0, y_refl=0
  Quantized: start=17705, slope=22740, intercept=28038

Delta for Group 0:
  Original: start=-0.727894, slope=22802, intercept=28083, x_refl=0, y_refl=0
  Quantized: start=17833, slope=22802, intercept=28083

Delta for Group 0:
  Original: start=-0.72594, slope=22864, intercept=28128, x_refl=0, y_refl=0
  Quantized: start=17961, slope=22864, intercept=28128

Delta for Group 0:
  Original: start=-0.723986, slope=22926, intercept=28173, x_refl=0, y_refl=0
  Quantized: start=18089, slope=22926, intercept=28173

Delta for Group 0:
  Original: start=-0.722032, slope=22988, intercept=28218, x_refl=0, y_refl=0
  Quantized: start=18217, slope=22988, intercept=28218

Delta for Group 0:
  Original: start=-0.720078, slope=23050, intercept=28263, x_refl=0, y_refl=0
  Quantized: start=18345, slope=23050, intercept=28263

Delta for Group 0:
  Original: start=-0.718124, slope=23113, intercept=28308, x_refl=0, y_refl=0
  Quantized: start=18473, slope=23113, intercept=28308

Delta for Group 0:
  Original: start=-0.71617, slope=23176, intercept=28353, x_refl=0, y_refl=0
  Quantized: start=18601, slope=23176, intercept=28353

Delta for Group 0:
  Original: start=-0.714216, slope=23238, intercept=28397, x_refl=0, y_refl=0
  Quantized: start=18729, slope=23238, intercept=28397

Delta for Group 0:
  Original: start=-0.712262, slope=23301, intercept=28442, x_refl=0, y_refl=0
  Quantized: start=18857, slope=23301, intercept=28442

Delta for Group 0:
  Original: start=-0.710308, slope=23364, intercept=28487, x_refl=0, y_refl=0
  Quantized: start=18985, slope=23364, intercept=28487

Delta for Group 0:
  Original: start=-0.708354, slope=23427, intercept=28532, x_refl=0, y_refl=0
  Quantized: start=19113, slope=23427, intercept=28532

Delta for Group 0:
  Original: start=-0.7064, slope=23490, intercept=28576, x_refl=0, y_refl=0
  Quantized: start=19241, slope=23490, intercept=28576

Delta for Group 0:
  Original: start=-0.704446, slope=23554, intercept=28621, x_refl=0, y_refl=0
  Quantized: start=19369, slope=23554, intercept=28621

Delta for Group 0:
  Original: start=-0.702491, slope=23617, intercept=28665, x_refl=0, y_refl=0
  Quantized: start=19498, slope=23617, intercept=28665

Delta for Group 0:
  Original: start=-0.700537, slope=23681, intercept=28710, x_refl=0, y_refl=0
  Quantized: start=19626, slope=23681, intercept=28710

Delta for Group 0:
  Original: start=-0.698583, slope=23744, intercept=28754, x_refl=0, y_refl=0
  Quantized: start=19754, slope=23744, intercept=28754

Delta for Group 0:
  Original: start=-0.696629, slope=23808, intercept=28799, x_refl=0, y_refl=0
  Quantized: start=19882, slope=23808, intercept=28799

Delta for Group 0:
  Original: start=-0.694675, slope=23872, intercept=28843, x_refl=0, y_refl=0
  Quantized: start=20010, slope=23872, intercept=28843

Delta for Group 0:
  Original: start=-0.692721, slope=23936, intercept=28888, x_refl=0, y_refl=0
  Quantized: start=20138, slope=23936, intercept=28888

Delta for Group 0:
  Original: start=-0.690767, slope=24000, intercept=28932, x_refl=0, y_refl=0
  Quantized: start=20266, slope=24000, intercept=28932

Delta for Group 0:
  Original: start=-0.688813, slope=24065, intercept=28976, x_refl=0, y_refl=0
  Quantized: start=20394, slope=24065, intercept=28976

Delta for Group 0:
  Original: start=-0.686859, slope=24129, intercept=29020, x_refl=0, y_refl=0
  Quantized: start=20522, slope=24129, intercept=29020

Delta for Group 0:
  Original: start=-0.684905, slope=24194, intercept=29065, x_refl=0, y_refl=0
  Quantized: start=20650, slope=24194, intercept=29065

Delta for Group 0:
  Original: start=-0.682951, slope=24258, intercept=29109, x_refl=0, y_refl=0
  Quantized: start=20778, slope=24258, intercept=29109

Delta for Group 0:
  Original: start=-0.680997, slope=24323, intercept=29153, x_refl=0, y_refl=0
  Quantized: start=20906, slope=24323, intercept=29153

Delta for Group 0:
  Original: start=-0.679043, slope=24388, intercept=29197, x_refl=0, y_refl=0
  Quantized: start=21034, slope=24388, intercept=29197

Delta for Group 0:
  Original: start=-0.677088, slope=24453, intercept=29241, x_refl=0, y_refl=0
  Quantized: start=21162, slope=24453, intercept=29241

Delta for Group 0:
  Original: start=-0.675134, slope=24518, intercept=29285, x_refl=0, y_refl=0
  Quantized: start=21290, slope=24518, intercept=29285

Delta for Group 0:
  Original: start=-0.67318, slope=24584, intercept=29329, x_refl=0, y_refl=0
  Quantized: start=21418, slope=24584, intercept=29329

Delta for Group 0:
  Original: start=-0.671226, slope=24649, intercept=29373, x_refl=0, y_refl=0
  Quantized: start=21547, slope=24649, intercept=29373

Delta for Group 0:
  Original: start=-0.669272, slope=24715, intercept=29417, x_refl=0, y_refl=0
  Quantized: start=21675, slope=24715, intercept=29417

Delta for Group 0:
  Original: start=-0.667318, slope=24780, intercept=29461, x_refl=0, y_refl=0
  Quantized: start=21803, slope=24780, intercept=29461

Delta for Group 0:
  Original: start=-0.665364, slope=24846, intercept=29505, x_refl=0, y_refl=0
  Quantized: start=21931, slope=24846, intercept=29505

Delta for Group 0:
  Original: start=-0.66341, slope=24912, intercept=29548, x_refl=0, y_refl=0
  Quantized: start=22059, slope=24912, intercept=29548

Delta for Group 0:
  Original: start=-0.661456, slope=24978, intercept=29592, x_refl=0, y_refl=0
  Quantized: start=22187, slope=24978, intercept=29592

Delta for Group 0:
  Original: start=-0.659502, slope=25044, intercept=29636, x_refl=0, y_refl=0
  Quantized: start=22315, slope=25044, intercept=29636

Delta for Group 0:
  Original: start=-0.657548, slope=25111, intercept=29679, x_refl=0, y_refl=0
  Quantized: start=22443, slope=25111, intercept=29679

Delta for Group 0:
  Original: start=-0.655594, slope=25177, intercept=29723, x_refl=0, y_refl=0
  Quantized: start=22571, slope=25177, intercept=29723

Delta for Group 0:
  Original: start=-0.653639, slope=25244, intercept=29767, x_refl=0, y_refl=0
  Quantized: start=22699, slope=25244, intercept=29767

Delta for Group 0:
  Original: start=-0.651685, slope=25311, intercept=29810, x_refl=0, y_refl=0
  Quantized: start=22827, slope=25311, intercept=29810

Delta for Group 0:
  Original: start=-0.649731, slope=25377, intercept=29853, x_refl=0, y_refl=0
  Quantized: start=22955, slope=25377, intercept=29853

Delta for Group 0:
  Original: start=-0.647777, slope=25444, intercept=29897, x_refl=0, y_refl=0
  Quantized: start=23083, slope=25444, intercept=29897

Delta for Group 0:
  Original: start=-0.645823, slope=25512, intercept=29940, x_refl=0, y_refl=0
  Quantized: start=23211, slope=25512, intercept=29940

Delta for Group 0:
  Original: start=-0.643869, slope=25579, intercept=29984, x_refl=0, y_refl=0
  Quantized: start=23339, slope=25579, intercept=29984

Delta for Group 0:
  Original: start=-0.641915, slope=25646, intercept=30027, x_refl=0, y_refl=0
  Quantized: start=23467, slope=25646, intercept=30027

Delta for Group 0:
  Original: start=-0.639961, slope=25714, intercept=30070, x_refl=0, y_refl=0
  Quantized: start=23596, slope=25714, intercept=30070

Delta for Group 0:
  Original: start=-0.638007, slope=25781, intercept=30113, x_refl=0, y_refl=0
  Quantized: start=23724, slope=25781, intercept=30113

Delta for Group 0:
  Original: start=-0.636053, slope=25849, intercept=30156, x_refl=0, y_refl=0
  Quantized: start=23852, slope=25849, intercept=30156

Delta for Group 0:
  Original: start=-0.634099, slope=25917, intercept=30199, x_refl=0, y_refl=0
  Quantized: start=23980, slope=25917, intercept=30199

Delta for Group 0:
  Original: start=-0.632145, slope=25985, intercept=30242, x_refl=0, y_refl=0
  Quantized: start=24108, slope=25985, intercept=30242

Delta for Group 0:
  Original: start=-0.630191, slope=26053, intercept=30285, x_refl=0, y_refl=0
  Quantized: start=24236, slope=26053, intercept=30285

Delta for Group 0:
  Original: start=-0.628236, slope=26122, intercept=30328, x_refl=0, y_refl=0
  Quantized: start=24364, slope=26122, intercept=30328

Delta for Group 0:
  Original: start=-0.626282, slope=26190, intercept=30371, x_refl=0, y_refl=0
  Quantized: start=24492, slope=26190, intercept=30371

Delta for Group 0:
  Original: start=-0.624328, slope=26259, intercept=30414, x_refl=0, y_refl=0
  Quantized: start=24620, slope=26259, intercept=30414

Delta for Group 0:
  Original: start=-0.622374, slope=26328, intercept=30457, x_refl=0, y_refl=0
  Quantized: start=24748, slope=26328, intercept=30457

Delta for Group 0:
  Original: start=-0.62042, slope=26396, intercept=30500, x_refl=0, y_refl=0
  Quantized: start=24876, slope=26396, intercept=30500

Delta for Group 0:
  Original: start=-0.618466, slope=26465, intercept=30542, x_refl=0, y_refl=0
  Quantized: start=25004, slope=26465, intercept=30542

Delta for Group 0:
  Original: start=-0.616512, slope=26534, intercept=30585, x_refl=0, y_refl=0
  Quantized: start=25132, slope=26534, intercept=30585

Delta for Group 0:
  Original: start=-0.614558, slope=26604, intercept=30627, x_refl=0, y_refl=0
  Quantized: start=25260, slope=26604, intercept=30627

Delta for Group 0:
  Original: start=-0.612604, slope=26673, intercept=30670, x_refl=0, y_refl=0
  Quantized: start=25388, slope=26673, intercept=30670

Delta for Group 0:
  Original: start=-0.61065, slope=26743, intercept=30712, x_refl=0, y_refl=0
  Quantized: start=25516, slope=26743, intercept=30712

Delta for Group 0:
  Original: start=-0.608696, slope=26812, intercept=30755, x_refl=0, y_refl=0
  Quantized: start=25645, slope=26812, intercept=30755

Delta for Group 0:
  Original: start=-0.606742, slope=26882, intercept=30797, x_refl=0, y_refl=0
  Quantized: start=25773, slope=26882, intercept=30797

Delta for Group 0:
  Original: start=-0.604787, slope=26952, intercept=30839, x_refl=0, y_refl=0
  Quantized: start=25901, slope=26952, intercept=30839

Delta for Group 0:
  Original: start=-0.602833, slope=27022, intercept=30882, x_refl=0, y_refl=0
  Quantized: start=26029, slope=27022, intercept=30882

Delta for Group 0:
  Original: start=-0.600879, slope=27092, intercept=30924, x_refl=0, y_refl=0
  Quantized: start=26157, slope=27092, intercept=30924

Delta for Group 0:
  Original: start=-0.598925, slope=27163, intercept=30966, x_refl=0, y_refl=0
  Quantized: start=26285, slope=27163, intercept=30966

Delta for Group 0:
  Original: start=-0.596971, slope=27233, intercept=31008, x_refl=0, y_refl=0
  Quantized: start=26413, slope=27233, intercept=31008

Delta for Group 0:
  Original: start=-0.595017, slope=27304, intercept=31050, x_refl=0, y_refl=0
  Quantized: start=26541, slope=27304, intercept=31050

Delta for Group 0:
  Original: start=-0.593063, slope=27375, intercept=31092, x_refl=0, y_refl=0
  Quantized: start=26669, slope=27375, intercept=31092

Delta for Group 0:
  Original: start=-0.591109, slope=27446, intercept=31134, x_refl=0, y_refl=0
  Quantized: start=26797, slope=27446, intercept=31134

Delta for Group 0:
  Original: start=-0.589155, slope=27517, intercept=31176, x_refl=0, y_refl=0
  Quantized: start=26925, slope=27517, intercept=31176

Delta for Group 0:
  Original: start=-0.587201, slope=27588, intercept=31218, x_refl=0, y_refl=0
  Quantized: start=27053, slope=27588, intercept=31218

Delta for Group 0:
  Original: start=-0.585247, slope=27659, intercept=31259, x_refl=0, y_refl=0
  Quantized: start=27181, slope=27659, intercept=31259

Delta for Group 0:
  Original: start=-0.583293, slope=27731, intercept=31301, x_refl=0, y_refl=0
  Quantized: start=27309, slope=27731, intercept=31301

Delta for Group 0:
  Original: start=-0.581339, slope=27802, intercept=31343, x_refl=0, y_refl=0
  Quantized: start=27437, slope=27802, intercept=31343

Delta for Group 0:
  Original: start=-0.579384, slope=27874, intercept=31384, x_refl=0, y_refl=0
  Quantized: start=27565, slope=27874, intercept=31384

Delta for Group 0:
  Original: start=-0.57743, slope=27946, intercept=31426, x_refl=0, y_refl=0
  Quantized: start=27694, slope=27946, intercept=31426

Delta for Group 0:
  Original: start=-0.575476, slope=28018, intercept=31467, x_refl=0, y_refl=0
  Quantized: start=27822, slope=28018, intercept=31467

Delta for Group 0:
  Original: start=-0.573522, slope=28090, intercept=31509, x_refl=0, y_refl=0
  Quantized: start=27950, slope=28090, intercept=31509

Delta for Group 0:
  Original: start=-0.571568, slope=28162, intercept=31550, x_refl=0, y_refl=0
  Quantized: start=28078, slope=28162, intercept=31550

Delta for Group 0:
  Original: start=-0.569614, slope=28235, intercept=31591, x_refl=0, y_refl=0
  Quantized: start=28206, slope=28235, intercept=31591

Delta for Group 0:
  Original: start=-0.56766, slope=28307, intercept=31632, x_refl=0, y_refl=0
  Quantized: start=28334, slope=28307, intercept=31632

Delta for Group 0:
  Original: start=-0.565706, slope=28380, intercept=31674, x_refl=0, y_refl=0
  Quantized: start=28462, slope=28380, intercept=31674

Delta for Group 0:
  Original: start=-0.563752, slope=28453, intercept=31715, x_refl=0, y_refl=0
  Quantized: start=28590, slope=28453, intercept=31715

Delta for Group 0:
  Original: start=-0.561798, slope=28526, intercept=31756, x_refl=0, y_refl=0
  Quantized: start=28718, slope=28526, intercept=31756

Delta for Group 0:
  Original: start=-0.559844, slope=28599, intercept=31797, x_refl=0, y_refl=0
  Quantized: start=28846, slope=28599, intercept=31797

Delta for Group 0:
  Original: start=-0.55789, slope=28673, intercept=31838, x_refl=0, y_refl=0
  Quantized: start=28974, slope=28673, intercept=31838

Delta for Group 0:
  Original: start=-0.555936, slope=28746, intercept=31878, x_refl=0, y_refl=0
  Quantized: start=29102, slope=28746, intercept=31878

Delta for Group 0:
  Original: start=-0.553981, slope=28820, intercept=31919, x_refl=0, y_refl=0
  Quantized: start=29230, slope=28820, intercept=31919

Delta for Group 0:
  Original: start=-0.552027, slope=28893, intercept=31960, x_refl=0, y_refl=0
  Quantized: start=29358, slope=28893, intercept=31960

Delta for Group 0:
  Original: start=-0.550073, slope=28967, intercept=32000, x_refl=0, y_refl=0
  Quantized: start=29486, slope=28967, intercept=32000

Delta for Group 0:
  Original: start=-0.548119, slope=29041, intercept=32041, x_refl=0, y_refl=0
  Quantized: start=29614, slope=29041, intercept=32041

Delta for Group 0:
  Original: start=-0.546165, slope=29115, intercept=32082, x_refl=0, y_refl=0
  Quantized: start=29743, slope=29115, intercept=32082

Delta for Group 0:
  Original: start=-0.544211, slope=29190, intercept=32122, x_refl=0, y_refl=0
  Quantized: start=29871, slope=29190, intercept=32122

Delta for Group 0:
  Original: start=-0.542257, slope=29264, intercept=32162, x_refl=0, y_refl=0
  Quantized: start=29999, slope=29264, intercept=32162

Delta for Group 0:
  Original: start=-0.540303, slope=29339, intercept=32203, x_refl=0, y_refl=0
  Quantized: start=30127, slope=29339, intercept=32203

Delta for Group 0:
  Original: start=-0.538349, slope=29413, intercept=32243, x_refl=0, y_refl=0
  Quantized: start=30255, slope=29413, intercept=32243

Delta for Group 0:
  Original: start=-0.536395, slope=29488, intercept=32283, x_refl=0, y_refl=0
  Quantized: start=30383, slope=29488, intercept=32283

Delta for Group 0:
  Original: start=-0.534441, slope=29563, intercept=32323, x_refl=0, y_refl=0
  Quantized: start=30511, slope=29563, intercept=32323

Delta for Group 0:
  Original: start=-0.532487, slope=29639, intercept=32363, x_refl=0, y_refl=0
  Quantized: start=30639, slope=29639, intercept=32363

Delta for Group 0:
  Original: start=-0.530532, slope=29714, intercept=32403, x_refl=0, y_refl=0
  Quantized: start=30767, slope=29714, intercept=32403

Delta for Group 0:
  Original: start=-0.528578, slope=29789, intercept=32443, x_refl=0, y_refl=0
  Quantized: start=30895, slope=29789, intercept=32443

Delta for Group 0:
  Original: start=-0.526624, slope=29865, intercept=32483, x_refl=0, y_refl=0
  Quantized: start=31023, slope=29865, intercept=32483

Delta for Group 0:
  Original: start=-0.52467, slope=29941, intercept=32523, x_refl=0, y_refl=0
  Quantized: start=31151, slope=29941, intercept=32523

Delta for Group 0:
  Original: start=-0.522716, slope=30017, intercept=32562, x_refl=0, y_refl=0
  Quantized: start=31279, slope=30017, intercept=32562

Delta for Group 0:
  Original: start=-0.520762, slope=30093, intercept=32602, x_refl=0, y_refl=0
  Quantized: start=31407, slope=30093, intercept=32602

Delta for Group 0:
  Original: start=-0.518808, slope=30169, intercept=32642, x_refl=0, y_refl=0
  Quantized: start=31535, slope=30169, intercept=32642

Delta for Group 0:
  Original: start=-0.516854, slope=30245, intercept=32681, x_refl=0, y_refl=0
  Quantized: start=31663, slope=30245, intercept=32681

Delta for Group 0:
  Original: start=-0.5149, slope=30322, intercept=32720, x_refl=0, y_refl=0
  Quantized: start=31792, slope=30322, intercept=32720

Delta for Group 0:
  Original: start=-0.512946, slope=30399, intercept=32760, x_refl=0, y_refl=0
  Quantized: start=31920, slope=30399, intercept=32760

Delta for Group 0:
  Original: start=-0.510992, slope=30476, intercept=32799, x_refl=0, y_refl=0
  Quantized: start=32048, slope=30476, intercept=-32737

Delta for Group 0:
  Original: start=-0.509038, slope=30552, intercept=32838, x_refl=0, y_refl=0
  Quantized: start=32176, slope=30552, intercept=-32698

Delta for Group 0:
  Original: start=-0.507084, slope=30630, intercept=32877, x_refl=0, y_refl=0
  Quantized: start=32304, slope=30630, intercept=-32659

Delta for Group 0:
  Original: start=-0.505129, slope=30707, intercept=32916, x_refl=0, y_refl=0
  Quantized: start=32432, slope=30707, intercept=-32620

Delta for Group 0:
  Original: start=-0.503175, slope=30784, intercept=32955, x_refl=0, y_refl=0
  Quantized: start=32560, slope=30784, intercept=-32581

Delta for Group 0:
  Original: start=-0.501221, slope=30862, intercept=32994, x_refl=0, y_refl=0
  Quantized: start=32688, slope=30862, intercept=-32542

Delta for Group 0:
  Original: start=-0.499267, slope=30940, intercept=33033, x_refl=0, y_refl=0
  Quantized: start=-32720, slope=30940, intercept=-32503

Delta for Group 0:
  Original: start=-0.497313, slope=31018, intercept=33072, x_refl=0, y_refl=0
  Quantized: start=-32592, slope=31018, intercept=-32464

Delta for Group 0:
  Original: start=-0.495359, slope=31096, intercept=33110, x_refl=0, y_refl=0
  Quantized: start=-32464, slope=31096, intercept=-32426

Delta for Group 0:
  Original: start=-0.493405, slope=31174, intercept=33149, x_refl=0, y_refl=0
  Quantized: start=-32336, slope=31174, intercept=-32387

Delta for Group 0:
  Original: start=-0.491451, slope=31252, intercept=33187, x_refl=0, y_refl=0
  Quantized: start=-32208, slope=31252, intercept=-32349

Delta for Group 0:
  Original: start=-0.489497, slope=31331, intercept=33226, x_refl=0, y_refl=0
  Quantized: start=-32080, slope=31331, intercept=-32310

Delta for Group 0:
  Original: start=-0.487543, slope=31409, intercept=33264, x_refl=0, y_refl=0
  Quantized: start=-31952, slope=31409, intercept=-32272

Delta for Group 0:
  Original: start=-0.485589, slope=31488, intercept=33303, x_refl=0, y_refl=0
  Quantized: start=-31824, slope=31488, intercept=-32233

Delta for Group 0:
  Original: start=-0.483635, slope=31567, intercept=33341, x_refl=0, y_refl=0
  Quantized: start=-31695, slope=31567, intercept=-32195

Delta for Group 0:
  Original: start=-0.481681, slope=31646, intercept=33379, x_refl=0, y_refl=0
  Quantized: start=-31567, slope=31646, intercept=-32157

Delta for Group 0:
  Original: start=-0.479726, slope=31725, intercept=33417, x_refl=0, y_refl=0
  Quantized: start=-31439, slope=31725, intercept=-32119

Delta for Group 0:
  Original: start=-0.477772, slope=31805, intercept=33455, x_refl=0, y_refl=0
  Quantized: start=-31311, slope=31805, intercept=-32081

Delta for Group 0:
  Original: start=-0.475818, slope=31884, intercept=33493, x_refl=0, y_refl=0
  Quantized: start=-31183, slope=31884, intercept=-32043

Delta for Group 0:
  Original: start=-0.473864, slope=31964, intercept=33530, x_refl=0, y_refl=0
  Quantized: start=-31055, slope=31964, intercept=-32006

Delta for Group 0:
  Original: start=-0.47191, slope=32044, intercept=33568, x_refl=0, y_refl=0
  Quantized: start=-30927, slope=32044, intercept=-31968

Delta for Group 0:
  Original: start=-0.469956, slope=32124, intercept=33606, x_refl=0, y_refl=0
  Quantized: start=-30799, slope=32124, intercept=-31930

Delta for Group 0:
  Original: start=-0.468002, slope=32204, intercept=33643, x_refl=0, y_refl=0
  Quantized: start=-30671, slope=32204, intercept=-31893

Delta for Group 0:
  Original: start=-0.466048, slope=32285, intercept=33681, x_refl=0, y_refl=0
  Quantized: start=-30543, slope=32285, intercept=-31855

Delta for Group 0:
  Original: start=-0.464094, slope=32365, intercept=33718, x_refl=0, y_refl=0
  Quantized: start=-30415, slope=32365, intercept=-31818

Delta for Group 0:
  Original: start=-0.46214, slope=32446, intercept=33755, x_refl=0, y_refl=0
  Quantized: start=-30287, slope=32446, intercept=-31781

Delta for Group 0:
  Original: start=-0.460186, slope=32527, intercept=33793, x_refl=0, y_refl=0
  Quantized: start=-30159, slope=32527, intercept=-31743

Delta for Group 0:
  Original: start=-0.458232, slope=32608, intercept=33830, x_refl=0, y_refl=0
  Quantized: start=-30031, slope=32608, intercept=-31706

Delta for Group 0:
  Original: start=-0.456277, slope=32689, intercept=33867, x_refl=0, y_refl=0
  Quantized: start=-29903, slope=32689, intercept=-31669

Delta for Group 0:
  Original: start=-0.454323, slope=32770, intercept=33904, x_refl=0, y_refl=0
  Quantized: start=-29775, slope=-32766, intercept=-31632

Delta for Group 0:
  Original: start=-0.452369, slope=32851, intercept=33940, x_refl=0, y_refl=0
  Quantized: start=-29646, slope=-32685, intercept=-31596

Delta for Group 0:
  Original: start=-0.450415, slope=32933, intercept=33977, x_refl=0, y_refl=0
  Quantized: start=-29518, slope=-32603, intercept=-31559

Delta for Group 0:
  Original: start=-0.448461, slope=33015, intercept=34014, x_refl=0, y_refl=0
  Quantized: start=-29390, slope=-32521, intercept=-31522

Delta for Group 0:
  Original: start=-0.446507, slope=33097, intercept=34051, x_refl=0, y_refl=0
  Quantized: start=-29262, slope=-32439, intercept=-31485

Delta for Group 0:
  Original: start=-0.444553, slope=33179, intercept=34087, x_refl=0, y_refl=0
  Quantized: start=-29134, slope=-32357, intercept=-31449

Delta for Group 0:
  Original: start=-0.442599, slope=33261, intercept=34123, x_refl=0, y_refl=0
  Quantized: start=-29006, slope=-32275, intercept=-31413

Delta for Group 0:
  Original: start=-0.440645, slope=33344, intercept=34160, x_refl=0, y_refl=0
  Quantized: start=-28878, slope=-32192, intercept=-31376

Delta for Group 0:
  Original: start=-0.438691, slope=33426, intercept=34196, x_refl=0, y_refl=0
  Quantized: start=-28750, slope=-32110, intercept=-31340

Delta for Group 0:
  Original: start=-0.436737, slope=33509, intercept=34232, x_refl=0, y_refl=0
  Quantized: start=-28622, slope=-32027, intercept=-31304

Delta for Group 0:
  Original: start=-0.434783, slope=33592, intercept=34268, x_refl=0, y_refl=0
  Quantized: start=-28494, slope=-31944, intercept=-31268

Delta for Group 0:
  Original: start=-0.432829, slope=33675, intercept=34304, x_refl=0, y_refl=0
  Quantized: start=-28366, slope=-31861, intercept=-31232

Delta for Group 0:
  Original: start=-0.430874, slope=33758, intercept=34340, x_refl=0, y_refl=0
  Quantized: start=-28238, slope=-31778, intercept=-31196

Delta for Group 0:
  Original: start=-0.42892, slope=33842, intercept=34376, x_refl=0, y_refl=0
  Quantized: start=-28110, slope=-31694, intercept=-31160

Delta for Group 0:
  Original: start=-0.426966, slope=33925, intercept=34411, x_refl=0, y_refl=0
  Quantized: start=-27982, slope=-31611, intercept=-31125

Delta for Group 0:
  Original: start=-0.425012, slope=34009, intercept=34447, x_refl=0, y_refl=0
  Quantized: start=-27854, slope=-31527, intercept=-31089

Delta for Group 0:
  Original: start=-0.423058, slope=34093, intercept=34483, x_refl=0, y_refl=0
  Quantized: start=-27726, slope=-31443, intercept=-31053

Delta for Group 0:
  Original: start=-0.421104, slope=34177, intercept=34518, x_refl=0, y_refl=0
  Quantized: start=-27597, slope=-31359, intercept=-31018

Delta for Group 0:
  Original: start=-0.41915, slope=34261, intercept=34553, x_refl=0, y_refl=0
  Quantized: start=-27469, slope=-31275, intercept=-30983

Delta for Group 0:
  Original: start=-0.417196, slope=34345, intercept=34588, x_refl=0, y_refl=0
  Quantized: start=-27341, slope=-31191, intercept=-30948

Delta for Group 0:
  Original: start=-0.415242, slope=34430, intercept=34624, x_refl=0, y_refl=0
  Quantized: start=-27213, slope=-31106, intercept=-30912

Delta for Group 0:
  Original: start=-0.413288, slope=34515, intercept=34659, x_refl=0, y_refl=0
  Quantized: start=-27085, slope=-31021, intercept=-30877

Delta for Group 0:
  Original: start=-0.411334, slope=34599, intercept=34693, x_refl=0, y_refl=0
  Quantized: start=-26957, slope=-30937, intercept=-30843

Delta for Group 0:
  Original: start=-0.40938, slope=34685, intercept=34728, x_refl=0, y_refl=0
  Quantized: start=-26829, slope=-30851, intercept=-30808

Delta for Group 0:
  Original: start=-0.407426, slope=34770, intercept=34763, x_refl=0, y_refl=0
  Quantized: start=-26701, slope=-30766, intercept=-30773

Delta for Group 0:
  Original: start=-0.405471, slope=34855, intercept=34798, x_refl=0, y_refl=0
  Quantized: start=-26573, slope=-30681, intercept=-30738

Delta for Group 0:
  Original: start=-0.403517, slope=34941, intercept=34832, x_refl=0, y_refl=0
  Quantized: start=-26445, slope=-30595, intercept=-30704

Delta for Group 0:
  Original: start=-0.401563, slope=35026, intercept=34867, x_refl=0, y_refl=0
  Quantized: start=-26317, slope=-30510, intercept=-30669

Delta for Group 0:
  Original: start=-0.399609, slope=35112, intercept=34901, x_refl=0, y_refl=0
  Quantized: start=-26189, slope=-30424, intercept=-30635

Delta for Group 0:
  Original: start=-0.397655, slope=35198, intercept=34935, x_refl=0, y_refl=0
  Quantized: start=-26061, slope=-30338, intercept=-30601

Delta for Group 0:
  Original: start=-0.395701, slope=35284, intercept=34969, x_refl=0, y_refl=0
  Quantized: start=-25933, slope=-30252, intercept=-30567

Delta for Group 0:
  Original: start=-0.393747, slope=35371, intercept=35003, x_refl=0, y_refl=0
  Quantized: start=-25805, slope=-30165, intercept=-30533

Delta for Group 0:
  Original: start=-0.391793, slope=35457, intercept=35037, x_refl=0, y_refl=0
  Quantized: start=-25677, slope=-30079, intercept=-30499

Delta for Group 0:
  Original: start=-0.389839, slope=35544, intercept=35071, x_refl=0, y_refl=0
  Quantized: start=-25548, slope=-29992, intercept=-30465

Delta for Group 0:
  Original: start=-0.387885, slope=35631, intercept=35105, x_refl=0, y_refl=0
  Quantized: start=-25420, slope=-29905, intercept=-30431

Delta for Group 0:
  Original: start=-0.385931, slope=35718, intercept=35138, x_refl=0, y_refl=0
  Quantized: start=-25292, slope=-29818, intercept=-30398

Delta for Group 0:
  Original: start=-0.383977, slope=35805, intercept=35172, x_refl=0, y_refl=0
  Quantized: start=-25164, slope=-29731, intercept=-30364

Delta for Group 0:
  Original: start=-0.382022, slope=35893, intercept=35205, x_refl=0, y_refl=0
  Quantized: start=-25036, slope=-29643, intercept=-30331

Delta for Group 0:
  Original: start=-0.380068, slope=35980, intercept=35238, x_refl=0, y_refl=0
  Quantized: start=-24908, slope=-29556, intercept=-30298

Delta for Group 0:
  Original: start=-0.378114, slope=36068, intercept=35272, x_refl=0, y_refl=0
  Quantized: start=-24780, slope=-29468, intercept=-30264

Delta for Group 0:
  Original: start=-0.37616, slope=36156, intercept=35305, x_refl=0, y_refl=0
  Quantized: start=-24652, slope=-29380, intercept=-30231

Delta for Group 0:
  Original: start=-0.374206, slope=36244, intercept=35338, x_refl=0, y_refl=0
  Quantized: start=-24524, slope=-29292, intercept=-30198

Delta for Group 0:
  Original: start=-0.372252, slope=36332, intercept=35370, x_refl=0, y_refl=0
  Quantized: start=-24396, slope=-29204, intercept=-30166

Delta for Group 0:
  Original: start=-0.370298, slope=36421, intercept=35403, x_refl=0, y_refl=0
  Quantized: start=-24268, slope=-29115, intercept=-30133

Delta for Group 0:
  Original: start=-0.368344, slope=36509, intercept=35436, x_refl=0, y_refl=0
  Quantized: start=-24140, slope=-29027, intercept=-30100

Delta for Group 0:
  Original: start=-0.36639, slope=36598, intercept=35468, x_refl=0, y_refl=0
  Quantized: start=-24012, slope=-28938, intercept=-30068

Delta for Group 0:
  Original: start=-0.364436, slope=36687, intercept=35501, x_refl=0, y_refl=0
  Quantized: start=-23884, slope=-28849, intercept=-30035

Delta for Group 0:
  Original: start=-0.362482, slope=36776, intercept=35533, x_refl=0, y_refl=0
  Quantized: start=-23756, slope=-28760, intercept=-30003

Delta for Group 0:
  Original: start=-0.360528, slope=36865, intercept=35565, x_refl=0, y_refl=0
  Quantized: start=-23628, slope=-28671, intercept=-29971

Delta for Group 0:
  Original: start=-0.358574, slope=36955, intercept=35597, x_refl=0, y_refl=0
  Quantized: start=-23499, slope=-28581, intercept=-29939

Delta for Group 0:
  Original: start=-0.356619, slope=37045, intercept=35629, x_refl=0, y_refl=0
  Quantized: start=-23371, slope=-28491, intercept=-29907

Delta for Group 0:
  Original: start=-0.354665, slope=37134, intercept=35661, x_refl=0, y_refl=0
  Quantized: start=-23243, slope=-28402, intercept=-29875

Delta for Group 0:
  Original: start=-0.352711, slope=37224, intercept=35693, x_refl=0, y_refl=0
  Quantized: start=-23115, slope=-28312, intercept=-29843

Delta for Group 0:
  Original: start=-0.350757, slope=37315, intercept=35725, x_refl=0, y_refl=0
  Quantized: start=-22987, slope=-28221, intercept=-29811

Delta for Group 0:
  Original: start=-0.348803, slope=37405, intercept=35756, x_refl=0, y_refl=0
  Quantized: start=-22859, slope=-28131, intercept=-29780

Delta for Group 0:
  Original: start=-0.346849, slope=37495, intercept=35787, x_refl=0, y_refl=0
  Quantized: start=-22731, slope=-28041, intercept=-29749

Delta for Group 0:
  Original: start=-0.344895, slope=37586, intercept=35819, x_refl=0, y_refl=0
  Quantized: start=-22603, slope=-27950, intercept=-29717

Delta for Group 0:
  Original: start=-0.342941, slope=37677, intercept=35850, x_refl=0, y_refl=0
  Quantized: start=-22475, slope=-27859, intercept=-29686

Delta for Group 0:
  Original: start=-0.340987, slope=37768, intercept=35881, x_refl=0, y_refl=0
  Quantized: start=-22347, slope=-27768, intercept=-29655

Delta for Group 0:
  Original: start=-0.339033, slope=37859, intercept=35912, x_refl=0, y_refl=0
  Quantized: start=-22219, slope=-27677, intercept=-29624

Delta for Group 0:
  Original: start=-0.337079, slope=37951, intercept=35943, x_refl=0, y_refl=0
  Quantized: start=-22091, slope=-27585, intercept=-29593

Delta for Group 0:
  Original: start=-0.335125, slope=38042, intercept=35973, x_refl=0, y_refl=0
  Quantized: start=-21963, slope=-27494, intercept=-29563

Delta for Group 0:
  Original: start=-0.33317, slope=38134, intercept=36004, x_refl=0, y_refl=0
  Quantized: start=-21835, slope=-27402, intercept=-29532

Delta for Group 0:
  Original: start=-0.331216, slope=38226, intercept=36034, x_refl=0, y_refl=0
  Quantized: start=-21707, slope=-27310, intercept=-29502

Delta for Group 0:
  Original: start=-0.329262, slope=38318, intercept=36065, x_refl=0, y_refl=0
  Quantized: start=-21579, slope=-27218, intercept=-29471

Delta for Group 0:
  Original: start=-0.327308, slope=38411, intercept=36095, x_refl=0, y_refl=0
  Quantized: start=-21450, slope=-27125, intercept=-29441

Delta for Group 0:
  Original: start=-0.325354, slope=38503, intercept=36125, x_refl=0, y_refl=0
  Quantized: start=-21322, slope=-27033, intercept=-29411

Delta for Group 0:
  Original: start=-0.3234, slope=38596, intercept=36155, x_refl=0, y_refl=0
  Quantized: start=-21194, slope=-26940, intercept=-29381

Delta for Group 0:
  Original: start=-0.321446, slope=38689, intercept=36185, x_refl=0, y_refl=0
  Quantized: start=-21066, slope=-26847, intercept=-29351

Delta for Group 0:
  Original: start=-0.319492, slope=38782, intercept=36215, x_refl=0, y_refl=0
  Quantized: start=-20938, slope=-26754, intercept=-29321

Delta for Group 0:
  Original: start=-0.317538, slope=38875, intercept=36244, x_refl=0, y_refl=0
  Quantized: start=-20810, slope=-26661, intercept=-29292

Delta for Group 0:
  Original: start=-0.315584, slope=38968, intercept=36274, x_refl=0, y_refl=0
  Quantized: start=-20682, slope=-26568, intercept=-29262

Delta for Group 0:
  Original: start=-0.31363, slope=39062, intercept=36303, x_refl=0, y_refl=0
  Quantized: start=-20554, slope=-26474, intercept=-29233

Delta for Group 0:
  Original: start=-0.311676, slope=39156, intercept=36332, x_refl=0, y_refl=0
  Quantized: start=-20426, slope=-26380, intercept=-29204

Delta for Group 0:
  Original: start=-0.309722, slope=39250, intercept=36361, x_refl=0, y_refl=0
  Quantized: start=-20298, slope=-26286, intercept=-29175

Delta for Group 0:
  Original: start=-0.307767, slope=39344, intercept=36390, x_refl=0, y_refl=0
  Quantized: start=-20170, slope=-26192, intercept=-29146

Delta for Group 0:
  Original: start=-0.305813, slope=39438, intercept=36419, x_refl=0, y_refl=0
  Quantized: start=-20042, slope=-26098, intercept=-29117

Delta for Group 0:
  Original: start=-0.303859, slope=39533, intercept=36448, x_refl=0, y_refl=0
  Quantized: start=-19914, slope=-26003, intercept=-29088

Delta for Group 0:
  Original: start=-0.301905, slope=39627, intercept=36476, x_refl=0, y_refl=0
  Quantized: start=-19786, slope=-25909, intercept=-29060

Delta for Group 0:
  Original: start=-0.299951, slope=39722, intercept=36505, x_refl=0, y_refl=0
  Quantized: start=-19658, slope=-25814, intercept=-29031

Delta for Group 0:
  Original: start=-0.297997, slope=39817, intercept=36533, x_refl=0, y_refl=0
  Quantized: start=-19530, slope=-25719, intercept=-29003

Delta for Group 0:
  Original: start=-0.296043, slope=39912, intercept=36561, x_refl=0, y_refl=0
  Quantized: start=-19401, slope=-25624, intercept=-28975

Delta for Group 0:
  Original: start=-0.294089, slope=40008, intercept=36590, x_refl=0, y_refl=0
  Quantized: start=-19273, slope=-25528, intercept=-28946

Delta for Group 0:
  Original: start=-0.292135, slope=40103, intercept=36617, x_refl=0, y_refl=0
  Quantized: start=-19145, slope=-25433, intercept=-28919

Delta for Group 0:
  Original: start=-0.290181, slope=40199, intercept=36645, x_refl=0, y_refl=0
  Quantized: start=-19017, slope=-25337, intercept=-28891

Delta for Group 0:
  Original: start=-0.288227, slope=40295, intercept=36673, x_refl=0, y_refl=0
  Quantized: start=-18889, slope=-25241, intercept=-28863

Delta for Group 0:
  Original: start=-0.286273, slope=40391, intercept=36700, x_refl=0, y_refl=0
  Quantized: start=-18761, slope=-25145, intercept=-28836

Delta for Group 0:
  Original: start=-0.284319, slope=40488, intercept=36728, x_refl=0, y_refl=0
  Quantized: start=-18633, slope=-25048, intercept=-28808

Delta for Group 0:
  Original: start=-0.282364, slope=40584, intercept=36755, x_refl=0, y_refl=0
  Quantized: start=-18505, slope=-24952, intercept=-28781

Delta for Group 0:
  Original: start=-0.28041, slope=40681, intercept=36782, x_refl=0, y_refl=0
  Quantized: start=-18377, slope=-24855, intercept=-28754

Delta for Group 0:
  Original: start=-0.278456, slope=40778, intercept=36809, x_refl=0, y_refl=0
  Quantized: start=-18249, slope=-24758, intercept=-28727

Delta for Group 0:
  Original: start=-0.276502, slope=40875, intercept=36836, x_refl=0, y_refl=0
  Quantized: start=-18121, slope=-24661, intercept=-28700

Delta for Group 0:
  Original: start=-0.274548, slope=40973, intercept=36863, x_refl=0, y_refl=0
  Quantized: start=-17993, slope=-24563, intercept=-28673

Delta for Group 0:
  Original: start=-0.272594, slope=41070, intercept=36889, x_refl=0, y_refl=0
  Quantized: start=-17865, slope=-24466, intercept=-28647

Delta for Group 0:
  Original: start=-0.27064, slope=41168, intercept=36916, x_refl=0, y_refl=0
  Quantized: start=-17737, slope=-24368, intercept=-28620

Delta for Group 0:
  Original: start=-0.268686, slope=41266, intercept=36942, x_refl=0, y_refl=0
  Quantized: start=-17609, slope=-24270, intercept=-28594

Delta for Group 0:
  Original: start=-0.266732, slope=41364, intercept=36968, x_refl=0, y_refl=0
  Quantized: start=-17481, slope=-24172, intercept=-28568

Delta for Group 0:
  Original: start=-0.264778, slope=41462, intercept=36994, x_refl=0, y_refl=0
  Quantized: start=-17352, slope=-24074, intercept=-28542

Delta for Group 0:
  Original: start=-0.262824, slope=41560, intercept=37020, x_refl=0, y_refl=0
  Quantized: start=-17224, slope=-23976, intercept=-28516

Delta for Group 0:
  Original: start=-0.26087, slope=41659, intercept=37046, x_refl=0, y_refl=0
  Quantized: start=-17096, slope=-23877, intercept=-28490

Delta for Group 0:
  Original: start=-0.258915, slope=41758, intercept=37072, x_refl=0, y_refl=0
  Quantized: start=-16968, slope=-23778, intercept=-28464

Delta for Group 0:
  Original: start=-0.256961, slope=41857, intercept=37097, x_refl=0, y_refl=0
  Quantized: start=-16840, slope=-23679, intercept=-28439

Delta for Group 0:
  Original: start=-0.255007, slope=41956, intercept=37122, x_refl=0, y_refl=0
  Quantized: start=-16712, slope=-23580, intercept=-28414

Delta for Group 0:
  Original: start=-0.253053, slope=42056, intercept=37147, x_refl=0, y_refl=0
  Quantized: start=-16584, slope=-23480, intercept=-28389

Delta for Group 0:
  Original: start=-0.251099, slope=42155, intercept=37172, x_refl=0, y_refl=0
  Quantized: start=-16456, slope=-23381, intercept=-28364

Delta for Group 0:
  Original: start=-0.249145, slope=42255, intercept=37197, x_refl=0, y_refl=0
  Quantized: start=-16328, slope=-23281, intercept=-28339

Delta for Group 0:
  Original: start=-0.247191, slope=42355, intercept=37222, x_refl=0, y_refl=0
  Quantized: start=-16200, slope=-23181, intercept=-28314

Delta for Group 0:
  Original: start=-0.245237, slope=42455, intercept=37247, x_refl=0, y_refl=0
  Quantized: start=-16072, slope=-23081, intercept=-28289

Delta for Group 0:
  Original: start=-0.243283, slope=42556, intercept=37271, x_refl=0, y_refl=0
  Quantized: start=-15944, slope=-22980, intercept=-28265

Delta for Group 0:
  Original: start=-0.241329, slope=42656, intercept=37295, x_refl=0, y_refl=0
  Quantized: start=-15816, slope=-22880, intercept=-28241

Delta for Group 0:
  Original: start=-0.239375, slope=42757, intercept=37319, x_refl=0, y_refl=0
  Quantized: start=-15688, slope=-22779, intercept=-28217

Delta for Group 0:
  Original: start=-0.237421, slope=42858, intercept=37343, x_refl=0, y_refl=0
  Quantized: start=-15560, slope=-22678, intercept=-28193

Delta for Group 0:
  Original: start=-0.235467, slope=42959, intercept=37367, x_refl=0, y_refl=0
  Quantized: start=-15432, slope=-22577, intercept=-28169

Delta for Group 0:
  Original: start=-0.233512, slope=43061, intercept=37391, x_refl=0, y_refl=0
  Quantized: start=-15303, slope=-22475, intercept=-28145

Delta for Group 0:
  Original: start=-0.231558, slope=43162, intercept=37414, x_refl=0, y_refl=0
  Quantized: start=-15175, slope=-22374, intercept=-28122

Delta for Group 0:
  Original: start=-0.229604, slope=43264, intercept=37438, x_refl=0, y_refl=0
  Quantized: start=-15047, slope=-22272, intercept=-28098

Delta for Group 0:
  Original: start=-0.22765, slope=43366, intercept=37461, x_refl=0, y_refl=0
  Quantized: start=-14919, slope=-22170, intercept=-28075

Delta for Group 0:
  Original: start=-0.225696, slope=43468, intercept=37484, x_refl=0, y_refl=0
  Quantized: start=-14791, slope=-22068, intercept=-28052

Delta for Group 0:
  Original: start=-0.223742, slope=43571, intercept=37507, x_refl=0, y_refl=0
  Quantized: start=-14663, slope=-21965, intercept=-28029

Delta for Group 0:
  Original: start=-0.221788, slope=43673, intercept=37530, x_refl=0, y_refl=0
  Quantized: start=-14535, slope=-21863, intercept=-28006

Delta for Group 0:
  Original: start=-0.219834, slope=43776, intercept=37552, x_refl=0, y_refl=0
  Quantized: start=-14407, slope=-21760, intercept=-27984

Delta for Group 0:
  Original: start=-0.21788, slope=43879, intercept=37575, x_refl=0, y_refl=0
  Quantized: start=-14279, slope=-21657, intercept=-27961

Delta for Group 0:
  Original: start=-0.215926, slope=43982, intercept=37597, x_refl=0, y_refl=0
  Quantized: start=-14151, slope=-21554, intercept=-27939

Delta for Group 0:
  Original: start=-0.213972, slope=44086, intercept=37619, x_refl=0, y_refl=0
  Quantized: start=-14023, slope=-21450, intercept=-27917

Delta for Group 0:
  Original: start=-0.212018, slope=44189, intercept=37641, x_refl=0, y_refl=0
  Quantized: start=-13895, slope=-21347, intercept=-27895

Delta for Group 0:
  Original: start=-0.210064, slope=44293, intercept=37663, x_refl=0, y_refl=0
  Quantized: start=-13767, slope=-21243, intercept=-27873

Delta for Group 0:
  Original: start=-0.208109, slope=44397, intercept=37685, x_refl=0, y_refl=0
  Quantized: start=-13639, slope=-21139, intercept=-27851

Delta for Group 0:
  Original: start=-0.206155, slope=44501, intercept=37706, x_refl=0, y_refl=0
  Quantized: start=-13511, slope=-21035, intercept=-27830

Delta for Group 0:
  Original: start=-0.204201, slope=44606, intercept=37727, x_refl=0, y_refl=0
  Quantized: start=-13383, slope=-20930, intercept=-27809

Delta for Group 0:
  Original: start=-0.202247, slope=44710, intercept=37749, x_refl=0, y_refl=0
  Quantized: start=-13254, slope=-20826, intercept=-27787

Delta for Group 0:
  Original: start=-0.200293, slope=44815, intercept=37770, x_refl=0, y_refl=0
  Quantized: start=-13126, slope=-20721, intercept=-27766

Delta for Group 0:
  Original: start=-0.198339, slope=44920, intercept=37790, x_refl=0, y_refl=0
  Quantized: start=-12998, slope=-20616, intercept=-27746

Delta for Group 0:
  Original: start=-0.196385, slope=45025, intercept=37811, x_refl=0, y_refl=0
  Quantized: start=-12870, slope=-20511, intercept=-27725

Delta for Group 0:
  Original: start=-0.194431, slope=45131, intercept=37832, x_refl=0, y_refl=0
  Quantized: start=-12742, slope=-20405, intercept=-27704

Delta for Group 0:
  Original: start=-0.192477, slope=45236, intercept=37852, x_refl=0, y_refl=0
  Quantized: start=-12614, slope=-20300, intercept=-27684

Delta for Group 0:
  Original: start=-0.190523, slope=45342, intercept=37872, x_refl=0, y_refl=0
  Quantized: start=-12486, slope=-20194, intercept=-27664

Delta for Group 0:
  Original: start=-0.188569, slope=45448, intercept=37892, x_refl=0, y_refl=0
  Quantized: start=-12358, slope=-20088, intercept=-27644

Delta for Group 0:
  Original: start=-0.186615, slope=45555, intercept=37912, x_refl=0, y_refl=0
  Quantized: start=-12230, slope=-19981, intercept=-27624

Delta for Group 0:
  Original: start=-0.18466, slope=45661, intercept=37932, x_refl=0, y_refl=0
  Quantized: start=-12102, slope=-19875, intercept=-27604

Delta for Group 0:
  Original: start=-0.182706, slope=45768, intercept=37951, x_refl=0, y_refl=0
  Quantized: start=-11974, slope=-19768, intercept=-27585

Delta for Group 0:
  Original: start=-0.180752, slope=45875, intercept=37970, x_refl=0, y_refl=0
  Quantized: start=-11846, slope=-19661, intercept=-27566

Delta for Group 0:
  Original: start=-0.178798, slope=45982, intercept=37990, x_refl=0, y_refl=0
  Quantized: start=-11718, slope=-19554, intercept=-27546

Delta for Group 0:
  Original: start=-0.176844, slope=46089, intercept=38009, x_refl=0, y_refl=0
  Quantized: start=-11590, slope=-19447, intercept=-27527

Delta for Group 0:
  Original: start=-0.17489, slope=46196, intercept=38027, x_refl=0, y_refl=0
  Quantized: start=-11462, slope=-19340, intercept=-27509

Delta for Group 0:
  Original: start=-0.172936, slope=46304, intercept=38046, x_refl=0, y_refl=0
  Quantized: start=-11334, slope=-19232, intercept=-27490

Delta for Group 0:
  Original: start=-0.170982, slope=46412, intercept=38064, x_refl=0, y_refl=0
  Quantized: start=-11205, slope=-19124, intercept=-27472

Delta for Group 0:
  Original: start=-0.169028, slope=46520, intercept=38083, x_refl=0, y_refl=0
  Quantized: start=-11077, slope=-19016, intercept=-27453

Delta for Group 0:
  Original: start=-0.167074, slope=46629, intercept=38101, x_refl=0, y_refl=0
  Quantized: start=-10949, slope=-18907, intercept=-27435

Delta for Group 0:
  Original: start=-0.16512, slope=46737, intercept=38119, x_refl=0, y_refl=0
  Quantized: start=-10821, slope=-18799, intercept=-27417

Delta for Group 0:
  Original: start=-0.163166, slope=46846, intercept=38136, x_refl=0, y_refl=0
  Quantized: start=-10693, slope=-18690, intercept=-27400

Delta for Group 0:
  Original: start=-0.161212, slope=46955, intercept=38154, x_refl=0, y_refl=0
  Quantized: start=-10565, slope=-18581, intercept=-27382

Delta for Group 0:
  Original: start=-0.159257, slope=47064, intercept=38171, x_refl=0, y_refl=0
  Quantized: start=-10437, slope=-18472, intercept=-27365

Delta for Group 0:
  Original: start=-0.157303, slope=47174, intercept=38189, x_refl=0, y_refl=0
  Quantized: start=-10309, slope=-18362, intercept=-27347

Delta for Group 0:
  Original: start=-0.155349, slope=47283, intercept=38206, x_refl=0, y_refl=0
  Quantized: start=-10181, slope=-18253, intercept=-27330

Delta for Group 0:
  Original: start=-0.153395, slope=47393, intercept=38223, x_refl=0, y_refl=0
  Quantized: start=-10053, slope=-18143, intercept=-27313

Delta for Group 0:
  Original: start=-0.151441, slope=47503, intercept=38239, x_refl=0, y_refl=0
  Quantized: start=-9925, slope=-18033, intercept=-27297

Delta for Group 0:
  Original: start=-0.149487, slope=47613, intercept=38256, x_refl=0, y_refl=0
  Quantized: start=-9797, slope=-17923, intercept=-27280

Delta for Group 0:
  Original: start=-0.147533, slope=47724, intercept=38272, x_refl=0, y_refl=0
  Quantized: start=-9669, slope=-17812, intercept=-27264

Delta for Group 0:
  Original: start=-0.145579, slope=47835, intercept=38288, x_refl=0, y_refl=0
  Quantized: start=-9541, slope=-17701, intercept=-27248

Delta for Group 0:
  Original: start=-0.143625, slope=47946, intercept=38304, x_refl=0, y_refl=0
  Quantized: start=-9413, slope=-17590, intercept=-27232

Delta for Group 0:
  Original: start=-0.141671, slope=48057, intercept=38320, x_refl=0, y_refl=0
  Quantized: start=-9285, slope=-17479, intercept=-27216

Delta for Group 0:
  Original: start=-0.139717, slope=48168, intercept=38335, x_refl=0, y_refl=0
  Quantized: start=-9156, slope=-17368, intercept=-27201

Delta for Group 0:
  Original: start=-0.137763, slope=48280, intercept=38351, x_refl=0, y_refl=0
  Quantized: start=-9028, slope=-17256, intercept=-27185

Delta for Group 0:
  Original: start=-0.135809, slope=48392, intercept=38366, x_refl=0, y_refl=0
  Quantized: start=-8900, slope=-17144, intercept=-27170

Delta for Group 0:
  Original: start=-0.133854, slope=48504, intercept=38381, x_refl=0, y_refl=0
  Quantized: start=-8772, slope=-17032, intercept=-27155

Delta for Group 0:
  Original: start=-0.1319, slope=48616, intercept=38396, x_refl=0, y_refl=0
  Quantized: start=-8644, slope=-16920, intercept=-27140

Delta for Group 0:
  Original: start=-0.129946, slope=48728, intercept=38410, x_refl=0, y_refl=0
  Quantized: start=-8516, slope=-16808, intercept=-27126

Delta for Group 0:
  Original: start=-0.127992, slope=48841, intercept=38425, x_refl=0, y_refl=0
  Quantized: start=-8388, slope=-16695, intercept=-27111

Delta for Group 0:
  Original: start=-0.126038, slope=48954, intercept=38439, x_refl=0, y_refl=0
  Quantized: start=-8260, slope=-16582, intercept=-27097

Delta for Group 0:
  Original: start=-0.124084, slope=49067, intercept=38453, x_refl=0, y_refl=0
  Quantized: start=-8132, slope=-16469, intercept=-27083

Delta for Group 0:
  Original: start=-0.12213, slope=49180, intercept=38467, x_refl=0, y_refl=0
  Quantized: start=-8004, slope=-16356, intercept=-27069

Delta for Group 0:
  Original: start=-0.120176, slope=49294, intercept=38481, x_refl=0, y_refl=0
  Quantized: start=-7876, slope=-16242, intercept=-27055

Delta for Group 0:
  Original: start=-0.118222, slope=49408, intercept=38494, x_refl=0, y_refl=0
  Quantized: start=-7748, slope=-16128, intercept=-27042

Delta for Group 0:
  Original: start=-0.116268, slope=49522, intercept=38507, x_refl=0, y_refl=0
  Quantized: start=-7620, slope=-16014, intercept=-27029

Delta for Group 0:
  Original: start=-0.114314, slope=49636, intercept=38520, x_refl=0, y_refl=0
  Quantized: start=-7492, slope=-15900, intercept=-27016

Delta for Group 0:
  Original: start=-0.11236, slope=49750, intercept=38533, x_refl=0, y_refl=0
  Quantized: start=-7364, slope=-15786, intercept=-27003

Delta for Group 0:
  Original: start=-0.110405, slope=49865, intercept=38546, x_refl=0, y_refl=0
  Quantized: start=-7236, slope=-15671, intercept=-26990

Delta for Group 0:
  Original: start=-0.108451, slope=49980, intercept=38558, x_refl=0, y_refl=0
  Quantized: start=-7107, slope=-15556, intercept=-26978

Delta for Group 0:
  Original: start=-0.106497, slope=50095, intercept=38571, x_refl=0, y_refl=0
  Quantized: start=-6979, slope=-15441, intercept=-26965

Delta for Group 0:
  Original: start=-0.104543, slope=50210, intercept=38583, x_refl=0, y_refl=0
  Quantized: start=-6851, slope=-15326, intercept=-26953

Delta for Group 0:
  Original: start=-0.102589, slope=50326, intercept=38594, x_refl=0, y_refl=0
  Quantized: start=-6723, slope=-15210, intercept=-26942

Delta for Group 0:
  Original: start=-0.100635, slope=50442, intercept=38606, x_refl=0, y_refl=0
  Quantized: start=-6595, slope=-15094, intercept=-26930

Delta for Group 0:
  Original: start=-0.098681, slope=50558, intercept=38618, x_refl=0, y_refl=0
  Quantized: start=-6467, slope=-14978, intercept=-26918

Delta for Group 0:
  Original: start=-0.0967269, slope=50674, intercept=38629, x_refl=0, y_refl=0
  Quantized: start=-6339, slope=-14862, intercept=-26907

Delta for Group 0:
  Original: start=-0.0947728, slope=50790, intercept=38640, x_refl=0, y_refl=0
  Quantized: start=-6211, slope=-14746, intercept=-26896

Delta for Group 0:
  Original: start=-0.0928188, slope=50907, intercept=38651, x_refl=0, y_refl=0
  Quantized: start=-6083, slope=-14629, intercept=-26885

Delta for Group 0:
  Original: start=-0.0908647, slope=51024, intercept=38661, x_refl=0, y_refl=0
  Quantized: start=-5955, slope=-14512, intercept=-26875

Delta for Group 0:
  Original: start=-0.0889106, slope=51141, intercept=38672, x_refl=0, y_refl=0
  Quantized: start=-5827, slope=-14395, intercept=-26864

Delta for Group 0:
  Original: start=-0.0869565, slope=51259, intercept=38682, x_refl=0, y_refl=0
  Quantized: start=-5699, slope=-14277, intercept=-26854

Delta for Group 0:
  Original: start=-0.0850024, slope=51376, intercept=38692, x_refl=0, y_refl=0
  Quantized: start=-5571, slope=-14160, intercept=-26844

Delta for Group 0:
  Original: start=-0.0830484, slope=51494, intercept=38702, x_refl=0, y_refl=0
  Quantized: start=-5443, slope=-14042, intercept=-26834

Delta for Group 0:
  Original: start=-0.0810943, slope=51612, intercept=38711, x_refl=0, y_refl=0
  Quantized: start=-5315, slope=-13924, intercept=-26825

Delta for Group 0:
  Original: start=-0.0791402, slope=51731, intercept=38721, x_refl=0, y_refl=0
  Quantized: start=-5187, slope=-13805, intercept=-26815

Delta for Group 0:
  Original: start=-0.0771861, slope=51849, intercept=38730, x_refl=0, y_refl=0
  Quantized: start=-5058, slope=-13687, intercept=-26806

Delta for Group 0:
  Original: start=-0.075232, slope=51968, intercept=38739, x_refl=0, y_refl=0
  Quantized: start=-4930, slope=-13568, intercept=-26797

Delta for Group 0:
  Original: start=-0.073278, slope=52087, intercept=38747, x_refl=0, y_refl=0
  Quantized: start=-4802, slope=-13449, intercept=-26789

Delta for Group 0:
  Original: start=-0.0713239, slope=52206, intercept=38756, x_refl=0, y_refl=0
  Quantized: start=-4674, slope=-13330, intercept=-26780

Delta for Group 0:
  Original: start=-0.0693698, slope=52326, intercept=38764, x_refl=0, y_refl=0
  Quantized: start=-4546, slope=-13210, intercept=-26772

Delta for Group 0:
  Original: start=-0.0674157, slope=52445, intercept=38772, x_refl=0, y_refl=0
  Quantized: start=-4418, slope=-13091, intercept=-26764

Delta for Group 0:
  Original: start=-0.0654617, slope=52565, intercept=38780, x_refl=0, y_refl=0
  Quantized: start=-4290, slope=-12971, intercept=-26756

Delta for Group 0:
  Original: start=-0.0635076, slope=52686, intercept=38788, x_refl=0, y_refl=0
  Quantized: start=-4162, slope=-12850, intercept=-26748

Delta for Group 0:
  Original: start=-0.0615535, slope=52806, intercept=38795, x_refl=0, y_refl=0
  Quantized: start=-4034, slope=-12730, intercept=-26741

Delta for Group 0:
  Original: start=-0.0595994, slope=52927, intercept=38802, x_refl=0, y_refl=0
  Quantized: start=-3906, slope=-12609, intercept=-26734

Delta for Group 0:
  Original: start=-0.0576453, slope=53047, intercept=38809, x_refl=0, y_refl=0
  Quantized: start=-3778, slope=-12489, intercept=-26727

Delta for Group 0:
  Original: start=-0.0556913, slope=53169, intercept=38816, x_refl=0, y_refl=0
  Quantized: start=-3650, slope=-12367, intercept=-26720

Delta for Group 0:
  Original: start=-0.0537372, slope=53290, intercept=38823, x_refl=0, y_refl=0
  Quantized: start=-3522, slope=-12246, intercept=-26713

Delta for Group 0:
  Original: start=-0.0517831, slope=53412, intercept=38829, x_refl=0, y_refl=0
  Quantized: start=-3394, slope=-12124, intercept=-26707

Delta for Group 0:
  Original: start=-0.049829, slope=53533, intercept=38835, x_refl=0, y_refl=0
  Quantized: start=-3266, slope=-12003, intercept=-26701

Delta for Group 0:
  Original: start=-0.0478749, slope=53655, intercept=38841, x_refl=0, y_refl=0
  Quantized: start=-3138, slope=-11881, intercept=-26695

Delta for Group 0:
  Original: start=-0.0459209, slope=53778, intercept=38846, x_refl=0, y_refl=0
  Quantized: start=-3009, slope=-11758, intercept=-26690

Delta for Group 0:
  Original: start=-0.0439668, slope=53900, intercept=38852, x_refl=0, y_refl=0
  Quantized: start=-2881, slope=-11636, intercept=-26684

Delta for Group 0:
  Original: start=-0.0420127, slope=54023, intercept=38857, x_refl=0, y_refl=0
  Quantized: start=-2753, slope=-11513, intercept=-26679

Delta for Group 0:
  Original: start=-0.0400586, slope=54146, intercept=38862, x_refl=0, y_refl=0
  Quantized: start=-2625, slope=-11390, intercept=-26674

Delta for Group 0:
  Original: start=-0.0381045, slope=54269, intercept=38867, x_refl=0, y_refl=0
  Quantized: start=-2497, slope=-11267, intercept=-26669

Delta for Group 0:
  Original: start=-0.0361505, slope=54393, intercept=38871, x_refl=0, y_refl=0
  Quantized: start=-2369, slope=-11143, intercept=-26665

Delta for Group 0:
  Original: start=-0.0341964, slope=54517, intercept=38875, x_refl=0, y_refl=0
  Quantized: start=-2241, slope=-11019, intercept=-26661

Delta for Group 0:
  Original: start=-0.0322423, slope=54641, intercept=38879, x_refl=0, y_refl=0
  Quantized: start=-2113, slope=-10895, intercept=-26657

Delta for Group 0:
  Original: start=-0.0302882, slope=54765, intercept=38883, x_refl=0, y_refl=0
  Quantized: start=-1985, slope=-10771, intercept=-26653

Delta for Group 0:
  Original: start=-0.0283341, slope=54889, intercept=38887, x_refl=0, y_refl=0
  Quantized: start=-1857, slope=-10647, intercept=-26649

Delta for Group 0:
  Original: start=-0.0263801, slope=55014, intercept=38890, x_refl=0, y_refl=0
  Quantized: start=-1729, slope=-10522, intercept=-26646

Delta for Group 0:
  Original: start=-0.024426, slope=55139, intercept=38893, x_refl=0, y_refl=0
  Quantized: start=-1601, slope=-10397, intercept=-26643

Delta for Group 0:
  Original: start=-0.0224719, slope=55264, intercept=38896, x_refl=0, y_refl=0
  Quantized: start=-1473, slope=-10272, intercept=-26640

Delta for Group 0:
  Original: start=-0.0205178, slope=55390, intercept=38898, x_refl=0, y_refl=0
  Quantized: start=-1345, slope=-10146, intercept=-26638

Delta for Group 0:
  Original: start=-0.0185638, slope=55516, intercept=38901, x_refl=0, y_refl=0
  Quantized: start=-1217, slope=-10020, intercept=-26635

Delta for Group 0:
  Original: start=-0.0166097, slope=55641, intercept=38903, x_refl=0, y_refl=0
  Quantized: start=-1089, slope=-9895, intercept=-26633

Delta for Group 0:
  Original: start=-0.0146556, slope=55768, intercept=38905, x_refl=0, y_refl=0
  Quantized: start=-960, slope=-9768, intercept=-26631

Delta for Group 0:
  Original: start=-0.0127015, slope=55894, intercept=38906, x_refl=0, y_refl=0
  Quantized: start=-832, slope=-9642, intercept=-26630

Delta for Group 0:
  Original: start=-0.0107474, slope=56021, intercept=38908, x_refl=0, y_refl=0
  Quantized: start=-704, slope=-9515, intercept=-26628

Delta for Group 0:
  Original: start=-0.00879336, slope=56148, intercept=38909, x_refl=0, y_refl=0
  Quantized: start=-576, slope=-9388, intercept=-26627

Delta for Group 0:
  Original: start=-0.00683928, slope=56275, intercept=38910, x_refl=0, y_refl=0
  Quantized: start=-448, slope=-9261, intercept=-26626

Delta for Group 0:
  Original: start=-0.0048852, slope=56402, intercept=38910, x_refl=0, y_refl=0
  Quantized: start=-320, slope=-9134, intercept=-26626

Delta for Group 0:
  Original: start=-0.00293112, slope=56530, intercept=38911, x_refl=0, y_refl=0
  Quantized: start=-192, slope=-9006, intercept=-26625

Delta for Group 0:
  Original: start=-0.000977042, slope=56658, intercept=38911, x_refl=0, y_refl=0
  Quantized: start=-64, slope=-8878, intercept=-26625

Delta for Group 0:
  Original: start=0.000977038, slope=56786, intercept=38911, x_refl=0, y_refl=0
  Quantized: start=64, slope=-8750, intercept=-26625

Delta for Group 0:
  Original: start=0.00293112, slope=56915, intercept=38910, x_refl=0, y_refl=0
  Quantized: start=192, slope=-8621, intercept=-26626

Delta for Group 0:
  Original: start=0.0048852, slope=57043, intercept=38910, x_refl=0, y_refl=0
  Quantized: start=320, slope=-8493, intercept=-26626

Delta for Group 0:
  Original: start=0.00683928, slope=57172, intercept=38909, x_refl=0, y_refl=0
  Quantized: start=448, slope=-8364, intercept=-26627

Delta for Group 0:
  Original: start=0.00879335, slope=57301, intercept=38908, x_refl=0, y_refl=0
  Quantized: start=576, slope=-8235, intercept=-26628

Delta for Group 0:
  Original: start=0.0107474, slope=57431, intercept=38906, x_refl=0, y_refl=0
  Quantized: start=704, slope=-8105, intercept=-26630

Delta for Group 0:
  Original: start=0.0127015, slope=57561, intercept=38905, x_refl=0, y_refl=0
  Quantized: start=832, slope=-7975, intercept=-26631

Delta for Group 0:
  Original: start=0.0146556, slope=57691, intercept=38903, x_refl=0, y_refl=0
  Quantized: start=960, slope=-7845, intercept=-26633

Delta for Group 0:
  Original: start=0.0166097, slope=57821, intercept=38900, x_refl=0, y_refl=0
  Quantized: start=1089, slope=-7715, intercept=-26636

Delta for Group 0:
  Original: start=0.0185637, slope=57951, intercept=38898, x_refl=0, y_refl=0
  Quantized: start=1217, slope=-7585, intercept=-26638

Delta for Group 0:
  Original: start=0.0205178, slope=58082, intercept=38895, x_refl=0, y_refl=0
  Quantized: start=1345, slope=-7454, intercept=-26641

Delta for Group 0:
  Original: start=0.0224719, slope=58213, intercept=38892, x_refl=0, y_refl=0
  Quantized: start=1473, slope=-7323, intercept=-26644

Delta for Group 0:
  Original: start=0.024426, slope=58344, intercept=38889, x_refl=0, y_refl=0
  Quantized: start=1601, slope=-7192, intercept=-26647

Delta for Group 0:
  Original: start=0.0263801, slope=58476, intercept=38886, x_refl=0, y_refl=0
  Quantized: start=1729, slope=-7060, intercept=-26650

Delta for Group 0:
  Original: start=0.0283341, slope=58607, intercept=38882, x_refl=0, y_refl=0
  Quantized: start=1857, slope=-6929, intercept=-26654

Delta for Group 0:
  Original: start=0.0302882, slope=58739, intercept=38878, x_refl=0, y_refl=0
  Quantized: start=1985, slope=-6797, intercept=-26658

Delta for Group 0:
  Original: start=0.0322423, slope=58872, intercept=38874, x_refl=0, y_refl=0
  Quantized: start=2113, slope=-6664, intercept=-26662

Delta for Group 0:
  Original: start=0.0341964, slope=59004, intercept=38869, x_refl=0, y_refl=0
  Quantized: start=2241, slope=-6532, intercept=-26667

Delta for Group 0:
  Original: start=0.0361505, slope=59137, intercept=38864, x_refl=0, y_refl=0
  Quantized: start=2369, slope=-6399, intercept=-26672

Delta for Group 0:
  Original: start=0.0381045, slope=59270, intercept=38859, x_refl=0, y_refl=0
  Quantized: start=2497, slope=-6266, intercept=-26677

Delta for Group 0:
  Original: start=0.0400586, slope=59403, intercept=38854, x_refl=0, y_refl=0
  Quantized: start=2625, slope=-6133, intercept=-26682

Delta for Group 0:
  Original: start=0.0420127, slope=59537, intercept=38848, x_refl=0, y_refl=0
  Quantized: start=2753, slope=-5999, intercept=-26688

Delta for Group 0:
  Original: start=0.0439668, slope=59671, intercept=38842, x_refl=0, y_refl=0
  Quantized: start=2881, slope=-5865, intercept=-26694

Delta for Group 0:
  Original: start=0.0459209, slope=59805, intercept=38836, x_refl=0, y_refl=0
  Quantized: start=3009, slope=-5731, intercept=-26700

Delta for Group 0:
  Original: start=0.0478749, slope=59939, intercept=38830, x_refl=0, y_refl=0
  Quantized: start=3138, slope=-5597, intercept=-26706

Delta for Group 0:
  Original: start=0.049829, slope=60074, intercept=38823, x_refl=0, y_refl=0
  Quantized: start=3266, slope=-5462, intercept=-26713

Delta for Group 0:
  Original: start=0.0517831, slope=60209, intercept=38816, x_refl=0, y_refl=0
  Quantized: start=3394, slope=-5327, intercept=-26720

Delta for Group 0:
  Original: start=0.0537372, slope=60344, intercept=38809, x_refl=0, y_refl=0
  Quantized: start=3522, slope=-5192, intercept=-26727

Delta for Group 0:
  Original: start=0.0556913, slope=60479, intercept=38801, x_refl=0, y_refl=0
  Quantized: start=3650, slope=-5057, intercept=-26735

Delta for Group 0:
  Original: start=0.0576453, slope=60615, intercept=38794, x_refl=0, y_refl=0
  Quantized: start=3778, slope=-4921, intercept=-26742

Delta for Group 0:
  Original: start=0.0595994, slope=60751, intercept=38785, x_refl=0, y_refl=0
  Quantized: start=3906, slope=-4785, intercept=-26751

Delta for Group 0:
  Original: start=0.0615535, slope=60887, intercept=38777, x_refl=0, y_refl=0
  Quantized: start=4034, slope=-4649, intercept=-26759

Delta for Group 0:
  Original: start=0.0635076, slope=61023, intercept=38768, x_refl=0, y_refl=0
  Quantized: start=4162, slope=-4513, intercept=-26768

Delta for Group 0:
  Original: start=0.0654616, slope=61160, intercept=38759, x_refl=0, y_refl=0
  Quantized: start=4290, slope=-4376, intercept=-26777

Delta for Group 0:
  Original: start=0.0674157, slope=61297, intercept=38750, x_refl=0, y_refl=0
  Quantized: start=4418, slope=-4239, intercept=-26786

Delta for Group 0:
  Original: start=0.0693698, slope=61434, intercept=38741, x_refl=0, y_refl=0
  Quantized: start=4546, slope=-4102, intercept=-26795

Delta for Group 0:
  Original: start=0.0713239, slope=61572, intercept=38731, x_refl=0, y_refl=0
  Quantized: start=4674, slope=-3964, intercept=-26805

Delta for Group 0:
  Original: start=0.073278, slope=61710, intercept=38721, x_refl=0, y_refl=0
  Quantized: start=4802, slope=-3826, intercept=-26815

Delta for Group 0:
  Original: start=0.075232, slope=61848, intercept=38710, x_refl=0, y_refl=0
  Quantized: start=4930, slope=-3688, intercept=-26826

Delta for Group 0:
  Original: start=0.0771861, slope=61986, intercept=38700, x_refl=0, y_refl=0
  Quantized: start=5058, slope=-3550, intercept=-26836

Delta for Group 0:
  Original: start=0.0791402, slope=62125, intercept=38689, x_refl=0, y_refl=0
  Quantized: start=5187, slope=-3411, intercept=-26847

Delta for Group 0:
  Original: start=0.0810943, slope=62264, intercept=38678, x_refl=0, y_refl=0
  Quantized: start=5315, slope=-3272, intercept=-26858

Delta for Group 0:
  Original: start=0.0830484, slope=62403, intercept=38666, x_refl=0, y_refl=0
  Quantized: start=5443, slope=-3133, intercept=-26870

Delta for Group 0:
  Original: start=0.0850024, slope=62542, intercept=38654, x_refl=0, y_refl=0
  Quantized: start=5571, slope=-2994, intercept=-26882

Delta for Group 0:
  Original: start=0.0869565, slope=62682, intercept=38642, x_refl=0, y_refl=0
  Quantized: start=5699, slope=-2854, intercept=-26894

Delta for Group 0:
  Original: start=0.0889106, slope=62822, intercept=38630, x_refl=0, y_refl=0
  Quantized: start=5827, slope=-2714, intercept=-26906

Delta for Group 0:
  Original: start=0.0908647, slope=62962, intercept=38617, x_refl=0, y_refl=0
  Quantized: start=5955, slope=-2574, intercept=-26919

Delta for Group 0:
  Original: start=0.0928188, slope=63103, intercept=38604, x_refl=0, y_refl=0
  Quantized: start=6083, slope=-2433, intercept=-26932

Delta for Group 0:
  Original: start=0.0947728, slope=63243, intercept=38590, x_refl=0, y_refl=0
  Quantized: start=6211, slope=-2293, intercept=-26946

Delta for Group 0:
  Original: start=0.0967269, slope=63384, intercept=38577, x_refl=0, y_refl=0
  Quantized: start=6339, slope=-2152, intercept=-26959

Delta for Group 0:
  Original: start=0.098681, slope=63526, intercept=38563, x_refl=0, y_refl=0
  Quantized: start=6467, slope=-2010, intercept=-26973

Delta for Group 0:
  Original: start=0.100635, slope=63667, intercept=38549, x_refl=0, y_refl=0
  Quantized: start=6595, slope=-1869, intercept=-26987

Delta for Group 0:
  Original: start=0.102589, slope=63809, intercept=38534, x_refl=0, y_refl=0
  Quantized: start=6723, slope=-1727, intercept=-27002

Delta for Group 0:
  Original: start=0.104543, slope=63951, intercept=38519, x_refl=0, y_refl=0
  Quantized: start=6851, slope=-1585, intercept=-27017

Delta for Group 0:
  Original: start=0.106497, slope=64094, intercept=38504, x_refl=0, y_refl=0
  Quantized: start=6979, slope=-1442, intercept=-27032

Delta for Group 0:
  Original: start=0.108451, slope=64237, intercept=38488, x_refl=0, y_refl=0
  Quantized: start=7107, slope=-1299, intercept=-27048

Delta for Group 0:
  Original: start=0.110405, slope=64380, intercept=38473, x_refl=0, y_refl=0
  Quantized: start=7236, slope=-1156, intercept=-27063

Delta for Group 0:
  Original: start=0.11236, slope=64523, intercept=38457, x_refl=0, y_refl=0
  Quantized: start=7364, slope=-1013, intercept=-27079

Delta for Group 0:
  Original: start=0.114314, slope=64666, intercept=38440, x_refl=0, y_refl=0
  Quantized: start=7492, slope=-870, intercept=-27096

Delta for Group 0:
  Original: start=0.116268, slope=64810, intercept=38423, x_refl=0, y_refl=0
  Quantized: start=7620, slope=-726, intercept=-27113

Delta for Group 0:
  Original: start=0.118222, slope=64954, intercept=38406, x_refl=0, y_refl=0
  Quantized: start=7748, slope=-582, intercept=-27130

Delta for Group 0:
  Original: start=0.120176, slope=65099, intercept=38389, x_refl=0, y_refl=0
  Quantized: start=7876, slope=-437, intercept=-27147

Delta for Group 0:
  Original: start=0.12213, slope=65244, intercept=38371, x_refl=0, y_refl=0
  Quantized: start=8004, slope=-292, intercept=-27165

Delta for Group 0:
  Original: start=0.124084, slope=65389, intercept=38353, x_refl=0, y_refl=0
  Quantized: start=8132, slope=-147, intercept=-27183

Delta for Group 0:
  Original: start=0.126038, slope=65534, intercept=38335, x_refl=0, y_refl=0
  Quantized: start=8260, slope=-2, intercept=-27201

Delta for Group 0:
  Original: start=0.127992, slope=65679, intercept=38316, x_refl=0, y_refl=0
  Quantized: start=8388, slope=143, intercept=-27220

Delta for Group 0:
  Original: start=0.129946, slope=65825, intercept=38298, x_refl=0, y_refl=0
  Quantized: start=8516, slope=289, intercept=-27238

Delta for Group 0:
  Original: start=0.1319, slope=65971, intercept=38278, x_refl=0, y_refl=0
  Quantized: start=8644, slope=435, intercept=-27258

Delta for Group 0:
  Original: start=0.133854, slope=66118, intercept=38259, x_refl=0, y_refl=0
  Quantized: start=8772, slope=582, intercept=-27277

Delta for Group 0:
  Original: start=0.135808, slope=66264, intercept=38239, x_refl=0, y_refl=0
  Quantized: start=8900, slope=728, intercept=-27297

Delta for Group 0:
  Original: start=0.137763, slope=66411, intercept=38218, x_refl=0, y_refl=0
  Quantized: start=9028, slope=875, intercept=-27318

Delta for Group 0:
  Original: start=0.139717, slope=66559, intercept=38198, x_refl=0, y_refl=0
  Quantized: start=9156, slope=1023, intercept=-27338

Delta for Group 0:
  Original: start=0.141671, slope=66706, intercept=38177, x_refl=0, y_refl=0
  Quantized: start=9285, slope=1170, intercept=-27359

Delta for Group 0:
  Original: start=0.143625, slope=66854, intercept=38156, x_refl=0, y_refl=0
  Quantized: start=9413, slope=1318, intercept=-27380

Delta for Group 0:
  Original: start=0.145579, slope=67002, intercept=38134, x_refl=0, y_refl=0
  Quantized: start=9541, slope=1466, intercept=-27402

Delta for Group 0:
  Original: start=0.147533, slope=67151, intercept=38112, x_refl=0, y_refl=0
  Quantized: start=9669, slope=1615, intercept=-27424

Delta for Group 0:
  Original: start=0.149487, slope=67299, intercept=38090, x_refl=0, y_refl=0
  Quantized: start=9797, slope=1763, intercept=-27446

Delta for Group 0:
  Original: start=0.151441, slope=67448, intercept=38067, x_refl=0, y_refl=0
  Quantized: start=9925, slope=1912, intercept=-27469

Delta for Group 0:
  Original: start=0.153395, slope=67598, intercept=38045, x_refl=0, y_refl=0
  Quantized: start=10053, slope=2062, intercept=-27491

Delta for Group 0:
  Original: start=0.155349, slope=67747, intercept=38021, x_refl=0, y_refl=0
  Quantized: start=10181, slope=2211, intercept=-27515

Delta for Group 0:
  Original: start=0.157303, slope=67897, intercept=37998, x_refl=0, y_refl=0
  Quantized: start=10309, slope=2361, intercept=-27538

Delta for Group 0:
  Original: start=0.159257, slope=68047, intercept=37974, x_refl=0, y_refl=0
  Quantized: start=10437, slope=2511, intercept=-27562

Delta for Group 0:
  Original: start=0.161212, slope=68198, intercept=37950, x_refl=0, y_refl=0
  Quantized: start=10565, slope=2662, intercept=-27586

Delta for Group 0:
  Original: start=0.163166, slope=68348, intercept=37925, x_refl=0, y_refl=0
  Quantized: start=10693, slope=2812, intercept=-27611

Delta for Group 0:
  Original: start=0.16512, slope=68500, intercept=37900, x_refl=0, y_refl=0
  Quantized: start=10821, slope=2964, intercept=-27636

Delta for Group 0:
  Original: start=0.167074, slope=68651, intercept=37875, x_refl=0, y_refl=0
  Quantized: start=10949, slope=3115, intercept=-27661

Delta for Group 0:
  Original: start=0.169028, slope=68803, intercept=37849, x_refl=0, y_refl=0
  Quantized: start=11077, slope=3267, intercept=-27687

Delta for Group 0:
  Original: start=0.170982, slope=68954, intercept=37823, x_refl=0, y_refl=0
  Quantized: start=11205, slope=3418, intercept=-27713

Delta for Group 0:
  Original: start=0.172936, slope=69107, intercept=37797, x_refl=0, y_refl=0
  Quantized: start=11334, slope=3571, intercept=-27739

Delta for Group 0:
  Original: start=0.17489, slope=69259, intercept=37770, x_refl=0, y_refl=0
  Quantized: start=11462, slope=3723, intercept=-27766

Delta for Group 0:
  Original: start=0.176844, slope=69412, intercept=37743, x_refl=0, y_refl=0
  Quantized: start=11590, slope=3876, intercept=-27793

Delta for Group 0:
  Original: start=0.178798, slope=69565, intercept=37716, x_refl=0, y_refl=0
  Quantized: start=11718, slope=4029, intercept=-27820

Delta for Group 0:
  Original: start=0.180752, slope=69719, intercept=37688, x_refl=0, y_refl=0
  Quantized: start=11846, slope=4183, intercept=-27848

Delta for Group 0:
  Original: start=0.182706, slope=69872, intercept=37660, x_refl=0, y_refl=0
  Quantized: start=11974, slope=4336, intercept=-27876

Delta for Group 0:
  Original: start=0.18466, slope=70026, intercept=37631, x_refl=0, y_refl=0
  Quantized: start=12102, slope=4490, intercept=-27905

Delta for Group 0:
  Original: start=0.186615, slope=70181, intercept=37603, x_refl=0, y_refl=0
  Quantized: start=12230, slope=4645, intercept=-27933

Delta for Group 0:
  Original: start=0.188569, slope=70335, intercept=37574, x_refl=0, y_refl=0
  Quantized: start=12358, slope=4799, intercept=-27962

Delta for Group 0:
  Original: start=0.190523, slope=70490, intercept=37544, x_refl=0, y_refl=0
  Quantized: start=12486, slope=4954, intercept=-27992

Delta for Group 0:
  Original: start=0.192477, slope=70646, intercept=37514, x_refl=0, y_refl=0
  Quantized: start=12614, slope=5110, intercept=-28022

Delta for Group 0:
  Original: start=0.194431, slope=70801, intercept=37484, x_refl=0, y_refl=0
  Quantized: start=12742, slope=5265, intercept=-28052

Delta for Group 0:
  Original: start=0.196385, slope=70957, intercept=37453, x_refl=0, y_refl=0
  Quantized: start=12870, slope=5421, intercept=-28083

Delta for Group 0:
  Original: start=0.198339, slope=71113, intercept=37422, x_refl=0, y_refl=0
  Quantized: start=12998, slope=5577, intercept=-28114

Delta for Group 0:
  Original: start=0.200293, slope=71270, intercept=37391, x_refl=0, y_refl=0
  Quantized: start=13126, slope=5734, intercept=-28145

Delta for Group 0:
  Original: start=0.202247, slope=71426, intercept=37359, x_refl=0, y_refl=0
  Quantized: start=13254, slope=5890, intercept=-28177

Delta for Group 0:
  Original: start=0.204201, slope=71583, intercept=37327, x_refl=0, y_refl=0
  Quantized: start=13383, slope=6047, intercept=-28209

Delta for Group 0:
  Original: start=0.206155, slope=71741, intercept=37295, x_refl=0, y_refl=0
  Quantized: start=13511, slope=6205, intercept=-28241

Delta for Group 0:
  Original: start=0.208109, slope=71899, intercept=37262, x_refl=0, y_refl=0
  Quantized: start=13639, slope=6363, intercept=-28274

Delta for Group 0:
  Original: start=0.210064, slope=72057, intercept=37229, x_refl=0, y_refl=0
  Quantized: start=13767, slope=6521, intercept=-28307

Delta for Group 0:
  Original: start=0.212018, slope=72215, intercept=37195, x_refl=0, y_refl=0
  Quantized: start=13895, slope=6679, intercept=-28341

Delta for Group 0:
  Original: start=0.213972, slope=72373, intercept=37161, x_refl=0, y_refl=0
  Quantized: start=14023, slope=6837, intercept=-28375

Delta for Group 0:
  Original: start=0.215926, slope=72532, intercept=37127, x_refl=0, y_refl=0
  Quantized: start=14151, slope=6996, intercept=-28409

Delta for Group 0:
  Original: start=0.21788, slope=72692, intercept=37092, x_refl=0, y_refl=0
  Quantized: start=14279, slope=7156, intercept=-28444

Delta for Group 0:
  Original: start=0.219834, slope=72851, intercept=37057, x_refl=0, y_refl=0
  Quantized: start=14407, slope=7315, intercept=-28479

Delta for Group 0:
  Original: start=0.221788, slope=73011, intercept=37022, x_refl=0, y_refl=0
  Quantized: start=14535, slope=7475, intercept=-28514

Delta for Group 0:
  Original: start=0.223742, slope=73171, intercept=36986, x_refl=0, y_refl=0
  Quantized: start=14663, slope=7635, intercept=-28550

Delta for Group 0:
  Original: start=0.225696, slope=73332, intercept=36950, x_refl=0, y_refl=0
  Quantized: start=14791, slope=7796, intercept=-28586

Delta for Group 0:
  Original: start=0.22765, slope=73492, intercept=36913, x_refl=0, y_refl=0
  Quantized: start=14919, slope=7956, intercept=-28623

Delta for Group 0:
  Original: start=0.229604, slope=73654, intercept=36876, x_refl=0, y_refl=0
  Quantized: start=15047, slope=8118, intercept=-28660

Delta for Group 0:
  Original: start=0.231558, slope=73815, intercept=36839, x_refl=0, y_refl=0
  Quantized: start=15175, slope=8279, intercept=-28697

Delta for Group 0:
  Original: start=0.233512, slope=73977, intercept=36801, x_refl=0, y_refl=0
  Quantized: start=15303, slope=8441, intercept=-28735

Delta for Group 0:
  Original: start=0.235467, slope=74139, intercept=36763, x_refl=0, y_refl=0
  Quantized: start=15432, slope=8603, intercept=-28773

Delta for Group 0:
  Original: start=0.237421, slope=74301, intercept=36724, x_refl=0, y_refl=0
  Quantized: start=15560, slope=8765, intercept=-28812

Delta for Group 0:
  Original: start=0.239375, slope=74464, intercept=36685, x_refl=0, y_refl=0
  Quantized: start=15688, slope=8928, intercept=-28851

Delta for Group 0:
  Original: start=0.241329, slope=74627, intercept=36646, x_refl=0, y_refl=0
  Quantized: start=15816, slope=9091, intercept=-28890

Delta for Group 0:
  Original: start=0.243283, slope=74790, intercept=36606, x_refl=0, y_refl=0
  Quantized: start=15944, slope=9254, intercept=-28930

Delta for Group 0:
  Original: start=0.245237, slope=74954, intercept=36566, x_refl=0, y_refl=0
  Quantized: start=16072, slope=9418, intercept=-28970

Delta for Group 0:
  Original: start=0.247191, slope=75118, intercept=36525, x_refl=0, y_refl=0
  Quantized: start=16200, slope=9582, intercept=-29011

Delta for Group 0:
  Original: start=0.249145, slope=75282, intercept=36485, x_refl=0, y_refl=0
  Quantized: start=16328, slope=9746, intercept=-29051

Delta for Group 0:
  Original: start=0.251099, slope=75447, intercept=36443, x_refl=0, y_refl=0
  Quantized: start=16456, slope=9911, intercept=-29093

Delta for Group 0:
  Original: start=0.253053, slope=75612, intercept=36401, x_refl=0, y_refl=0
  Quantized: start=16584, slope=10076, intercept=-29135

Delta for Group 0:
  Original: start=0.255007, slope=75777, intercept=36359, x_refl=0, y_refl=0
  Quantized: start=16712, slope=10241, intercept=-29177

Delta for Group 0:
  Original: start=0.256961, slope=75943, intercept=36317, x_refl=0, y_refl=0
  Quantized: start=16840, slope=10407, intercept=-29219

Delta for Group 0:
  Original: start=0.258915, slope=76108, intercept=36274, x_refl=0, y_refl=0
  Quantized: start=16968, slope=10572, intercept=-29262

Delta for Group 0:
  Original: start=0.26087, slope=76275, intercept=36230, x_refl=0, y_refl=0
  Quantized: start=17096, slope=10739, intercept=-29306

Delta for Group 0:
  Original: start=0.262824, slope=76441, intercept=36187, x_refl=0, y_refl=0
  Quantized: start=17224, slope=10905, intercept=-29349

Delta for Group 0:
  Original: start=0.264778, slope=76608, intercept=36142, x_refl=0, y_refl=0
  Quantized: start=17352, slope=11072, intercept=-29394

Delta for Group 0:
  Original: start=0.266732, slope=76775, intercept=36098, x_refl=0, y_refl=0
  Quantized: start=17481, slope=11239, intercept=-29438

Delta for Group 0:
  Original: start=0.268686, slope=76943, intercept=36053, x_refl=0, y_refl=0
  Quantized: start=17609, slope=11407, intercept=-29483

Delta for Group 0:
  Original: start=0.27064, slope=77111, intercept=36007, x_refl=0, y_refl=0
  Quantized: start=17737, slope=11575, intercept=-29529

Delta for Group 0:
  Original: start=0.272594, slope=77279, intercept=35962, x_refl=0, y_refl=0
  Quantized: start=17865, slope=11743, intercept=-29574

Delta for Group 0:
  Original: start=0.274548, slope=77447, intercept=35915, x_refl=0, y_refl=0
  Quantized: start=17993, slope=11911, intercept=-29621

Delta for Group 0:
  Original: start=0.276502, slope=77616, intercept=35869, x_refl=0, y_refl=0
  Quantized: start=18121, slope=12080, intercept=-29667

Delta for Group 0:
  Original: start=0.278456, slope=77786, intercept=35822, x_refl=0, y_refl=0
  Quantized: start=18249, slope=12250, intercept=-29714

Delta for Group 0:
  Original: start=0.28041, slope=77955, intercept=35774, x_refl=0, y_refl=0
  Quantized: start=18377, slope=12419, intercept=-29762

Delta for Group 0:
  Original: start=0.282364, slope=78125, intercept=35726, x_refl=0, y_refl=0
  Quantized: start=18505, slope=12589, intercept=-29810

Delta for Group 0:
  Original: start=0.284319, slope=78295, intercept=35678, x_refl=0, y_refl=0
  Quantized: start=18633, slope=12759, intercept=-29858

Delta for Group 0:
  Original: start=0.286273, slope=78466, intercept=35629, x_refl=0, y_refl=0
  Quantized: start=18761, slope=12930, intercept=-29907

Delta for Group 0:
  Original: start=0.288227, slope=78636, intercept=35580, x_refl=0, y_refl=0
  Quantized: start=18889, slope=13100, intercept=-29956

Delta for Group 0:
  Original: start=0.290181, slope=78808, intercept=35530, x_refl=0, y_refl=0
  Quantized: start=19017, slope=13272, intercept=-30006

Delta for Group 0:
  Original: start=0.292135, slope=78979, intercept=35480, x_refl=0, y_refl=0
  Quantized: start=19145, slope=13443, intercept=-30056

Delta for Group 0:
  Original: start=0.294089, slope=79151, intercept=35429, x_refl=0, y_refl=0
  Quantized: start=19273, slope=13615, intercept=-30107

Delta for Group 0:
  Original: start=0.296043, slope=79323, intercept=35378, x_refl=0, y_refl=0
  Quantized: start=19401, slope=13787, intercept=-30158

Delta for Group 0:
  Original: start=0.297997, slope=79496, intercept=35327, x_refl=0, y_refl=0
  Quantized: start=19530, slope=13960, intercept=-30209

Delta for Group 0:
  Original: start=0.299951, slope=79669, intercept=35275, x_refl=0, y_refl=0
  Quantized: start=19658, slope=14133, intercept=-30261

Delta for Group 0:
  Original: start=0.301905, slope=79842, intercept=35223, x_refl=0, y_refl=0
  Quantized: start=19786, slope=14306, intercept=-30313

Delta for Group 0:
  Original: start=0.303859, slope=80015, intercept=35170, x_refl=0, y_refl=0
  Quantized: start=19914, slope=14479, intercept=-30366

Delta for Group 0:
  Original: start=0.305813, slope=80189, intercept=35117, x_refl=0, y_refl=0
  Quantized: start=20042, slope=14653, intercept=-30419

Delta for Group 0:
  Original: start=0.307767, slope=80363, intercept=35063, x_refl=0, y_refl=0
  Quantized: start=20170, slope=14827, intercept=-30473

Delta for Group 0:
  Original: start=0.309722, slope=80538, intercept=35009, x_refl=0, y_refl=0
  Quantized: start=20298, slope=15002, intercept=-30527

Delta for Group 0:
  Original: start=0.311676, slope=80713, intercept=34955, x_refl=0, y_refl=0
  Quantized: start=20426, slope=15177, intercept=-30581

Delta for Group 0:
  Original: start=0.31363, slope=80888, intercept=34900, x_refl=0, y_refl=0
  Quantized: start=20554, slope=15352, intercept=-30636

Delta for Group 0:
  Original: start=0.315584, slope=81064, intercept=34844, x_refl=0, y_refl=0
  Quantized: start=20682, slope=15528, intercept=-30692

Delta for Group 0:
  Original: start=0.317538, slope=81240, intercept=34788, x_refl=0, y_refl=0
  Quantized: start=20810, slope=15704, intercept=-30748

Delta for Group 0:
  Original: start=0.319492, slope=81416, intercept=34732, x_refl=0, y_refl=0
  Quantized: start=20938, slope=15880, intercept=-30804

Delta for Group 0:
  Original: start=0.321446, slope=81592, intercept=34675, x_refl=0, y_refl=0
  Quantized: start=21066, slope=16056, intercept=-30861

Delta for Group 0:
  Original: start=0.3234, slope=81769, intercept=34618, x_refl=0, y_refl=0
  Quantized: start=21194, slope=16233, intercept=-30918

Delta for Group 0:
  Original: start=0.325354, slope=81947, intercept=34560, x_refl=0, y_refl=0
  Quantized: start=21322, slope=16411, intercept=-30976

Delta for Group 0:
  Original: start=0.327308, slope=82124, intercept=34502, x_refl=0, y_refl=0
  Quantized: start=21450, slope=16588, intercept=-31034

Delta for Group 0:
  Original: start=0.329262, slope=82302, intercept=34444, x_refl=0, y_refl=0
  Quantized: start=21579, slope=16766, intercept=-31092

Delta for Group 0:
  Original: start=0.331216, slope=82481, intercept=34385, x_refl=0, y_refl=0
  Quantized: start=21707, slope=16945, intercept=-31151

Delta for Group 0:
  Original: start=0.33317, slope=82659, intercept=34325, x_refl=0, y_refl=0
  Quantized: start=21835, slope=17123, intercept=-31211

Delta for Group 0:
  Original: start=0.335125, slope=82838, intercept=34265, x_refl=0, y_refl=0
  Quantized: start=21963, slope=17302, intercept=-31271

Delta for Group 0:
  Original: start=0.337079, slope=83018, intercept=34205, x_refl=0, y_refl=0
  Quantized: start=22091, slope=17482, intercept=-31331

Delta for Group 0:
  Original: start=0.339033, slope=83198, intercept=34144, x_refl=0, y_refl=0
  Quantized: start=22219, slope=17662, intercept=-31392

Delta for Group 0:
  Original: start=0.340987, slope=83378, intercept=34082, x_refl=0, y_refl=0
  Quantized: start=22347, slope=17842, intercept=-31454

Delta for Group 0:
  Original: start=0.342941, slope=83558, intercept=34020, x_refl=0, y_refl=0
  Quantized: start=22475, slope=18022, intercept=-31516

Delta for Group 0:
  Original: start=0.344895, slope=83739, intercept=33958, x_refl=0, y_refl=0
  Quantized: start=22603, slope=18203, intercept=-31578

Delta for Group 0:
  Original: start=0.346849, slope=83920, intercept=33895, x_refl=0, y_refl=0
  Quantized: start=22731, slope=18384, intercept=-31641

Delta for Group 0:
  Original: start=0.348803, slope=84102, intercept=33832, x_refl=0, y_refl=0
  Quantized: start=22859, slope=18566, intercept=-31704

Delta for Group 0:
  Original: start=0.350757, slope=84283, intercept=33768, x_refl=0, y_refl=0
  Quantized: start=22987, slope=18747, intercept=-31768

Delta for Group 0:
  Original: start=0.352711, slope=84466, intercept=33704, x_refl=0, y_refl=0
  Quantized: start=23115, slope=18930, intercept=-31832

Delta for Group 0:
  Original: start=0.354665, slope=84648, intercept=33639, x_refl=0, y_refl=0
  Quantized: start=23243, slope=19112, intercept=-31897

Delta for Group 0:
  Original: start=0.356619, slope=84831, intercept=33574, x_refl=0, y_refl=0
  Quantized: start=23371, slope=19295, intercept=-31962

Delta for Group 0:
  Original: start=0.358574, slope=85014, intercept=33508, x_refl=0, y_refl=0
  Quantized: start=23499, slope=19478, intercept=-32028

Delta for Group 0:
  Original: start=0.360528, slope=85198, intercept=33442, x_refl=0, y_refl=0
  Quantized: start=23628, slope=19662, intercept=-32094

Delta for Group 0:
  Original: start=0.362482, slope=85382, intercept=33375, x_refl=0, y_refl=0
  Quantized: start=23756, slope=19846, intercept=-32161

Delta for Group 0:
  Original: start=0.364436, slope=85567, intercept=33308, x_refl=0, y_refl=0
  Quantized: start=23884, slope=20031, intercept=-32228

Delta for Group 0:
  Original: start=0.36639, slope=85751, intercept=33240, x_refl=0, y_refl=0
  Quantized: start=24012, slope=20215, intercept=-32296

Delta for Group 0:
  Original: start=0.368344, slope=85936, intercept=33172, x_refl=0, y_refl=0
  Quantized: start=24140, slope=20400, intercept=-32364

Delta for Group 0:
  Original: start=0.370298, slope=86122, intercept=33103, x_refl=0, y_refl=0
  Quantized: start=24268, slope=20586, intercept=-32433

Delta for Group 0:
  Original: start=0.372252, slope=86308, intercept=33034, x_refl=0, y_refl=0
  Quantized: start=24396, slope=20772, intercept=-32502

Delta for Group 0:
  Original: start=0.374206, slope=86494, intercept=32965, x_refl=0, y_refl=0
  Quantized: start=24524, slope=20958, intercept=-32571

Delta for Group 0:
  Original: start=0.37616, slope=86680, intercept=32894, x_refl=0, y_refl=0
  Quantized: start=24652, slope=21144, intercept=-32642

Delta for Group 0:
  Original: start=0.378114, slope=86867, intercept=32824, x_refl=0, y_refl=0
  Quantized: start=24780, slope=21331, intercept=-32712

Delta for Group 0:
  Original: start=0.380068, slope=87055, intercept=32753, x_refl=0, y_refl=0
  Quantized: start=24908, slope=21519, intercept=32753

Delta for Group 0:
  Original: start=0.382022, slope=87242, intercept=32681, x_refl=0, y_refl=0
  Quantized: start=25036, slope=21706, intercept=32681

Delta for Group 0:
  Original: start=0.383977, slope=87430, intercept=32609, x_refl=0, y_refl=0
  Quantized: start=25164, slope=21894, intercept=32609

Delta for Group 0:
  Original: start=0.385931, slope=87619, intercept=32536, x_refl=0, y_refl=0
  Quantized: start=25292, slope=22083, intercept=32536

Delta for Group 0:
  Original: start=0.387885, slope=87807, intercept=32463, x_refl=0, y_refl=0
  Quantized: start=25420, slope=22271, intercept=32463

Delta for Group 0:
  Original: start=0.389839, slope=87996, intercept=32389, x_refl=0, y_refl=0
  Quantized: start=25548, slope=22460, intercept=32389

Delta for Group 0:
  Original: start=0.391793, slope=88186, intercept=32315, x_refl=0, y_refl=0
  Quantized: start=25677, slope=22650, intercept=32315

Delta for Group 0:
  Original: start=0.393747, slope=88376, intercept=32240, x_refl=0, y_refl=0
  Quantized: start=25805, slope=22840, intercept=32240

Delta for Group 0:
  Original: start=0.395701, slope=88566, intercept=32165, x_refl=0, y_refl=0
  Quantized: start=25933, slope=23030, intercept=32165

Delta for Group 0:
  Original: start=0.397655, slope=88757, intercept=32089, x_refl=0, y_refl=0
  Quantized: start=26061, slope=23221, intercept=32089

Delta for Group 0:
  Original: start=0.399609, slope=88948, intercept=32013, x_refl=0, y_refl=0
  Quantized: start=26189, slope=23412, intercept=32013

Delta for Group 0:
  Original: start=0.401563, slope=89139, intercept=31936, x_refl=0, y_refl=0
  Quantized: start=26317, slope=23603, intercept=31936

Delta for Group 0:
  Original: start=0.403517, slope=89331, intercept=31858, x_refl=0, y_refl=0
  Quantized: start=26445, slope=23795, intercept=31858

Delta for Group 0:
  Original: start=0.405471, slope=89523, intercept=31781, x_refl=0, y_refl=0
  Quantized: start=26573, slope=23987, intercept=31781

Delta for Group 0:
  Original: start=0.407425, slope=89715, intercept=31702, x_refl=0, y_refl=0
  Quantized: start=26701, slope=24179, intercept=31702

Delta for Group 0:
  Original: start=0.40938, slope=89908, intercept=31623, x_refl=0, y_refl=0
  Quantized: start=26829, slope=24372, intercept=31623

Delta for Group 0:
  Original: start=0.411334, slope=90101, intercept=31544, x_refl=0, y_refl=0
  Quantized: start=26957, slope=24565, intercept=31544

Delta for Group 0:
  Original: start=0.413288, slope=90295, intercept=31464, x_refl=0, y_refl=0
  Quantized: start=27085, slope=24759, intercept=31464

Delta for Group 0:
  Original: start=0.415242, slope=90489, intercept=31383, x_refl=0, y_refl=0
  Quantized: start=27213, slope=24953, intercept=31383

Delta for Group 0:
  Original: start=0.417196, slope=90683, intercept=31302, x_refl=0, y_refl=0
  Quantized: start=27341, slope=25147, intercept=31302

Delta for Group 0:
  Original: start=0.41915, slope=90878, intercept=31220, x_refl=0, y_refl=0
  Quantized: start=27469, slope=25342, intercept=31220

Delta for Group 0:
  Original: start=0.421104, slope=91073, intercept=31138, x_refl=0, y_refl=0
  Quantized: start=27597, slope=25537, intercept=31138

Delta for Group 0:
  Original: start=0.423058, slope=91269, intercept=31056, x_refl=0, y_refl=0
  Quantized: start=27726, slope=25733, intercept=31056

Delta for Group 0:
  Original: start=0.425012, slope=91464, intercept=30972, x_refl=0, y_refl=0
  Quantized: start=27854, slope=25928, intercept=30972

Delta for Group 0:
  Original: start=0.426966, slope=91661, intercept=30889, x_refl=0, y_refl=0
  Quantized: start=27982, slope=26125, intercept=30889

Delta for Group 0:
  Original: start=0.42892, slope=91857, intercept=30804, x_refl=0, y_refl=0
  Quantized: start=28110, slope=26321, intercept=30804

Delta for Group 0:
  Original: start=0.430874, slope=92054, intercept=30719, x_refl=0, y_refl=0
  Quantized: start=28238, slope=26518, intercept=30719

Delta for Group 0:
  Original: start=0.432829, slope=92252, intercept=30634, x_refl=0, y_refl=0
  Quantized: start=28366, slope=26716, intercept=30634

Delta for Group 0:
  Original: start=0.434783, slope=92450, intercept=30548, x_refl=0, y_refl=0
  Quantized: start=28494, slope=26914, intercept=30548

Delta for Group 0:
  Original: start=0.436737, slope=92648, intercept=30461, x_refl=0, y_refl=0
  Quantized: start=28622, slope=27112, intercept=30461

Delta for Group 0:
  Original: start=0.438691, slope=92846, intercept=30374, x_refl=0, y_refl=0
  Quantized: start=28750, slope=27310, intercept=30374

Delta for Group 0:
  Original: start=0.440645, slope=93045, intercept=30286, x_refl=0, y_refl=0
  Quantized: start=28878, slope=27509, intercept=30286

Delta for Group 0:
  Original: start=0.442599, slope=93245, intercept=30198, x_refl=0, y_refl=0
  Quantized: start=29006, slope=27709, intercept=30198

Delta for Group 0:
  Original: start=0.444553, slope=93445, intercept=30109, x_refl=0, y_refl=0
  Quantized: start=29134, slope=27909, intercept=30109

Delta for Group 0:
  Original: start=0.446507, slope=93645, intercept=30020, x_refl=0, y_refl=0
  Quantized: start=29262, slope=28109, intercept=30020

Delta for Group 0:
  Original: start=0.448461, slope=93845, intercept=29930, x_refl=0, y_refl=0
  Quantized: start=29390, slope=28309, intercept=29930

Delta for Group 0:
  Original: start=0.450415, slope=94046, intercept=29840, x_refl=0, y_refl=0
  Quantized: start=29518, slope=28510, intercept=29840

Delta for Group 0:
  Original: start=0.452369, slope=94247, intercept=29749, x_refl=0, y_refl=0
  Quantized: start=29646, slope=28711, intercept=29749

Delta for Group 0:
  Original: start=0.454323, slope=94449, intercept=29657, x_refl=0, y_refl=0
  Quantized: start=29775, slope=28913, intercept=29657

Delta for Group 0:
  Original: start=0.456277, slope=94651, intercept=29565, x_refl=0, y_refl=0
  Quantized: start=29903, slope=29115, intercept=29565

Delta for Group 0:
  Original: start=0.458232, slope=94854, intercept=29472, x_refl=0, y_refl=0
  Quantized: start=30031, slope=29318, intercept=29472

Delta for Group 0:
  Original: start=0.460186, slope=95057, intercept=29379, x_refl=0, y_refl=0
  Quantized: start=30159, slope=29521, intercept=29379

Delta for Group 0:
  Original: start=0.46214, slope=95260, intercept=29285, x_refl=0, y_refl=0
  Quantized: start=30287, slope=29724, intercept=29285

Delta for Group 0:
  Original: start=0.464094, slope=95464, intercept=29190, x_refl=0, y_refl=0
  Quantized: start=30415, slope=29928, intercept=29190

Delta for Group 0:
  Original: start=0.466048, slope=95668, intercept=29095, x_refl=0, y_refl=0
  Quantized: start=30543, slope=30132, intercept=29095

Delta for Group 0:
  Original: start=0.468002, slope=95872, intercept=28999, x_refl=0, y_refl=0
  Quantized: start=30671, slope=30336, intercept=28999

Delta for Group 0:
  Original: start=0.469956, slope=96077, intercept=28903, x_refl=0, y_refl=0
  Quantized: start=30799, slope=30541, intercept=28903

Delta for Group 0:
  Original: start=0.47191, slope=96282, intercept=28806, x_refl=0, y_refl=0
  Quantized: start=30927, slope=30746, intercept=28806

Delta for Group 0:
  Original: start=0.473864, slope=96488, intercept=28709, x_refl=0, y_refl=0
  Quantized: start=31055, slope=30952, intercept=28709

Delta for Group 0:
  Original: start=0.475818, slope=96694, intercept=28611, x_refl=0, y_refl=0
  Quantized: start=31183, slope=31158, intercept=28611

Delta for Group 0:
  Original: start=0.477772, slope=96901, intercept=28512, x_refl=0, y_refl=0
  Quantized: start=31311, slope=31365, intercept=28512

Delta for Group 0:
  Original: start=0.479726, slope=97108, intercept=28413, x_refl=0, y_refl=0
  Quantized: start=31439, slope=31572, intercept=28413

Delta for Group 0:
  Original: start=0.481681, slope=97315, intercept=28313, x_refl=0, y_refl=0
  Quantized: start=31567, slope=31779, intercept=28313

Delta for Group 0:
  Original: start=0.483635, slope=97523, intercept=28212, x_refl=0, y_refl=0
  Quantized: start=31695, slope=31987, intercept=28212

Delta for Group 0:
  Original: start=0.485589, slope=97731, intercept=28111, x_refl=0, y_refl=0
  Quantized: start=31824, slope=32195, intercept=28111

Delta for Group 0:
  Original: start=0.487543, slope=97939, intercept=28010, x_refl=0, y_refl=0
  Quantized: start=31952, slope=32403, intercept=28010

Delta for Group 0:
  Original: start=0.489497, slope=98148, intercept=27907, x_refl=0, y_refl=0
  Quantized: start=32080, slope=32612, intercept=27907

Delta for Group 0:
  Original: start=0.491451, slope=98358, intercept=27804, x_refl=0, y_refl=0
  Quantized: start=32208, slope=-32714, intercept=27804

Delta for Group 0:
  Original: start=0.493405, slope=98567, intercept=27701, x_refl=0, y_refl=0
  Quantized: start=32336, slope=-32505, intercept=27701

Delta for Group 0:
  Original: start=0.495359, slope=98777, intercept=27597, x_refl=0, y_refl=0
  Quantized: start=32464, slope=-32295, intercept=27597

Delta for Group 0:
  Original: start=0.497313, slope=98988, intercept=27492, x_refl=0, y_refl=0
  Quantized: start=32592, slope=-32084, intercept=27492

Delta for Group 0:
  Original: start=0.499267, slope=99199, intercept=27387, x_refl=0, y_refl=0
  Quantized: start=32720, slope=-31873, intercept=27387

Delta for Group 0:
  Original: start=0.501221, slope=99410, intercept=27281, x_refl=0, y_refl=0
  Quantized: start=-32688, slope=-31662, intercept=27281

Delta for Group 0:
  Original: start=0.503175, slope=99622, intercept=27174, x_refl=0, y_refl=0
  Quantized: start=-32560, slope=-31450, intercept=27174

Delta for Group 0:
  Original: start=0.505129, slope=99834, intercept=27067, x_refl=0, y_refl=0
  Quantized: start=-32432, slope=-31238, intercept=27067

Delta for Group 0:
  Original: start=0.507084, slope=100047, intercept=26959, x_refl=0, y_refl=0
  Quantized: start=-32304, slope=-31025, intercept=26959

Delta for Group 0:
  Original: start=0.509038, slope=100260, intercept=26851, x_refl=0, y_refl=0
  Quantized: start=-32176, slope=-30812, intercept=26851

Delta for Group 0:
  Original: start=0.510992, slope=100474, intercept=26742, x_refl=0, y_refl=0
  Quantized: start=-32048, slope=-30598, intercept=26742

Delta for Group 0:
  Original: start=0.512946, slope=100687, intercept=26632, x_refl=0, y_refl=0
  Quantized: start=-31920, slope=-30385, intercept=26632

Delta for Group 0:
  Original: start=0.5149, slope=100902, intercept=26522, x_refl=0, y_refl=0
  Quantized: start=-31792, slope=-30170, intercept=26522

Delta for Group 0:
  Original: start=0.516854, slope=101117, intercept=26411, x_refl=0, y_refl=0
  Quantized: start=-31663, slope=-29955, intercept=26411

Delta for Group 0:
  Original: start=0.518808, slope=101332, intercept=26299, x_refl=0, y_refl=0
  Quantized: start=-31535, slope=-29740, intercept=26299

Delta for Group 0:
  Original: start=0.520762, slope=101547, intercept=26187, x_refl=0, y_refl=0
  Quantized: start=-31407, slope=-29525, intercept=26187

Delta for Group 0:
  Original: start=0.522716, slope=101763, intercept=26074, x_refl=0, y_refl=0
  Quantized: start=-31279, slope=-29309, intercept=26074

Delta for Group 0:
  Original: start=0.52467, slope=101980, intercept=25960, x_refl=0, y_refl=0
  Quantized: start=-31151, slope=-29092, intercept=25960

Delta for Group 0:
  Original: start=0.526624, slope=102196, intercept=25846, x_refl=0, y_refl=0
  Quantized: start=-31023, slope=-28876, intercept=25846

Delta for Group 0:
  Original: start=0.528578, slope=102414, intercept=25731, x_refl=0, y_refl=0
  Quantized: start=-30895, slope=-28658, intercept=25731

Delta for Group 0:
  Original: start=0.530532, slope=102631, intercept=25616, x_refl=0, y_refl=0
  Quantized: start=-30767, slope=-28441, intercept=25616

Delta for Group 0:
  Original: start=0.532487, slope=102850, intercept=25500, x_refl=0, y_refl=0
  Quantized: start=-30639, slope=-28222, intercept=25500

Delta for Group 0:
  Original: start=0.534441, slope=103068, intercept=25383, x_refl=0, y_refl=0
  Quantized: start=-30511, slope=-28004, intercept=25383

Delta for Group 0:
  Original: start=0.536395, slope=103287, intercept=25265, x_refl=0, y_refl=0
  Quantized: start=-30383, slope=-27785, intercept=25265

Delta for Group 0:
  Original: start=0.538349, slope=103506, intercept=25147, x_refl=0, y_refl=0
  Quantized: start=-30255, slope=-27566, intercept=25147

Delta for Group 0:
  Original: start=0.540303, slope=103726, intercept=25029, x_refl=0, y_refl=0
  Quantized: start=-30127, slope=-27346, intercept=25029

Delta for Group 0:
  Original: start=0.542257, slope=103947, intercept=24909, x_refl=0, y_refl=0
  Quantized: start=-29999, slope=-27125, intercept=24909

Delta for Group 0:
  Original: start=0.544211, slope=104167, intercept=24789, x_refl=0, y_refl=0
  Quantized: start=-29871, slope=-26905, intercept=24789

Delta for Group 0:
  Original: start=0.546165, slope=104388, intercept=24668, x_refl=0, y_refl=0
  Quantized: start=-29743, slope=-26684, intercept=24668

Delta for Group 0:
  Original: start=0.548119, slope=104610, intercept=24547, x_refl=0, y_refl=0
  Quantized: start=-29614, slope=-26462, intercept=24547

Delta for Group 0:
  Original: start=0.550073, slope=104832, intercept=24425, x_refl=0, y_refl=0
  Quantized: start=-29486, slope=-26240, intercept=24425

Delta for Group 0:
  Original: start=0.552027, slope=105054, intercept=24302, x_refl=0, y_refl=0
  Quantized: start=-29358, slope=-26018, intercept=24302

Delta for Group 0:
  Original: start=0.553981, slope=105277, intercept=24178, x_refl=0, y_refl=0
  Quantized: start=-29230, slope=-25795, intercept=24178

Delta for Group 0:
  Original: start=0.555936, slope=105500, intercept=24054, x_refl=0, y_refl=0
  Quantized: start=-29102, slope=-25572, intercept=24054

Delta for Group 0:
  Original: start=0.55789, slope=105724, intercept=23930, x_refl=0, y_refl=0
  Quantized: start=-28974, slope=-25348, intercept=23930

Delta for Group 0:
  Original: start=0.559844, slope=105948, intercept=23804, x_refl=0, y_refl=0
  Quantized: start=-28846, slope=-25124, intercept=23804

Delta for Group 0:
  Original: start=0.561798, slope=106173, intercept=23678, x_refl=0, y_refl=0
  Quantized: start=-28718, slope=-24899, intercept=23678

Delta for Group 0:
  Original: start=0.563752, slope=106398, intercept=23551, x_refl=0, y_refl=0
  Quantized: start=-28590, slope=-24674, intercept=23551

Delta for Group 0:
  Original: start=0.565706, slope=106623, intercept=23423, x_refl=0, y_refl=0
  Quantized: start=-28462, slope=-24449, intercept=23423

Delta for Group 0:
  Original: start=0.56766, slope=106849, intercept=23295, x_refl=0, y_refl=0
  Quantized: start=-28334, slope=-24223, intercept=23295

Delta for Group 0:
  Original: start=0.569614, slope=107076, intercept=23166, x_refl=0, y_refl=0
  Quantized: start=-28206, slope=-23996, intercept=23166

Delta for Group 0:
  Original: start=0.571568, slope=107302, intercept=23037, x_refl=0, y_refl=0
  Quantized: start=-28078, slope=-23770, intercept=23037

Delta for Group 0:
  Original: start=0.573522, slope=107530, intercept=22906, x_refl=0, y_refl=0
  Quantized: start=-27950, slope=-23542, intercept=22906

Delta for Group 0:
  Original: start=0.575476, slope=107757, intercept=22775, x_refl=0, y_refl=0
  Quantized: start=-27822, slope=-23315, intercept=22775

Delta for Group 0:
  Original: start=0.57743, slope=107986, intercept=22644, x_refl=0, y_refl=0
  Quantized: start=-27694, slope=-23086, intercept=22644

Delta for Group 0:
  Original: start=0.579384, slope=108214, intercept=22511, x_refl=0, y_refl=0
  Quantized: start=-27565, slope=-22858, intercept=22511

Delta for Group 0:
  Original: start=0.581339, slope=108443, intercept=22378, x_refl=0, y_refl=0
  Quantized: start=-27437, slope=-22629, intercept=22378

Delta for Group 0:
  Original: start=0.583293, slope=108673, intercept=22244, x_refl=0, y_refl=0
  Quantized: start=-27309, slope=-22399, intercept=22244

Delta for Group 0:
  Original: start=0.585247, slope=108903, intercept=22110, x_refl=0, y_refl=0
  Quantized: start=-27181, slope=-22169, intercept=22110

Delta for Group 0:
  Original: start=0.587201, slope=109133, intercept=21974, x_refl=0, y_refl=0
  Quantized: start=-27053, slope=-21939, intercept=21974

Delta for Group 0:
  Original: start=0.589155, slope=109364, intercept=21838, x_refl=0, y_refl=0
  Quantized: start=-26925, slope=-21708, intercept=21838

Delta for Group 0:
  Original: start=0.591109, slope=109595, intercept=21702, x_refl=0, y_refl=0
  Quantized: start=-26797, slope=-21477, intercept=21702

Delta for Group 0:
  Original: start=0.593063, slope=109827, intercept=21564, x_refl=0, y_refl=0
  Quantized: start=-26669, slope=-21245, intercept=21564

Delta for Group 0:
  Original: start=0.595017, slope=110059, intercept=21426, x_refl=0, y_refl=0
  Quantized: start=-26541, slope=-21013, intercept=21426

Delta for Group 0:
  Original: start=0.596971, slope=110292, intercept=21287, x_refl=0, y_refl=0
  Quantized: start=-26413, slope=-20780, intercept=21287

Delta for Group 0:
  Original: start=0.598925, slope=110525, intercept=21147, x_refl=0, y_refl=0
  Quantized: start=-26285, slope=-20547, intercept=21147

Delta for Group 0:
  Original: start=0.600879, slope=110758, intercept=21007, x_refl=0, y_refl=0
  Quantized: start=-26157, slope=-20314, intercept=21007

Delta for Group 0:
  Original: start=0.602833, slope=110992, intercept=20866, x_refl=0, y_refl=0
  Quantized: start=-26029, slope=-20080, intercept=20866

Delta for Group 0:
  Original: start=0.604787, slope=111227, intercept=20724, x_refl=0, y_refl=0
  Quantized: start=-25901, slope=-19845, intercept=20724

Delta for Group 0:
  Original: start=0.606742, slope=111462, intercept=20582, x_refl=0, y_refl=0
  Quantized: start=-25773, slope=-19610, intercept=20582

Delta for Group 0:
  Original: start=0.608696, slope=111697, intercept=20438, x_refl=0, y_refl=0
  Quantized: start=-25645, slope=-19375, intercept=20438

Delta for Group 0:
  Original: start=0.61065, slope=111933, intercept=20294, x_refl=0, y_refl=0
  Quantized: start=-25516, slope=-19139, intercept=20294

Delta for Group 0:
  Original: start=0.612604, slope=112169, intercept=20150, x_refl=0, y_refl=0
  Quantized: start=-25388, slope=-18903, intercept=20150

Delta for Group 0:
  Original: start=0.614558, slope=112406, intercept=20004, x_refl=0, y_refl=0
  Quantized: start=-25260, slope=-18666, intercept=20004

Delta for Group 0:
  Original: start=0.616512, slope=112643, intercept=19858, x_refl=0, y_refl=0
  Quantized: start=-25132, slope=-18429, intercept=19858

Delta for Group 0:
  Original: start=0.618466, slope=112881, intercept=19711, x_refl=0, y_refl=0
  Quantized: start=-25004, slope=-18191, intercept=19711

Delta for Group 0:
  Original: start=0.62042, slope=113119, intercept=19563, x_refl=0, y_refl=0
  Quantized: start=-24876, slope=-17953, intercept=19563

Delta for Group 0:
  Original: start=0.622374, slope=113358, intercept=19415, x_refl=0, y_refl=0
  Quantized: start=-24748, slope=-17714, intercept=19415

Delta for Group 0:
  Original: start=0.624328, slope=113597, intercept=19265, x_refl=0, y_refl=0
  Quantized: start=-24620, slope=-17475, intercept=19265

Delta for Group 0:
  Original: start=0.626282, slope=113836, intercept=19115, x_refl=0, y_refl=0
  Quantized: start=-24492, slope=-17236, intercept=19115

Delta for Group 0:
  Original: start=0.628236, slope=114076, intercept=18965, x_refl=0, y_refl=0
  Quantized: start=-24364, slope=-16996, intercept=18965

Delta for Group 0:
  Original: start=0.630191, slope=114317, intercept=18813, x_refl=0, y_refl=0
  Quantized: start=-24236, slope=-16755, intercept=18813

Delta for Group 0:
  Original: start=0.632145, slope=114558, intercept=18661, x_refl=0, y_refl=0
  Quantized: start=-24108, slope=-16514, intercept=18661

Delta for Group 0:
  Original: start=0.634099, slope=114799, intercept=18508, x_refl=0, y_refl=0
  Quantized: start=-23980, slope=-16273, intercept=18508

Delta for Group 0:
  Original: start=0.636053, slope=115041, intercept=18354, x_refl=0, y_refl=0
  Quantized: start=-23852, slope=-16031, intercept=18354

Delta for Group 0:
  Original: start=0.638007, slope=115284, intercept=18199, x_refl=0, y_refl=0
  Quantized: start=-23724, slope=-15788, intercept=18199

Delta for Group 0:
  Original: start=0.639961, slope=115526, intercept=18044, x_refl=0, y_refl=0
  Quantized: start=-23596, slope=-15546, intercept=18044

Delta for Group 0:
  Original: start=0.641915, slope=115770, intercept=17887, x_refl=0, y_refl=0
  Quantized: start=-23467, slope=-15302, intercept=17887

Delta for Group 0:
  Original: start=0.643869, slope=116014, intercept=17730, x_refl=0, y_refl=0
  Quantized: start=-23339, slope=-15058, intercept=17730

Delta for Group 0:
  Original: start=0.645823, slope=116258, intercept=17573, x_refl=0, y_refl=0
  Quantized: start=-23211, slope=-14814, intercept=17573

Delta for Group 0:
  Original: start=0.647777, slope=116503, intercept=17414, x_refl=0, y_refl=0
  Quantized: start=-23083, slope=-14569, intercept=17414

Delta for Group 0:
  Original: start=0.649731, slope=116748, intercept=17255, x_refl=0, y_refl=0
  Quantized: start=-22955, slope=-14324, intercept=17255

Delta for Group 0:
  Original: start=0.651685, slope=116994, intercept=17095, x_refl=0, y_refl=0
  Quantized: start=-22827, slope=-14078, intercept=17095

Delta for Group 0:
  Original: start=0.653639, slope=117240, intercept=16934, x_refl=0, y_refl=0
  Quantized: start=-22699, slope=-13832, intercept=16934

Delta for Group 0:
  Original: start=0.655594, slope=117486, intercept=16772, x_refl=0, y_refl=0
  Quantized: start=-22571, slope=-13586, intercept=16772

Delta for Group 0:
  Original: start=0.657548, slope=117734, intercept=16609, x_refl=0, y_refl=0
  Quantized: start=-22443, slope=-13338, intercept=16609

Delta for Group 0:
  Original: start=0.659502, slope=117981, intercept=16446, x_refl=0, y_refl=0
  Quantized: start=-22315, slope=-13091, intercept=16446

Delta for Group 0:
  Original: start=0.661456, slope=118229, intercept=16282, x_refl=0, y_refl=0
  Quantized: start=-22187, slope=-12843, intercept=16282

Delta for Group 0:
  Original: start=0.66341, slope=118478, intercept=16117, x_refl=0, y_refl=0
  Quantized: start=-22059, slope=-12594, intercept=16117

Delta for Group 0:
  Original: start=0.665364, slope=118727, intercept=15951, x_refl=0, y_refl=0
  Quantized: start=-21931, slope=-12345, intercept=15951

Delta for Group 0:
  Original: start=0.667318, slope=118977, intercept=15785, x_refl=0, y_refl=0
  Quantized: start=-21803, slope=-12095, intercept=15785

Delta for Group 0:
  Original: start=0.669272, slope=119227, intercept=15617, x_refl=0, y_refl=0
  Quantized: start=-21675, slope=-11845, intercept=15617

Delta for Group 0:
  Original: start=0.671226, slope=119477, intercept=15449, x_refl=0, y_refl=0
  Quantized: start=-21547, slope=-11595, intercept=15449

Delta for Group 0:
  Original: start=0.67318, slope=119728, intercept=15280, x_refl=0, y_refl=0
  Quantized: start=-21418, slope=-11344, intercept=15280

Delta for Group 0:
  Original: start=0.675134, slope=119980, intercept=15110, x_refl=0, y_refl=0
  Quantized: start=-21290, slope=-11092, intercept=15110

Delta for Group 0:
  Original: start=0.677088, slope=120232, intercept=14940, x_refl=0, y_refl=0
  Quantized: start=-21162, slope=-10840, intercept=14940

Delta for Group 0:
  Original: start=0.679042, slope=120485, intercept=14768, x_refl=0, y_refl=0
  Quantized: start=-21034, slope=-10587, intercept=14768

Delta for Group 0:
  Original: start=0.680997, slope=120738, intercept=14596, x_refl=0, y_refl=0
  Quantized: start=-20906, slope=-10334, intercept=14596

Delta for Group 0:
  Original: start=0.682951, slope=120991, intercept=14423, x_refl=0, y_refl=0
  Quantized: start=-20778, slope=-10081, intercept=14423

Delta for Group 0:
  Original: start=0.684905, slope=121245, intercept=14249, x_refl=0, y_refl=0
  Quantized: start=-20650, slope=-9827, intercept=14249

Delta for Group 0:
  Original: start=0.686859, slope=121500, intercept=14074, x_refl=0, y_refl=0
  Quantized: start=-20522, slope=-9572, intercept=14074

Delta for Group 0:
  Original: start=0.688813, slope=121755, intercept=13898, x_refl=0, y_refl=0
  Quantized: start=-20394, slope=-9317, intercept=13898

Delta for Group 0:
  Original: start=0.690767, slope=122010, intercept=13722, x_refl=0, y_refl=0
  Quantized: start=-20266, slope=-9062, intercept=13722

Delta for Group 0:
  Original: start=0.692721, slope=122266, intercept=13544, x_refl=0, y_refl=0
  Quantized: start=-20138, slope=-8806, intercept=13544

Delta for Group 0:
  Original: start=0.694675, slope=122523, intercept=13366, x_refl=0, y_refl=0
  Quantized: start=-20010, slope=-8549, intercept=13366

Delta for Group 0:
  Original: start=0.696629, slope=122780, intercept=13187, x_refl=0, y_refl=0
  Quantized: start=-19882, slope=-8292, intercept=13187

Delta for Group 0:
  Original: start=0.698583, slope=123037, intercept=13007, x_refl=0, y_refl=0
  Quantized: start=-19754, slope=-8035, intercept=13007

Delta for Group 0:
  Original: start=0.700537, slope=123295, intercept=12827, x_refl=0, y_refl=0
  Quantized: start=-19626, slope=-7777, intercept=12827

Delta for Group 0:
  Original: start=0.702491, slope=123554, intercept=12645, x_refl=0, y_refl=0
  Quantized: start=-19498, slope=-7518, intercept=12645

Delta for Group 0:
  Original: start=0.704446, slope=123813, intercept=12462, x_refl=0, y_refl=0
  Quantized: start=-19369, slope=-7259, intercept=12462

Delta for Group 0:
  Original: start=0.7064, slope=124072, intercept=12279, x_refl=0, y_refl=0
  Quantized: start=-19241, slope=-7000, intercept=12279

Delta for Group 0:
  Original: start=0.708354, slope=124332, intercept=12095, x_refl=0, y_refl=0
  Quantized: start=-19113, slope=-6740, intercept=12095

Delta for Group 0:
  Original: start=0.710308, slope=124593, intercept=11910, x_refl=0, y_refl=0
  Quantized: start=-18985, slope=-6479, intercept=11910

Delta for Group 0:
  Original: start=0.712262, slope=124854, intercept=11724, x_refl=0, y_refl=0
  Quantized: start=-18857, slope=-6218, intercept=11724

Delta for Group 0:
  Original: start=0.714216, slope=125116, intercept=11537, x_refl=0, y_refl=0
  Quantized: start=-18729, slope=-5956, intercept=11537

Delta for Group 0:
  Original: start=0.71617, slope=125378, intercept=11349, x_refl=0, y_refl=0
  Quantized: start=-18601, slope=-5694, intercept=11349

Delta for Group 0:
  Original: start=0.718124, slope=125640, intercept=11161, x_refl=0, y_refl=0
  Quantized: start=-18473, slope=-5432, intercept=11161

Delta for Group 0:
  Original: start=0.720078, slope=125903, intercept=10971, x_refl=0, y_refl=0
  Quantized: start=-18345, slope=-5169, intercept=10971

Delta for Group 0:
  Original: start=0.722032, slope=126167, intercept=10781, x_refl=0, y_refl=0
  Quantized: start=-18217, slope=-4905, intercept=10781

Delta for Group 0:
  Original: start=0.723986, slope=126431, intercept=10590, x_refl=0, y_refl=0
  Quantized: start=-18089, slope=-4641, intercept=10590

Delta for Group 0:
  Original: start=0.72594, slope=126696, intercept=10398, x_refl=0, y_refl=0
  Quantized: start=-17961, slope=-4376, intercept=10398

Delta for Group 0:
  Original: start=0.727894, slope=126961, intercept=10205, x_refl=0, y_refl=0
  Quantized: start=-17833, slope=-4111, intercept=10205

Delta for Group 0:
  Original: start=0.729849, slope=127227, intercept=10011, x_refl=0, y_refl=0
  Quantized: start=-17705, slope=-3845, intercept=10011

Delta for Group 0:
  Original: start=0.731803, slope=127493, intercept=9816, x_refl=0, y_refl=0
  Quantized: start=-17577, slope=-3579, intercept=9816

Delta for Group 0:
  Original: start=0.733757, slope=127760, intercept=9620, x_refl=0, y_refl=0
  Quantized: start=-17449, slope=-3312, intercept=9620

Delta for Group 0:
  Original: start=0.735711, slope=128027, intercept=9423, x_refl=0, y_refl=0
  Quantized: start=-17320, slope=-3045, intercept=9423

Delta for Group 0:
  Original: start=0.737665, slope=128295, intercept=9226, x_refl=0, y_refl=0
  Quantized: start=-17192, slope=-2777, intercept=9226

Delta for Group 0:
  Original: start=0.739619, slope=128563, intercept=9027, x_refl=0, y_refl=0
  Quantized: start=-17064, slope=-2509, intercept=9027

Delta for Group 0:
  Original: start=0.741573, slope=128832, intercept=8828, x_refl=0, y_refl=0
  Quantized: start=-16936, slope=-2240, intercept=8828

Delta for Group 0:
  Original: start=0.743527, slope=129101, intercept=8628, x_refl=0, y_refl=0
  Quantized: start=-16808, slope=-1971, intercept=8628

Delta for Group 0:
  Original: start=0.745481, slope=129371, intercept=8427, x_refl=0, y_refl=0
  Quantized: start=-16680, slope=-1701, intercept=8427

Delta for Group 0:
  Original: start=0.747435, slope=129642, intercept=8225, x_refl=0, y_refl=0
  Quantized: start=-16552, slope=-1430, intercept=8225

Delta for Group 0:
  Original: start=0.749389, slope=129913, intercept=8021, x_refl=0, y_refl=0
  Quantized: start=-16424, slope=-1159, intercept=8021

Delta for Group 0:
  Original: start=0.751343, slope=130184, intercept=7818, x_refl=0, y_refl=0
  Quantized: start=-16296, slope=-888, intercept=7818

Delta for Group 0:
  Original: start=0.753298, slope=130456, intercept=7613, x_refl=0, y_refl=0
  Quantized: start=-16168, slope=-616, intercept=7613

Delta for Group 0:
  Original: start=0.755252, slope=130729, intercept=7407, x_refl=0, y_refl=0
  Quantized: start=-16040, slope=-343, intercept=7407

Delta for Group 0:
  Original: start=0.757206, slope=131002, intercept=7200, x_refl=0, y_refl=0
  Quantized: start=-15912, slope=-70, intercept=7200

Delta for Group 0:
  Original: start=0.75916, slope=131275, intercept=6992, x_refl=0, y_refl=0
  Quantized: start=-15784, slope=203, intercept=6992

Delta for Group 0:
  Original: start=0.761114, slope=131549, intercept=6784, x_refl=0, y_refl=0
  Quantized: start=-15656, slope=477, intercept=6784

Delta for Group 0:
  Original: start=0.763068, slope=131824, intercept=6574, x_refl=0, y_refl=0
  Quantized: start=-15528, slope=752, intercept=6574

Delta for Group 0:
  Original: start=0.765022, slope=132099, intercept=6364, x_refl=0, y_refl=0
  Quantized: start=-15400, slope=1027, intercept=6364

Delta for Group 0:
  Original: start=0.766976, slope=132375, intercept=6152, x_refl=0, y_refl=0
  Quantized: start=-15271, slope=1303, intercept=6152

Delta for Group 0:
  Original: start=0.76893, slope=132651, intercept=5940, x_refl=0, y_refl=0
  Quantized: start=-15143, slope=1579, intercept=5940

Delta for Group 0:
  Original: start=0.770884, slope=132928, intercept=5726, x_refl=0, y_refl=0
  Quantized: start=-15015, slope=1856, intercept=5726

Delta for Group 0:
  Original: start=0.772838, slope=133206, intercept=5512, x_refl=0, y_refl=0
  Quantized: start=-14887, slope=2134, intercept=5512

Delta for Group 0:
  Original: start=0.774792, slope=133483, intercept=5296, x_refl=0, y_refl=0
  Quantized: start=-14759, slope=2411, intercept=5296

Delta for Group 0:
  Original: start=0.776746, slope=133762, intercept=5080, x_refl=0, y_refl=0
  Quantized: start=-14631, slope=2690, intercept=5080

Delta for Group 0:
  Original: start=0.778701, slope=134041, intercept=4863, x_refl=0, y_refl=0
  Quantized: start=-14503, slope=2969, intercept=4863

Delta for Group 0:
  Original: start=0.780655, slope=134320, intercept=4645, x_refl=0, y_refl=0
  Quantized: start=-14375, slope=3248, intercept=4645

Delta for Group 0:
  Original: start=0.782609, slope=134601, intercept=4426, x_refl=0, y_refl=0
  Quantized: start=-14247, slope=3529, intercept=4426

Delta for Group 0:
  Original: start=0.784563, slope=134881, intercept=4205, x_refl=0, y_refl=0
  Quantized: start=-14119, slope=3809, intercept=4205

Delta for Group 0:
  Original: start=0.786517, slope=135162, intercept=3984, x_refl=0, y_refl=0
  Quantized: start=-13991, slope=4090, intercept=3984

Delta for Group 0:
  Original: start=0.788471, slope=135444, intercept=3762, x_refl=0, y_refl=0
  Quantized: start=-13863, slope=4372, intercept=3762

Delta for Group 0:
  Original: start=0.790425, slope=135726, intercept=3539, x_refl=0, y_refl=0
  Quantized: start=-13735, slope=4654, intercept=3539

Delta for Group 0:
  Original: start=0.792379, slope=136009, intercept=3315, x_refl=0, y_refl=0
  Quantized: start=-13607, slope=4937, intercept=3315

Delta for Group 0:
  Original: start=0.794333, slope=136293, intercept=3090, x_refl=0, y_refl=0
  Quantized: start=-13479, slope=5221, intercept=3090

Delta for Group 0:
  Original: start=0.796287, slope=136577, intercept=2864, x_refl=0, y_refl=0
  Quantized: start=-13351, slope=5505, intercept=2864

Delta for Group 0:
  Original: start=0.798241, slope=136861, intercept=2636, x_refl=0, y_refl=0
  Quantized: start=-13222, slope=5789, intercept=2636

Delta for Group 0:
  Original: start=0.800195, slope=137146, intercept=2408, x_refl=0, y_refl=0
  Quantized: start=-13094, slope=6074, intercept=2408

Delta for Group 0:
  Original: start=0.802149, slope=137432, intercept=2179, x_refl=0, y_refl=0
  Quantized: start=-12966, slope=6360, intercept=2179

Delta for Group 0:
  Original: start=0.804104, slope=137718, intercept=1949, x_refl=0, y_refl=0
  Quantized: start=-12838, slope=6646, intercept=1949

Delta for Group 0:
  Original: start=0.806058, slope=138005, intercept=1718, x_refl=0, y_refl=0
  Quantized: start=-12710, slope=6933, intercept=1718

Delta for Group 0:
  Original: start=0.808012, slope=138292, intercept=1486, x_refl=0, y_refl=0
  Quantized: start=-12582, slope=7220, intercept=1486

Delta for Group 0:
  Original: start=0.809966, slope=138580, intercept=1253, x_refl=0, y_refl=0
  Quantized: start=-12454, slope=7508, intercept=1253

Delta for Group 0:
  Original: start=0.81192, slope=138868, intercept=1018, x_refl=0, y_refl=0
  Quantized: start=-12326, slope=7796, intercept=1018

Delta for Group 0:
  Original: start=0.813874, slope=139157, intercept=783, x_refl=0, y_refl=0
  Quantized: start=-12198, slope=8085, intercept=783

Delta for Group 0:
  Original: start=0.815828, slope=139447, intercept=547, x_refl=0, y_refl=0
  Quantized: start=-12070, slope=8375, intercept=547

Delta for Group 0:
  Original: start=0.817782, slope=139737, intercept=310, x_refl=0, y_refl=0
  Quantized: start=-11942, slope=8665, intercept=310

Delta for Group 0:
  Original: start=0.819736, slope=140028, intercept=72, x_refl=0, y_refl=0
  Quantized: start=-11814, slope=8956, intercept=72

Delta for Group 0:
  Original: start=0.82169, slope=140319, intercept=-168, x_refl=0, y_refl=0
  Quantized: start=-11686, slope=9247, intercept=-168

Delta for Group 0:
  Original: start=0.823644, slope=140611, intercept=-408, x_refl=0, y_refl=0
  Quantized: start=-11558, slope=9539, intercept=-408

Delta for Group 0:
  Original: start=0.825598, slope=140903, intercept=-650, x_refl=0, y_refl=0
  Quantized: start=-11430, slope=9831, intercept=-650

Delta for Group 0:
  Original: start=0.827553, slope=141196, intercept=-892, x_refl=0, y_refl=0
  Quantized: start=-11302, slope=10124, intercept=-892

Delta for Group 0:
  Original: start=0.829507, slope=141490, intercept=-1136, x_refl=0, y_refl=0
  Quantized: start=-11173, slope=10418, intercept=-1136

Delta for Group 0:
  Original: start=0.831461, slope=141784, intercept=-1380, x_refl=0, y_refl=0
  Quantized: start=-11045, slope=10712, intercept=-1380

Delta for Group 0:
  Original: start=0.833415, slope=142078, intercept=-1626, x_refl=0, y_refl=0
  Quantized: start=-10917, slope=11006, intercept=-1626

Delta for Group 0:
  Original: start=0.835369, slope=142374, intercept=-1872, x_refl=0, y_refl=0
  Quantized: start=-10789, slope=11302, intercept=-1872

Delta for Group 0:
  Original: start=0.837323, slope=142670, intercept=-2120, x_refl=0, y_refl=0
  Quantized: start=-10661, slope=11598, intercept=-2120

Delta for Group 0:
  Original: start=0.839277, slope=142966, intercept=-2369, x_refl=0, y_refl=0
  Quantized: start=-10533, slope=11894, intercept=-2369

Delta for Group 0:
  Original: start=0.841231, slope=143263, intercept=-2619, x_refl=0, y_refl=0
  Quantized: start=-10405, slope=12191, intercept=-2619

Delta for Group 0:
  Original: start=0.843185, slope=143561, intercept=-2870, x_refl=0, y_refl=0
  Quantized: start=-10277, slope=12489, intercept=-2870

Delta for Group 0:
  Original: start=0.845139, slope=143859, intercept=-3122, x_refl=0, y_refl=0
  Quantized: start=-10149, slope=12787, intercept=-3122

Delta for Group 0:
  Original: start=0.847093, slope=144158, intercept=-3375, x_refl=0, y_refl=0
  Quantized: start=-10021, slope=13086, intercept=-3375

Delta for Group 0:
  Original: start=0.849047, slope=144457, intercept=-3629, x_refl=0, y_refl=0
  Quantized: start=-9893, slope=13385, intercept=-3629

Delta for Group 0:
  Original: start=0.851001, slope=144757, intercept=-3884, x_refl=0, y_refl=0
  Quantized: start=-9765, slope=13685, intercept=-3884

Delta for Group 0:
  Original: start=0.852956, slope=145057, intercept=-4140, x_refl=0, y_refl=0
  Quantized: start=-9637, slope=13985, intercept=-4140

Delta for Group 0:
  Original: start=0.85491, slope=145358, intercept=-4398, x_refl=0, y_refl=0
  Quantized: start=-9509, slope=14286, intercept=-4398

Delta for Group 0:
  Original: start=0.856864, slope=145660, intercept=-4656, x_refl=0, y_refl=0
  Quantized: start=-9381, slope=14588, intercept=-4656

Delta for Group 0:
  Original: start=0.858818, slope=145962, intercept=-4916, x_refl=0, y_refl=0
  Quantized: start=-9253, slope=14890, intercept=-4916

Delta for Group 0:
  Original: start=0.860772, slope=146265, intercept=-5177, x_refl=0, y_refl=0
  Quantized: start=-9124, slope=15193, intercept=-5177

Delta for Group 0:
  Original: start=0.862726, slope=146569, intercept=-5438, x_refl=0, y_refl=0
  Quantized: start=-8996, slope=15497, intercept=-5438

Delta for Group 0:
  Original: start=0.86468, slope=146873, intercept=-5701, x_refl=0, y_refl=0
  Quantized: start=-8868, slope=15801, intercept=-5701

Delta for Group 0:
  Original: start=0.866634, slope=147177, intercept=-5965, x_refl=0, y_refl=0
  Quantized: start=-8740, slope=16105, intercept=-5965

Delta for Group 0:
  Original: start=0.868588, slope=147483, intercept=-6230, x_refl=0, y_refl=0
  Quantized: start=-8612, slope=16411, intercept=-6230

Delta for Group 0:
  Original: start=0.870542, slope=147788, intercept=-6497, x_refl=0, y_refl=0
  Quantized: start=-8484, slope=16716, intercept=-6497

Delta for Group 0:
  Original: start=0.872496, slope=148095, intercept=-6764, x_refl=0, y_refl=0
  Quantized: start=-8356, slope=17023, intercept=-6764

Delta for Group 0:
  Original: start=0.87445, slope=148402, intercept=-7033, x_refl=0, y_refl=0
  Quantized: start=-8228, slope=17330, intercept=-7033

Delta for Group 0:
  Original: start=0.876404, slope=148710, intercept=-7302, x_refl=0, y_refl=0
  Quantized: start=-8100, slope=17638, intercept=-7302

Delta for Group 0:
  Original: start=0.878359, slope=149018, intercept=-7573, x_refl=0, y_refl=0
  Quantized: start=-7972, slope=17946, intercept=-7573

Delta for Group 0:
  Original: start=0.880313, slope=149327, intercept=-7845, x_refl=0, y_refl=0
  Quantized: start=-7844, slope=18255, intercept=-7845

Delta for Group 0:
  Original: start=0.882267, slope=149636, intercept=-8118, x_refl=0, y_refl=0
  Quantized: start=-7716, slope=18564, intercept=-8118

Delta for Group 0:
  Original: start=0.884221, slope=149946, intercept=-8392, x_refl=0, y_refl=0
  Quantized: start=-7588, slope=18874, intercept=-8392

Delta for Group 0:
  Original: start=0.886175, slope=150257, intercept=-8667, x_refl=0, y_refl=0
  Quantized: start=-7460, slope=19185, intercept=-8667

Delta for Group 0:
  Original: start=0.888129, slope=150568, intercept=-8944, x_refl=0, y_refl=0
  Quantized: start=-7332, slope=19496, intercept=-8944

Delta for Group 0:
  Original: start=0.890083, slope=150880, intercept=-9221, x_refl=0, y_refl=0
  Quantized: start=-7204, slope=19808, intercept=-9221

Delta for Group 0:
  Original: start=0.892037, slope=151192, intercept=-9500, x_refl=0, y_refl=0
  Quantized: start=-7075, slope=20120, intercept=-9500

Delta for Group 0:
  Original: start=0.893991, slope=151506, intercept=-9780, x_refl=0, y_refl=0
  Quantized: start=-6947, slope=20434, intercept=-9780

Delta for Group 0:
  Original: start=0.895945, slope=151819, intercept=-10061, x_refl=0, y_refl=0
  Quantized: start=-6819, slope=20747, intercept=-10061

Delta for Group 0:
  Original: start=0.897899, slope=152134, intercept=-10343, x_refl=0, y_refl=0
  Quantized: start=-6691, slope=21062, intercept=-10343

Delta for Group 0:
  Original: start=0.899853, slope=152448, intercept=-10627, x_refl=0, y_refl=0
  Quantized: start=-6563, slope=21376, intercept=-10627

Delta for Group 0:
  Original: start=0.901808, slope=152764, intercept=-10911, x_refl=0, y_refl=0
  Quantized: start=-6435, slope=21692, intercept=-10911

Delta for Group 0:
  Original: start=0.903762, slope=153080, intercept=-11197, x_refl=0, y_refl=0
  Quantized: start=-6307, slope=22008, intercept=-11197

Delta for Group 0:
  Original: start=0.905716, slope=153397, intercept=-11484, x_refl=0, y_refl=0
  Quantized: start=-6179, slope=22325, intercept=-11484

Delta for Group 0:
  Original: start=0.90767, slope=153714, intercept=-11772, x_refl=0, y_refl=0
  Quantized: start=-6051, slope=22642, intercept=-11772

Delta for Group 0:
  Original: start=0.909624, slope=154032, intercept=-12061, x_refl=0, y_refl=0
  Quantized: start=-5923, slope=22960, intercept=-12061

Delta for Group 0:
  Original: start=0.911578, slope=154351, intercept=-12352, x_refl=0, y_refl=0
  Quantized: start=-5795, slope=23279, intercept=-12352

Delta for Group 0:
  Original: start=0.913532, slope=154670, intercept=-12643, x_refl=0, y_refl=0
  Quantized: start=-5667, slope=23598, intercept=-12643

Delta for Group 0:
  Original: start=0.915486, slope=154990, intercept=-12936, x_refl=0, y_refl=0
  Quantized: start=-5539, slope=23918, intercept=-12936

Delta for Group 0:
  Original: start=0.91744, slope=155311, intercept=-13230, x_refl=0, y_refl=0
  Quantized: start=-5411, slope=24239, intercept=-13230

Delta for Group 0:
  Original: start=0.919394, slope=155632, intercept=-13526, x_refl=0, y_refl=0
  Quantized: start=-5283, slope=24560, intercept=-13526

Delta for Group 0:
  Original: start=0.921348, slope=155954, intercept=-13822, x_refl=0, y_refl=0
  Quantized: start=-5155, slope=24882, intercept=-13822

Delta for Group 0:
  Original: start=0.923302, slope=156276, intercept=-14120, x_refl=0, y_refl=0
  Quantized: start=-5026, slope=25204, intercept=-14120

Delta for Group 0:
  Original: start=0.925256, slope=156599, intercept=-14419, x_refl=0, y_refl=0
  Quantized: start=-4898, slope=25527, intercept=-14419

Delta for Group 0:
  Original: start=0.927211, slope=156923, intercept=-14719, x_refl=0, y_refl=0
  Quantized: start=-4770, slope=25851, intercept=-14719

Delta for Group 0:
  Original: start=0.929165, slope=157247, intercept=-15020, x_refl=0, y_refl=0
  Quantized: start=-4642, slope=26175, intercept=-15020

Delta for Group 0:
  Original: start=0.931119, slope=157572, intercept=-15323, x_refl=0, y_refl=0
  Quantized: start=-4514, slope=26500, intercept=-15323

Delta for Group 0:
  Original: start=0.933073, slope=157898, intercept=-15626, x_refl=0, y_refl=0
  Quantized: start=-4386, slope=26826, intercept=-15626

Delta for Group 0:
  Original: start=0.935027, slope=158224, intercept=-15931, x_refl=0, y_refl=0
  Quantized: start=-4258, slope=27152, intercept=-15931

Delta for Group 0:
  Original: start=0.936981, slope=158551, intercept=-16238, x_refl=0, y_refl=0
  Quantized: start=-4130, slope=27479, intercept=-16238

Delta for Group 0:
  Original: start=0.938935, slope=158878, intercept=-16545, x_refl=0, y_refl=0
  Quantized: start=-4002, slope=27806, intercept=-16545

Delta for Group 0:
  Original: start=0.940889, slope=159206, intercept=-16854, x_refl=0, y_refl=0
  Quantized: start=-3874, slope=28134, intercept=-16854

Delta for Group 0:
  Original: start=0.942843, slope=159535, intercept=-17164, x_refl=0, y_refl=0
  Quantized: start=-3746, slope=28463, intercept=-17164

Delta for Group 0:
  Original: start=0.944797, slope=159865, intercept=-17475, x_refl=0, y_refl=0
  Quantized: start=-3618, slope=28793, intercept=-17475

Delta for Group 0:
  Original: start=0.946751, slope=160195, intercept=-17788, x_refl=0, y_refl=0
  Quantized: start=-3490, slope=29123, intercept=-17788

Delta for Group 0:
  Original: start=0.948705, slope=160525, intercept=-18101, x_refl=0, y_refl=0
  Quantized: start=-3362, slope=29453, intercept=-18101

Delta for Group 0:
  Original: start=0.950659, slope=160857, intercept=-18416, x_refl=0, y_refl=0
  Quantized: start=-3234, slope=29785, intercept=-18416

Delta for Group 0:
  Original: start=0.952614, slope=161189, intercept=-18733, x_refl=0, y_refl=0
  Quantized: start=-3106, slope=30117, intercept=-18733

Delta for Group 0:
  Original: start=0.954568, slope=161521, intercept=-19050, x_refl=0, y_refl=0
  Quantized: start=-2977, slope=30449, intercept=-19050

Delta for Group 0:
  Original: start=0.956522, slope=161855, intercept=-19369, x_refl=0, y_refl=0
  Quantized: start=-2849, slope=30783, intercept=-19369

Delta for Group 0:
  Original: start=0.958476, slope=162189, intercept=-19689, x_refl=0, y_refl=0
  Quantized: start=-2721, slope=31117, intercept=-19689

Delta for Group 0:
  Original: start=0.96043, slope=162523, intercept=-20010, x_refl=0, y_refl=0
  Quantized: start=-2593, slope=31451, intercept=-20010

Delta for Group 0:
  Original: start=0.962384, slope=162858, intercept=-20333, x_refl=0, y_refl=0
  Quantized: start=-2465, slope=31786, intercept=-20333

Delta for Group 0:
  Original: start=0.964338, slope=163194, intercept=-20657, x_refl=0, y_refl=0
  Quantized: start=-2337, slope=32122, intercept=-20657

Delta for Group 0:
  Original: start=0.966292, slope=163531, intercept=-20982, x_refl=0, y_refl=0
  Quantized: start=-2209, slope=32459, intercept=-20982

Delta for Group 0:
  Original: start=0.968246, slope=163868, intercept=-21309, x_refl=0, y_refl=0
  Quantized: start=-2081, slope=-32740, intercept=-21309

Delta for Group 0:
  Original: start=0.9702, slope=164206, intercept=-21637, x_refl=0, y_refl=0
  Quantized: start=-1953, slope=-32402, intercept=-21637

Delta for Group 0:
  Original: start=0.972154, slope=164545, intercept=-21966, x_refl=0, y_refl=0
  Quantized: start=-1825, slope=-32063, intercept=-21966

Delta for Group 0:
  Original: start=0.974108, slope=164884, intercept=-22296, x_refl=0, y_refl=0
  Quantized: start=-1697, slope=-31724, intercept=-22296

Delta for Group 0:
  Original: start=0.976063, slope=165224, intercept=-22628, x_refl=0, y_refl=0
  Quantized: start=-1569, slope=-31384, intercept=-22628

Delta for Group 0:
  Original: start=0.978017, slope=165564, intercept=-22961, x_refl=0, y_refl=0
  Quantized: start=-1441, slope=-31044, intercept=-22961

Delta for Group 0:
  Original: start=0.979971, slope=165905, intercept=-23295, x_refl=0, y_refl=0
  Quantized: start=-1313, slope=-30703, intercept=-23295

Delta for Group 0:
  Original: start=0.981925, slope=166247, intercept=-23631, x_refl=0, y_refl=0
  Quantized: start=-1185, slope=-30361, intercept=-23631

Delta for Group 0:
  Original: start=0.983879, slope=166590, intercept=-23968, x_refl=0, y_refl=0
  Quantized: start=-1057, slope=-30018, intercept=-23968

Delta for Group 0:
  Original: start=0.985833, slope=166933, intercept=-24306, x_refl=0, y_refl=0
  Quantized: start=-928, slope=-29675, intercept=-24306

Delta for Group 0:
  Original: start=0.987787, slope=167277, intercept=-24646, x_refl=0, y_refl=0
  Quantized: start=-800, slope=-29331, intercept=-24646

Delta for Group 0:
  Original: start=0.989741, slope=167621, intercept=-24987, x_refl=0, y_refl=0
  Quantized: start=-672, slope=-28987, intercept=-24987

Delta for Group 0:
  Original: start=0.991695, slope=167967, intercept=-25329, x_refl=0, y_refl=0
  Quantized: start=-544, slope=-28641, intercept=-25329

Delta for Group 0:
  Original: start=0.993649, slope=168313, intercept=-25673, x_refl=0, y_refl=0
  Quantized: start=-416, slope=-28295, intercept=-25673

Delta for Group 0:
  Original: start=0.995603, slope=168659, intercept=-26018, x_refl=0, y_refl=0
  Quantized: start=-288, slope=-27949, intercept=-26018

Delta for Group 0:
  Original: start=0.997557, slope=169006, intercept=-26365, x_refl=0, y_refl=0
  Quantized: start=-160, slope=-27602, intercept=-26365

Delta for Group 0:
  Original: start=0.999511, slope=169354, intercept=-26712, x_refl=0, y_refl=0
  Quantized: start=-32, slope=-27254, intercept=-26712

Delta for Group 0:
  Original: start=1.00147, slope=169703, intercept=-27061, x_refl=0, y_refl=0
  Quantized: start=96, slope=-26905, intercept=-27061

Delta for Group 0:
  Original: start=1.00342, slope=170052, intercept=-27412, x_refl=0, y_refl=0
  Quantized: start=224, slope=-26556, intercept=-27412

Delta for Group 0:
  Original: start=1.00537, slope=170402, intercept=-27764, x_refl=0, y_refl=0
  Quantized: start=352, slope=-26206, intercept=-27764

Delta for Group 0:
  Original: start=1.00733, slope=170753, intercept=-28117, x_refl=0, y_refl=0
  Quantized: start=480, slope=-25855, intercept=-28117

Delta for Group 0:
  Original: start=1.00928, slope=171104, intercept=-28472, x_refl=0, y_refl=0
  Quantized: start=608, slope=-25504, intercept=-28472

Delta for Group 0:
  Original: start=1.01124, slope=171456, intercept=-28828, x_refl=0, y_refl=0
  Quantized: start=736, slope=-25152, intercept=-28828

Delta for Group 0:
  Original: start=1.01319, slope=171809, intercept=-29185, x_refl=0, y_refl=0
  Quantized: start=864, slope=-24799, intercept=-29185

Delta for Group 0:
  Original: start=1.01514, slope=172163, intercept=-29544, x_refl=0, y_refl=0
  Quantized: start=992, slope=-24445, intercept=-29544

Delta for Group 0:
  Original: start=1.0171, slope=172517, intercept=-29904, x_refl=0, y_refl=0
  Quantized: start=1121, slope=-24091, intercept=-29904

Delta for Group 0:
  Original: start=1.01905, slope=172871, intercept=-30266, x_refl=0, y_refl=0
  Quantized: start=1249, slope=-23737, intercept=-30266

Delta for Group 0:
  Original: start=1.02101, slope=173227, intercept=-30629, x_refl=0, y_refl=0
  Quantized: start=1377, slope=-23381, intercept=-30629

Delta for Group 0:
  Original: start=1.02296, slope=173583, intercept=-30993, x_refl=0, y_refl=0
  Quantized: start=1505, slope=-23025, intercept=-30993

Delta for Group 0:
  Original: start=1.02491, slope=173940, intercept=-31359, x_refl=0, y_refl=0
  Quantized: start=1633, slope=-22668, intercept=-31359

Delta for Group 0:
  Original: start=1.02687, slope=174298, intercept=-31726, x_refl=0, y_refl=0
  Quantized: start=1761, slope=-22310, intercept=-31726

Delta for Group 0:
  Original: start=1.02882, slope=174656, intercept=-32095, x_refl=0, y_refl=0
  Quantized: start=1889, slope=-21952, intercept=-32095

Delta for Group 0:
  Original: start=1.03078, slope=175015, intercept=-32465, x_refl=0, y_refl=0
  Quantized: start=2017, slope=-21593, intercept=-32465

Delta for Group 0:
  Original: start=1.03273, slope=175375, intercept=-32836, x_refl=0, y_refl=0
  Quantized: start=2145, slope=-21233, intercept=32700

Delta for Group 0:
  Original: start=1.03468, slope=175735, intercept=-33209, x_refl=0, y_refl=0
  Quantized: start=2273, slope=-20873, intercept=32327

Delta for Group 0:
  Original: start=1.03664, slope=176096, intercept=-33583, x_refl=0, y_refl=0
  Quantized: start=2401, slope=-20512, intercept=31953

Delta for Group 0:
  Original: start=1.03859, slope=176458, intercept=-33959, x_refl=0, y_refl=0
  Quantized: start=2529, slope=-20150, intercept=31577

Delta for Group 0:
  Original: start=1.04055, slope=176820, intercept=-34336, x_refl=0, y_refl=0
  Quantized: start=2657, slope=-19788, intercept=31200

Delta for Group 0:
  Original: start=1.0425, slope=177184, intercept=-34715, x_refl=0, y_refl=0
  Quantized: start=2785, slope=-19424, intercept=30821

Delta for Group 0:
  Original: start=1.04446, slope=177548, intercept=-35095, x_refl=0, y_refl=0
  Quantized: start=2913, slope=-19060, intercept=30441

Delta for Group 0:
  Original: start=1.04641, slope=177912, intercept=-35477, x_refl=0, y_refl=0
  Quantized: start=3041, slope=-18696, intercept=30059

Delta for Group 0:
  Original: start=1.04836, slope=178278, intercept=-35860, x_refl=0, y_refl=0
  Quantized: start=3170, slope=-18330, intercept=29676

Delta for Group 0:
  Original: start=1.05032, slope=178644, intercept=-36244, x_refl=0, y_refl=0
  Quantized: start=3298, slope=-17964, intercept=29292

Delta for Group 0:
  Original: start=1.05227, slope=179010, intercept=-36630, x_refl=0, y_refl=0
  Quantized: start=3426, slope=-17598, intercept=28906

Delta for Group 0:
  Original: start=1.05423, slope=179378, intercept=-37018, x_refl=0, y_refl=0
  Quantized: start=3554, slope=-17230, intercept=28518

Delta for Group 0:
  Original: start=1.05618, slope=179746, intercept=-37406, x_refl=0, y_refl=0
  Quantized: start=3682, slope=-16862, intercept=28130

Delta for Group 0:
  Original: start=1.05813, slope=180115, intercept=-37797, x_refl=0, y_refl=0
  Quantized: start=3810, slope=-16493, intercept=27739

Delta for Group 0:
  Original: start=1.06009, slope=180485, intercept=-38189, x_refl=0, y_refl=0
  Quantized: start=3938, slope=-16123, intercept=27347

Delta for Group 0:
  Original: start=1.06204, slope=180855, intercept=-38582, x_refl=0, y_refl=0
  Quantized: start=4066, slope=-15753, intercept=26954

Delta for Group 0:
  Original: start=1.064, slope=181226, intercept=-38977, x_refl=0, y_refl=0
  Quantized: start=4194, slope=-15382, intercept=26559

Delta for Group 0:
  Original: start=1.06595, slope=181598, intercept=-39373, x_refl=0, y_refl=0
  Quantized: start=4322, slope=-15010, intercept=26163

Delta for Group 0:
  Original: start=1.0679, slope=181971, intercept=-39771, x_refl=0, y_refl=0
  Quantized: start=4450, slope=-14637, intercept=25765

Delta for Group 0:
  Original: start=1.06986, slope=182344, intercept=-40171, x_refl=0, y_refl=0
  Quantized: start=4578, slope=-14264, intercept=25365

Delta for Group 0:
  Original: start=1.07181, slope=182718, intercept=-40571, x_refl=0, y_refl=0
  Quantized: start=4706, slope=-13890, intercept=24965

Delta for Group 0:
  Original: start=1.07377, slope=183093, intercept=-40974, x_refl=0, y_refl=0
  Quantized: start=4834, slope=-13515, intercept=24562

Delta for Group 0:
  Original: start=1.07572, slope=183468, intercept=-41378, x_refl=0, y_refl=0
  Quantized: start=4962, slope=-13140, intercept=24158

Delta for Group 0:
  Original: start=1.07767, slope=183845, intercept=-41783, x_refl=0, y_refl=0
  Quantized: start=5090, slope=-12763, intercept=23753

Delta for Group 0:
  Original: start=1.07963, slope=184221, intercept=-42190, x_refl=0, y_refl=0
  Quantized: start=5219, slope=-12387, intercept=23346

Delta for Group 0:
  Original: start=1.08158, slope=184599, intercept=-42599, x_refl=0, y_refl=0
  Quantized: start=5347, slope=-12009, intercept=22937

Delta for Group 0:
  Original: start=1.08354, slope=184978, intercept=-43009, x_refl=0, y_refl=0
  Quantized: start=5475, slope=-11630, intercept=22527

Delta for Group 0:
  Original: start=1.08549, slope=185357, intercept=-43420, x_refl=0, y_refl=0
  Quantized: start=5603, slope=-11251, intercept=22116

Delta for Group 0:
  Original: start=1.08745, slope=185737, intercept=-43834, x_refl=0, y_refl=0
  Quantized: start=5731, slope=-10871, intercept=21702

Delta for Group 0:
  Original: start=1.0894, slope=186117, intercept=-44248, x_refl=0, y_refl=0
  Quantized: start=5859, slope=-10491, intercept=21288

Delta for Group 0:
  Original: start=1.09135, slope=186499, intercept=-44664, x_refl=0, y_refl=0
  Quantized: start=5987, slope=-10109, intercept=20872

Delta for Group 0:
  Original: start=1.09331, slope=186881, intercept=-45082, x_refl=0, y_refl=0
  Quantized: start=6115, slope=-9727, intercept=20454

Delta for Group 0:
  Original: start=1.09526, slope=187264, intercept=-45502, x_refl=0, y_refl=0
  Quantized: start=6243, slope=-9344, intercept=20034

Delta for Group 0:
  Original: start=1.09722, slope=187648, intercept=-45923, x_refl=0, y_refl=0
  Quantized: start=6371, slope=-8960, intercept=19613

Delta for Group 0:
  Original: start=1.09917, slope=188032, intercept=-46345, x_refl=0, y_refl=0
  Quantized: start=6499, slope=-8576, intercept=19191

Delta for Group 0:
  Original: start=1.10112, slope=188417, intercept=-46769, x_refl=0, y_refl=0
  Quantized: start=6627, slope=-8191, intercept=18767

Delta for Group 0:
  Original: start=1.10308, slope=188803, intercept=-47195, x_refl=0, y_refl=0
  Quantized: start=6755, slope=-7805, intercept=18341

Delta for Group 0:
  Original: start=1.10503, slope=189190, intercept=-47622, x_refl=0, y_refl=0
  Quantized: start=6883, slope=-7418, intercept=17914

Delta for Group 0:
  Original: start=1.10699, slope=189577, intercept=-48051, x_refl=0, y_refl=0
  Quantized: start=7011, slope=-7031, intercept=17485

Delta for Group 0:
  Original: start=1.10894, slope=189965, intercept=-48482, x_refl=0, y_refl=0
  Quantized: start=7139, slope=-6643, intercept=17054

Delta for Group 0:
  Original: start=1.11089, slope=190354, intercept=-48914, x_refl=0, y_refl=0
  Quantized: start=7268, slope=-6254, intercept=16622

Delta for Group 0:
  Original: start=1.11285, slope=190744, intercept=-49347, x_refl=0, y_refl=0
  Quantized: start=7396, slope=-5864, intercept=16189

Delta for Group 0:
  Original: start=1.1148, slope=191134, intercept=-49783, x_refl=0, y_refl=0
  Quantized: start=7524, slope=-5474, intercept=15753

Delta for Group 0:
  Original: start=1.11676, slope=191526, intercept=-50219, x_refl=0, y_refl=0
  Quantized: start=7652, slope=-5082, intercept=15317

Delta for Group 0:
  Original: start=1.11871, slope=191918, intercept=-50658, x_refl=0, y_refl=0
  Quantized: start=7780, slope=-4690, intercept=14878

Delta for Group 0:
  Original: start=1.12066, slope=192310, intercept=-51098, x_refl=0, y_refl=0
  Quantized: start=7908, slope=-4298, intercept=14438

Delta for Group 0:
  Original: start=1.12262, slope=192704, intercept=-51540, x_refl=0, y_refl=0
  Quantized: start=8036, slope=-3904, intercept=13996

Delta for Group 0:
  Original: start=1.12457, slope=193098, intercept=-51983, x_refl=0, y_refl=0
  Quantized: start=8164, slope=-3510, intercept=13553

Delta for Group 0:
  Original: start=1.12653, slope=193493, intercept=-52428, x_refl=0, y_refl=0
  Quantized: start=8292, slope=-3115, intercept=13108

Delta for Group 0:
  Original: start=1.12848, slope=193889, intercept=-52875, x_refl=0, y_refl=0
  Quantized: start=8420, slope=-2719, intercept=12661

Delta for Group 0:
  Original: start=1.13043, slope=194286, intercept=-53323, x_refl=0, y_refl=0
  Quantized: start=8548, slope=-2322, intercept=12213

Delta for Group 0:
  Original: start=1.13239, slope=194683, intercept=-53773, x_refl=0, y_refl=0
  Quantized: start=8676, slope=-1925, intercept=11763

Delta for Group 0:
  Original: start=1.13434, slope=195081, intercept=-54225, x_refl=0, y_refl=0
  Quantized: start=8804, slope=-1527, intercept=11311

Delta for Group 0:
  Original: start=1.1363, slope=195480, intercept=-54678, x_refl=0, y_refl=0
  Quantized: start=8932, slope=-1128, intercept=10858

Delta for Group 0:
  Original: start=1.13825, slope=195880, intercept=-55133, x_refl=0, y_refl=0
  Quantized: start=9060, slope=-728, intercept=10403

Delta for Group 0:
  Original: start=1.14021, slope=196280, intercept=-55590, x_refl=0, y_refl=0
  Quantized: start=9188, slope=-328, intercept=9946

Delta for Group 0:
  Original: start=1.14216, slope=196682, intercept=-56048, x_refl=0, y_refl=0
  Quantized: start=9317, slope=74, intercept=9488

Delta for Group 0:
  Original: start=1.14411, slope=197084, intercept=-56508, x_refl=0, y_refl=0
  Quantized: start=9445, slope=476, intercept=9028

Delta for Group 0:
  Original: start=1.14607, slope=197487, intercept=-56970, x_refl=0, y_refl=0
  Quantized: start=9573, slope=879, intercept=8566

Delta for Group 0:
  Original: start=1.14802, slope=197890, intercept=-57433, x_refl=0, y_refl=0
  Quantized: start=9701, slope=1282, intercept=8103

Delta for Group 0:
  Original: start=1.14998, slope=198295, intercept=-57899, x_refl=0, y_refl=0
  Quantized: start=9829, slope=1687, intercept=7637

Delta for Group 0:
  Original: start=1.15193, slope=198700, intercept=-58365, x_refl=0, y_refl=0
  Quantized: start=9957, slope=2092, intercept=7171

Delta for Group 0:
  Original: start=1.15388, slope=199106, intercept=-58834, x_refl=0, y_refl=0
  Quantized: start=10085, slope=2498, intercept=6702

Delta for Group 0:
  Original: start=1.15584, slope=199513, intercept=-59304, x_refl=0, y_refl=0
  Quantized: start=10213, slope=2905, intercept=6232

Delta for Group 0:
  Original: start=1.15779, slope=199920, intercept=-59776, x_refl=0, y_refl=0
  Quantized: start=10341, slope=3312, intercept=5760

Delta for Group 0:
  Original: start=1.15975, slope=200329, intercept=-60250, x_refl=0, y_refl=0
  Quantized: start=10469, slope=3721, intercept=5286

Delta for Group 0:
  Original: start=1.1617, slope=200738, intercept=-60725, x_refl=0, y_refl=0
  Quantized: start=10597, slope=4130, intercept=4811

Delta for Group 0:
  Original: start=1.16365, slope=201148, intercept=-61202, x_refl=0, y_refl=0
  Quantized: start=10725, slope=4540, intercept=4334

Delta for Group 0:
  Original: start=1.16561, slope=201559, intercept=-61681, x_refl=0, y_refl=0
  Quantized: start=10853, slope=4951, intercept=3855

Delta for Group 0:
  Original: start=1.16756, slope=201970, intercept=-62162, x_refl=0, y_refl=0
  Quantized: start=10981, slope=5362, intercept=3374

Delta for Group 0:
  Original: start=1.16952, slope=202383, intercept=-62644, x_refl=0, y_refl=0
  Quantized: start=11109, slope=5775, intercept=2892

Delta for Group 0:
  Original: start=1.17147, slope=202796, intercept=-63128, x_refl=0, y_refl=0
  Quantized: start=11237, slope=6188, intercept=2408

Delta for Group 0:
  Original: start=1.17342, slope=203210, intercept=-63614, x_refl=0, y_refl=0
  Quantized: start=11366, slope=6602, intercept=1922

Delta for Group 0:
  Original: start=1.17538, slope=203625, intercept=-64101, x_refl=0, y_refl=0
  Quantized: start=11494, slope=7017, intercept=1435

Delta for Group 0:
  Original: start=1.17733, slope=204041, intercept=-64591, x_refl=0, y_refl=0
  Quantized: start=11622, slope=7433, intercept=945

Delta for Group 0:
  Original: start=1.17929, slope=204457, intercept=-65082, x_refl=0, y_refl=0
  Quantized: start=11750, slope=7849, intercept=454

Delta for Group 0:
  Original: start=1.18124, slope=204874, intercept=-65575, x_refl=0, y_refl=0
  Quantized: start=11878, slope=8266, intercept=-39

Delta for Group 0:
  Original: start=1.18319, slope=205292, intercept=-66069, x_refl=0, y_refl=0
  Quantized: start=12006, slope=8684, intercept=-533

Delta for Group 0:
  Original: start=1.18515, slope=205711, intercept=-66566, x_refl=0, y_refl=0
  Quantized: start=12134, slope=9103, intercept=-1030

Delta for Group 0:
  Original: start=1.1871, slope=206131, intercept=-67064, x_refl=0, y_refl=0
  Quantized: start=12262, slope=9523, intercept=-1528

Delta for Group 0:
  Original: start=1.18906, slope=206552, intercept=-67564, x_refl=0, y_refl=0
  Quantized: start=12390, slope=9944, intercept=-2028

Delta for Group 0:
  Original: start=1.19101, slope=206973, intercept=-68066, x_refl=0, y_refl=0
  Quantized: start=12518, slope=10365, intercept=-2530

Delta for Group 0:
  Original: start=1.19297, slope=207395, intercept=-68570, x_refl=0, y_refl=0
  Quantized: start=12646, slope=10787, intercept=-3034

Delta for Group 0:
  Original: start=1.19492, slope=207818, intercept=-69075, x_refl=0, y_refl=0
  Quantized: start=12774, slope=11210, intercept=-3539

Delta for Group 0:
  Original: start=1.19687, slope=208242, intercept=-69583, x_refl=0, y_refl=0
  Quantized: start=12902, slope=11634, intercept=-4047

Delta for Group 0:
  Original: start=1.19883, slope=208667, intercept=-70092, x_refl=0, y_refl=0
  Quantized: start=13030, slope=12059, intercept=-4556

Delta for Group 0:
  Original: start=1.20078, slope=209092, intercept=-70603, x_refl=0, y_refl=0
  Quantized: start=13158, slope=12484, intercept=-5067

Delta for Group 0:
  Original: start=1.20274, slope=209519, intercept=-71115, x_refl=0, y_refl=0
  Quantized: start=13286, slope=12911, intercept=-5579

Delta for Group 0:
  Original: start=1.20469, slope=209946, intercept=-71630, x_refl=0, y_refl=0
  Quantized: start=13415, slope=13338, intercept=-6094

Delta for Group 0:
  Original: start=1.20664, slope=210374, intercept=-72147, x_refl=0, y_refl=0
  Quantized: start=13543, slope=13766, intercept=-6611

Delta for Group 0:
  Original: start=1.2086, slope=210803, intercept=-72665, x_refl=0, y_refl=0
  Quantized: start=13671, slope=14195, intercept=-7129

Delta for Group 0:
  Original: start=1.21055, slope=211232, intercept=-73185, x_refl=0, y_refl=0
  Quantized: start=13799, slope=14624, intercept=-7649

Delta for Group 0:
  Original: start=1.21251, slope=211663, intercept=-73707, x_refl=0, y_refl=0
  Quantized: start=13927, slope=15055, intercept=-8171

Delta for Group 0:
  Original: start=1.21446, slope=212094, intercept=-74231, x_refl=0, y_refl=0
  Quantized: start=14055, slope=15486, intercept=-8695

Delta for Group 0:
  Original: start=1.21641, slope=212526, intercept=-74757, x_refl=0, y_refl=0
  Quantized: start=14183, slope=15918, intercept=-9221

Delta for Group 0:
  Original: start=1.21837, slope=212960, intercept=-75284, x_refl=0, y_refl=0
  Quantized: start=14311, slope=16352, intercept=-9748

Delta for Group 0:
  Original: start=1.22032, slope=213393, intercept=-75814, x_refl=0, y_refl=0
  Quantized: start=14439, slope=16785, intercept=-10278

Delta for Group 0:
  Original: start=1.22228, slope=213828, intercept=-76345, x_refl=0, y_refl=0
  Quantized: start=14567, slope=17220, intercept=-10809

Delta for Group 0:
  Original: start=1.22423, slope=214264, intercept=-76879, x_refl=0, y_refl=0
  Quantized: start=14695, slope=17656, intercept=-11343

Delta for Group 0:
  Original: start=1.22618, slope=214700, intercept=-77414, x_refl=0, y_refl=0
  Quantized: start=14823, slope=18092, intercept=-11878

Delta for Group 0:
  Original: start=1.22814, slope=215138, intercept=-77951, x_refl=0, y_refl=0
  Quantized: start=14951, slope=18530, intercept=-12415

Delta for Group 0:
  Original: start=1.23009, slope=215576, intercept=-78490, x_refl=0, y_refl=0
  Quantized: start=15079, slope=18968, intercept=-12954

Delta for Group 0:
  Original: start=1.23205, slope=216015, intercept=-79031, x_refl=0, y_refl=0
  Quantized: start=15207, slope=19407, intercept=-13495

Delta for Group 0:
  Original: start=1.234, slope=216455, intercept=-79573, x_refl=0, y_refl=0
  Quantized: start=15335, slope=19847, intercept=-14037

Delta for Group 0:
  Original: start=1.23596, slope=216895, intercept=-80118, x_refl=0, y_refl=0
  Quantized: start=15464, slope=20287, intercept=-14582

Delta for Group 0:
  Original: start=1.23791, slope=217337, intercept=-80665, x_refl=0, y_refl=0
  Quantized: start=15592, slope=20729, intercept=-15129

Delta for Group 0:
  Original: start=1.23986, slope=217779, intercept=-81214, x_refl=0, y_refl=0
  Quantized: start=15720, slope=21171, intercept=-15678

Delta for Group 0:
  Original: start=1.24182, slope=218223, intercept=-81764, x_refl=0, y_refl=0
  Quantized: start=15848, slope=21615, intercept=-16228

Delta for Group 0:
  Original: start=1.24377, slope=218667, intercept=-82317, x_refl=0, y_refl=0
  Quantized: start=15976, slope=22059, intercept=-16781

Delta for Group 0:
  Original: start=1.24573, slope=219112, intercept=-82871, x_refl=0, y_refl=0
  Quantized: start=16104, slope=22504, intercept=-17335

Delta for Group 0:
  Original: start=1.24768, slope=219558, intercept=-83427, x_refl=0, y_refl=0
  Quantized: start=16232, slope=22950, intercept=-17891

Delta for Group 0:
  Original: start=1.24963, slope=220005, intercept=-83986, x_refl=0, y_refl=0
  Quantized: start=16360, slope=23397, intercept=-18450

Delta for Group 0:
  Original: start=1.25159, slope=220453, intercept=-84546, x_refl=0, y_refl=0
  Quantized: start=16488, slope=23845, intercept=-19010

Delta for Group 0:
  Original: start=1.25354, slope=220901, intercept=-85108, x_refl=0, y_refl=0
  Quantized: start=16616, slope=24293, intercept=-19572

Delta for Group 0:
  Original: start=1.2555, slope=221351, intercept=-85673, x_refl=0, y_refl=0
  Quantized: start=16744, slope=24743, intercept=-20137

Delta for Group 0:
  Original: start=1.25745, slope=221801, intercept=-86239, x_refl=0, y_refl=0
  Quantized: start=16872, slope=25193, intercept=-20703

Delta for Group 0:
  Original: start=1.2594, slope=222252, intercept=-86807, x_refl=0, y_refl=0
  Quantized: start=17000, slope=25644, intercept=-21271

Delta for Group 0:
  Original: start=1.26136, slope=222704, intercept=-87377, x_refl=0, y_refl=0
  Quantized: start=17128, slope=26096, intercept=-21841

Delta for Group 0:
  Original: start=1.26331, slope=223157, intercept=-87950, x_refl=0, y_refl=0
  Quantized: start=17256, slope=26549, intercept=-22414

Delta for Group 0:
  Original: start=1.26527, slope=223611, intercept=-88524, x_refl=0, y_refl=0
  Quantized: start=17384, slope=27003, intercept=-22988

Delta for Group 0:
  Original: start=1.26722, slope=224066, intercept=-89100, x_refl=0, y_refl=0
  Quantized: start=17513, slope=27458, intercept=-23564

Delta for Group 0:
  Original: start=1.26917, slope=224521, intercept=-89678, x_refl=0, y_refl=0
  Quantized: start=17641, slope=27913, intercept=-24142

Delta for Group 0:
  Original: start=1.27113, slope=224978, intercept=-90259, x_refl=0, y_refl=0
  Quantized: start=17769, slope=28370, intercept=-24723

Delta for Group 0:
  Original: start=1.27308, slope=225435, intercept=-90841, x_refl=0, y_refl=0
  Quantized: start=17897, slope=28827, intercept=-25305

Delta for Group 0:
  Original: start=1.27504, slope=225894, intercept=-91425, x_refl=0, y_refl=0
  Quantized: start=18025, slope=29286, intercept=-25889

Delta for Group 0:
  Original: start=1.27699, slope=226353, intercept=-92012, x_refl=0, y_refl=0
  Quantized: start=18153, slope=29745, intercept=-26476

Delta for Group 0:
  Original: start=1.27894, slope=226813, intercept=-92600, x_refl=0, y_refl=0
  Quantized: start=18281, slope=30205, intercept=-27064

Delta for Group 0:
  Original: start=1.2809, slope=227274, intercept=-93191, x_refl=0, y_refl=0
  Quantized: start=18409, slope=30666, intercept=-27655

Delta for Group 0:
  Original: start=1.28285, slope=227736, intercept=-93783, x_refl=0, y_refl=0
  Quantized: start=18537, slope=31128, intercept=-28247

Delta for Group 0:
  Original: start=1.28481, slope=228199, intercept=-94378, x_refl=0, y_refl=0
  Quantized: start=18665, slope=31591, intercept=-28842

Delta for Group 0:
  Original: start=1.28676, slope=228662, intercept=-94975, x_refl=0, y_refl=0
  Quantized: start=18793, slope=32054, intercept=-29439

Delta for Group 0:
  Original: start=1.28872, slope=229127, intercept=-95573, x_refl=0, y_refl=0
  Quantized: start=18921, slope=32519, intercept=-30037

Delta for Group 0:
  Original: start=1.29067, slope=229593, intercept=-96174, x_refl=0, y_refl=0
  Quantized: start=19049, slope=-32551, intercept=-30638

Delta for Group 0:
  Original: start=1.29262, slope=230059, intercept=-96777, x_refl=0, y_refl=0
  Quantized: start=19177, slope=-32085, intercept=-31241

Delta for Group 0:
  Original: start=1.29458, slope=230526, intercept=-97382, x_refl=0, y_refl=0
  Quantized: start=19305, slope=-31618, intercept=-31846

Delta for Group 0:
  Original: start=1.29653, slope=230995, intercept=-97989, x_refl=0, y_refl=0
  Quantized: start=19433, slope=-31149, intercept=-32453

Delta for Group 0:
  Original: start=1.29849, slope=231464, intercept=-98599, x_refl=0, y_refl=0
  Quantized: start=19562, slope=-30680, intercept=32473

Delta for Group 0:
  Original: start=1.30044, slope=231934, intercept=-99210, x_refl=0, y_refl=0
  Quantized: start=19690, slope=-30210, intercept=31862

Delta for Group 0:
  Original: start=1.30239, slope=232405, intercept=-99823, x_refl=0, y_refl=0
  Quantized: start=19818, slope=-29739, intercept=31249

Delta for Group 0:
  Original: start=1.30435, slope=232877, intercept=-100439, x_refl=0, y_refl=0
  Quantized: start=19946, slope=-29267, intercept=30633

Delta for Group 0:
  Original: start=1.3063, slope=233350, intercept=-101057, x_refl=0, y_refl=0
  Quantized: start=20074, slope=-28794, intercept=30015

Delta for Group 0:
  Original: start=1.30826, slope=233824, intercept=-101677, x_refl=0, y_refl=0
  Quantized: start=20202, slope=-28320, intercept=29395

Delta for Group 0:
  Original: start=1.31021, slope=234298, intercept=-102299, x_refl=0, y_refl=0
  Quantized: start=20330, slope=-27846, intercept=28773

Delta for Group 0:
  Original: start=1.31216, slope=234774, intercept=-102923, x_refl=0, y_refl=0
  Quantized: start=20458, slope=-27370, intercept=28149

Delta for Group 0:
  Original: start=1.31412, slope=235251, intercept=-103549, x_refl=0, y_refl=0
  Quantized: start=20586, slope=-26893, intercept=27523

Delta for Group 0:
  Original: start=1.31607, slope=235728, intercept=-104177, x_refl=0, y_refl=0
  Quantized: start=20714, slope=-26416, intercept=26895

Delta for Group 0:
  Original: start=1.31803, slope=236207, intercept=-104808, x_refl=0, y_refl=0
  Quantized: start=20842, slope=-25937, intercept=26264

Delta for Group 0:
  Original: start=1.31998, slope=236686, intercept=-105441, x_refl=0, y_refl=0
  Quantized: start=20970, slope=-25458, intercept=25631

Delta for Group 0:
  Original: start=1.32193, slope=237166, intercept=-106076, x_refl=0, y_refl=0
  Quantized: start=21098, slope=-24978, intercept=24996

Delta for Group 0:
  Original: start=1.32389, slope=237647, intercept=-106713, x_refl=0, y_refl=0
  Quantized: start=21226, slope=-24497, intercept=24359

Delta for Group 0:
  Original: start=1.32584, slope=238130, intercept=-107352, x_refl=0, y_refl=0
  Quantized: start=21354, slope=-24014, intercept=23720

Delta for Group 0:
  Original: start=1.3278, slope=238613, intercept=-107994, x_refl=0, y_refl=0
  Quantized: start=21482, slope=-23531, intercept=23078

Delta for Group 0:
  Original: start=1.32975, slope=239097, intercept=-108637, x_refl=0, y_refl=0
  Quantized: start=21611, slope=-23047, intercept=22435

Delta for Group 0:
  Original: start=1.3317, slope=239582, intercept=-109283, x_refl=0, y_refl=0
  Quantized: start=21739, slope=-22562, intercept=21789

Delta for Group 0:
  Original: start=1.33366, slope=240068, intercept=-109932, x_refl=0, y_refl=0
  Quantized: start=21867, slope=-22076, intercept=21140

Delta for Group 0:
  Original: start=1.33561, slope=240555, intercept=-110582, x_refl=0, y_refl=0
  Quantized: start=21995, slope=-21589, intercept=20490

Delta for Group 0:
  Original: start=1.33757, slope=241043, intercept=-111234, x_refl=0, y_refl=0
  Quantized: start=22123, slope=-21101, intercept=19838

Delta for Group 0:
  Original: start=1.33952, slope=241532, intercept=-111889, x_refl=0, y_refl=0
  Quantized: start=22251, slope=-20612, intercept=19183

Delta for Group 0:
  Original: start=1.34148, slope=242021, intercept=-112546, x_refl=0, y_refl=0
  Quantized: start=22379, slope=-20123, intercept=18526

Delta for Group 0:
  Original: start=1.34343, slope=242512, intercept=-113206, x_refl=0, y_refl=0
  Quantized: start=22507, slope=-19632, intercept=17866

Delta for Group 0:
  Original: start=1.34538, slope=243004, intercept=-113867, x_refl=0, y_refl=0
  Quantized: start=22635, slope=-19140, intercept=17205

Delta for Group 0:
  Original: start=1.34734, slope=243497, intercept=-114531, x_refl=0, y_refl=0
  Quantized: start=22763, slope=-18647, intercept=16541

Delta for Group 0:
  Original: start=1.34929, slope=243990, intercept=-115197, x_refl=0, y_refl=0
  Quantized: start=22891, slope=-18154, intercept=15875

Delta for Group 0:
  Original: start=1.35125, slope=244485, intercept=-115865, x_refl=0, y_refl=0
  Quantized: start=23019, slope=-17659, intercept=15207

Delta for Group 0:
  Original: start=1.3532, slope=244980, intercept=-116536, x_refl=0, y_refl=0
  Quantized: start=23147, slope=-17164, intercept=14536

Delta for Group 0:
  Original: start=1.35515, slope=245477, intercept=-117209, x_refl=0, y_refl=0
  Quantized: start=23275, slope=-16667, intercept=13863

Delta for Group 0:
  Original: start=1.35711, slope=245974, intercept=-117884, x_refl=0, y_refl=0
  Quantized: start=23403, slope=-16170, intercept=13188

Delta for Group 0:
  Original: start=1.35906, slope=246473, intercept=-118562, x_refl=0, y_refl=0
  Quantized: start=23531, slope=-15671, intercept=12510

Delta for Group 0:
  Original: start=1.36102, slope=246972, intercept=-119241, x_refl=0, y_refl=0
  Quantized: start=23660, slope=-15172, intercept=11831

Delta for Group 0:
  Original: start=1.36297, slope=247473, intercept=-119923, x_refl=0, y_refl=0
  Quantized: start=23788, slope=-14671, intercept=11149

Delta for Group 0:
  Original: start=1.36492, slope=247974, intercept=-120608, x_refl=0, y_refl=0
  Quantized: start=23916, slope=-14170, intercept=10464

Delta for Group 0:
  Original: start=1.36688, slope=248477, intercept=-121295, x_refl=0, y_refl=0
  Quantized: start=24044, slope=-13667, intercept=9777

Delta for Group 0:
  Original: start=1.36883, slope=248980, intercept=-121984, x_refl=0, y_refl=0
  Quantized: start=24172, slope=-13164, intercept=9088

Delta for Group 0:
  Original: start=1.37079, slope=249484, intercept=-122675, x_refl=0, y_refl=0
  Quantized: start=24300, slope=-12660, intercept=8397

Delta for Group 0:
  Original: start=1.37274, slope=249990, intercept=-123369, x_refl=0, y_refl=0
  Quantized: start=24428, slope=-12154, intercept=7703

Delta for Group 0:
  Original: start=1.37469, slope=250496, intercept=-124065, x_refl=0, y_refl=0
  Quantized: start=24556, slope=-11648, intercept=7007

Delta for Group 0:
  Original: start=1.37665, slope=251003, intercept=-124763, x_refl=0, y_refl=0
  Quantized: start=24684, slope=-11141, intercept=6309

Delta for Group 0:
  Original: start=1.3786, slope=251512, intercept=-125464, x_refl=0, y_refl=0
  Quantized: start=24812, slope=-10632, intercept=5608

Delta for Group 0:
  Original: start=1.38056, slope=252021, intercept=-126167, x_refl=0, y_refl=0
  Quantized: start=24940, slope=-10123, intercept=4905

Delta for Group 0:
  Original: start=1.38251, slope=252531, intercept=-126873, x_refl=0, y_refl=0
  Quantized: start=25068, slope=-9613, intercept=4199

Delta for Group 0:
  Original: start=1.38447, slope=253043, intercept=-127581, x_refl=0, y_refl=0
  Quantized: start=25196, slope=-9101, intercept=3491

Delta for Group 0:
  Original: start=1.38642, slope=253555, intercept=-128291, x_refl=0, y_refl=0
  Quantized: start=25324, slope=-8589, intercept=2781

Delta for Group 0:
  Original: start=1.38837, slope=254068, intercept=-129003, x_refl=0, y_refl=0
  Quantized: start=25452, slope=-8076, intercept=2069

Delta for Group 0:
  Original: start=1.39033, slope=254583, intercept=-129719, x_refl=0, y_refl=0
  Quantized: start=25580, slope=-7561, intercept=1353

Delta for Group 0:
  Original: start=1.39228, slope=255098, intercept=-130436, x_refl=0, y_refl=0
  Quantized: start=25709, slope=-7046, intercept=636

Delta for Group 0:
  Original: start=1.39424, slope=255614, intercept=-131156, x_refl=0, y_refl=0
  Quantized: start=25837, slope=-6530, intercept=-84

Delta for Group 0:
  Original: start=1.39619, slope=256132, intercept=-131878, x_refl=0, y_refl=0
  Quantized: start=25965, slope=-6012, intercept=-806

Delta for Group 0:
  Original: start=1.39814, slope=256650, intercept=-132603, x_refl=0, y_refl=0
  Quantized: start=26093, slope=-5494, intercept=-1531

Delta for Group 0:
  Original: start=1.4001, slope=257169, intercept=-133330, x_refl=0, y_refl=0
  Quantized: start=26221, slope=-4975, intercept=-2258

Delta for Group 0:
  Original: start=1.40205, slope=257690, intercept=-134060, x_refl=0, y_refl=0
  Quantized: start=26349, slope=-4454, intercept=-2988

Delta for Group 0:
  Original: start=1.40401, slope=258211, intercept=-134792, x_refl=0, y_refl=0
  Quantized: start=26477, slope=-3933, intercept=-3720

Delta for Group 0:
  Original: start=1.40596, slope=258734, intercept=-135526, x_refl=0, y_refl=0
  Quantized: start=26605, slope=-3410, intercept=-4454

Delta for Group 0:
  Original: start=1.40791, slope=259257, intercept=-136263, x_refl=0, y_refl=0
  Quantized: start=26733, slope=-2887, intercept=-5191

Delta for Group 0:
  Original: start=1.40987, slope=259782, intercept=-137003, x_refl=0, y_refl=0
  Quantized: start=26861, slope=-2362, intercept=-5931

Delta for Group 0:
  Original: start=1.41182, slope=260307, intercept=-137745, x_refl=0, y_refl=0
  Quantized: start=26989, slope=-1837, intercept=-6673

Delta for Group 0:
  Original: start=1.41378, slope=260834, intercept=-138489, x_refl=0, y_refl=0
  Quantized: start=27117, slope=-1310, intercept=-7417

Delta for Group 0:
  Original: start=1.41573, slope=261361, intercept=-139236, x_refl=0, y_refl=0
  Quantized: start=27245, slope=-783, intercept=-8164

Delta for Group 0:
  Original: start=1.41768, slope=261890, intercept=-139985, x_refl=0, y_refl=0
  Quantized: start=27373, slope=-254, intercept=-8913

Delta for Group 0:
  Original: start=1.41964, slope=262419, intercept=-140737, x_refl=0, y_refl=0
  Quantized: start=27501, slope=275, intercept=-9665

Delta for Group 0:
  Original: start=1.42159, slope=262950, intercept=-141491, x_refl=0, y_refl=0
  Quantized: start=27629, slope=806, intercept=-10419

Delta for Group 0:
  Original: start=1.42355, slope=263482, intercept=-142248, x_refl=0, y_refl=0
  Quantized: start=27758, slope=1338, intercept=-11176

Delta for Group 0:
  Original: start=1.4255, slope=264014, intercept=-143008, x_refl=0, y_refl=0
  Quantized: start=27886, slope=1870, intercept=-11936

Delta for Group 0:
  Original: start=1.42745, slope=264548, intercept=-143770, x_refl=0, y_refl=0
  Quantized: start=28014, slope=2404, intercept=-12698

Delta for Group 0:
  Original: start=1.42941, slope=265083, intercept=-144534, x_refl=0, y_refl=0
  Quantized: start=28142, slope=2939, intercept=-13462

Delta for Group 0:
  Original: start=1.43136, slope=265619, intercept=-145301, x_refl=0, y_refl=0
  Quantized: start=28270, slope=3475, intercept=-14229

Delta for Group 0:
  Original: start=1.43332, slope=266156, intercept=-146071, x_refl=0, y_refl=0
  Quantized: start=28398, slope=4012, intercept=-14999

Delta for Group 0:
  Original: start=1.43527, slope=266694, intercept=-146843, x_refl=0, y_refl=0
  Quantized: start=28526, slope=4550, intercept=-15771

Delta for Group 0:
  Original: start=1.43723, slope=267233, intercept=-147618, x_refl=0, y_refl=0
  Quantized: start=28654, slope=5089, intercept=-16546

Delta for Group 0:
  Original: start=1.43918, slope=267773, intercept=-148395, x_refl=0, y_refl=0
  Quantized: start=28782, slope=5629, intercept=-17323

Delta for Group 0:
  Original: start=1.44113, slope=268314, intercept=-149175, x_refl=0, y_refl=0
  Quantized: start=28910, slope=6170, intercept=-18103

Delta for Group 0:
  Original: start=1.44309, slope=268856, intercept=-149957, x_refl=0, y_refl=0
  Quantized: start=29038, slope=6712, intercept=-18885

Delta for Group 0:
  Original: start=1.44504, slope=269399, intercept=-150742, x_refl=0, y_refl=0
  Quantized: start=29166, slope=7255, intercept=-19670

Delta for Group 0:
  Original: start=1.447, slope=269944, intercept=-151530, x_refl=0, y_refl=0
  Quantized: start=29294, slope=7800, intercept=-20458

Delta for Group 0:
  Original: start=1.44895, slope=270489, intercept=-152320, x_refl=0, y_refl=0
  Quantized: start=29422, slope=8345, intercept=-21248

Delta for Group 0:
  Original: start=1.4509, slope=271035, intercept=-153113, x_refl=0, y_refl=0
  Quantized: start=29550, slope=8891, intercept=-22041

Delta for Group 0:
  Original: start=1.45286, slope=271583, intercept=-153908, x_refl=0, y_refl=0
  Quantized: start=29678, slope=9439, intercept=-22836

Delta for Group 0:
  Original: start=1.45481, slope=272132, intercept=-154706, x_refl=0, y_refl=0
  Quantized: start=29807, slope=9988, intercept=-23634

Delta for Group 0:
  Original: start=1.45677, slope=272681, intercept=-155507, x_refl=0, y_refl=0
  Quantized: start=29935, slope=10537, intercept=-24435

Delta for Group 0:
  Original: start=1.45872, slope=273232, intercept=-156310, x_refl=0, y_refl=0
  Quantized: start=30063, slope=11088, intercept=-25238

Delta for Group 0:
  Original: start=1.46067, slope=273784, intercept=-157116, x_refl=0, y_refl=0
  Quantized: start=30191, slope=11640, intercept=-26044

Delta for Group 0:
  Original: start=1.46263, slope=274337, intercept=-157925, x_refl=0, y_refl=0
  Quantized: start=30319, slope=12193, intercept=-26853

Delta for Group 0:
  Original: start=1.46458, slope=274891, intercept=-158736, x_refl=0, y_refl=0
  Quantized: start=30447, slope=12747, intercept=-27664

Delta for Group 0:
  Original: start=1.46654, slope=275446, intercept=-159550, x_refl=0, y_refl=0
  Quantized: start=30575, slope=13302, intercept=-28478

Delta for Group 0:
  Original: start=1.46849, slope=276002, intercept=-160367, x_refl=0, y_refl=0
  Quantized: start=30703, slope=13858, intercept=-29295

Delta for Group 0:
  Original: start=1.47044, slope=276559, intercept=-161186, x_refl=0, y_refl=0
  Quantized: start=30831, slope=14415, intercept=-30114

Delta for Group 0:
  Original: start=1.4724, slope=277117, intercept=-162008, x_refl=0, y_refl=0
  Quantized: start=30959, slope=14973, intercept=-30936

Delta for Group 0:
  Original: start=1.47435, slope=277677, intercept=-162833, x_refl=0, y_refl=0
  Quantized: start=31087, slope=15533, intercept=-31761

Delta for Group 0:
  Original: start=1.47631, slope=278237, intercept=-163661, x_refl=0, y_refl=0
  Quantized: start=31215, slope=16093, intercept=-32589

Delta for Group 0:
  Original: start=1.47826, slope=278799, intercept=-164491, x_refl=0, y_refl=0
  Quantized: start=31343, slope=16655, intercept=32117

Delta for Group 0:
  Original: start=1.48021, slope=279362, intercept=-165324, x_refl=0, y_refl=0
  Quantized: start=31471, slope=17218, intercept=31284

Delta for Group 0:
  Original: start=1.48217, slope=279925, intercept=-166159, x_refl=0, y_refl=0
  Quantized: start=31599, slope=17781, intercept=30449

Delta for Group 0:
  Original: start=1.48412, slope=280490, intercept=-166998, x_refl=0, y_refl=0
  Quantized: start=31727, slope=18346, intercept=29610

Delta for Group 0:
  Original: start=1.48608, slope=281056, intercept=-167839, x_refl=0, y_refl=0
  Quantized: start=31856, slope=18912, intercept=28769

Delta for Group 0:
  Original: start=1.48803, slope=281623, intercept=-168683, x_refl=0, y_refl=0
  Quantized: start=31984, slope=19479, intercept=27925

Delta for Group 0:
  Original: start=1.48999, slope=282192, intercept=-169529, x_refl=0, y_refl=0
  Quantized: start=32112, slope=20048, intercept=27079

Delta for Group 0:
  Original: start=1.49194, slope=282761, intercept=-170379, x_refl=0, y_refl=0
  Quantized: start=32240, slope=20617, intercept=26229

Delta for Group 0:
  Original: start=1.49389, slope=283331, intercept=-171231, x_refl=0, y_refl=0
  Quantized: start=32368, slope=21187, intercept=25377

Delta for Group 0:
  Original: start=1.49585, slope=283903, intercept=-172086, x_refl=0, y_refl=0
  Quantized: start=32496, slope=21759, intercept=24522

Delta for Group 0:
  Original: start=1.4978, slope=284476, intercept=-172944, x_refl=0, y_refl=0
  Quantized: start=32624, slope=22332, intercept=23664

Delta for Group 0:
  Original: start=1.49976, slope=285049, intercept=-173804, x_refl=0, y_refl=0
  Quantized: start=32752, slope=22905, intercept=22804

Delta for Group 0:
  Original: start=1.50171, slope=285624, intercept=-174668, x_refl=0, y_refl=0
  Quantized: start=-32656, slope=23480, intercept=21940

Delta for Group 0:
  Original: start=1.50366, slope=286200, intercept=-175534, x_refl=0, y_refl=0
  Quantized: start=-32528, slope=24056, intercept=21074

Delta for Group 0:
  Original: start=1.50562, slope=286777, intercept=-176403, x_refl=0, y_refl=0
  Quantized: start=-32400, slope=24633, intercept=20205

Delta for Group 0:
  Original: start=1.50757, slope=287356, intercept=-177275, x_refl=0, y_refl=0
  Quantized: start=-32272, slope=25212, intercept=19333

Delta for Group 0:
  Original: start=1.50953, slope=287935, intercept=-178149, x_refl=0, y_refl=0
  Quantized: start=-32144, slope=25791, intercept=18459

Delta for Group 0:
  Original: start=1.51148, slope=288516, intercept=-179027, x_refl=0, y_refl=0
  Quantized: start=-32016, slope=26372, intercept=17581

Delta for Group 0:
  Original: start=1.51343, slope=289097, intercept=-179907, x_refl=0, y_refl=0
  Quantized: start=-31888, slope=26953, intercept=16701

Delta for Group 0:
  Original: start=1.51539, slope=289680, intercept=-180790, x_refl=0, y_refl=0
  Quantized: start=-31760, slope=27536, intercept=15818

Delta for Group 0:
  Original: start=1.51734, slope=290264, intercept=-181677, x_refl=0, y_refl=0
  Quantized: start=-31631, slope=28120, intercept=14931

Delta for Group 0:
  Original: start=1.5193, slope=290849, intercept=-182565, x_refl=0, y_refl=0
  Quantized: start=-31503, slope=28705, intercept=14043

Delta for Group 0:
  Original: start=1.52125, slope=291436, intercept=-183457, x_refl=0, y_refl=0
  Quantized: start=-31375, slope=29292, intercept=13151

Delta for Group 0:
  Original: start=1.5232, slope=292023, intercept=-184352, x_refl=0, y_refl=0
  Quantized: start=-31247, slope=29879, intercept=12256

Delta for Group 0:
  Original: start=1.52516, slope=292612, intercept=-185250, x_refl=0, y_refl=0
  Quantized: start=-31119, slope=30468, intercept=11358

Delta for Group 0:
  Original: start=1.52711, slope=293201, intercept=-186150, x_refl=0, y_refl=0
  Quantized: start=-30991, slope=31057, intercept=10458

Delta for Group 0:
  Original: start=1.52907, slope=293792, intercept=-187054, x_refl=0, y_refl=0
  Quantized: start=-30863, slope=31648, intercept=9554

Delta for Group 0:
  Original: start=1.53102, slope=294384, intercept=-187960, x_refl=0, y_refl=0
  Quantized: start=-30735, slope=32240, intercept=8648

Delta for Group 0:
  Original: start=1.53298, slope=294977, intercept=-188869, x_refl=0, y_refl=0
  Quantized: start=-30607, slope=-32703, intercept=7739

Delta for Group 0:
  Original: start=1.53493, slope=295572, intercept=-189782, x_refl=0, y_refl=0
  Quantized: start=-30479, slope=-32108, intercept=6826

Delta for Group 0:
  Original: start=1.53688, slope=296167, intercept=-190697, x_refl=0, y_refl=0
  Quantized: start=-30351, slope=-31513, intercept=5911

Delta for Group 0:
  Original: start=1.53884, slope=296764, intercept=-191615, x_refl=0, y_refl=0
  Quantized: start=-30223, slope=-30916, intercept=4993

Delta for Group 0:
  Original: start=1.54079, slope=297362, intercept=-192536, x_refl=0, y_refl=0
  Quantized: start=-30095, slope=-30318, intercept=4072

Delta for Group 0:
  Original: start=1.54275, slope=297961, intercept=-193460, x_refl=0, y_refl=0
  Quantized: start=-29967, slope=-29719, intercept=3148

Delta for Group 0:
  Original: start=1.5447, slope=298561, intercept=-194387, x_refl=0, y_refl=0
  Quantized: start=-29839, slope=-29119, intercept=2221

Delta for Group 0:
  Original: start=1.54665, slope=299162, intercept=-195318, x_refl=0, y_refl=0
  Quantized: start=-29711, slope=-28518, intercept=1290

Delta for Group 0:
  Original: start=1.54861, slope=299765, intercept=-196251, x_refl=0, y_refl=0
  Quantized: start=-29582, slope=-27915, intercept=357

Delta for Group 0:
  Original: start=1.55056, slope=300368, intercept=-197187, x_refl=0, y_refl=0
  Quantized: start=-29454, slope=-27312, intercept=-579

Delta for Group 0:
  Original: start=1.55252, slope=300973, intercept=-198126, x_refl=0, y_refl=0
  Quantized: start=-29326, slope=-26707, intercept=-1518

Delta for Group 0:
  Original: start=1.55447, slope=301579, intercept=-199068, x_refl=0, y_refl=0
  Quantized: start=-29198, slope=-26101, intercept=-2460

Delta for Group 0:
  Original: start=1.55642, slope=302187, intercept=-200013, x_refl=0, y_refl=0
  Quantized: start=-29070, slope=-25493, intercept=-3405

Delta for Group 0:
  Original: start=1.55838, slope=302795, intercept=-200961, x_refl=0, y_refl=0
  Quantized: start=-28942, slope=-24885, intercept=-4353

Delta for Group 0:
  Original: start=1.56033, slope=303405, intercept=-201912, x_refl=0, y_refl=0
  Quantized: start=-28814, slope=-24275, intercept=-5304

Delta for Group 0:
  Original: start=1.56229, slope=304016, intercept=-202867, x_refl=0, y_refl=0
  Quantized: start=-28686, slope=-23664, intercept=-6259

Delta for Group 0:
  Original: start=1.56424, slope=304628, intercept=-203824, x_refl=0, y_refl=0
  Quantized: start=-28558, slope=-23052, intercept=-7216

Delta for Group 0:
  Original: start=1.56619, slope=305241, intercept=-204784, x_refl=0, y_refl=0
  Quantized: start=-28430, slope=-22439, intercept=-8176

Delta for Group 0:
  Original: start=1.56815, slope=305855, intercept=-205748, x_refl=0, y_refl=0
  Quantized: start=-28302, slope=-21825, intercept=-9140

Delta for Group 0:
  Original: start=1.5701, slope=306471, intercept=-206715, x_refl=0, y_refl=0
  Quantized: start=-28174, slope=-21209, intercept=-10107

Delta for Group 0:
  Original: start=1.57206, slope=307088, intercept=-207684, x_refl=0, y_refl=0
  Quantized: start=-28046, slope=-20592, intercept=-11076

Delta for Group 0:
  Original: start=1.57401, slope=307706, intercept=-208657, x_refl=0, y_refl=0
  Quantized: start=-27918, slope=-19974, intercept=-12049

Delta for Group 0:
  Original: start=1.57596, slope=308325, intercept=-209633, x_refl=0, y_refl=0
  Quantized: start=-27790, slope=-19355, intercept=-13025

Delta for Group 0:
  Original: start=1.57792, slope=308945, intercept=-210612, x_refl=0, y_refl=0
  Quantized: start=-27662, slope=-18735, intercept=-14004

Delta for Group 0:
  Original: start=1.57987, slope=309567, intercept=-211594, x_refl=0, y_refl=0
  Quantized: start=-27533, slope=-18113, intercept=-14986

Delta for Group 0:
  Original: start=1.58183, slope=310190, intercept=-212579, x_refl=0, y_refl=0
  Quantized: start=-27405, slope=-17490, intercept=-15971

Delta for Group 0:
  Original: start=1.58378, slope=310814, intercept=-213568, x_refl=0, y_refl=0
  Quantized: start=-27277, slope=-16866, intercept=-16960

Delta for Group 0:
  Original: start=1.58574, slope=311439, intercept=-214559, x_refl=0, y_refl=0
  Quantized: start=-27149, slope=-16241, intercept=-17951

Delta for Group 0:
  Original: start=1.58769, slope=312066, intercept=-215554, x_refl=0, y_refl=0
  Quantized: start=-27021, slope=-15614, intercept=-18946

Delta for Group 0:
  Original: start=1.58964, slope=312694, intercept=-216552, x_refl=0, y_refl=0
  Quantized: start=-26893, slope=-14986, intercept=-19944

Delta for Group 0:
  Original: start=1.5916, slope=313323, intercept=-217553, x_refl=0, y_refl=0
  Quantized: start=-26765, slope=-14357, intercept=-20945

Delta for Group 0:
  Original: start=1.59355, slope=313953, intercept=-218557, x_refl=0, y_refl=0
  Quantized: start=-26637, slope=-13727, intercept=-21949

Delta for Group 0:
  Original: start=1.59551, slope=314584, intercept=-219565, x_refl=0, y_refl=0
  Quantized: start=-26509, slope=-13096, intercept=-22957

Delta for Group 0:
  Original: start=1.59746, slope=315217, intercept=-220576, x_refl=0, y_refl=0
  Quantized: start=-26381, slope=-12463, intercept=-23968

Delta for Group 0:
  Original: start=1.59941, slope=315851, intercept=-221589, x_refl=0, y_refl=0
  Quantized: start=-26253, slope=-11829, intercept=-24981

Delta for Group 0:
  Original: start=1.60137, slope=316486, intercept=-222607, x_refl=0, y_refl=0
  Quantized: start=-26125, slope=-11194, intercept=-25999

Delta for Group 0:
  Original: start=1.60332, slope=317122, intercept=-223627, x_refl=0, y_refl=0
  Quantized: start=-25997, slope=-10558, intercept=-27019

Delta for Group 0:
  Original: start=1.60528, slope=317760, intercept=-224651, x_refl=0, y_refl=0
  Quantized: start=-25869, slope=-9920, intercept=-28043

Delta for Group 0:
  Original: start=1.60723, slope=318399, intercept=-225677, x_refl=0, y_refl=0
  Quantized: start=-25741, slope=-9281, intercept=-29069

Delta for Group 0:
  Original: start=1.60918, slope=319039, intercept=-226708, x_refl=0, y_refl=0
  Quantized: start=-25613, slope=-8641, intercept=-30100

Delta for Group 0:
  Original: start=1.61114, slope=319681, intercept=-227741, x_refl=0, y_refl=0
  Quantized: start=-25484, slope=-7999, intercept=-31133

Delta for Group 0:
  Original: start=1.61309, slope=320323, intercept=-228778, x_refl=0, y_refl=0
  Quantized: start=-25356, slope=-7357, intercept=-32170

Delta for Group 0:
  Original: start=1.61505, slope=320967, intercept=-229818, x_refl=0, y_refl=0
  Quantized: start=-25228, slope=-6713, intercept=32326

Delta for Group 0:
  Original: start=1.617, slope=321612, intercept=-230861, x_refl=0, y_refl=0
  Quantized: start=-25100, slope=-6068, intercept=31283

Delta for Group 0:
  Original: start=1.61895, slope=322259, intercept=-231907, x_refl=0, y_refl=0
  Quantized: start=-24972, slope=-5421, intercept=30237

Delta for Group 0:
  Original: start=1.62091, slope=322906, intercept=-232957, x_refl=0, y_refl=0
  Quantized: start=-24844, slope=-4774, intercept=29187

Delta for Group 0:
  Original: start=1.62286, slope=323555, intercept=-234010, x_refl=0, y_refl=0
  Quantized: start=-24716, slope=-4125, intercept=28134

Delta for Group 0:
  Original: start=1.62482, slope=324206, intercept=-235067, x_refl=0, y_refl=0
  Quantized: start=-24588, slope=-3474, intercept=27077

Delta for Group 0:
  Original: start=1.62677, slope=324857, intercept=-236127, x_refl=0, y_refl=0
  Quantized: start=-24460, slope=-2823, intercept=26017

Delta for Group 0:
  Original: start=1.62872, slope=325510, intercept=-237190, x_refl=0, y_refl=0
  Quantized: start=-24332, slope=-2170, intercept=24954

Delta for Group 0:
  Original: start=1.63068, slope=326164, intercept=-238257, x_refl=0, y_refl=0
  Quantized: start=-24204, slope=-1516, intercept=23887

Delta for Group 0:
  Original: start=1.63263, slope=326819, intercept=-239326, x_refl=0, y_refl=0
  Quantized: start=-24076, slope=-861, intercept=22818

Delta for Group 0:
  Original: start=1.63459, slope=327476, intercept=-240400, x_refl=0, y_refl=0
  Quantized: start=-23948, slope=-204, intercept=21744

Delta for Group 0:
  Original: start=1.63654, slope=328134, intercept=-241476, x_refl=0, y_refl=0
  Quantized: start=-23820, slope=454, intercept=20668

Delta for Group 0:
  Original: start=1.6385, slope=328793, intercept=-242557, x_refl=0, y_refl=0
  Quantized: start=-23692, slope=1113, intercept=19587

Delta for Group 0:
  Original: start=1.64045, slope=329454, intercept=-243640, x_refl=0, y_refl=0
  Quantized: start=-23564, slope=1774, intercept=18504

Delta for Group 0:
  Original: start=1.6424, slope=330115, intercept=-244727, x_refl=0, y_refl=0
  Quantized: start=-23435, slope=2435, intercept=17417

Delta for Group 0:
  Original: start=1.64436, slope=330778, intercept=-245817, x_refl=0, y_refl=0
  Quantized: start=-23307, slope=3098, intercept=16327

Delta for Group 0:
  Original: start=1.64631, slope=331443, intercept=-246911, x_refl=0, y_refl=0
  Quantized: start=-23179, slope=3763, intercept=15233

Delta for Group 0:
  Original: start=1.64827, slope=332108, intercept=-248008, x_refl=0, y_refl=0
  Quantized: start=-23051, slope=4428, intercept=14136

Delta for Group 0:
  Original: start=1.65022, slope=332775, intercept=-249109, x_refl=0, y_refl=0
  Quantized: start=-22923, slope=5095, intercept=13035

Delta for Group 0:
  Original: start=1.65217, slope=333444, intercept=-250213, x_refl=0, y_refl=0
  Quantized: start=-22795, slope=5764, intercept=11931

Delta for Group 0:
  Original: start=1.65413, slope=334113, intercept=-251320, x_refl=0, y_refl=0
  Quantized: start=-22667, slope=6433, intercept=10824

Delta for Group 0:
  Original: start=1.65608, slope=334784, intercept=-252432, x_refl=0, y_refl=0
  Quantized: start=-22539, slope=7104, intercept=9712

Delta for Group 0:
  Original: start=1.65804, slope=335456, intercept=-253546, x_refl=0, y_refl=0
  Quantized: start=-22411, slope=7776, intercept=8598

Delta for Group 0:
  Original: start=1.65999, slope=336130, intercept=-254664, x_refl=0, y_refl=0
  Quantized: start=-22283, slope=8450, intercept=7480

Delta for Group 0:
  Original: start=1.66194, slope=336805, intercept=-255786, x_refl=0, y_refl=0
  Quantized: start=-22155, slope=9125, intercept=6358

Delta for Group 0:
  Original: start=1.6639, slope=337481, intercept=-256911, x_refl=0, y_refl=0
  Quantized: start=-22027, slope=9801, intercept=5233

Delta for Group 0:
  Original: start=1.66585, slope=338158, intercept=-258039, x_refl=0, y_refl=0
  Quantized: start=-21899, slope=10478, intercept=4105

Delta for Group 0:
  Original: start=1.66781, slope=338837, intercept=-259171, x_refl=0, y_refl=0
  Quantized: start=-21771, slope=11157, intercept=2973

Delta for Group 0:
  Original: start=1.66976, slope=339517, intercept=-260307, x_refl=0, y_refl=0
  Quantized: start=-21643, slope=11837, intercept=1837

Delta for Group 0:
  Original: start=1.67171, slope=340199, intercept=-261446, x_refl=0, y_refl=0
  Quantized: start=-21515, slope=12519, intercept=698

Delta for Group 0:
  Original: start=1.67367, slope=340881, intercept=-262589, x_refl=0, y_refl=0
  Quantized: start=-21386, slope=13201, intercept=-445

Delta for Group 0:
  Original: start=1.67562, slope=341566, intercept=-263735, x_refl=0, y_refl=0
  Quantized: start=-21258, slope=13886, intercept=-1591

Delta for Group 0:
  Original: start=1.67758, slope=342251, intercept=-264885, x_refl=0, y_refl=0
  Quantized: start=-21130, slope=14571, intercept=-2741

Delta for Group 0:
  Original: start=1.67953, slope=342938, intercept=-266039, x_refl=0, y_refl=0
  Quantized: start=-21002, slope=15258, intercept=-3895

Delta for Group 0:
  Original: start=1.68149, slope=343626, intercept=-267196, x_refl=0, y_refl=0
  Quantized: start=-20874, slope=15946, intercept=-5052

Delta for Group 0:
  Original: start=1.68344, slope=344315, intercept=-268357, x_refl=0, y_refl=0
  Quantized: start=-20746, slope=16635, intercept=-6213

Delta for Group 0:
  Original: start=1.68539, slope=345006, intercept=-269521, x_refl=0, y_refl=0
  Quantized: start=-20618, slope=17326, intercept=-7377

Delta for Group 0:
  Original: start=1.68735, slope=345699, intercept=-270689, x_refl=0, y_refl=0
  Quantized: start=-20490, slope=18019, intercept=-8545

Delta for Group 0:
  Original: start=1.6893, slope=346392, intercept=-271860, x_refl=0, y_refl=0
  Quantized: start=-20362, slope=18712, intercept=-9716

Delta for Group 0:
  Original: start=1.69126, slope=347087, intercept=-273036, x_refl=0, y_refl=0
  Quantized: start=-20234, slope=19407, intercept=-10892

Delta for Group 0:
  Original: start=1.69321, slope=347783, intercept=-274215, x_refl=0, y_refl=0
  Quantized: start=-20106, slope=20103, intercept=-12071

Delta for Group 0:
  Original: start=1.69516, slope=348481, intercept=-275397, x_refl=0, y_refl=0
  Quantized: start=-19978, slope=20801, intercept=-13253

Delta for Group 0:
  Original: start=1.69712, slope=349180, intercept=-276584, x_refl=0, y_refl=0
  Quantized: start=-19850, slope=21500, intercept=-14440

Delta for Group 0:
  Original: start=1.69907, slope=349880, intercept=-277773, x_refl=0, y_refl=0
  Quantized: start=-19722, slope=22200, intercept=-15629

Delta for Group 0:
  Original: start=1.70103, slope=350582, intercept=-278967, x_refl=0, y_refl=0
  Quantized: start=-19594, slope=22902, intercept=-16823

Delta for Group 0:
  Original: start=1.70298, slope=351285, intercept=-280165, x_refl=0, y_refl=0
  Quantized: start=-19466, slope=23605, intercept=-18021

Delta for Group 0:
  Original: start=1.70493, slope=351989, intercept=-281366, x_refl=0, y_refl=0
  Quantized: start=-19337, slope=24309, intercept=-19222

Delta for Group 0:
  Original: start=1.70689, slope=352695, intercept=-282570, x_refl=0, y_refl=0
  Quantized: start=-19209, slope=25015, intercept=-20426

Delta for Group 0:
  Original: start=1.70884, slope=353403, intercept=-283779, x_refl=0, y_refl=0
  Quantized: start=-19081, slope=25723, intercept=-21635

Delta for Group 0:
  Original: start=1.7108, slope=354111, intercept=-284991, x_refl=0, y_refl=0
  Quantized: start=-18953, slope=26431, intercept=-22847

Delta for Group 0:
  Original: start=1.71275, slope=354821, intercept=-286207, x_refl=0, y_refl=0
  Quantized: start=-18825, slope=27141, intercept=-24063

Delta for Group 0:
  Original: start=1.7147, slope=355533, intercept=-287427, x_refl=0, y_refl=0
  Quantized: start=-18697, slope=27853, intercept=-25283

Delta for Group 0:
  Original: start=1.71666, slope=356245, intercept=-288651, x_refl=0, y_refl=0
  Quantized: start=-18569, slope=28565, intercept=-26507

Delta for Group 0:
  Original: start=1.71861, slope=356960, intercept=-289878, x_refl=0, y_refl=0
  Quantized: start=-18441, slope=29280, intercept=-27734

Delta for Group 0:
  Original: start=1.72057, slope=357675, intercept=-291109, x_refl=0, y_refl=0
  Quantized: start=-18313, slope=29995, intercept=-28965

Delta for Group 0:
  Original: start=1.72252, slope=358392, intercept=-292344, x_refl=0, y_refl=0
  Quantized: start=-18185, slope=30712, intercept=-30200

Delta for Group 0:
  Original: start=1.72447, slope=359110, intercept=-293583, x_refl=0, y_refl=0
  Quantized: start=-18057, slope=31430, intercept=-31439

Delta for Group 0:
  Original: start=1.72643, slope=359830, intercept=-294826, x_refl=0, y_refl=0
  Quantized: start=-17929, slope=32150, intercept=-32682

Delta for Group 0:
  Original: start=1.72838, slope=360551, intercept=-296072, x_refl=0, y_refl=0
  Quantized: start=-17801, slope=-32665, intercept=31608

Delta for Group 0:
  Original: start=1.73034, slope=361274, intercept=-297323, x_refl=0, y_refl=0
  Quantized: start=-17673, slope=-31942, intercept=30357

Delta for Group 0:
  Original: start=1.73229, slope=361998, intercept=-298577, x_refl=0, y_refl=0
  Quantized: start=-17545, slope=-31218, intercept=29103

Delta for Group 0:
  Original: start=1.73425, slope=362723, intercept=-299835, x_refl=0, y_refl=0
  Quantized: start=-17417, slope=-30493, intercept=27845

Delta for Group 0:
  Original: start=1.7362, slope=363450, intercept=-301097, x_refl=0, y_refl=0
  Quantized: start=-17288, slope=-29766, intercept=26583

Delta for Group 0:
  Original: start=1.73815, slope=364179, intercept=-302363, x_refl=0, y_refl=0
  Quantized: start=-17160, slope=-29037, intercept=25317

Delta for Group 0:
  Original: start=1.74011, slope=364908, intercept=-303632, x_refl=0, y_refl=0
  Quantized: start=-17032, slope=-28308, intercept=24048

Delta for Group 0:
  Original: start=1.74206, slope=365639, intercept=-304906, x_refl=0, y_refl=0
  Quantized: start=-16904, slope=-27577, intercept=22774

Delta for Group 0:
  Original: start=1.74402, slope=366372, intercept=-306184, x_refl=0, y_refl=0
  Quantized: start=-16776, slope=-26844, intercept=21496

Delta for Group 0:
  Original: start=1.74597, slope=367106, intercept=-307465, x_refl=0, y_refl=0
  Quantized: start=-16648, slope=-26110, intercept=20215

Delta for Group 0:
  Original: start=1.74792, slope=367841, intercept=-308751, x_refl=0, y_refl=0
  Quantized: start=-16520, slope=-25375, intercept=18929

Delta for Group 0:
  Original: start=1.74988, slope=368578, intercept=-310040, x_refl=0, y_refl=0
  Quantized: start=-16392, slope=-24638, intercept=17640

Delta for Group 0:
  Original: start=1.75183, slope=369317, intercept=-311333, x_refl=0, y_refl=0
  Quantized: start=-16264, slope=-23899, intercept=16347

Delta for Group 0:
  Original: start=1.75379, slope=370056, intercept=-312631, x_refl=0, y_refl=0
  Quantized: start=-16136, slope=-23160, intercept=15049

Delta for Group 0:
  Original: start=1.75574, slope=370797, intercept=-313932, x_refl=0, y_refl=0
  Quantized: start=-16008, slope=-22419, intercept=13748

Delta for Group 0:
  Original: start=1.75769, slope=371540, intercept=-315238, x_refl=0, y_refl=0
  Quantized: start=-15880, slope=-21676, intercept=12442

Delta for Group 0:
  Original: start=1.75965, slope=372284, intercept=-316547, x_refl=0, y_refl=0
  Quantized: start=-15752, slope=-20932, intercept=11133

Delta for Group 0:
  Original: start=1.7616, slope=373030, intercept=-317860, x_refl=0, y_refl=0
  Quantized: start=-15624, slope=-20186, intercept=9820

Delta for Group 0:
  Original: start=1.76356, slope=373777, intercept=-319178, x_refl=0, y_refl=0
  Quantized: start=-15496, slope=-19439, intercept=8502

Delta for Group 0:
  Original: start=1.76551, slope=374525, intercept=-320499, x_refl=0, y_refl=0
  Quantized: start=-15368, slope=-18691, intercept=7181

Delta for Group 0:
  Original: start=1.76746, slope=375275, intercept=-321825, x_refl=0, y_refl=0
  Quantized: start=-15239, slope=-17941, intercept=5855

Delta for Group 0:
  Original: start=1.76942, slope=376027, intercept=-323154, x_refl=0, y_refl=0
  Quantized: start=-15111, slope=-17189, intercept=4526

Delta for Group 0:
  Original: start=1.77137, slope=376779, intercept=-324488, x_refl=0, y_refl=0
  Quantized: start=-14983, slope=-16437, intercept=3192

Delta for Group 0:
  Original: start=1.77333, slope=377534, intercept=-325825, x_refl=0, y_refl=0
  Quantized: start=-14855, slope=-15682, intercept=1855

Delta for Group 0:
  Original: start=1.77528, slope=378290, intercept=-327167, x_refl=0, y_refl=0
  Quantized: start=-14727, slope=-14926, intercept=513

Delta for Group 0:
  Original: start=1.77723, slope=379047, intercept=-328513, x_refl=0, y_refl=0
  Quantized: start=-14599, slope=-14169, intercept=-833

Delta for Group 0:
  Original: start=1.77919, slope=379806, intercept=-329863, x_refl=0, y_refl=0
  Quantized: start=-14471, slope=-13410, intercept=-2183

Delta for Group 0:
  Original: start=1.78114, slope=380566, intercept=-331217, x_refl=0, y_refl=0
  Quantized: start=-14343, slope=-12650, intercept=-3537

Delta for Group 0:
  Original: start=1.7831, slope=381328, intercept=-332575, x_refl=0, y_refl=0
  Quantized: start=-14215, slope=-11888, intercept=-4895

Delta for Group 0:
  Original: start=1.78505, slope=382091, intercept=-333938, x_refl=0, y_refl=0
  Quantized: start=-14087, slope=-11125, intercept=-6258

Delta for Group 0:
  Original: start=1.78701, slope=382856, intercept=-335304, x_refl=0, y_refl=0
  Quantized: start=-13959, slope=-10360, intercept=-7624

Delta for Group 0:
  Original: start=1.78896, slope=383622, intercept=-336675, x_refl=0, y_refl=0
  Quantized: start=-13831, slope=-9594, intercept=-8995

Delta for Group 0:
  Original: start=1.79091, slope=384390, intercept=-338050, x_refl=0, y_refl=0
  Quantized: start=-13703, slope=-8826, intercept=-10370

Delta for Group 0:
  Original: start=1.79287, slope=385159, intercept=-339429, x_refl=0, y_refl=0
  Quantized: start=-13575, slope=-8057, intercept=-11749

Delta for Group 0:
  Original: start=1.79482, slope=385930, intercept=-340813, x_refl=0, y_refl=0
  Quantized: start=-13447, slope=-7286, intercept=-13133

Delta for Group 0:
  Original: start=1.79678, slope=386702, intercept=-342200, x_refl=0, y_refl=0
  Quantized: start=-13319, slope=-6514, intercept=-14520

Delta for Group 0:
  Original: start=1.79873, slope=387476, intercept=-343592, x_refl=0, y_refl=0
  Quantized: start=-13190, slope=-5740, intercept=-15912

Delta for Group 0:
  Original: start=1.80068, slope=388251, intercept=-344988, x_refl=0, y_refl=0
  Quantized: start=-13062, slope=-4965, intercept=-17308

Delta for Group 0:
  Original: start=1.80264, slope=389028, intercept=-346388, x_refl=0, y_refl=0
  Quantized: start=-12934, slope=-4188, intercept=-18708

Delta for Group 0:
  Original: start=1.80459, slope=389806, intercept=-347793, x_refl=0, y_refl=0
  Quantized: start=-12806, slope=-3410, intercept=-20113

Delta for Group 0:
  Original: start=1.80655, slope=390586, intercept=-349201, x_refl=0, y_refl=0
  Quantized: start=-12678, slope=-2630, intercept=-21521

Delta for Group 0:
  Original: start=1.8085, slope=391367, intercept=-350615, x_refl=0, y_refl=0
  Quantized: start=-12550, slope=-1849, intercept=-22935

Delta for Group 0:
  Original: start=1.81045, slope=392150, intercept=-352032, x_refl=0, y_refl=0
  Quantized: start=-12422, slope=-1066, intercept=-24352

Delta for Group 0:
  Original: start=1.81241, slope=392934, intercept=-353454, x_refl=0, y_refl=0
  Quantized: start=-12294, slope=-282, intercept=-25774

Delta for Group 0:
  Original: start=1.81436, slope=393720, intercept=-354880, x_refl=0, y_refl=0
  Quantized: start=-12166, slope=504, intercept=-27200

Delta for Group 0:
  Original: start=1.81632, slope=394508, intercept=-356310, x_refl=0, y_refl=0
  Quantized: start=-12038, slope=1292, intercept=-28630

Delta for Group 0:
  Original: start=1.81827, slope=395297, intercept=-357744, x_refl=0, y_refl=0
  Quantized: start=-11910, slope=2081, intercept=-30064

Delta for Group 0:
  Original: start=1.82022, slope=396087, intercept=-359183, x_refl=0, y_refl=0
  Quantized: start=-11782, slope=2871, intercept=-31503

Delta for Group 0:
  Original: start=1.82218, slope=396879, intercept=-360627, x_refl=0, y_refl=0
  Quantized: start=-11654, slope=3663, intercept=32589

Delta for Group 0:
  Original: start=1.82413, slope=397673, intercept=-362075, x_refl=0, y_refl=0
  Quantized: start=-11526, slope=4457, intercept=31141

Delta for Group 0:
  Original: start=1.82609, slope=398468, intercept=-363527, x_refl=0, y_refl=0
  Quantized: start=-11398, slope=5252, intercept=29689

Delta for Group 0:
  Original: start=1.82804, slope=399265, intercept=-364983, x_refl=0, y_refl=0
  Quantized: start=-11270, slope=6049, intercept=28233

Delta for Group 0:
  Original: start=1.83, slope=400063, intercept=-366444, x_refl=0, y_refl=0
  Quantized: start=-11141, slope=6847, intercept=26772

Delta for Group 0:
  Original: start=1.83195, slope=400863, intercept=-367909, x_refl=0, y_refl=0
  Quantized: start=-11013, slope=7647, intercept=25307

Delta for Group 0:
  Original: start=1.8339, slope=401665, intercept=-369379, x_refl=0, y_refl=0
  Quantized: start=-10885, slope=8449, intercept=23837

Delta for Group 0:
  Original: start=1.83586, slope=402468, intercept=-370854, x_refl=0, y_refl=0
  Quantized: start=-10757, slope=9252, intercept=22362

Delta for Group 0:
  Original: start=1.83781, slope=403272, intercept=-372332, x_refl=0, y_refl=0
  Quantized: start=-10629, slope=10056, intercept=20884

Delta for Group 0:
  Original: start=1.83977, slope=404079, intercept=-373815, x_refl=0, y_refl=0
  Quantized: start=-10501, slope=10863, intercept=19401

Delta for Group 0:
  Original: start=1.84172, slope=404886, intercept=-375303, x_refl=0, y_refl=0
  Quantized: start=-10373, slope=11670, intercept=17913

Delta for Group 0:
  Original: start=1.84367, slope=405696, intercept=-376795, x_refl=0, y_refl=0
  Quantized: start=-10245, slope=12480, intercept=16421

Delta for Group 0:
  Original: start=1.84563, slope=406506, intercept=-378292, x_refl=0, y_refl=0
  Quantized: start=-10117, slope=13290, intercept=14924

Delta for Group 0:
  Original: start=1.84758, slope=407319, intercept=-379793, x_refl=0, y_refl=0
  Quantized: start=-9989, slope=14103, intercept=13423

Delta for Group 0:
  Original: start=1.84954, slope=408133, intercept=-381299, x_refl=0, y_refl=0
  Quantized: start=-9861, slope=14917, intercept=11917

Delta for Group 0:
  Original: start=1.85149, slope=408949, intercept=-382809, x_refl=0, y_refl=0
  Quantized: start=-9733, slope=15733, intercept=10407

Delta for Group 0:
  Original: start=1.85344, slope=409766, intercept=-384323, x_refl=0, y_refl=0
  Quantized: start=-9605, slope=16550, intercept=8893

Delta for Group 0:
  Original: start=1.8554, slope=410585, intercept=-385843, x_refl=0, y_refl=0
  Quantized: start=-9477, slope=17369, intercept=7373

Delta for Group 0:
  Original: start=1.85735, slope=411405, intercept=-387367, x_refl=0, y_refl=0
  Quantized: start=-9349, slope=18189, intercept=5849

Delta for Group 0:
  Original: start=1.85931, slope=412227, intercept=-388895, x_refl=0, y_refl=0
  Quantized: start=-9221, slope=19011, intercept=4321

Delta for Group 0:
  Original: start=1.86126, slope=413051, intercept=-390428, x_refl=0, y_refl=0
  Quantized: start=-9092, slope=19835, intercept=2788

Delta for Group 0:
  Original: start=1.86321, slope=413876, intercept=-391966, x_refl=0, y_refl=0
  Quantized: start=-8964, slope=20660, intercept=1250

Delta for Group 0:
  Original: start=1.86517, slope=414703, intercept=-393508, x_refl=0, y_refl=0
  Quantized: start=-8836, slope=21487, intercept=-292

Delta for Group 0:
  Original: start=1.86712, slope=415532, intercept=-395055, x_refl=0, y_refl=0
  Quantized: start=-8708, slope=22316, intercept=-1839

Delta for Group 0:
  Original: start=1.86908, slope=416362, intercept=-396607, x_refl=0, y_refl=0
  Quantized: start=-8580, slope=23146, intercept=-3391

Delta for Group 0:
  Original: start=1.87103, slope=417194, intercept=-398163, x_refl=0, y_refl=0
  Quantized: start=-8452, slope=23978, intercept=-4947

Delta for Group 0:
  Original: start=1.87298, slope=418027, intercept=-399724, x_refl=0, y_refl=0
  Quantized: start=-8324, slope=24811, intercept=-6508

Delta for Group 0:
  Original: start=1.87494, slope=418862, intercept=-401290, x_refl=0, y_refl=0
  Quantized: start=-8196, slope=25646, intercept=-8074

Delta for Group 0:
  Original: start=1.87689, slope=419699, intercept=-402860, x_refl=0, y_refl=0
  Quantized: start=-8068, slope=26483, intercept=-9644

Delta for Group 0:
  Original: start=1.87885, slope=420537, intercept=-404435, x_refl=0, y_refl=0
  Quantized: start=-7940, slope=27321, intercept=-11219

Delta for Group 0:
  Original: start=1.8808, slope=421377, intercept=-406015, x_refl=0, y_refl=0
  Quantized: start=-7812, slope=28161, intercept=-12799

Delta for Group 0:
  Original: start=1.88276, slope=422219, intercept=-407599, x_refl=0, y_refl=0
  Quantized: start=-7684, slope=29003, intercept=-14383

Delta for Group 0:
  Original: start=1.88471, slope=423062, intercept=-409188, x_refl=0, y_refl=0
  Quantized: start=-7556, slope=29846, intercept=-15972

Delta for Group 0:
  Original: start=1.88666, slope=423907, intercept=-410782, x_refl=0, y_refl=0
  Quantized: start=-7428, slope=30691, intercept=-17566

Delta for Group 0:
  Original: start=1.88862, slope=424753, intercept=-412381, x_refl=0, y_refl=0
  Quantized: start=-7300, slope=31537, intercept=-19165

Delta for Group 0:
  Original: start=1.89057, slope=425601, intercept=-413985, x_refl=0, y_refl=0
  Quantized: start=-7172, slope=32385, intercept=-20769

Delta for Group 0:
  Original: start=1.89253, slope=426451, intercept=-415593, x_refl=0, y_refl=0
  Quantized: start=-7043, slope=-32301, intercept=-22377

Delta for Group 0:
  Original: start=1.89448, slope=427303, intercept=-417206, x_refl=0, y_refl=0
  Quantized: start=-6915, slope=-31449, intercept=-23990

Delta for Group 0:
  Original: start=1.89643, slope=428156, intercept=-418824, x_refl=0, y_refl=0
  Quantized: start=-6787, slope=-30596, intercept=-25608

Delta for Group 0:
  Original: start=1.89839, slope=429011, intercept=-420447, x_refl=0, y_refl=0
  Quantized: start=-6659, slope=-29741, intercept=-27231

Delta for Group 0:
  Original: start=1.90034, slope=429867, intercept=-422075, x_refl=0, y_refl=0
  Quantized: start=-6531, slope=-28885, intercept=-28859

Delta for Group 0:
  Original: start=1.9023, slope=430725, intercept=-423707, x_refl=0, y_refl=0
  Quantized: start=-6403, slope=-28027, intercept=-30491

Delta for Group 0:
  Original: start=1.90425, slope=431585, intercept=-425344, x_refl=0, y_refl=0
  Quantized: start=-6275, slope=-27167, intercept=-32128

Delta for Group 0:
  Original: start=1.9062, slope=432447, intercept=-426987, x_refl=0, y_refl=0
  Quantized: start=-6147, slope=-26305, intercept=31765

Delta for Group 0:
  Original: start=1.90816, slope=433310, intercept=-428634, x_refl=0, y_refl=0
  Quantized: start=-6019, slope=-25442, intercept=30118

Delta for Group 0:
  Original: start=1.91011, slope=434175, intercept=-430286, x_refl=0, y_refl=0
  Quantized: start=-5891, slope=-24577, intercept=28466

Delta for Group 0:
  Original: start=1.91207, slope=435041, intercept=-431943, x_refl=0, y_refl=0
  Quantized: start=-5763, slope=-23711, intercept=26809

Delta for Group 0:
  Original: start=1.91402, slope=435910, intercept=-433605, x_refl=0, y_refl=0
  Quantized: start=-5635, slope=-22842, intercept=25147

Delta for Group 0:
  Original: start=1.91597, slope=436780, intercept=-435272, x_refl=0, y_refl=0
  Quantized: start=-5507, slope=-21972, intercept=23480

Delta for Group 0:
  Original: start=1.91793, slope=437652, intercept=-436944, x_refl=0, y_refl=0
  Quantized: start=-5379, slope=-21100, intercept=21808

Delta for Group 0:
  Original: start=1.91988, slope=438525, intercept=-438621, x_refl=0, y_refl=0
  Quantized: start=-5251, slope=-20227, intercept=20131

Delta for Group 0:
  Original: start=1.92184, slope=439400, intercept=-440302, x_refl=0, y_refl=0
  Quantized: start=-5123, slope=-19352, intercept=18450

Delta for Group 0:
  Original: start=1.92379, slope=440277, intercept=-441989, x_refl=0, y_refl=0
  Quantized: start=-4994, slope=-18475, intercept=16763

Delta for Group 0:
  Original: start=1.92574, slope=441155, intercept=-443681, x_refl=0, y_refl=0
  Quantized: start=-4866, slope=-17597, intercept=15071

Delta for Group 0:
  Original: start=1.9277, slope=442036, intercept=-445378, x_refl=0, y_refl=0
  Quantized: start=-4738, slope=-16716, intercept=13374

Delta for Group 0:
  Original: start=1.92965, slope=442918, intercept=-447080, x_refl=0, y_refl=0
  Quantized: start=-4610, slope=-15834, intercept=11672

Delta for Group 0:
  Original: start=1.93161, slope=443801, intercept=-448787, x_refl=0, y_refl=0
  Quantized: start=-4482, slope=-14951, intercept=9965

Delta for Group 0:
  Original: start=1.93356, slope=444687, intercept=-450499, x_refl=0, y_refl=0
  Quantized: start=-4354, slope=-14065, intercept=8253

Delta for Group 0:
  Original: start=1.93552, slope=445574, intercept=-452216, x_refl=0, y_refl=0
  Quantized: start=-4226, slope=-13178, intercept=6536

Delta for Group 0:
  Original: start=1.93747, slope=446463, intercept=-453938, x_refl=0, y_refl=0
  Quantized: start=-4098, slope=-12289, intercept=4814

Delta for Group 0:
  Original: start=1.93942, slope=447353, intercept=-455666, x_refl=0, y_refl=0
  Quantized: start=-3970, slope=-11399, intercept=3086

Delta for Group 0:
  Original: start=1.94138, slope=448246, intercept=-457398, x_refl=0, y_refl=0
  Quantized: start=-3842, slope=-10506, intercept=1354

Delta for Group 0:
  Original: start=1.94333, slope=449140, intercept=-459136, x_refl=0, y_refl=0
  Quantized: start=-3714, slope=-9612, intercept=-384

Delta for Group 0:
  Original: start=1.94529, slope=450036, intercept=-460878, x_refl=0, y_refl=0
  Quantized: start=-3586, slope=-8716, intercept=-2126

Delta for Group 0:
  Original: start=1.94724, slope=450934, intercept=-462626, x_refl=0, y_refl=0
  Quantized: start=-3458, slope=-7818, intercept=-3874

Delta for Group 0:
  Original: start=1.94919, slope=451833, intercept=-464379, x_refl=0, y_refl=0
  Quantized: start=-3330, slope=-6919, intercept=-5627

Delta for Group 0:
  Original: start=1.95115, slope=452734, intercept=-466138, x_refl=0, y_refl=0
  Quantized: start=-3202, slope=-6018, intercept=-7386

Delta for Group 0:
  Original: start=1.9531, slope=453637, intercept=-467901, x_refl=0, y_refl=0
  Quantized: start=-3074, slope=-5115, intercept=-9149

Delta for Group 0:
  Original: start=1.95506, slope=454542, intercept=-469670, x_refl=0, y_refl=0
  Quantized: start=-2945, slope=-4210, intercept=-10918

Delta for Group 0:
  Original: start=1.95701, slope=455448, intercept=-471444, x_refl=0, y_refl=0
  Quantized: start=-2817, slope=-3304, intercept=-12692

Delta for Group 0:
  Original: start=1.95896, slope=456356, intercept=-473223, x_refl=0, y_refl=0
  Quantized: start=-2689, slope=-2396, intercept=-14471

Delta for Group 0:
  Original: start=1.96092, slope=457266, intercept=-475007, x_refl=0, y_refl=0
  Quantized: start=-2561, slope=-1486, intercept=-16255

Delta for Group 0:
  Original: start=1.96287, slope=458178, intercept=-476797, x_refl=0, y_refl=0
  Quantized: start=-2433, slope=-574, intercept=-18045

Delta for Group 0:
  Original: start=1.96483, slope=459092, intercept=-478592, x_refl=0, y_refl=0
  Quantized: start=-2305, slope=340, intercept=-19840

Delta for Group 0:
  Original: start=1.96678, slope=460007, intercept=-480392, x_refl=0, y_refl=0
  Quantized: start=-2177, slope=1255, intercept=-21640

Delta for Group 0:
  Original: start=1.96873, slope=460924, intercept=-482198, x_refl=0, y_refl=0
  Quantized: start=-2049, slope=2172, intercept=-23446

Delta for Group 0:
  Original: start=1.97069, slope=461843, intercept=-484009, x_refl=0, y_refl=0
  Quantized: start=-1921, slope=3091, intercept=-25257

Delta for Group 0:
  Original: start=1.97264, slope=462764, intercept=-485825, x_refl=0, y_refl=0
  Quantized: start=-1793, slope=4012, intercept=-27073

Delta for Group 0:
  Original: start=1.9746, slope=463686, intercept=-487647, x_refl=0, y_refl=0
  Quantized: start=-1665, slope=4934, intercept=-28895

Delta for Group 0:
  Original: start=1.97655, slope=464611, intercept=-489474, x_refl=0, y_refl=0
  Quantized: start=-1537, slope=5859, intercept=-30722

Delta for Group 0:
  Original: start=1.97851, slope=465537, intercept=-491306, x_refl=0, y_refl=0
  Quantized: start=-1409, slope=6785, intercept=-32554

Delta for Group 0:
  Original: start=1.98046, slope=466465, intercept=-493144, x_refl=0, y_refl=0
  Quantized: start=-1281, slope=7713, intercept=31144

Delta for Group 0:
  Original: start=1.98241, slope=467394, intercept=-494987, x_refl=0, y_refl=0
  Quantized: start=-1153, slope=8642, intercept=29301

Delta for Group 0:
  Original: start=1.98437, slope=468326, intercept=-496836, x_refl=0, y_refl=0
  Quantized: start=-1025, slope=9574, intercept=27452

Delta for Group 0:
  Original: start=1.98632, slope=469259, intercept=-498690, x_refl=0, y_refl=0
  Quantized: start=-896, slope=10507, intercept=25598

Delta for Group 0:
  Original: start=1.98828, slope=470195, intercept=-500549, x_refl=0, y_refl=0
  Quantized: start=-768, slope=11443, intercept=23739

Delta for Group 0:
  Original: start=1.99023, slope=471132, intercept=-502414, x_refl=0, y_refl=0
  Quantized: start=-640, slope=12380, intercept=21874

Delta for Group 0:
  Original: start=1.99218, slope=472071, intercept=-504284, x_refl=0, y_refl=0
  Quantized: start=-512, slope=13319, intercept=20004

Delta for Group 0:
  Original: start=1.99414, slope=473011, intercept=-506160, x_refl=0, y_refl=0
  Quantized: start=-384, slope=14259, intercept=18128

Delta for Group 0:
  Original: start=1.99609, slope=473954, intercept=-508042, x_refl=0, y_refl=0
  Quantized: start=-256, slope=15202, intercept=16246

Delta for Group 0:
  Original: start=1.99805, slope=474898, intercept=-509929, x_refl=0, y_refl=0
  Quantized: start=-128, slope=16146, intercept=14359

Delta for Group 0:
  Original: start=0, slope=0, intercept=0, x_refl=0, y_refl=0
  Quantized: start=0, slope=0, intercept=0

