===== Group 0 ===== 
Storage Type: NORMAL
Interval Count: 2048
Base Params: b=0.135468, c=0.40627
Scale Factors: start=65536, slope=65536, intercept=65536

Interval 0:
  Original: start=-2, slope=0, intercept=0, x_refl=0, y_refl=0
  Quantized: start=0, slope=0, intercept=0
  Recovered (relative): start=0, slope=0, intercept=0

Interval 1:
  Original: start=-1.99805, slope=17, intercept=35, x_refl=0, y_refl=0
  Quantized: start=128, slope=17, intercept=35
  Recovered (relative): start=0.00195312, slope=1.11411e+06, intercept=2.29376e+06

Interval 2:
  Original: start=-1.99609, slope=35, intercept=69, x_refl=0, y_refl=0
  Quantized: start=256, slope=35, intercept=69
  Recovered (relative): start=0.00390625, slope=2.29376e+06, intercept=4.52198e+06

Interval 3:
  Original: start=-1.99414, slope=52, intercept=104, x_refl=0, y_refl=0
  Quantized: start=384, slope=52, intercept=104
  Recovered (relative): start=0.00585938, slope=3.40787e+06, intercept=6.81574e+06

Interval 4:
  Original: start=-1.99218, slope=70, intercept=139, x_refl=0, y_refl=0
  Quantized: start=512, slope=70, intercept=139
  Recovered (relative): start=0.0078125, slope=4.58752e+06, intercept=9.1095e+06

Interval 5:
  Original: start=-1.99023, slope=87, intercept=174, x_refl=0, y_refl=0
  Quantized: start=640, slope=87, intercept=174
  Recovered (relative): start=0.00976562, slope=5.70163e+06, intercept=1.14033e+07

Interval 6:
  Original: start=-1.98828, slope=105, intercept=209, x_refl=0, y_refl=0
  Quantized: start=768, slope=105, intercept=209
  Recovered (relative): start=0.0117188, slope=6.88128e+06, intercept=1.3697e+07

Interval 7:
  Original: start=-1.98632, slope=122, intercept=244, x_refl=0, y_refl=0
  Quantized: start=896, slope=122, intercept=244
  Recovered (relative): start=0.0136719, slope=7.99539e+06, intercept=1.59908e+07

Interval 8:
  Original: start=-1.98437, slope=140, intercept=279, x_refl=0, y_refl=0
  Quantized: start=1025, slope=140, intercept=279
  Recovered (relative): start=0.0156403, slope=9.17504e+06, intercept=1.82845e+07

Interval 9:
  Original: start=-1.98241, slope=158, intercept=313, x_refl=0, y_refl=0
  Quantized: start=1153, slope=158, intercept=313
  Recovered (relative): start=0.0175934, slope=1.03547e+07, intercept=2.05128e+07

Interval 10:
  Original: start=-1.98046, slope=175, intercept=348, x_refl=0, y_refl=0
  Quantized: start=1281, slope=175, intercept=348
  Recovered (relative): start=0.0195465, slope=1.14688e+07, intercept=2.28065e+07

Interval 11:
  Original: start=-1.97851, slope=193, intercept=384, x_refl=0, y_refl=0
  Quantized: start=1409, slope=193, intercept=384
  Recovered (relative): start=0.0214996, slope=1.26484e+07, intercept=2.51658e+07

Interval 12:
  Original: start=-1.97655, slope=211, intercept=419, x_refl=0, y_refl=0
  Quantized: start=1537, slope=211, intercept=419
  Recovered (relative): start=0.0234528, slope=1.38281e+07, intercept=2.74596e+07

Interval 13:
  Original: start=-1.9746, slope=228, intercept=454, x_refl=0, y_refl=0
  Quantized: start=1665, slope=228, intercept=454
  Recovered (relative): start=0.0254059, slope=1.49422e+07, intercept=2.97533e+07

Interval 14:
  Original: start=-1.97264, slope=246, intercept=489, x_refl=0, y_refl=0
  Quantized: start=1793, slope=246, intercept=489
  Recovered (relative): start=0.027359, slope=1.61219e+07, intercept=3.20471e+07

Interval 15:
  Original: start=-1.97069, slope=264, intercept=524, x_refl=0, y_refl=0
  Quantized: start=1921, slope=264, intercept=524
  Recovered (relative): start=0.0293121, slope=1.73015e+07, intercept=3.43409e+07

Interval 16:
  Original: start=-1.96873, slope=282, intercept=559, x_refl=0, y_refl=0
  Quantized: start=2049, slope=282, intercept=559
  Recovered (relative): start=0.0312653, slope=1.84812e+07, intercept=3.66346e+07

Interval 17:
  Original: start=-1.96678, slope=300, intercept=594, x_refl=0, y_refl=0
  Quantized: start=2177, slope=300, intercept=594
  Recovered (relative): start=0.0332184, slope=1.96608e+07, intercept=3.89284e+07

Interval 18:
  Original: start=-1.96483, slope=318, intercept=630, x_refl=0, y_refl=0
  Quantized: start=2305, slope=318, intercept=630
  Recovered (relative): start=0.0351715, slope=2.08404e+07, intercept=4.12877e+07

Interval 19:
  Original: start=-1.96287, slope=336, intercept=665, x_refl=0, y_refl=0
  Quantized: start=2433, slope=336, intercept=665
  Recovered (relative): start=0.0371246, slope=2.20201e+07, intercept=4.35814e+07

Interval 20:
  Original: start=-1.96092, slope=354, intercept=700, x_refl=0, y_refl=0
  Quantized: start=2561, slope=354, intercept=700
  Recovered (relative): start=0.0390778, slope=2.31997e+07, intercept=4.58752e+07

Interval 21:
  Original: start=-1.95896, slope=372, intercept=736, x_refl=0, y_refl=0
  Quantized: start=2689, slope=372, intercept=736
  Recovered (relative): start=0.0410309, slope=2.43794e+07, intercept=4.82345e+07

Interval 22:
  Original: start=-1.95701, slope=390, intercept=771, x_refl=0, y_refl=0
  Quantized: start=2817, slope=390, intercept=771
  Recovered (relative): start=0.042984, slope=2.5559e+07, intercept=5.05283e+07

Interval 23:
  Original: start=-1.95506, slope=408, intercept=807, x_refl=0, y_refl=0
  Quantized: start=2945, slope=408, intercept=807
  Recovered (relative): start=0.0449371, slope=2.67387e+07, intercept=5.28876e+07

Interval 24:
  Original: start=-1.9531, slope=426, intercept=842, x_refl=0, y_refl=0
  Quantized: start=3074, slope=426, intercept=842
  Recovered (relative): start=0.0469055, slope=2.79183e+07, intercept=5.51813e+07

Interval 25:
  Original: start=-1.95115, slope=444, intercept=878, x_refl=0, y_refl=0
  Quantized: start=3202, slope=444, intercept=878
  Recovered (relative): start=0.0488586, slope=2.9098e+07, intercept=5.75406e+07

Interval 26:
  Original: start=-1.94919, slope=463, intercept=913, x_refl=0, y_refl=0
  Quantized: start=3330, slope=463, intercept=913
  Recovered (relative): start=0.0508118, slope=3.03432e+07, intercept=5.98344e+07

Interval 27:
  Original: start=-1.94724, slope=481, intercept=949, x_refl=0, y_refl=0
  Quantized: start=3458, slope=481, intercept=949
  Recovered (relative): start=0.0527649, slope=3.15228e+07, intercept=6.21937e+07

Interval 28:
  Original: start=-1.94529, slope=499, intercept=984, x_refl=0, y_refl=0
  Quantized: start=3586, slope=499, intercept=984
  Recovered (relative): start=0.054718, slope=3.27025e+07, intercept=6.44874e+07

Interval 29:
  Original: start=-1.94333, slope=518, intercept=1020, x_refl=0, y_refl=0
  Quantized: start=3714, slope=518, intercept=1020
  Recovered (relative): start=0.0566711, slope=3.39476e+07, intercept=6.68467e+07

Interval 30:
  Original: start=-1.94138, slope=536, intercept=1056, x_refl=0, y_refl=0
  Quantized: start=3842, slope=536, intercept=1056
  Recovered (relative): start=0.0586243, slope=3.51273e+07, intercept=6.9206e+07

Interval 31:
  Original: start=-1.93942, slope=554, intercept=1091, x_refl=0, y_refl=0
  Quantized: start=3970, slope=554, intercept=1091
  Recovered (relative): start=0.0605774, slope=3.63069e+07, intercept=7.14998e+07

Interval 32:
  Original: start=-1.93747, slope=573, intercept=1127, x_refl=0, y_refl=0
  Quantized: start=4098, slope=573, intercept=1127
  Recovered (relative): start=0.0625305, slope=3.75521e+07, intercept=7.38591e+07

Interval 33:
  Original: start=-1.93552, slope=591, intercept=1163, x_refl=0, y_refl=0
  Quantized: start=4226, slope=591, intercept=1163
  Recovered (relative): start=0.0644836, slope=3.87318e+07, intercept=7.62184e+07

Interval 34:
  Original: start=-1.93356, slope=610, intercept=1199, x_refl=0, y_refl=0
  Quantized: start=4354, slope=610, intercept=1199
  Recovered (relative): start=0.0664368, slope=3.9977e+07, intercept=7.85777e+07

Interval 35:
  Original: start=-1.93161, slope=628, intercept=1235, x_refl=0, y_refl=0
  Quantized: start=4482, slope=628, intercept=1235
  Recovered (relative): start=0.0683899, slope=4.11566e+07, intercept=8.0937e+07

Interval 36:
  Original: start=-1.92965, slope=647, intercept=1270, x_refl=0, y_refl=0
  Quantized: start=4610, slope=647, intercept=1270
  Recovered (relative): start=0.070343, slope=4.24018e+07, intercept=8.32307e+07

Interval 37:
  Original: start=-1.9277, slope=666, intercept=1306, x_refl=0, y_refl=0
  Quantized: start=4738, slope=666, intercept=1306
  Recovered (relative): start=0.0722961, slope=4.3647e+07, intercept=8.559e+07

Interval 38:
  Original: start=-1.92574, slope=684, intercept=1342, x_refl=0, y_refl=0
  Quantized: start=4866, slope=684, intercept=1342
  Recovered (relative): start=0.0742493, slope=4.48266e+07, intercept=8.79493e+07

Interval 39:
  Original: start=-1.92379, slope=703, intercept=1378, x_refl=0, y_refl=0
  Quantized: start=4994, slope=703, intercept=1378
  Recovered (relative): start=0.0762024, slope=4.60718e+07, intercept=9.03086e+07

Interval 40:
  Original: start=-1.92184, slope=722, intercept=1414, x_refl=0, y_refl=0
  Quantized: start=5123, slope=722, intercept=1414
  Recovered (relative): start=0.0781708, slope=4.7317e+07, intercept=9.26679e+07

Interval 41:
  Original: start=-1.91988, slope=741, intercept=1450, x_refl=0, y_refl=0
  Quantized: start=5251, slope=741, intercept=1450
  Recovered (relative): start=0.0801239, slope=4.85622e+07, intercept=9.50272e+07

Interval 42:
  Original: start=-1.91793, slope=759, intercept=1486, x_refl=0, y_refl=0
  Quantized: start=5379, slope=759, intercept=1486
  Recovered (relative): start=0.082077, slope=4.97418e+07, intercept=9.73865e+07

Interval 43:
  Original: start=-1.91597, slope=778, intercept=1523, x_refl=0, y_refl=0
  Quantized: start=5507, slope=778, intercept=1523
  Recovered (relative): start=0.0840302, slope=5.0987e+07, intercept=9.98113e+07

Interval 44:
  Original: start=-1.91402, slope=797, intercept=1559, x_refl=0, y_refl=0
  Quantized: start=5635, slope=797, intercept=1559
  Recovered (relative): start=0.0859833, slope=5.22322e+07, intercept=1.02171e+08

Interval 45:
  Original: start=-1.91207, slope=816, intercept=1595, x_refl=0, y_refl=0
  Quantized: start=5763, slope=816, intercept=1595
  Recovered (relative): start=0.0879364, slope=5.34774e+07, intercept=1.0453e+08

Interval 46:
  Original: start=-1.91011, slope=835, intercept=1631, x_refl=0, y_refl=0
  Quantized: start=5891, slope=835, intercept=1631
  Recovered (relative): start=0.0898895, slope=5.47226e+07, intercept=1.06889e+08

Interval 47:
  Original: start=-1.90816, slope=854, intercept=1667, x_refl=0, y_refl=0
  Quantized: start=6019, slope=854, intercept=1667
  Recovered (relative): start=0.0918427, slope=5.59677e+07, intercept=1.09249e+08

Interval 48:
  Original: start=-1.9062, slope=873, intercept=1704, x_refl=0, y_refl=0
  Quantized: start=6147, slope=873, intercept=1704
  Recovered (relative): start=0.0937958, slope=5.72129e+07, intercept=1.11673e+08

Interval 49:
  Original: start=-1.90425, slope=892, intercept=1740, x_refl=0, y_refl=0
  Quantized: start=6275, slope=892, intercept=1740
  Recovered (relative): start=0.0957489, slope=5.84581e+07, intercept=1.14033e+08

Interval 50:
  Original: start=-1.9023, slope=911, intercept=1776, x_refl=0, y_refl=0
  Quantized: start=6403, slope=911, intercept=1776
  Recovered (relative): start=0.097702, slope=5.97033e+07, intercept=1.16392e+08

Interval 51:
  Original: start=-1.90034, slope=930, intercept=1813, x_refl=0, y_refl=0
  Quantized: start=6531, slope=930, intercept=1813
  Recovered (relative): start=0.0996552, slope=6.09485e+07, intercept=1.18817e+08

Interval 52:
  Original: start=-1.89839, slope=950, intercept=1849, x_refl=0, y_refl=0
  Quantized: start=6659, slope=950, intercept=1849
  Recovered (relative): start=0.101608, slope=6.22592e+07, intercept=1.21176e+08

Interval 53:
  Original: start=-1.89643, slope=969, intercept=1886, x_refl=0, y_refl=0
  Quantized: start=6787, slope=969, intercept=1886
  Recovered (relative): start=0.103561, slope=6.35044e+07, intercept=1.23601e+08

Interval 54:
  Original: start=-1.89448, slope=988, intercept=1922, x_refl=0, y_refl=0
  Quantized: start=6915, slope=988, intercept=1922
  Recovered (relative): start=0.105515, slope=6.47496e+07, intercept=1.2596e+08

Interval 55:
  Original: start=-1.89253, slope=1007, intercept=1959, x_refl=0, y_refl=0
  Quantized: start=7043, slope=1007, intercept=1959
  Recovered (relative): start=0.107468, slope=6.59948e+07, intercept=1.28385e+08

Interval 56:
  Original: start=-1.89057, slope=1027, intercept=1995, x_refl=0, y_refl=0
  Quantized: start=7172, slope=1027, intercept=1995
  Recovered (relative): start=0.109436, slope=6.73055e+07, intercept=1.30744e+08

Interval 57:
  Original: start=-1.88862, slope=1046, intercept=2032, x_refl=0, y_refl=0
  Quantized: start=7300, slope=1046, intercept=2032
  Recovered (relative): start=0.111389, slope=6.85507e+07, intercept=1.33169e+08

Interval 58:
  Original: start=-1.88666, slope=1065, intercept=2068, x_refl=0, y_refl=0
  Quantized: start=7428, slope=1065, intercept=2068
  Recovered (relative): start=0.113342, slope=6.97958e+07, intercept=1.35528e+08

Interval 59:
  Original: start=-1.88471, slope=1085, intercept=2105, x_refl=0, y_refl=0
  Quantized: start=7556, slope=1085, intercept=2105
  Recovered (relative): start=0.115295, slope=7.11066e+07, intercept=1.37953e+08

Interval 60:
  Original: start=-1.88276, slope=1104, intercept=2142, x_refl=0, y_refl=0
  Quantized: start=7684, slope=1104, intercept=2142
  Recovered (relative): start=0.117249, slope=7.23517e+07, intercept=1.40378e+08

Interval 61:
  Original: start=-1.8808, slope=1124, intercept=2178, x_refl=0, y_refl=0
  Quantized: start=7812, slope=1124, intercept=2178
  Recovered (relative): start=0.119202, slope=7.36625e+07, intercept=1.42737e+08

Interval 62:
  Original: start=-1.87885, slope=1143, intercept=2215, x_refl=0, y_refl=0
  Quantized: start=7940, slope=1143, intercept=2215
  Recovered (relative): start=0.121155, slope=7.49076e+07, intercept=1.45162e+08

Interval 63:
  Original: start=-1.87689, slope=1163, intercept=2252, x_refl=0, y_refl=0
  Quantized: start=8068, slope=1163, intercept=2252
  Recovered (relative): start=0.123108, slope=7.62184e+07, intercept=1.47587e+08

Interval 64:
  Original: start=-1.87494, slope=1183, intercept=2289, x_refl=0, y_refl=0
  Quantized: start=8196, slope=1183, intercept=2289
  Recovered (relative): start=0.125061, slope=7.75291e+07, intercept=1.50012e+08

Interval 65:
  Original: start=-1.87298, slope=1202, intercept=2326, x_refl=0, y_refl=0
  Quantized: start=8324, slope=1202, intercept=2326
  Recovered (relative): start=0.127014, slope=7.87743e+07, intercept=1.52437e+08

Interval 66:
  Original: start=-1.87103, slope=1222, intercept=2363, x_refl=0, y_refl=0
  Quantized: start=8452, slope=1222, intercept=2363
  Recovered (relative): start=0.128967, slope=8.0085e+07, intercept=1.54862e+08

Interval 67:
  Original: start=-1.86908, slope=1242, intercept=2399, x_refl=0, y_refl=0
  Quantized: start=8580, slope=1242, intercept=2399
  Recovered (relative): start=0.13092, slope=8.13957e+07, intercept=1.57221e+08

Interval 68:
  Original: start=-1.86712, slope=1262, intercept=2436, x_refl=0, y_refl=0
  Quantized: start=8708, slope=1262, intercept=2436
  Recovered (relative): start=0.132874, slope=8.27064e+07, intercept=1.59646e+08

Interval 69:
  Original: start=-1.86517, slope=1281, intercept=2473, x_refl=0, y_refl=0
  Quantized: start=8836, slope=1281, intercept=2473
  Recovered (relative): start=0.134827, slope=8.39516e+07, intercept=1.62071e+08

Interval 70:
  Original: start=-1.86321, slope=1301, intercept=2510, x_refl=0, y_refl=0
  Quantized: start=8964, slope=1301, intercept=2510
  Recovered (relative): start=0.13678, slope=8.52623e+07, intercept=1.64495e+08

Interval 71:
  Original: start=-1.86126, slope=1321, intercept=2547, x_refl=0, y_refl=0
  Quantized: start=9092, slope=1321, intercept=2547
  Recovered (relative): start=0.138733, slope=8.65731e+07, intercept=1.6692e+08

Interval 72:
  Original: start=-1.85931, slope=1341, intercept=2585, x_refl=0, y_refl=0
  Quantized: start=9221, slope=1341, intercept=2585
  Recovered (relative): start=0.140701, slope=8.78838e+07, intercept=1.69411e+08

Interval 73:
  Original: start=-1.85735, slope=1361, intercept=2622, x_refl=0, y_refl=0
  Quantized: start=9349, slope=1361, intercept=2622
  Recovered (relative): start=0.142654, slope=8.91945e+07, intercept=1.71835e+08

Interval 74:
  Original: start=-1.8554, slope=1381, intercept=2659, x_refl=0, y_refl=0
  Quantized: start=9477, slope=1381, intercept=2659
  Recovered (relative): start=0.144608, slope=9.05052e+07, intercept=1.7426e+08

Interval 75:
  Original: start=-1.85344, slope=1401, intercept=2696, x_refl=0, y_refl=0
  Quantized: start=9605, slope=1401, intercept=2696
  Recovered (relative): start=0.146561, slope=9.18159e+07, intercept=1.76685e+08

Interval 76:
  Original: start=-1.85149, slope=1421, intercept=2733, x_refl=0, y_refl=0
  Quantized: start=9733, slope=1421, intercept=2733
  Recovered (relative): start=0.148514, slope=9.31267e+07, intercept=1.7911e+08

Interval 77:
  Original: start=-1.84954, slope=1442, intercept=2771, x_refl=0, y_refl=0
  Quantized: start=9861, slope=1442, intercept=2771
  Recovered (relative): start=0.150467, slope=9.45029e+07, intercept=1.816e+08

Interval 78:
  Original: start=-1.84758, slope=1462, intercept=2808, x_refl=0, y_refl=0
  Quantized: start=9989, slope=1462, intercept=2808
  Recovered (relative): start=0.15242, slope=9.58136e+07, intercept=1.84025e+08

Interval 79:
  Original: start=-1.84563, slope=1482, intercept=2845, x_refl=0, y_refl=0
  Quantized: start=10117, slope=1482, intercept=2845
  Recovered (relative): start=0.154373, slope=9.71244e+07, intercept=1.8645e+08

Interval 80:
  Original: start=-1.84367, slope=1502, intercept=2883, x_refl=0, y_refl=0
  Quantized: start=10245, slope=1502, intercept=2883
  Recovered (relative): start=0.156326, slope=9.84351e+07, intercept=1.8894e+08

Interval 81:
  Original: start=-1.84172, slope=1523, intercept=2920, x_refl=0, y_refl=0
  Quantized: start=10373, slope=1523, intercept=2920
  Recovered (relative): start=0.158279, slope=9.98113e+07, intercept=1.91365e+08

Interval 82:
  Original: start=-1.83977, slope=1543, intercept=2957, x_refl=0, y_refl=0
  Quantized: start=10501, slope=1543, intercept=2957
  Recovered (relative): start=0.160233, slope=1.01122e+08, intercept=1.9379e+08

Interval 83:
  Original: start=-1.83781, slope=1563, intercept=2995, x_refl=0, y_refl=0
  Quantized: start=10629, slope=1563, intercept=2995
  Recovered (relative): start=0.162186, slope=1.02433e+08, intercept=1.9628e+08

Interval 84:
  Original: start=-1.83586, slope=1584, intercept=3032, x_refl=0, y_refl=0
  Quantized: start=10757, slope=1584, intercept=3032
  Recovered (relative): start=0.164139, slope=1.03809e+08, intercept=1.98705e+08

Interval 85:
  Original: start=-1.8339, slope=1604, intercept=3070, x_refl=0, y_refl=0
  Quantized: start=10885, slope=1604, intercept=3070
  Recovered (relative): start=0.166092, slope=1.0512e+08, intercept=2.01196e+08

Interval 86:
  Original: start=-1.83195, slope=1625, intercept=3107, x_refl=0, y_refl=0
  Quantized: start=11013, slope=1625, intercept=3107
  Recovered (relative): start=0.168045, slope=1.06496e+08, intercept=2.0362e+08

Interval 87:
  Original: start=-1.83, slope=1645, intercept=3145, x_refl=0, y_refl=0
  Quantized: start=11141, slope=1645, intercept=3145
  Recovered (relative): start=0.169998, slope=1.07807e+08, intercept=2.06111e+08

Interval 88:
  Original: start=-1.82804, slope=1666, intercept=3183, x_refl=0, y_refl=0
  Quantized: start=11270, slope=1666, intercept=3183
  Recovered (relative): start=0.171967, slope=1.09183e+08, intercept=2.08601e+08

Interval 89:
  Original: start=-1.82609, slope=1686, intercept=3220, x_refl=0, y_refl=0
  Quantized: start=11398, slope=1686, intercept=3220
  Recovered (relative): start=0.17392, slope=1.10494e+08, intercept=2.11026e+08

Interval 90:
  Original: start=-1.82413, slope=1707, intercept=3258, x_refl=0, y_refl=0
  Quantized: start=11526, slope=1707, intercept=3258
  Recovered (relative): start=0.175873, slope=1.1187e+08, intercept=2.13516e+08

Interval 91:
  Original: start=-1.82218, slope=1728, intercept=3296, x_refl=0, y_refl=0
  Quantized: start=11654, slope=1728, intercept=3296
  Recovered (relative): start=0.177826, slope=1.13246e+08, intercept=2.16007e+08

Interval 92:
  Original: start=-1.82022, slope=1749, intercept=3333, x_refl=0, y_refl=0
  Quantized: start=11782, slope=1749, intercept=3333
  Recovered (relative): start=0.179779, slope=1.14622e+08, intercept=2.18431e+08

Interval 93:
  Original: start=-1.81827, slope=1769, intercept=3371, x_refl=0, y_refl=0
  Quantized: start=11910, slope=1769, intercept=3371
  Recovered (relative): start=0.181732, slope=1.15933e+08, intercept=2.20922e+08

Interval 94:
  Original: start=-1.81632, slope=1790, intercept=3409, x_refl=0, y_refl=0
  Quantized: start=12038, slope=1790, intercept=3409
  Recovered (relative): start=0.183685, slope=1.17309e+08, intercept=2.23412e+08

Interval 95:
  Original: start=-1.81436, slope=1811, intercept=3447, x_refl=0, y_refl=0
  Quantized: start=12166, slope=1811, intercept=3447
  Recovered (relative): start=0.185638, slope=1.18686e+08, intercept=2.25903e+08

Interval 96:
  Original: start=-1.81241, slope=1832, intercept=3485, x_refl=0, y_refl=0
  Quantized: start=12294, slope=1832, intercept=3485
  Recovered (relative): start=0.187592, slope=1.20062e+08, intercept=2.28393e+08

Interval 97:
  Original: start=-1.81045, slope=1853, intercept=3523, x_refl=0, y_refl=0
  Quantized: start=12422, slope=1853, intercept=3523
  Recovered (relative): start=0.189545, slope=1.21438e+08, intercept=2.30883e+08

Interval 98:
  Original: start=-1.8085, slope=1874, intercept=3561, x_refl=0, y_refl=0
  Quantized: start=12550, slope=1874, intercept=3561
  Recovered (relative): start=0.191498, slope=1.22814e+08, intercept=2.33374e+08

Interval 99:
  Original: start=-1.80655, slope=1895, intercept=3599, x_refl=0, y_refl=0
  Quantized: start=12678, slope=1895, intercept=3599
  Recovered (relative): start=0.193451, slope=1.24191e+08, intercept=2.35864e+08

Interval 100:
  Original: start=-1.80459, slope=1916, intercept=3637, x_refl=0, y_refl=0
  Quantized: start=12806, slope=1916, intercept=3637
  Recovered (relative): start=0.195404, slope=1.25567e+08, intercept=2.38354e+08

Interval 101:
  Original: start=-1.80264, slope=1937, intercept=3675, x_refl=0, y_refl=0
  Quantized: start=12934, slope=1937, intercept=3675
  Recovered (relative): start=0.197357, slope=1.26943e+08, intercept=2.40845e+08

Interval 102:
  Original: start=-1.80068, slope=1958, intercept=3713, x_refl=0, y_refl=0
  Quantized: start=13062, slope=1958, intercept=3713
  Recovered (relative): start=0.19931, slope=1.28319e+08, intercept=2.43335e+08

Interval 103:
  Original: start=-1.79873, slope=1979, intercept=3751, x_refl=0, y_refl=0
  Quantized: start=13190, slope=1979, intercept=3751
  Recovered (relative): start=0.201263, slope=1.29696e+08, intercept=2.45826e+08

Interval 104:
  Original: start=-1.79678, slope=2001, intercept=3789, x_refl=0, y_refl=0
  Quantized: start=13319, slope=2001, intercept=3789
  Recovered (relative): start=0.203232, slope=1.31138e+08, intercept=2.48316e+08

Interval 105:
  Original: start=-1.79482, slope=2022, intercept=3827, x_refl=0, y_refl=0
  Quantized: start=13447, slope=2022, intercept=3827
  Recovered (relative): start=0.205185, slope=1.32514e+08, intercept=2.50806e+08

Interval 106:
  Original: start=-1.79287, slope=2043, intercept=3866, x_refl=0, y_refl=0
  Quantized: start=13575, slope=2043, intercept=3866
  Recovered (relative): start=0.207138, slope=1.3389e+08, intercept=2.53362e+08

Interval 107:
  Original: start=-1.79091, slope=2065, intercept=3904, x_refl=0, y_refl=0
  Quantized: start=13703, slope=2065, intercept=3904
  Recovered (relative): start=0.209091, slope=1.35332e+08, intercept=2.55853e+08

Interval 108:
  Original: start=-1.78896, slope=2086, intercept=3942, x_refl=0, y_refl=0
  Quantized: start=13831, slope=2086, intercept=3942
  Recovered (relative): start=0.211044, slope=1.36708e+08, intercept=2.58343e+08

Interval 109:
  Original: start=-1.78701, slope=2107, intercept=3980, x_refl=0, y_refl=0
  Quantized: start=13959, slope=2107, intercept=3980
  Recovered (relative): start=0.212997, slope=1.38084e+08, intercept=2.60833e+08

Interval 110:
  Original: start=-1.78505, slope=2129, intercept=4019, x_refl=0, y_refl=0
  Quantized: start=14087, slope=2129, intercept=4019
  Recovered (relative): start=0.214951, slope=1.39526e+08, intercept=2.63389e+08

Interval 111:
  Original: start=-1.7831, slope=2150, intercept=4057, x_refl=0, y_refl=0
  Quantized: start=14215, slope=2150, intercept=4057
  Recovered (relative): start=0.216904, slope=1.40902e+08, intercept=2.6588e+08

Interval 112:
  Original: start=-1.78114, slope=2172, intercept=4096, x_refl=0, y_refl=0
  Quantized: start=14343, slope=2172, intercept=4096
  Recovered (relative): start=0.218857, slope=1.42344e+08, intercept=2.68435e+08

Interval 113:
  Original: start=-1.77919, slope=2194, intercept=4134, x_refl=0, y_refl=0
  Quantized: start=14471, slope=2194, intercept=4134
  Recovered (relative): start=0.22081, slope=1.43786e+08, intercept=2.70926e+08

Interval 114:
  Original: start=-1.77723, slope=2215, intercept=4173, x_refl=0, y_refl=0
  Quantized: start=14599, slope=2215, intercept=4173
  Recovered (relative): start=0.222763, slope=1.45162e+08, intercept=2.73482e+08

Interval 115:
  Original: start=-1.77528, slope=2237, intercept=4211, x_refl=0, y_refl=0
  Quantized: start=14727, slope=2237, intercept=4211
  Recovered (relative): start=0.224716, slope=1.46604e+08, intercept=2.75972e+08

Interval 116:
  Original: start=-1.77333, slope=2259, intercept=4250, x_refl=0, y_refl=0
  Quantized: start=14855, slope=2259, intercept=4250
  Recovered (relative): start=0.226669, slope=1.48046e+08, intercept=2.78528e+08

Interval 117:
  Original: start=-1.77137, slope=2281, intercept=4288, x_refl=0, y_refl=0
  Quantized: start=14983, slope=2281, intercept=4288
  Recovered (relative): start=0.228622, slope=1.49488e+08, intercept=2.81018e+08

Interval 118:
  Original: start=-1.76942, slope=2302, intercept=4327, x_refl=0, y_refl=0
  Quantized: start=15111, slope=2302, intercept=4327
  Recovered (relative): start=0.230576, slope=1.50864e+08, intercept=2.83574e+08

Interval 119:
  Original: start=-1.76746, slope=2324, intercept=4365, x_refl=0, y_refl=0
  Quantized: start=15239, slope=2324, intercept=4365
  Recovered (relative): start=0.232529, slope=1.52306e+08, intercept=2.86065e+08

Interval 120:
  Original: start=-1.76551, slope=2346, intercept=4404, x_refl=0, y_refl=0
  Quantized: start=15368, slope=2346, intercept=4404
  Recovered (relative): start=0.234497, slope=1.53747e+08, intercept=2.88621e+08

Interval 121:
  Original: start=-1.76356, slope=2368, intercept=4443, x_refl=0, y_refl=0
  Quantized: start=15496, slope=2368, intercept=4443
  Recovered (relative): start=0.23645, slope=1.55189e+08, intercept=2.91176e+08

Interval 122:
  Original: start=-1.7616, slope=2390, intercept=4482, x_refl=0, y_refl=0
  Quantized: start=15624, slope=2390, intercept=4482
  Recovered (relative): start=0.238403, slope=1.56631e+08, intercept=2.93732e+08

Interval 123:
  Original: start=-1.75965, slope=2412, intercept=4520, x_refl=0, y_refl=0
  Quantized: start=15752, slope=2412, intercept=4520
  Recovered (relative): start=0.240356, slope=1.58073e+08, intercept=2.96223e+08

Interval 124:
  Original: start=-1.75769, slope=2434, intercept=4559, x_refl=0, y_refl=0
  Quantized: start=15880, slope=2434, intercept=4559
  Recovered (relative): start=0.24231, slope=1.59515e+08, intercept=2.98779e+08

Interval 125:
  Original: start=-1.75574, slope=2456, intercept=4598, x_refl=0, y_refl=0
  Quantized: start=16008, slope=2456, intercept=4598
  Recovered (relative): start=0.244263, slope=1.60956e+08, intercept=3.01335e+08

Interval 126:
  Original: start=-1.75379, slope=2479, intercept=4637, x_refl=0, y_refl=0
  Quantized: start=16136, slope=2479, intercept=4637
  Recovered (relative): start=0.246216, slope=1.62464e+08, intercept=3.0389e+08

Interval 127:
  Original: start=-1.75183, slope=2501, intercept=4676, x_refl=0, y_refl=0
  Quantized: start=16264, slope=2501, intercept=4676
  Recovered (relative): start=0.248169, slope=1.63906e+08, intercept=3.06446e+08

Interval 128:
  Original: start=-1.74988, slope=2523, intercept=4715, x_refl=0, y_refl=0
  Quantized: start=16392, slope=2523, intercept=4715
  Recovered (relative): start=0.250122, slope=1.65347e+08, intercept=3.09002e+08

Interval 129:
  Original: start=-1.74792, slope=2545, intercept=4754, x_refl=0, y_refl=0
  Quantized: start=16520, slope=2545, intercept=4754
  Recovered (relative): start=0.252075, slope=1.66789e+08, intercept=3.11558e+08

Interval 130:
  Original: start=-1.74597, slope=2568, intercept=4793, x_refl=0, y_refl=0
  Quantized: start=16648, slope=2568, intercept=4793
  Recovered (relative): start=0.254028, slope=1.68296e+08, intercept=3.14114e+08

Interval 131:
  Original: start=-1.74402, slope=2590, intercept=4832, x_refl=0, y_refl=0
  Quantized: start=16776, slope=2590, intercept=4832
  Recovered (relative): start=0.255981, slope=1.69738e+08, intercept=3.1667e+08

Interval 132:
  Original: start=-1.74206, slope=2612, intercept=4871, x_refl=0, y_refl=0
  Quantized: start=16904, slope=2612, intercept=4871
  Recovered (relative): start=0.257935, slope=1.7118e+08, intercept=3.19226e+08

Interval 133:
  Original: start=-1.74011, slope=2635, intercept=4910, x_refl=0, y_refl=0
  Quantized: start=17032, slope=2635, intercept=4910
  Recovered (relative): start=0.259888, slope=1.72687e+08, intercept=3.21782e+08

Interval 134:
  Original: start=-1.73815, slope=2657, intercept=4949, x_refl=0, y_refl=0
  Quantized: start=17160, slope=2657, intercept=4949
  Recovered (relative): start=0.261841, slope=1.74129e+08, intercept=3.24338e+08

Interval 135:
  Original: start=-1.7362, slope=2680, intercept=4988, x_refl=0, y_refl=0
  Quantized: start=17288, slope=2680, intercept=4988
  Recovered (relative): start=0.263794, slope=1.75636e+08, intercept=3.26894e+08

Interval 136:
  Original: start=-1.73425, slope=2703, intercept=5028, x_refl=0, y_refl=0
  Quantized: start=17417, slope=2703, intercept=5028
  Recovered (relative): start=0.265762, slope=1.77144e+08, intercept=3.29515e+08

Interval 137:
  Original: start=-1.73229, slope=2725, intercept=5067, x_refl=0, y_refl=0
  Quantized: start=17545, slope=2725, intercept=5067
  Recovered (relative): start=0.267715, slope=1.78586e+08, intercept=3.32071e+08

Interval 138:
  Original: start=-1.73034, slope=2748, intercept=5106, x_refl=0, y_refl=0
  Quantized: start=17673, slope=2748, intercept=5106
  Recovered (relative): start=0.269669, slope=1.80093e+08, intercept=3.34627e+08

Interval 139:
  Original: start=-1.72838, slope=2771, intercept=5145, x_refl=0, y_refl=0
  Quantized: start=17801, slope=2771, intercept=5145
  Recovered (relative): start=0.271622, slope=1.816e+08, intercept=3.37183e+08

Interval 140:
  Original: start=-1.72643, slope=2793, intercept=5185, x_refl=0, y_refl=0
  Quantized: start=17929, slope=2793, intercept=5185
  Recovered (relative): start=0.273575, slope=1.83042e+08, intercept=3.39804e+08

Interval 141:
  Original: start=-1.72447, slope=2816, intercept=5224, x_refl=0, y_refl=0
  Quantized: start=18057, slope=2816, intercept=5224
  Recovered (relative): start=0.275528, slope=1.84549e+08, intercept=3.4236e+08

Interval 142:
  Original: start=-1.72252, slope=2839, intercept=5263, x_refl=0, y_refl=0
  Quantized: start=18185, slope=2839, intercept=5263
  Recovered (relative): start=0.277481, slope=1.86057e+08, intercept=3.44916e+08

Interval 143:
  Original: start=-1.72057, slope=2862, intercept=5303, x_refl=0, y_refl=0
  Quantized: start=18313, slope=2862, intercept=5303
  Recovered (relative): start=0.279434, slope=1.87564e+08, intercept=3.47537e+08

Interval 144:
  Original: start=-1.71861, slope=2885, intercept=5342, x_refl=0, y_refl=0
  Quantized: start=18441, slope=2885, intercept=5342
  Recovered (relative): start=0.281387, slope=1.89071e+08, intercept=3.50093e+08

Interval 145:
  Original: start=-1.71666, slope=2908, intercept=5382, x_refl=0, y_refl=0
  Quantized: start=18569, slope=2908, intercept=5382
  Recovered (relative): start=0.28334, slope=1.90579e+08, intercept=3.52715e+08

Interval 146:
  Original: start=-1.7147, slope=2931, intercept=5421, x_refl=0, y_refl=0
  Quantized: start=18697, slope=2931, intercept=5421
  Recovered (relative): start=0.285294, slope=1.92086e+08, intercept=3.55271e+08

Interval 147:
  Original: start=-1.71275, slope=2954, intercept=5461, x_refl=0, y_refl=0
  Quantized: start=18825, slope=2954, intercept=5461
  Recovered (relative): start=0.287247, slope=1.93593e+08, intercept=3.57892e+08

Interval 148:
  Original: start=-1.7108, slope=2977, intercept=5501, x_refl=0, y_refl=0
  Quantized: start=18953, slope=2977, intercept=5501
  Recovered (relative): start=0.2892, slope=1.95101e+08, intercept=3.60514e+08

Interval 149:
  Original: start=-1.70884, slope=3001, intercept=5540, x_refl=0, y_refl=0
  Quantized: start=19081, slope=3001, intercept=5540
  Recovered (relative): start=0.291153, slope=1.96674e+08, intercept=3.63069e+08

Interval 150:
  Original: start=-1.70689, slope=3024, intercept=5580, x_refl=0, y_refl=0
  Quantized: start=19209, slope=3024, intercept=5580
  Recovered (relative): start=0.293106, slope=1.98181e+08, intercept=3.65691e+08

Interval 151:
  Original: start=-1.70493, slope=3047, intercept=5620, x_refl=0, y_refl=0
  Quantized: start=19337, slope=3047, intercept=5620
  Recovered (relative): start=0.295059, slope=1.99688e+08, intercept=3.68312e+08

Interval 152:
  Original: start=-1.70298, slope=3070, intercept=5659, x_refl=0, y_refl=0
  Quantized: start=19466, slope=3070, intercept=5659
  Recovered (relative): start=0.297028, slope=2.01196e+08, intercept=3.70868e+08

Interval 153:
  Original: start=-1.70103, slope=3094, intercept=5699, x_refl=0, y_refl=0
  Quantized: start=19594, slope=3094, intercept=5699
  Recovered (relative): start=0.298981, slope=2.02768e+08, intercept=3.7349e+08

Interval 154:
  Original: start=-1.69907, slope=3117, intercept=5739, x_refl=0, y_refl=0
  Quantized: start=19722, slope=3117, intercept=5739
  Recovered (relative): start=0.300934, slope=2.04276e+08, intercept=3.76111e+08

Interval 155:
  Original: start=-1.69712, slope=3141, intercept=5779, x_refl=0, y_refl=0
  Quantized: start=19850, slope=3141, intercept=5779
  Recovered (relative): start=0.302887, slope=2.05849e+08, intercept=3.78733e+08

Interval 156:
  Original: start=-1.69516, slope=3164, intercept=5818, x_refl=0, y_refl=0
  Quantized: start=19978, slope=3164, intercept=5818
  Recovered (relative): start=0.30484, slope=2.07356e+08, intercept=3.81288e+08

Interval 157:
  Original: start=-1.69321, slope=3188, intercept=5858, x_refl=0, y_refl=0
  Quantized: start=20106, slope=3188, intercept=5858
  Recovered (relative): start=0.306793, slope=2.08929e+08, intercept=3.8391e+08

Interval 158:
  Original: start=-1.69126, slope=3211, intercept=5898, x_refl=0, y_refl=0
  Quantized: start=20234, slope=3211, intercept=5898
  Recovered (relative): start=0.308746, slope=2.10436e+08, intercept=3.86531e+08

Interval 159:
  Original: start=-1.6893, slope=3235, intercept=5938, x_refl=0, y_refl=0
  Quantized: start=20362, slope=3235, intercept=5938
  Recovered (relative): start=0.310699, slope=2.12009e+08, intercept=3.89153e+08

Interval 160:
  Original: start=-1.68735, slope=3259, intercept=5978, x_refl=0, y_refl=0
  Quantized: start=20490, slope=3259, intercept=5978
  Recovered (relative): start=0.312653, slope=2.13582e+08, intercept=3.91774e+08

Interval 161:
  Original: start=-1.68539, slope=3282, intercept=6018, x_refl=0, y_refl=0
  Quantized: start=20618, slope=3282, intercept=6018
  Recovered (relative): start=0.314606, slope=2.15089e+08, intercept=3.94396e+08

Interval 162:
  Original: start=-1.68344, slope=3306, intercept=6058, x_refl=0, y_refl=0
  Quantized: start=20746, slope=3306, intercept=6058
  Recovered (relative): start=0.316559, slope=2.16662e+08, intercept=3.97017e+08

Interval 163:
  Original: start=-1.68149, slope=3330, intercept=6098, x_refl=0, y_refl=0
  Quantized: start=20874, slope=3330, intercept=6098
  Recovered (relative): start=0.318512, slope=2.18235e+08, intercept=3.99639e+08

Interval 164:
  Original: start=-1.67953, slope=3354, intercept=6138, x_refl=0, y_refl=0
  Quantized: start=21002, slope=3354, intercept=6138
  Recovered (relative): start=0.320465, slope=2.19808e+08, intercept=4.0226e+08

Interval 165:
  Original: start=-1.67758, slope=3378, intercept=6179, x_refl=0, y_refl=0
  Quantized: start=21130, slope=3378, intercept=6179
  Recovered (relative): start=0.322418, slope=2.21381e+08, intercept=4.04947e+08

Interval 166:
  Original: start=-1.67562, slope=3402, intercept=6219, x_refl=0, y_refl=0
  Quantized: start=21258, slope=3402, intercept=6219
  Recovered (relative): start=0.324371, slope=2.22953e+08, intercept=4.07568e+08

Interval 167:
  Original: start=-1.67367, slope=3426, intercept=6259, x_refl=0, y_refl=0
  Quantized: start=21386, slope=3426, intercept=6259
  Recovered (relative): start=0.326324, slope=2.24526e+08, intercept=4.1019e+08

Interval 168:
  Original: start=-1.67171, slope=3450, intercept=6299, x_refl=0, y_refl=0
  Quantized: start=21515, slope=3450, intercept=6299
  Recovered (relative): start=0.328293, slope=2.26099e+08, intercept=4.12811e+08

Interval 169:
  Original: start=-1.66976, slope=3474, intercept=6339, x_refl=0, y_refl=0
  Quantized: start=21643, slope=3474, intercept=6339
  Recovered (relative): start=0.330246, slope=2.27672e+08, intercept=4.15433e+08

Interval 170:
  Original: start=-1.66781, slope=3498, intercept=6380, x_refl=0, y_refl=0
  Quantized: start=21771, slope=3498, intercept=6380
  Recovered (relative): start=0.332199, slope=2.29245e+08, intercept=4.1812e+08

Interval 171:
  Original: start=-1.66585, slope=3522, intercept=6420, x_refl=0, y_refl=0
  Quantized: start=21899, slope=3522, intercept=6420
  Recovered (relative): start=0.334152, slope=2.30818e+08, intercept=4.20741e+08

Interval 172:
  Original: start=-1.6639, slope=3547, intercept=6460, x_refl=0, y_refl=0
  Quantized: start=22027, slope=3547, intercept=6460
  Recovered (relative): start=0.336105, slope=2.32456e+08, intercept=4.23363e+08

Interval 173:
  Original: start=-1.66194, slope=3571, intercept=6501, x_refl=0, y_refl=0
  Quantized: start=22155, slope=3571, intercept=6501
  Recovered (relative): start=0.338058, slope=2.34029e+08, intercept=4.2605e+08

Interval 174:
  Original: start=-1.65999, slope=3595, intercept=6541, x_refl=0, y_refl=0
  Quantized: start=22283, slope=3595, intercept=6541
  Recovered (relative): start=0.340012, slope=2.35602e+08, intercept=4.28671e+08

Interval 175:
  Original: start=-1.65804, slope=3620, intercept=6582, x_refl=0, y_refl=0
  Quantized: start=22411, slope=3620, intercept=6582
  Recovered (relative): start=0.341965, slope=2.3724e+08, intercept=4.31358e+08

Interval 176:
  Original: start=-1.65608, slope=3644, intercept=6622, x_refl=0, y_refl=0
  Quantized: start=22539, slope=3644, intercept=6622
  Recovered (relative): start=0.343918, slope=2.38813e+08, intercept=4.33979e+08

Interval 177:
  Original: start=-1.65413, slope=3669, intercept=6663, x_refl=0, y_refl=0
  Quantized: start=22667, slope=3669, intercept=6663
  Recovered (relative): start=0.345871, slope=2.40452e+08, intercept=4.36666e+08

Interval 178:
  Original: start=-1.65217, slope=3693, intercept=6703, x_refl=0, y_refl=0
  Quantized: start=22795, slope=3693, intercept=6703
  Recovered (relative): start=0.347824, slope=2.42024e+08, intercept=4.39288e+08

Interval 179:
  Original: start=-1.65022, slope=3718, intercept=6744, x_refl=0, y_refl=0
  Quantized: start=22923, slope=3718, intercept=6744
  Recovered (relative): start=0.349777, slope=2.43663e+08, intercept=4.41975e+08

Interval 180:
  Original: start=-1.64827, slope=3742, intercept=6784, x_refl=0, y_refl=0
  Quantized: start=23051, slope=3742, intercept=6784
  Recovered (relative): start=0.35173, slope=2.45236e+08, intercept=4.44596e+08

Interval 181:
  Original: start=-1.64631, slope=3767, intercept=6825, x_refl=0, y_refl=0
  Quantized: start=23179, slope=3767, intercept=6825
  Recovered (relative): start=0.353683, slope=2.46874e+08, intercept=4.47283e+08

Interval 182:
  Original: start=-1.64436, slope=3792, intercept=6866, x_refl=0, y_refl=0
  Quantized: start=23307, slope=3792, intercept=6866
  Recovered (relative): start=0.355637, slope=2.48513e+08, intercept=4.4997e+08

Interval 183:
  Original: start=-1.6424, slope=3817, intercept=6906, x_refl=0, y_refl=0
  Quantized: start=23435, slope=3817, intercept=6906
  Recovered (relative): start=0.35759, slope=2.50151e+08, intercept=4.52592e+08

Interval 184:
  Original: start=-1.64045, slope=3841, intercept=6947, x_refl=0, y_refl=0
  Quantized: start=23564, slope=3841, intercept=6947
  Recovered (relative): start=0.359558, slope=2.51724e+08, intercept=4.55279e+08

Interval 185:
  Original: start=-1.6385, slope=3866, intercept=6988, x_refl=0, y_refl=0
  Quantized: start=23692, slope=3866, intercept=6988
  Recovered (relative): start=0.361511, slope=2.53362e+08, intercept=4.57966e+08

Interval 186:
  Original: start=-1.63654, slope=3891, intercept=7029, x_refl=0, y_refl=0
  Quantized: start=23820, slope=3891, intercept=7029
  Recovered (relative): start=0.363464, slope=2.55001e+08, intercept=4.60653e+08

Interval 187:
  Original: start=-1.63459, slope=3916, intercept=7070, x_refl=0, y_refl=0
  Quantized: start=23948, slope=3916, intercept=7070
  Recovered (relative): start=0.365417, slope=2.56639e+08, intercept=4.6334e+08

Interval 188:
  Original: start=-1.63263, slope=3941, intercept=7110, x_refl=0, y_refl=0
  Quantized: start=24076, slope=3941, intercept=7110
  Recovered (relative): start=0.367371, slope=2.58277e+08, intercept=4.65961e+08

Interval 189:
  Original: start=-1.63068, slope=3966, intercept=7151, x_refl=0, y_refl=0
  Quantized: start=24204, slope=3966, intercept=7151
  Recovered (relative): start=0.369324, slope=2.59916e+08, intercept=4.68648e+08

Interval 190:
  Original: start=-1.62872, slope=3991, intercept=7192, x_refl=0, y_refl=0
  Quantized: start=24332, slope=3991, intercept=7192
  Recovered (relative): start=0.371277, slope=2.61554e+08, intercept=4.71335e+08

Interval 191:
  Original: start=-1.62677, slope=4017, intercept=7233, x_refl=0, y_refl=0
  Quantized: start=24460, slope=4017, intercept=7233
  Recovered (relative): start=0.37323, slope=2.63258e+08, intercept=4.74022e+08

Interval 192:
  Original: start=-1.62482, slope=4042, intercept=7274, x_refl=0, y_refl=0
  Quantized: start=24588, slope=4042, intercept=7274
  Recovered (relative): start=0.375183, slope=2.64897e+08, intercept=4.76709e+08

Interval 193:
  Original: start=-1.62286, slope=4067, intercept=7315, x_refl=0, y_refl=0
  Quantized: start=24716, slope=4067, intercept=7315
  Recovered (relative): start=0.377136, slope=2.66535e+08, intercept=4.79396e+08

Interval 194:
  Original: start=-1.62091, slope=4092, intercept=7356, x_refl=0, y_refl=0
  Quantized: start=24844, slope=4092, intercept=7356
  Recovered (relative): start=0.379089, slope=2.68173e+08, intercept=4.82083e+08

Interval 195:
  Original: start=-1.61895, slope=4118, intercept=7397, x_refl=0, y_refl=0
  Quantized: start=24972, slope=4118, intercept=7397
  Recovered (relative): start=0.381042, slope=2.69877e+08, intercept=4.8477e+08

Interval 196:
  Original: start=-1.617, slope=4143, intercept=7438, x_refl=0, y_refl=0
  Quantized: start=25100, slope=4143, intercept=7438
  Recovered (relative): start=0.382996, slope=2.71516e+08, intercept=4.87457e+08

Interval 197:
  Original: start=-1.61505, slope=4169, intercept=7479, x_refl=0, y_refl=0
  Quantized: start=25228, slope=4169, intercept=7479
  Recovered (relative): start=0.384949, slope=2.7322e+08, intercept=4.90144e+08

Interval 198:
  Original: start=-1.61309, slope=4194, intercept=7521, x_refl=0, y_refl=0
  Quantized: start=25356, slope=4194, intercept=7521
  Recovered (relative): start=0.386902, slope=2.74858e+08, intercept=4.92896e+08

Interval 199:
  Original: start=-1.61114, slope=4220, intercept=7562, x_refl=0, y_refl=0
  Quantized: start=25484, slope=4220, intercept=7562
  Recovered (relative): start=0.388855, slope=2.76562e+08, intercept=4.95583e+08

Interval 200:
  Original: start=-1.60918, slope=4245, intercept=7603, x_refl=0, y_refl=0
  Quantized: start=25613, slope=4245, intercept=7603
  Recovered (relative): start=0.390823, slope=2.782e+08, intercept=4.9827e+08

Interval 201:
  Original: start=-1.60723, slope=4271, intercept=7644, x_refl=0, y_refl=0
  Quantized: start=25741, slope=4271, intercept=7644
  Recovered (relative): start=0.392776, slope=2.79904e+08, intercept=5.00957e+08

Interval 202:
  Original: start=-1.60528, slope=4297, intercept=7686, x_refl=0, y_refl=0
  Quantized: start=25869, slope=4297, intercept=7686
  Recovered (relative): start=0.39473, slope=2.81608e+08, intercept=5.0371e+08

Interval 203:
  Original: start=-1.60332, slope=4322, intercept=7727, x_refl=0, y_refl=0
  Quantized: start=25997, slope=4322, intercept=7727
  Recovered (relative): start=0.396683, slope=2.83247e+08, intercept=5.06397e+08

Interval 204:
  Original: start=-1.60137, slope=4348, intercept=7768, x_refl=0, y_refl=0
  Quantized: start=26125, slope=4348, intercept=7768
  Recovered (relative): start=0.398636, slope=2.84951e+08, intercept=5.09084e+08

Interval 205:
  Original: start=-1.59941, slope=4374, intercept=7810, x_refl=0, y_refl=0
  Quantized: start=26253, slope=4374, intercept=7810
  Recovered (relative): start=0.400589, slope=2.86654e+08, intercept=5.11836e+08

Interval 206:
  Original: start=-1.59746, slope=4400, intercept=7851, x_refl=0, y_refl=0
  Quantized: start=26381, slope=4400, intercept=7851
  Recovered (relative): start=0.402542, slope=2.88358e+08, intercept=5.14523e+08

Interval 207:
  Original: start=-1.59551, slope=4426, intercept=7892, x_refl=0, y_refl=0
  Quantized: start=26509, slope=4426, intercept=7892
  Recovered (relative): start=0.404495, slope=2.90062e+08, intercept=5.1721e+08

Interval 208:
  Original: start=-1.59355, slope=4452, intercept=7934, x_refl=0, y_refl=0
  Quantized: start=26637, slope=4452, intercept=7934
  Recovered (relative): start=0.406448, slope=2.91766e+08, intercept=5.19963e+08

Interval 209:
  Original: start=-1.5916, slope=4478, intercept=7975, x_refl=0, y_refl=0
  Quantized: start=26765, slope=4478, intercept=7975
  Recovered (relative): start=0.408401, slope=2.9347e+08, intercept=5.2265e+08

Interval 210:
  Original: start=-1.58964, slope=4504, intercept=8017, x_refl=0, y_refl=0
  Quantized: start=26893, slope=4504, intercept=8017
  Recovered (relative): start=0.410355, slope=2.95174e+08, intercept=5.25402e+08

Interval 211:
  Original: start=-1.58769, slope=4530, intercept=8059, x_refl=0, y_refl=0
  Quantized: start=27021, slope=4530, intercept=8059
  Recovered (relative): start=0.412308, slope=2.96878e+08, intercept=5.28155e+08

Interval 212:
  Original: start=-1.58574, slope=4557, intercept=8100, x_refl=0, y_refl=0
  Quantized: start=27149, slope=4557, intercept=8100
  Recovered (relative): start=0.414261, slope=2.98648e+08, intercept=5.30842e+08

Interval 213:
  Original: start=-1.58378, slope=4583, intercept=8142, x_refl=0, y_refl=0
  Quantized: start=27277, slope=4583, intercept=8142
  Recovered (relative): start=0.416214, slope=3.00351e+08, intercept=5.33594e+08

Interval 214:
  Original: start=-1.58183, slope=4609, intercept=8183, x_refl=0, y_refl=0
  Quantized: start=27405, slope=4609, intercept=8183
  Recovered (relative): start=0.418167, slope=3.02055e+08, intercept=5.36281e+08

Interval 215:
  Original: start=-1.57987, slope=4636, intercept=8225, x_refl=0, y_refl=0
  Quantized: start=27533, slope=4636, intercept=8225
  Recovered (relative): start=0.42012, slope=3.03825e+08, intercept=5.39034e+08

Interval 216:
  Original: start=-1.57792, slope=4662, intercept=8267, x_refl=0, y_refl=0
  Quantized: start=27662, slope=4662, intercept=8267
  Recovered (relative): start=0.422089, slope=3.05529e+08, intercept=5.41786e+08

Interval 217:
  Original: start=-1.57596, slope=4689, intercept=8309, x_refl=0, y_refl=0
  Quantized: start=27790, slope=4689, intercept=8309
  Recovered (relative): start=0.424042, slope=3.07298e+08, intercept=5.44539e+08

Interval 218:
  Original: start=-1.57401, slope=4715, intercept=8350, x_refl=0, y_refl=0
  Quantized: start=27918, slope=4715, intercept=8350
  Recovered (relative): start=0.425995, slope=3.09002e+08, intercept=5.47226e+08

Interval 219:
  Original: start=-1.57206, slope=4742, intercept=8392, x_refl=0, y_refl=0
  Quantized: start=28046, slope=4742, intercept=8392
  Recovered (relative): start=0.427948, slope=3.10772e+08, intercept=5.49978e+08

Interval 220:
  Original: start=-1.5701, slope=4768, intercept=8434, x_refl=0, y_refl=0
  Quantized: start=28174, slope=4768, intercept=8434
  Recovered (relative): start=0.429901, slope=3.12476e+08, intercept=5.52731e+08

Interval 221:
  Original: start=-1.56815, slope=4795, intercept=8476, x_refl=0, y_refl=0
  Quantized: start=28302, slope=4795, intercept=8476
  Recovered (relative): start=0.431854, slope=3.14245e+08, intercept=5.55483e+08

Interval 222:
  Original: start=-1.56619, slope=4822, intercept=8518, x_refl=0, y_refl=0
  Quantized: start=28430, slope=4822, intercept=8518
  Recovered (relative): start=0.433807, slope=3.16015e+08, intercept=5.58236e+08

Interval 223:
  Original: start=-1.56424, slope=4849, intercept=8560, x_refl=0, y_refl=0
  Quantized: start=28558, slope=4849, intercept=8560
  Recovered (relative): start=0.43576, slope=3.17784e+08, intercept=5.60988e+08

Interval 224:
  Original: start=-1.56229, slope=4875, intercept=8602, x_refl=0, y_refl=0
  Quantized: start=28686, slope=4875, intercept=8602
  Recovered (relative): start=0.437714, slope=3.19488e+08, intercept=5.63741e+08

Interval 225:
  Original: start=-1.56033, slope=4902, intercept=8644, x_refl=0, y_refl=0
  Quantized: start=28814, slope=4902, intercept=8644
  Recovered (relative): start=0.439667, slope=3.21257e+08, intercept=5.66493e+08

Interval 226:
  Original: start=-1.55838, slope=4929, intercept=8686, x_refl=0, y_refl=0
  Quantized: start=28942, slope=4929, intercept=8686
  Recovered (relative): start=0.44162, slope=3.23027e+08, intercept=5.69246e+08

Interval 227:
  Original: start=-1.55642, slope=4956, intercept=8728, x_refl=0, y_refl=0
  Quantized: start=29070, slope=4956, intercept=8728
  Recovered (relative): start=0.443573, slope=3.24796e+08, intercept=5.71998e+08

Interval 228:
  Original: start=-1.55447, slope=4983, intercept=8770, x_refl=0, y_refl=0
  Quantized: start=29198, slope=4983, intercept=8770
  Recovered (relative): start=0.445526, slope=3.26566e+08, intercept=5.74751e+08

Interval 229:
  Original: start=-1.55252, slope=5010, intercept=8812, x_refl=0, y_refl=0
  Quantized: start=29326, slope=5010, intercept=8812
  Recovered (relative): start=0.447479, slope=3.28335e+08, intercept=5.77503e+08

Interval 230:
  Original: start=-1.55056, slope=5038, intercept=8854, x_refl=0, y_refl=0
  Quantized: start=29454, slope=5038, intercept=8854
  Recovered (relative): start=0.449432, slope=3.3017e+08, intercept=5.80256e+08

Interval 231:
  Original: start=-1.54861, slope=5065, intercept=8896, x_refl=0, y_refl=0
  Quantized: start=29582, slope=5065, intercept=8896
  Recovered (relative): start=0.451385, slope=3.3194e+08, intercept=5.83008e+08

Interval 232:
  Original: start=-1.54665, slope=5092, intercept=8938, x_refl=0, y_refl=0
  Quantized: start=29711, slope=5092, intercept=8938
  Recovered (relative): start=0.453354, slope=3.33709e+08, intercept=5.85761e+08

Interval 233:
  Original: start=-1.5447, slope=5119, intercept=8980, x_refl=0, y_refl=0
  Quantized: start=29839, slope=5119, intercept=8980
  Recovered (relative): start=0.455307, slope=3.35479e+08, intercept=5.88513e+08

Interval 234:
  Original: start=-1.54275, slope=5147, intercept=9023, x_refl=0, y_refl=0
  Quantized: start=29967, slope=5147, intercept=9023
  Recovered (relative): start=0.45726, slope=3.37314e+08, intercept=5.91331e+08

Interval 235:
  Original: start=-1.54079, slope=5174, intercept=9065, x_refl=0, y_refl=0
  Quantized: start=30095, slope=5174, intercept=9065
  Recovered (relative): start=0.459213, slope=3.39083e+08, intercept=5.94084e+08

Interval 236:
  Original: start=-1.53884, slope=5202, intercept=9107, x_refl=0, y_refl=0
  Quantized: start=30223, slope=5202, intercept=9107
  Recovered (relative): start=0.461166, slope=3.40918e+08, intercept=5.96836e+08

Interval 237:
  Original: start=-1.53688, slope=5229, intercept=9149, x_refl=0, y_refl=0
  Quantized: start=30351, slope=5229, intercept=9149
  Recovered (relative): start=0.46312, slope=3.42688e+08, intercept=5.99589e+08

Interval 238:
  Original: start=-1.53493, slope=5257, intercept=9192, x_refl=0, y_refl=0
  Quantized: start=30479, slope=5257, intercept=9192
  Recovered (relative): start=0.465073, slope=3.44523e+08, intercept=6.02407e+08

Interval 239:
  Original: start=-1.53298, slope=5285, intercept=9234, x_refl=0, y_refl=0
  Quantized: start=30607, slope=5285, intercept=9234
  Recovered (relative): start=0.467026, slope=3.46358e+08, intercept=6.05159e+08

Interval 240:
  Original: start=-1.53102, slope=5312, intercept=9277, x_refl=0, y_refl=0
  Quantized: start=30735, slope=5312, intercept=9277
  Recovered (relative): start=0.468979, slope=3.48127e+08, intercept=6.07977e+08

Interval 241:
  Original: start=-1.52907, slope=5340, intercept=9319, x_refl=0, y_refl=0
  Quantized: start=30863, slope=5340, intercept=9319
  Recovered (relative): start=0.470932, slope=3.49962e+08, intercept=6.1073e+08

Interval 242:
  Original: start=-1.52711, slope=5368, intercept=9362, x_refl=0, y_refl=0
  Quantized: start=30991, slope=5368, intercept=9362
  Recovered (relative): start=0.472885, slope=3.51797e+08, intercept=6.13548e+08

Interval 243:
  Original: start=-1.52516, slope=5396, intercept=9404, x_refl=0, y_refl=0
  Quantized: start=31119, slope=5396, intercept=9404
  Recovered (relative): start=0.474838, slope=3.53632e+08, intercept=6.16301e+08

Interval 244:
  Original: start=-1.5232, slope=5424, intercept=9447, x_refl=0, y_refl=0
  Quantized: start=31247, slope=5424, intercept=9447
  Recovered (relative): start=0.476791, slope=3.55467e+08, intercept=6.19119e+08

Interval 245:
  Original: start=-1.52125, slope=5452, intercept=9489, x_refl=0, y_refl=0
  Quantized: start=31375, slope=5452, intercept=9489
  Recovered (relative): start=0.478745, slope=3.57302e+08, intercept=6.21871e+08

Interval 246:
  Original: start=-1.5193, slope=5480, intercept=9532, x_refl=0, y_refl=0
  Quantized: start=31503, slope=5480, intercept=9532
  Recovered (relative): start=0.480698, slope=3.59137e+08, intercept=6.24689e+08

Interval 247:
  Original: start=-1.51734, slope=5508, intercept=9574, x_refl=0, y_refl=0
  Quantized: start=31631, slope=5508, intercept=9574
  Recovered (relative): start=0.482651, slope=3.60972e+08, intercept=6.27442e+08

Interval 248:
  Original: start=-1.51539, slope=5536, intercept=9617, x_refl=0, y_refl=0
  Quantized: start=31760, slope=5536, intercept=9617
  Recovered (relative): start=0.484619, slope=3.62807e+08, intercept=6.3026e+08

Interval 249:
  Original: start=-1.51343, slope=5564, intercept=9660, x_refl=0, y_refl=0
  Quantized: start=31888, slope=5564, intercept=9660
  Recovered (relative): start=0.486572, slope=3.64642e+08, intercept=6.33078e+08

Interval 250:
  Original: start=-1.51148, slope=5592, intercept=9702, x_refl=0, y_refl=0
  Quantized: start=32016, slope=5592, intercept=9702
  Recovered (relative): start=0.488525, slope=3.66477e+08, intercept=6.3583e+08

Interval 251:
  Original: start=-1.50953, slope=5621, intercept=9745, x_refl=0, y_refl=0
  Quantized: start=32144, slope=5621, intercept=9745
  Recovered (relative): start=0.490479, slope=3.68378e+08, intercept=6.38648e+08

Interval 252:
  Original: start=-1.50757, slope=5649, intercept=9788, x_refl=0, y_refl=0
  Quantized: start=32272, slope=5649, intercept=9788
  Recovered (relative): start=0.492432, slope=3.70213e+08, intercept=6.41466e+08

Interval 253:
  Original: start=-1.50562, slope=5677, intercept=9831, x_refl=0, y_refl=0
  Quantized: start=32400, slope=5677, intercept=9831
  Recovered (relative): start=0.494385, slope=3.72048e+08, intercept=6.44284e+08

Interval 254:
  Original: start=-1.50366, slope=5706, intercept=9873, x_refl=0, y_refl=0
  Quantized: start=32528, slope=5706, intercept=9873
  Recovered (relative): start=0.496338, slope=3.73948e+08, intercept=6.47037e+08

Interval 255:
  Original: start=-1.50171, slope=5734, intercept=9916, x_refl=0, y_refl=0
  Quantized: start=32656, slope=5734, intercept=9916
  Recovered (relative): start=0.498291, slope=3.75783e+08, intercept=6.49855e+08

Interval 256:
  Original: start=-1.49976, slope=5763, intercept=9959, x_refl=0, y_refl=0
  Quantized: start=-32752, slope=5763, intercept=9959
  Recovered (relative): start=-0.499756, slope=3.77684e+08, intercept=6.52673e+08

Interval 257:
  Original: start=-1.4978, slope=5792, intercept=10002, x_refl=0, y_refl=0
  Quantized: start=-32624, slope=5792, intercept=10002
  Recovered (relative): start=-0.497803, slope=3.79585e+08, intercept=6.55491e+08

Interval 258:
  Original: start=-1.49585, slope=5820, intercept=10045, x_refl=0, y_refl=0
  Quantized: start=-32496, slope=5820, intercept=10045
  Recovered (relative): start=-0.49585, slope=3.8142e+08, intercept=6.58309e+08

Interval 259:
  Original: start=-1.49389, slope=5849, intercept=10088, x_refl=0, y_refl=0
  Quantized: start=-32368, slope=5849, intercept=10088
  Recovered (relative): start=-0.493896, slope=3.8332e+08, intercept=6.61127e+08

Interval 260:
  Original: start=-1.49194, slope=5878, intercept=10131, x_refl=0, y_refl=0
  Quantized: start=-32240, slope=5878, intercept=10131
  Recovered (relative): start=-0.491943, slope=3.85221e+08, intercept=6.63945e+08

Interval 261:
  Original: start=-1.48999, slope=5907, intercept=10174, x_refl=0, y_refl=0
  Quantized: start=-32112, slope=5907, intercept=10174
  Recovered (relative): start=-0.48999, slope=3.87121e+08, intercept=6.66763e+08

Interval 262:
  Original: start=-1.48803, slope=5936, intercept=10217, x_refl=0, y_refl=0
  Quantized: start=-31984, slope=5936, intercept=10217
  Recovered (relative): start=-0.488037, slope=3.89022e+08, intercept=6.69581e+08

Interval 263:
  Original: start=-1.48608, slope=5965, intercept=10260, x_refl=0, y_refl=0
  Quantized: start=-31856, slope=5965, intercept=10260
  Recovered (relative): start=-0.486084, slope=3.90922e+08, intercept=6.72399e+08

Interval 264:
  Original: start=-1.48412, slope=5994, intercept=10303, x_refl=0, y_refl=0
  Quantized: start=-31727, slope=5994, intercept=10303
  Recovered (relative): start=-0.484116, slope=3.92823e+08, intercept=6.75217e+08

Interval 265:
  Original: start=-1.48217, slope=6023, intercept=10346, x_refl=0, y_refl=0
  Quantized: start=-31599, slope=6023, intercept=10346
  Recovered (relative): start=-0.482162, slope=3.94723e+08, intercept=6.78035e+08

Interval 266:
  Original: start=-1.48021, slope=6052, intercept=10389, x_refl=0, y_refl=0
  Quantized: start=-31471, slope=6052, intercept=10389
  Recovered (relative): start=-0.480209, slope=3.96624e+08, intercept=6.80854e+08

Interval 267:
  Original: start=-1.47826, slope=6081, intercept=10432, x_refl=0, y_refl=0
  Quantized: start=-31343, slope=6081, intercept=10432
  Recovered (relative): start=-0.478256, slope=3.98524e+08, intercept=6.83672e+08

Interval 268:
  Original: start=-1.47631, slope=6110, intercept=10476, x_refl=0, y_refl=0
  Quantized: start=-31215, slope=6110, intercept=10476
  Recovered (relative): start=-0.476303, slope=4.00425e+08, intercept=6.86555e+08

Interval 269:
  Original: start=-1.47435, slope=6140, intercept=10519, x_refl=0, y_refl=0
  Quantized: start=-31087, slope=6140, intercept=10519
  Recovered (relative): start=-0.47435, slope=4.02391e+08, intercept=6.89373e+08

Interval 270:
  Original: start=-1.4724, slope=6169, intercept=10562, x_refl=0, y_refl=0
  Quantized: start=-30959, slope=6169, intercept=10562
  Recovered (relative): start=-0.472397, slope=4.04292e+08, intercept=6.92191e+08

Interval 271:
  Original: start=-1.47044, slope=6198, intercept=10605, x_refl=0, y_refl=0
  Quantized: start=-30831, slope=6198, intercept=10605
  Recovered (relative): start=-0.470444, slope=4.06192e+08, intercept=6.95009e+08

Interval 272:
  Original: start=-1.46849, slope=6228, intercept=10649, x_refl=0, y_refl=0
  Quantized: start=-30703, slope=6228, intercept=10649
  Recovered (relative): start=-0.468491, slope=4.08158e+08, intercept=6.97893e+08

Interval 273:
  Original: start=-1.46654, slope=6257, intercept=10692, x_refl=0, y_refl=0
  Quantized: start=-30575, slope=6257, intercept=10692
  Recovered (relative): start=-0.466537, slope=4.10059e+08, intercept=7.00711e+08

Interval 274:
  Original: start=-1.46458, slope=6287, intercept=10735, x_refl=0, y_refl=0
  Quantized: start=-30447, slope=6287, intercept=10735
  Recovered (relative): start=-0.464584, slope=4.12025e+08, intercept=7.03529e+08

Interval 275:
  Original: start=-1.46263, slope=6317, intercept=10779, x_refl=0, y_refl=0
  Quantized: start=-30319, slope=6317, intercept=10779
  Recovered (relative): start=-0.462631, slope=4.13991e+08, intercept=7.06413e+08

Interval 276:
  Original: start=-1.46067, slope=6346, intercept=10822, x_refl=0, y_refl=0
  Quantized: start=-30191, slope=6346, intercept=10822
  Recovered (relative): start=-0.460678, slope=4.15891e+08, intercept=7.09231e+08

Interval 277:
  Original: start=-1.45872, slope=6376, intercept=10866, x_refl=0, y_refl=0
  Quantized: start=-30063, slope=6376, intercept=10866
  Recovered (relative): start=-0.458725, slope=4.17858e+08, intercept=7.12114e+08

Interval 278:
  Original: start=-1.45677, slope=6406, intercept=10909, x_refl=0, y_refl=0
  Quantized: start=-29935, slope=6406, intercept=10909
  Recovered (relative): start=-0.456772, slope=4.19824e+08, intercept=7.14932e+08

Interval 279:
  Original: start=-1.45481, slope=6436, intercept=10953, x_refl=0, y_refl=0
  Quantized: start=-29807, slope=6436, intercept=10953
  Recovered (relative): start=-0.454819, slope=4.2179e+08, intercept=7.17816e+08

Interval 280:
  Original: start=-1.45286, slope=6466, intercept=10996, x_refl=0, y_refl=0
  Quantized: start=-29678, slope=6466, intercept=10996
  Recovered (relative): start=-0.45285, slope=4.23756e+08, intercept=7.20634e+08

Interval 281:
  Original: start=-1.4509, slope=6496, intercept=11040, x_refl=0, y_refl=0
  Quantized: start=-29550, slope=6496, intercept=11040
  Recovered (relative): start=-0.450897, slope=4.25722e+08, intercept=7.23517e+08

Interval 282:
  Original: start=-1.44895, slope=6526, intercept=11083, x_refl=0, y_refl=0
  Quantized: start=-29422, slope=6526, intercept=11083
  Recovered (relative): start=-0.448944, slope=4.27688e+08, intercept=7.26335e+08

Interval 283:
  Original: start=-1.447, slope=6556, intercept=11127, x_refl=0, y_refl=0
  Quantized: start=-29294, slope=6556, intercept=11127
  Recovered (relative): start=-0.446991, slope=4.29654e+08, intercept=7.29219e+08

Interval 284:
  Original: start=-1.44504, slope=6586, intercept=11170, x_refl=0, y_refl=0
  Quantized: start=-29166, slope=6586, intercept=11170
  Recovered (relative): start=-0.445038, slope=4.3162e+08, intercept=7.32037e+08

Interval 285:
  Original: start=-1.44309, slope=6617, intercept=11214, x_refl=0, y_refl=0
  Quantized: start=-29038, slope=6617, intercept=11214
  Recovered (relative): start=-0.443085, slope=4.33652e+08, intercept=7.34921e+08

Interval 286:
  Original: start=-1.44113, slope=6647, intercept=11258, x_refl=0, y_refl=0
  Quantized: start=-28910, slope=6647, intercept=11258
  Recovered (relative): start=-0.441132, slope=4.35618e+08, intercept=7.37804e+08

Interval 287:
  Original: start=-1.43918, slope=6677, intercept=11301, x_refl=0, y_refl=0
  Quantized: start=-28782, slope=6677, intercept=11301
  Recovered (relative): start=-0.439178, slope=4.37584e+08, intercept=7.40622e+08

Interval 288:
  Original: start=-1.43723, slope=6708, intercept=11345, x_refl=0, y_refl=0
  Quantized: start=-28654, slope=6708, intercept=11345
  Recovered (relative): start=-0.437225, slope=4.39615e+08, intercept=7.43506e+08

Interval 289:
  Original: start=-1.43527, slope=6738, intercept=11389, x_refl=0, y_refl=0
  Quantized: start=-28526, slope=6738, intercept=11389
  Recovered (relative): start=-0.435272, slope=4.41582e+08, intercept=7.4639e+08

Interval 290:
  Original: start=-1.43332, slope=6769, intercept=11433, x_refl=0, y_refl=0
  Quantized: start=-28398, slope=6769, intercept=11433
  Recovered (relative): start=-0.433319, slope=4.43613e+08, intercept=7.49273e+08

Interval 291:
  Original: start=-1.43136, slope=6799, intercept=11477, x_refl=0, y_refl=0
  Quantized: start=-28270, slope=6799, intercept=11477
  Recovered (relative): start=-0.431366, slope=4.45579e+08, intercept=7.52157e+08

Interval 292:
  Original: start=-1.42941, slope=6830, intercept=11520, x_refl=0, y_refl=0
  Quantized: start=-28142, slope=6830, intercept=11520
  Recovered (relative): start=-0.429413, slope=4.47611e+08, intercept=7.54975e+08

Interval 293:
  Original: start=-1.42745, slope=6861, intercept=11564, x_refl=0, y_refl=0
  Quantized: start=-28014, slope=6861, intercept=11564
  Recovered (relative): start=-0.42746, slope=4.49642e+08, intercept=7.57858e+08

Interval 294:
  Original: start=-1.4255, slope=6891, intercept=11608, x_refl=0, y_refl=0
  Quantized: start=-27886, slope=6891, intercept=11608
  Recovered (relative): start=-0.425507, slope=4.51609e+08, intercept=7.60742e+08

Interval 295:
  Original: start=-1.42355, slope=6922, intercept=11652, x_refl=0, y_refl=0
  Quantized: start=-27758, slope=6922, intercept=11652
  Recovered (relative): start=-0.423553, slope=4.5364e+08, intercept=7.63625e+08

Interval 296:
  Original: start=-1.42159, slope=6953, intercept=11696, x_refl=0, y_refl=0
  Quantized: start=-27629, slope=6953, intercept=11696
  Recovered (relative): start=-0.421585, slope=4.55672e+08, intercept=7.66509e+08

Interval 297:
  Original: start=-1.41964, slope=6984, intercept=11740, x_refl=0, y_refl=0
  Quantized: start=-27501, slope=6984, intercept=11740
  Recovered (relative): start=-0.419632, slope=4.57703e+08, intercept=7.69393e+08

Interval 298:
  Original: start=-1.41768, slope=7015, intercept=11784, x_refl=0, y_refl=0
  Quantized: start=-27373, slope=7015, intercept=11784
  Recovered (relative): start=-0.417679, slope=4.59735e+08, intercept=7.72276e+08

Interval 299:
  Original: start=-1.41573, slope=7046, intercept=11828, x_refl=0, y_refl=0
  Quantized: start=-27245, slope=7046, intercept=11828
  Recovered (relative): start=-0.415726, slope=4.61767e+08, intercept=7.7516e+08

Interval 300:
  Original: start=-1.41378, slope=7077, intercept=11872, x_refl=0, y_refl=0
  Quantized: start=-27117, slope=7077, intercept=11872
  Recovered (relative): start=-0.413773, slope=4.63798e+08, intercept=7.78043e+08

Interval 301:
  Original: start=-1.41182, slope=7109, intercept=11916, x_refl=0, y_refl=0
  Quantized: start=-26989, slope=7109, intercept=11916
  Recovered (relative): start=-0.411819, slope=4.65895e+08, intercept=7.80927e+08

Interval 302:
  Original: start=-1.40987, slope=7140, intercept=11960, x_refl=0, y_refl=0
  Quantized: start=-26861, slope=7140, intercept=11960
  Recovered (relative): start=-0.409866, slope=4.67927e+08, intercept=7.83811e+08

Interval 303:
  Original: start=-1.40791, slope=7171, intercept=12004, x_refl=0, y_refl=0
  Quantized: start=-26733, slope=7171, intercept=12004
  Recovered (relative): start=-0.407913, slope=4.69959e+08, intercept=7.86694e+08

Interval 304:
  Original: start=-1.40596, slope=7203, intercept=12048, x_refl=0, y_refl=0
  Quantized: start=-26605, slope=7203, intercept=12048
  Recovered (relative): start=-0.40596, slope=4.72056e+08, intercept=7.89578e+08

Interval 305:
  Original: start=-1.40401, slope=7234, intercept=12093, x_refl=0, y_refl=0
  Quantized: start=-26477, slope=7234, intercept=12093
  Recovered (relative): start=-0.404007, slope=4.74087e+08, intercept=7.92527e+08

Interval 306:
  Original: start=-1.40205, slope=7266, intercept=12137, x_refl=0, y_refl=0
  Quantized: start=-26349, slope=7266, intercept=12137
  Recovered (relative): start=-0.402054, slope=4.76185e+08, intercept=7.9541e+08

Interval 307:
  Original: start=-1.4001, slope=7297, intercept=12181, x_refl=0, y_refl=0
  Quantized: start=-26221, slope=7297, intercept=12181
  Recovered (relative): start=-0.400101, slope=4.78216e+08, intercept=7.98294e+08

Interval 308:
  Original: start=-1.39814, slope=7329, intercept=12225, x_refl=0, y_refl=0
  Quantized: start=-26093, slope=7329, intercept=12225
  Recovered (relative): start=-0.398148, slope=4.80313e+08, intercept=8.01178e+08

Interval 309:
  Original: start=-1.39619, slope=7361, intercept=12269, x_refl=0, y_refl=0
  Quantized: start=-25965, slope=7361, intercept=12269
  Recovered (relative): start=-0.396194, slope=4.8241e+08, intercept=8.04061e+08

Interval 310:
  Original: start=-1.39424, slope=7392, intercept=12314, x_refl=0, y_refl=0
  Quantized: start=-25837, slope=7392, intercept=12314
  Recovered (relative): start=-0.394241, slope=4.84442e+08, intercept=8.0701e+08

Interval 311:
  Original: start=-1.39228, slope=7424, intercept=12358, x_refl=0, y_refl=0
  Quantized: start=-25709, slope=7424, intercept=12358
  Recovered (relative): start=-0.392288, slope=4.86539e+08, intercept=8.09894e+08

Interval 312:
  Original: start=-1.39033, slope=7456, intercept=12402, x_refl=0, y_refl=0
  Quantized: start=-25580, slope=7456, intercept=12402
  Recovered (relative): start=-0.39032, slope=4.88636e+08, intercept=8.12777e+08

Interval 313:
  Original: start=-1.38837, slope=7488, intercept=12447, x_refl=0, y_refl=0
  Quantized: start=-25452, slope=7488, intercept=12447
  Recovered (relative): start=-0.388367, slope=4.90734e+08, intercept=8.15727e+08

Interval 314:
  Original: start=-1.38642, slope=7520, intercept=12491, x_refl=0, y_refl=0
  Quantized: start=-25324, slope=7520, intercept=12491
  Recovered (relative): start=-0.386414, slope=4.92831e+08, intercept=8.1861e+08

Interval 315:
  Original: start=-1.38447, slope=7552, intercept=12535, x_refl=0, y_refl=0
  Quantized: start=-25196, slope=7552, intercept=12535
  Recovered (relative): start=-0.38446, slope=4.94928e+08, intercept=8.21494e+08

Interval 316:
  Original: start=-1.38251, slope=7584, intercept=12580, x_refl=0, y_refl=0
  Quantized: start=-25068, slope=7584, intercept=12580
  Recovered (relative): start=-0.382507, slope=4.97025e+08, intercept=8.24443e+08

Interval 317:
  Original: start=-1.38056, slope=7616, intercept=12624, x_refl=0, y_refl=0
  Quantized: start=-24940, slope=7616, intercept=12624
  Recovered (relative): start=-0.380554, slope=4.99122e+08, intercept=8.27326e+08

Interval 318:
  Original: start=-1.3786, slope=7649, intercept=12669, x_refl=0, y_refl=0
  Quantized: start=-24812, slope=7649, intercept=12669
  Recovered (relative): start=-0.378601, slope=5.01285e+08, intercept=8.30276e+08

Interval 319:
  Original: start=-1.37665, slope=7681, intercept=12713, x_refl=0, y_refl=0
  Quantized: start=-24684, slope=7681, intercept=12713
  Recovered (relative): start=-0.376648, slope=5.03382e+08, intercept=8.33159e+08

Interval 320:
  Original: start=-1.37469, slope=7713, intercept=12758, x_refl=0, y_refl=0
  Quantized: start=-24556, slope=7713, intercept=12758
  Recovered (relative): start=-0.374695, slope=5.05479e+08, intercept=8.36108e+08

Interval 321:
  Original: start=-1.37274, slope=7746, intercept=12802, x_refl=0, y_refl=0
  Quantized: start=-24428, slope=7746, intercept=12802
  Recovered (relative): start=-0.372742, slope=5.07642e+08, intercept=8.38992e+08

Interval 322:
  Original: start=-1.37079, slope=7778, intercept=12847, x_refl=0, y_refl=0
  Quantized: start=-24300, slope=7778, intercept=12847
  Recovered (relative): start=-0.370789, slope=5.09739e+08, intercept=8.41941e+08

Interval 323:
  Original: start=-1.36883, slope=7811, intercept=12892, x_refl=0, y_refl=0
  Quantized: start=-24172, slope=7811, intercept=12892
  Recovered (relative): start=-0.368835, slope=5.11902e+08, intercept=8.4489e+08

Interval 324:
  Original: start=-1.36688, slope=7844, intercept=12936, x_refl=0, y_refl=0
  Quantized: start=-24044, slope=7844, intercept=12936
  Recovered (relative): start=-0.366882, slope=5.14064e+08, intercept=8.47774e+08

Interval 325:
  Original: start=-1.36492, slope=7876, intercept=12981, x_refl=0, y_refl=0
  Quantized: start=-23916, slope=7876, intercept=12981
  Recovered (relative): start=-0.364929, slope=5.16162e+08, intercept=8.50723e+08

Interval 326:
  Original: start=-1.36297, slope=7909, intercept=13026, x_refl=0, y_refl=0
  Quantized: start=-23788, slope=7909, intercept=13026
  Recovered (relative): start=-0.362976, slope=5.18324e+08, intercept=8.53672e+08

Interval 327:
  Original: start=-1.36102, slope=7942, intercept=13070, x_refl=0, y_refl=0
  Quantized: start=-23660, slope=7942, intercept=13070
  Recovered (relative): start=-0.361023, slope=5.20487e+08, intercept=8.56556e+08

Interval 328:
  Original: start=-1.35906, slope=7975, intercept=13115, x_refl=0, y_refl=0
  Quantized: start=-23531, slope=7975, intercept=13115
  Recovered (relative): start=-0.359055, slope=5.2265e+08, intercept=8.59505e+08

Interval 329:
  Original: start=-1.35711, slope=8008, intercept=13160, x_refl=0, y_refl=0
  Quantized: start=-23403, slope=8008, intercept=13160
  Recovered (relative): start=-0.357101, slope=5.24812e+08, intercept=8.62454e+08

Interval 330:
  Original: start=-1.35515, slope=8041, intercept=13204, x_refl=0, y_refl=0
  Quantized: start=-23275, slope=8041, intercept=13204
  Recovered (relative): start=-0.355148, slope=5.26975e+08, intercept=8.65337e+08

Interval 331:
  Original: start=-1.3532, slope=8074, intercept=13249, x_refl=0, y_refl=0
  Quantized: start=-23147, slope=8074, intercept=13249
  Recovered (relative): start=-0.353195, slope=5.29138e+08, intercept=8.68286e+08

Interval 332:
  Original: start=-1.35125, slope=8107, intercept=13294, x_refl=0, y_refl=0
  Quantized: start=-23019, slope=8107, intercept=13294
  Recovered (relative): start=-0.351242, slope=5.313e+08, intercept=8.71236e+08

Interval 333:
  Original: start=-1.34929, slope=8140, intercept=13339, x_refl=0, y_refl=0
  Quantized: start=-22891, slope=8140, intercept=13339
  Recovered (relative): start=-0.349289, slope=5.33463e+08, intercept=8.74185e+08

Interval 334:
  Original: start=-1.34734, slope=8174, intercept=13384, x_refl=0, y_refl=0
  Quantized: start=-22763, slope=8174, intercept=13384
  Recovered (relative): start=-0.347336, slope=5.35691e+08, intercept=8.77134e+08

Interval 335:
  Original: start=-1.34538, slope=8207, intercept=13429, x_refl=0, y_refl=0
  Quantized: start=-22635, slope=8207, intercept=13429
  Recovered (relative): start=-0.345383, slope=5.37854e+08, intercept=8.80083e+08

Interval 336:
  Original: start=-1.34343, slope=8240, intercept=13473, x_refl=0, y_refl=0
  Quantized: start=-22507, slope=8240, intercept=13473
  Recovered (relative): start=-0.34343, slope=5.40017e+08, intercept=8.82967e+08

Interval 337:
  Original: start=-1.34148, slope=8274, intercept=13518, x_refl=0, y_refl=0
  Quantized: start=-22379, slope=8274, intercept=13518
  Recovered (relative): start=-0.341476, slope=5.42245e+08, intercept=8.85916e+08

Interval 338:
  Original: start=-1.33952, slope=8307, intercept=13563, x_refl=0, y_refl=0
  Quantized: start=-22251, slope=8307, intercept=13563
  Recovered (relative): start=-0.339523, slope=5.44408e+08, intercept=8.88865e+08

Interval 339:
  Original: start=-1.33757, slope=8341, intercept=13608, x_refl=0, y_refl=0
  Quantized: start=-22123, slope=8341, intercept=13608
  Recovered (relative): start=-0.33757, slope=5.46636e+08, intercept=8.91814e+08

Interval 340:
  Original: start=-1.33561, slope=8375, intercept=13653, x_refl=0, y_refl=0
  Quantized: start=-21995, slope=8375, intercept=13653
  Recovered (relative): start=-0.335617, slope=5.48864e+08, intercept=8.94763e+08

Interval 341:
  Original: start=-1.33366, slope=8408, intercept=13698, x_refl=0, y_refl=0
  Quantized: start=-21867, slope=8408, intercept=13698
  Recovered (relative): start=-0.333664, slope=5.51027e+08, intercept=8.97712e+08

Interval 342:
  Original: start=-1.3317, slope=8442, intercept=13743, x_refl=0, y_refl=0
  Quantized: start=-21739, slope=8442, intercept=13743
  Recovered (relative): start=-0.331711, slope=5.53255e+08, intercept=9.00661e+08

Interval 343:
  Original: start=-1.32975, slope=8476, intercept=13788, x_refl=0, y_refl=0
  Quantized: start=-21611, slope=8476, intercept=13788
  Recovered (relative): start=-0.329758, slope=5.55483e+08, intercept=9.0361e+08

Interval 344:
  Original: start=-1.3278, slope=8510, intercept=13833, x_refl=0, y_refl=0
  Quantized: start=-21482, slope=8510, intercept=13833
  Recovered (relative): start=-0.327789, slope=5.57711e+08, intercept=9.06559e+08

Interval 345:
  Original: start=-1.32584, slope=8544, intercept=13878, x_refl=0, y_refl=0
  Quantized: start=-21354, slope=8544, intercept=13878
  Recovered (relative): start=-0.325836, slope=5.5994e+08, intercept=9.09509e+08

Interval 346:
  Original: start=-1.32389, slope=8578, intercept=13924, x_refl=0, y_refl=0
  Quantized: start=-21226, slope=8578, intercept=13924
  Recovered (relative): start=-0.323883, slope=5.62168e+08, intercept=9.12523e+08

Interval 347:
  Original: start=-1.32193, slope=8612, intercept=13969, x_refl=0, y_refl=0
  Quantized: start=-21098, slope=8612, intercept=13969
  Recovered (relative): start=-0.32193, slope=5.64396e+08, intercept=9.15472e+08

Interval 348:
  Original: start=-1.31998, slope=8646, intercept=14014, x_refl=0, y_refl=0
  Quantized: start=-20970, slope=8646, intercept=14014
  Recovered (relative): start=-0.319977, slope=5.66624e+08, intercept=9.18422e+08

Interval 349:
  Original: start=-1.31803, slope=8681, intercept=14059, x_refl=0, y_refl=0
  Quantized: start=-20842, slope=8681, intercept=14059
  Recovered (relative): start=-0.318024, slope=5.68918e+08, intercept=9.21371e+08

Interval 350:
  Original: start=-1.31607, slope=8715, intercept=14104, x_refl=0, y_refl=0
  Quantized: start=-20714, slope=8715, intercept=14104
  Recovered (relative): start=-0.316071, slope=5.71146e+08, intercept=9.2432e+08

Interval 351:
  Original: start=-1.31412, slope=8749, intercept=14149, x_refl=0, y_refl=0
  Quantized: start=-20586, slope=8749, intercept=14149
  Recovered (relative): start=-0.314117, slope=5.73374e+08, intercept=9.27269e+08

Interval 352:
  Original: start=-1.31216, slope=8784, intercept=14195, x_refl=0, y_refl=0
  Quantized: start=-20458, slope=8784, intercept=14195
  Recovered (relative): start=-0.312164, slope=5.75668e+08, intercept=9.30284e+08

Interval 353:
  Original: start=-1.31021, slope=8818, intercept=14240, x_refl=0, y_refl=0
  Quantized: start=-20330, slope=8818, intercept=14240
  Recovered (relative): start=-0.310211, slope=5.77896e+08, intercept=9.33233e+08

Interval 354:
  Original: start=-1.30826, slope=8853, intercept=14285, x_refl=0, y_refl=0
  Quantized: start=-20202, slope=8853, intercept=14285
  Recovered (relative): start=-0.308258, slope=5.8019e+08, intercept=9.36182e+08

Interval 355:
  Original: start=-1.3063, slope=8888, intercept=14331, x_refl=0, y_refl=0
  Quantized: start=-20074, slope=8888, intercept=14331
  Recovered (relative): start=-0.306305, slope=5.82484e+08, intercept=9.39196e+08

Interval 356:
  Original: start=-1.30435, slope=8923, intercept=14376, x_refl=0, y_refl=0
  Quantized: start=-19946, slope=8923, intercept=14376
  Recovered (relative): start=-0.304352, slope=5.84778e+08, intercept=9.42146e+08

Interval 357:
  Original: start=-1.30239, slope=8957, intercept=14421, x_refl=0, y_refl=0
  Quantized: start=-19818, slope=8957, intercept=14421
  Recovered (relative): start=-0.302399, slope=5.87006e+08, intercept=9.45095e+08

Interval 358:
  Original: start=-1.30044, slope=8992, intercept=14467, x_refl=0, y_refl=0
  Quantized: start=-19690, slope=8992, intercept=14467
  Recovered (relative): start=-0.300446, slope=5.893e+08, intercept=9.48109e+08

Interval 359:
  Original: start=-1.29849, slope=9027, intercept=14512, x_refl=0, y_refl=0
  Quantized: start=-19562, slope=9027, intercept=14512
  Recovered (relative): start=-0.298492, slope=5.91593e+08, intercept=9.51058e+08

Interval 360:
  Original: start=-1.29653, slope=9062, intercept=14557, x_refl=0, y_refl=0
  Quantized: start=-19433, slope=9062, intercept=14557
  Recovered (relative): start=-0.296524, slope=5.93887e+08, intercept=9.54008e+08

Interval 361:
  Original: start=-1.29458, slope=9097, intercept=14603, x_refl=0, y_refl=0
  Quantized: start=-19305, slope=9097, intercept=14603
  Recovered (relative): start=-0.294571, slope=5.96181e+08, intercept=9.57022e+08

Interval 362:
  Original: start=-1.29262, slope=9132, intercept=14648, x_refl=0, y_refl=0
  Quantized: start=-19177, slope=9132, intercept=14648
  Recovered (relative): start=-0.292618, slope=5.98475e+08, intercept=9.59971e+08

Interval 363:
  Original: start=-1.29067, slope=9168, intercept=14694, x_refl=0, y_refl=0
  Quantized: start=-19049, slope=9168, intercept=14694
  Recovered (relative): start=-0.290665, slope=6.00834e+08, intercept=9.62986e+08

Interval 364:
  Original: start=-1.28872, slope=9203, intercept=14739, x_refl=0, y_refl=0
  Quantized: start=-18921, slope=9203, intercept=14739
  Recovered (relative): start=-0.288712, slope=6.03128e+08, intercept=9.65935e+08

Interval 365:
  Original: start=-1.28676, slope=9238, intercept=14785, x_refl=0, y_refl=0
  Quantized: start=-18793, slope=9238, intercept=14785
  Recovered (relative): start=-0.286758, slope=6.05422e+08, intercept=9.6895e+08

Interval 366:
  Original: start=-1.28481, slope=9274, intercept=14830, x_refl=0, y_refl=0
  Quantized: start=-18665, slope=9274, intercept=14830
  Recovered (relative): start=-0.284805, slope=6.07781e+08, intercept=9.71899e+08

Interval 367:
  Original: start=-1.28285, slope=9309, intercept=14876, x_refl=0, y_refl=0
  Quantized: start=-18537, slope=9309, intercept=14876
  Recovered (relative): start=-0.282852, slope=6.10075e+08, intercept=9.74914e+08

Interval 368:
  Original: start=-1.2809, slope=9345, intercept=14921, x_refl=0, y_refl=0
  Quantized: start=-18409, slope=9345, intercept=14921
  Recovered (relative): start=-0.280899, slope=6.12434e+08, intercept=9.77863e+08

Interval 369:
  Original: start=-1.27894, slope=9381, intercept=14967, x_refl=0, y_refl=0
  Quantized: start=-18281, slope=9381, intercept=14967
  Recovered (relative): start=-0.278946, slope=6.14793e+08, intercept=9.80877e+08

Interval 370:
  Original: start=-1.27699, slope=9416, intercept=15013, x_refl=0, y_refl=0
  Quantized: start=-18153, slope=9416, intercept=15013
  Recovered (relative): start=-0.276993, slope=6.17087e+08, intercept=9.83892e+08

Interval 371:
  Original: start=-1.27504, slope=9452, intercept=15058, x_refl=0, y_refl=0
  Quantized: start=-18025, slope=9452, intercept=15058
  Recovered (relative): start=-0.27504, slope=6.19446e+08, intercept=9.86841e+08

Interval 372:
  Original: start=-1.27308, slope=9488, intercept=15104, x_refl=0, y_refl=0
  Quantized: start=-17897, slope=9488, intercept=15104
  Recovered (relative): start=-0.273087, slope=6.21806e+08, intercept=9.89856e+08

Interval 373:
  Original: start=-1.27113, slope=9524, intercept=15150, x_refl=0, y_refl=0
  Quantized: start=-17769, slope=9524, intercept=15150
  Recovered (relative): start=-0.271133, slope=6.24165e+08, intercept=9.9287e+08

Interval 374:
  Original: start=-1.26917, slope=9560, intercept=15195, x_refl=0, y_refl=0
  Quantized: start=-17641, slope=9560, intercept=15195
  Recovered (relative): start=-0.26918, slope=6.26524e+08, intercept=9.9582e+08

Interval 375:
  Original: start=-1.26722, slope=9596, intercept=15241, x_refl=0, y_refl=0
  Quantized: start=-17513, slope=9596, intercept=15241
  Recovered (relative): start=-0.267227, slope=6.28883e+08, intercept=9.98834e+08

Interval 376:
  Original: start=-1.26527, slope=9632, intercept=15287, x_refl=0, y_refl=0
  Quantized: start=-17384, slope=9632, intercept=15287
  Recovered (relative): start=-0.265259, slope=6.31243e+08, intercept=1.00185e+09

Interval 377:
  Original: start=-1.26331, slope=9668, intercept=15332, x_refl=0, y_refl=0
  Quantized: start=-17256, slope=9668, intercept=15332
  Recovered (relative): start=-0.263306, slope=6.33602e+08, intercept=1.0048e+09

Interval 378:
  Original: start=-1.26136, slope=9704, intercept=15378, x_refl=0, y_refl=0
  Quantized: start=-17128, slope=9704, intercept=15378
  Recovered (relative): start=-0.261353, slope=6.35961e+08, intercept=1.00781e+09

Interval 379:
  Original: start=-1.2594, slope=9741, intercept=15424, x_refl=0, y_refl=0
  Quantized: start=-17000, slope=9741, intercept=15424
  Recovered (relative): start=-0.259399, slope=6.38386e+08, intercept=1.01083e+09

Interval 380:
  Original: start=-1.25745, slope=9777, intercept=15470, x_refl=0, y_refl=0
  Quantized: start=-16872, slope=9777, intercept=15470
  Recovered (relative): start=-0.257446, slope=6.40745e+08, intercept=1.01384e+09

Interval 381:
  Original: start=-1.2555, slope=9814, intercept=15516, x_refl=0, y_refl=0
  Quantized: start=-16744, slope=9814, intercept=15516
  Recovered (relative): start=-0.255493, slope=6.4317e+08, intercept=1.01686e+09

Interval 382:
  Original: start=-1.25354, slope=9850, intercept=15561, x_refl=0, y_refl=0
  Quantized: start=-16616, slope=9850, intercept=15561
  Recovered (relative): start=-0.25354, slope=6.4553e+08, intercept=1.01981e+09

Interval 383:
  Original: start=-1.25159, slope=9887, intercept=15607, x_refl=0, y_refl=0
  Quantized: start=-16488, slope=9887, intercept=15607
  Recovered (relative): start=-0.251587, slope=6.47954e+08, intercept=1.02282e+09

Interval 384:
  Original: start=-1.24963, slope=9924, intercept=15653, x_refl=0, y_refl=0
  Quantized: start=-16360, slope=9924, intercept=15653
  Recovered (relative): start=-0.249634, slope=6.50379e+08, intercept=1.02584e+09

Interval 385:
  Original: start=-1.24768, slope=9960, intercept=15699, x_refl=0, y_refl=0
  Quantized: start=-16232, slope=9960, intercept=15699
  Recovered (relative): start=-0.247681, slope=6.52739e+08, intercept=1.02885e+09

Interval 386:
  Original: start=-1.24573, slope=9997, intercept=15745, x_refl=0, y_refl=0
  Quantized: start=-16104, slope=9997, intercept=15745
  Recovered (relative): start=-0.245728, slope=6.55163e+08, intercept=1.03186e+09

Interval 387:
  Original: start=-1.24377, slope=10034, intercept=15791, x_refl=0, y_refl=0
  Quantized: start=-15976, slope=10034, intercept=15791
  Recovered (relative): start=-0.243774, slope=6.57588e+08, intercept=1.03488e+09

Interval 388:
  Original: start=-1.24182, slope=10071, intercept=15837, x_refl=0, y_refl=0
  Quantized: start=-15848, slope=10071, intercept=15837
  Recovered (relative): start=-0.241821, slope=6.60013e+08, intercept=1.03789e+09

Interval 389:
  Original: start=-1.23986, slope=10108, intercept=15883, x_refl=0, y_refl=0
  Quantized: start=-15720, slope=10108, intercept=15883
  Recovered (relative): start=-0.239868, slope=6.62438e+08, intercept=1.04091e+09

Interval 390:
  Original: start=-1.23791, slope=10145, intercept=15929, x_refl=0, y_refl=0
  Quantized: start=-15592, slope=10145, intercept=15929
  Recovered (relative): start=-0.237915, slope=6.64863e+08, intercept=1.04392e+09

Interval 391:
  Original: start=-1.23596, slope=10183, intercept=15975, x_refl=0, y_refl=0
  Quantized: start=-15464, slope=10183, intercept=15975
  Recovered (relative): start=-0.235962, slope=6.67353e+08, intercept=1.04694e+09

Interval 392:
  Original: start=-1.234, slope=10220, intercept=16021, x_refl=0, y_refl=0
  Quantized: start=-15335, slope=10220, intercept=16021
  Recovered (relative): start=-0.233994, slope=6.69778e+08, intercept=1.04995e+09

Interval 393:
  Original: start=-1.23205, slope=10257, intercept=16067, x_refl=0, y_refl=0
  Quantized: start=-15207, slope=10257, intercept=16067
  Recovered (relative): start=-0.23204, slope=6.72203e+08, intercept=1.05297e+09

Interval 394:
  Original: start=-1.23009, slope=10295, intercept=16113, x_refl=0, y_refl=0
  Quantized: start=-15079, slope=10295, intercept=16113
  Recovered (relative): start=-0.230087, slope=6.74693e+08, intercept=1.05598e+09

Interval 395:
  Original: start=-1.22814, slope=10332, intercept=16159, x_refl=0, y_refl=0
  Quantized: start=-14951, slope=10332, intercept=16159
  Recovered (relative): start=-0.228134, slope=6.77118e+08, intercept=1.059e+09

Interval 396:
  Original: start=-1.22618, slope=10370, intercept=16205, x_refl=0, y_refl=0
  Quantized: start=-14823, slope=10370, intercept=16205
  Recovered (relative): start=-0.226181, slope=6.79608e+08, intercept=1.06201e+09

Interval 397:
  Original: start=-1.22423, slope=10407, intercept=16251, x_refl=0, y_refl=0
  Quantized: start=-14695, slope=10407, intercept=16251
  Recovered (relative): start=-0.224228, slope=6.82033e+08, intercept=1.06503e+09

Interval 398:
  Original: start=-1.22228, slope=10445, intercept=16297, x_refl=0, y_refl=0
  Quantized: start=-14567, slope=10445, intercept=16297
  Recovered (relative): start=-0.222275, slope=6.84524e+08, intercept=1.06804e+09

Interval 399:
  Original: start=-1.22032, slope=10483, intercept=16343, x_refl=0, y_refl=0
  Quantized: start=-14439, slope=10483, intercept=16343
  Recovered (relative): start=-0.220322, slope=6.87014e+08, intercept=1.07105e+09

Interval 400:
  Original: start=-1.21837, slope=10521, intercept=16389, x_refl=0, y_refl=0
  Quantized: start=-14311, slope=10521, intercept=16389
  Recovered (relative): start=-0.218369, slope=6.89504e+08, intercept=1.07407e+09

Interval 401:
  Original: start=-1.21641, slope=10559, intercept=16435, x_refl=0, y_refl=0
  Quantized: start=-14183, slope=10559, intercept=16435
  Recovered (relative): start=-0.216415, slope=6.91995e+08, intercept=1.07708e+09

Interval 402:
  Original: start=-1.21446, slope=10597, intercept=16482, x_refl=0, y_refl=0
  Quantized: start=-14055, slope=10597, intercept=16482
  Recovered (relative): start=-0.214462, slope=6.94485e+08, intercept=1.08016e+09

Interval 403:
  Original: start=-1.21251, slope=10635, intercept=16528, x_refl=0, y_refl=0
  Quantized: start=-13927, slope=10635, intercept=16528
  Recovered (relative): start=-0.212509, slope=6.96975e+08, intercept=1.08318e+09

Interval 404:
  Original: start=-1.21055, slope=10673, intercept=16574, x_refl=0, y_refl=0
  Quantized: start=-13799, slope=10673, intercept=16574
  Recovered (relative): start=-0.210556, slope=6.99466e+08, intercept=1.08619e+09

Interval 405:
  Original: start=-1.2086, slope=10711, intercept=16620, x_refl=0, y_refl=0
  Quantized: start=-13671, slope=10711, intercept=16620
  Recovered (relative): start=-0.208603, slope=7.01956e+08, intercept=1.08921e+09

Interval 406:
  Original: start=-1.20664, slope=10750, intercept=16666, x_refl=0, y_refl=0
  Quantized: start=-13543, slope=10750, intercept=16666
  Recovered (relative): start=-0.20665, slope=7.04512e+08, intercept=1.09222e+09

Interval 407:
  Original: start=-1.20469, slope=10788, intercept=16713, x_refl=0, y_refl=0
  Quantized: start=-13415, slope=10788, intercept=16713
  Recovered (relative): start=-0.204697, slope=7.07002e+08, intercept=1.0953e+09

Interval 408:
  Original: start=-1.20274, slope=10826, intercept=16759, x_refl=0, y_refl=0
  Quantized: start=-13286, slope=10826, intercept=16759
  Recovered (relative): start=-0.202728, slope=7.09493e+08, intercept=1.09832e+09

Interval 409:
  Original: start=-1.20078, slope=10865, intercept=16805, x_refl=0, y_refl=0
  Quantized: start=-13158, slope=10865, intercept=16805
  Recovered (relative): start=-0.200775, slope=7.12049e+08, intercept=1.10133e+09

Interval 410:
  Original: start=-1.19883, slope=10904, intercept=16852, x_refl=0, y_refl=0
  Quantized: start=-13030, slope=10904, intercept=16852
  Recovered (relative): start=-0.198822, slope=7.14605e+08, intercept=1.10441e+09

Interval 411:
  Original: start=-1.19687, slope=10942, intercept=16898, x_refl=0, y_refl=0
  Quantized: start=-12902, slope=10942, intercept=16898
  Recovered (relative): start=-0.196869, slope=7.17095e+08, intercept=1.10743e+09

Interval 412:
  Original: start=-1.19492, slope=10981, intercept=16944, x_refl=0, y_refl=0
  Quantized: start=-12774, slope=10981, intercept=16944
  Recovered (relative): start=-0.194916, slope=7.19651e+08, intercept=1.11044e+09

Interval 413:
  Original: start=-1.19297, slope=11020, intercept=16991, x_refl=0, y_refl=0
  Quantized: start=-12646, slope=11020, intercept=16991
  Recovered (relative): start=-0.192963, slope=7.22207e+08, intercept=1.11352e+09

Interval 414:
  Original: start=-1.19101, slope=11059, intercept=17037, x_refl=0, y_refl=0
  Quantized: start=-12518, slope=11059, intercept=17037
  Recovered (relative): start=-0.19101, slope=7.24763e+08, intercept=1.11654e+09

Interval 415:
  Original: start=-1.18906, slope=11098, intercept=17083, x_refl=0, y_refl=0
  Quantized: start=-12390, slope=11098, intercept=17083
  Recovered (relative): start=-0.189056, slope=7.27319e+08, intercept=1.11955e+09

Interval 416:
  Original: start=-1.1871, slope=11137, intercept=17130, x_refl=0, y_refl=0
  Quantized: start=-12262, slope=11137, intercept=17130
  Recovered (relative): start=-0.187103, slope=7.29874e+08, intercept=1.12263e+09

Interval 417:
  Original: start=-1.18515, slope=11176, intercept=17176, x_refl=0, y_refl=0
  Quantized: start=-12134, slope=11176, intercept=17176
  Recovered (relative): start=-0.18515, slope=7.3243e+08, intercept=1.12565e+09

Interval 418:
  Original: start=-1.18319, slope=11215, intercept=17222, x_refl=0, y_refl=0
  Quantized: start=-12006, slope=11215, intercept=17222
  Recovered (relative): start=-0.183197, slope=7.34986e+08, intercept=1.12866e+09

Interval 419:
  Original: start=-1.18124, slope=11255, intercept=17269, x_refl=0, y_refl=0
  Quantized: start=-11878, slope=11255, intercept=17269
  Recovered (relative): start=-0.181244, slope=7.37608e+08, intercept=1.13174e+09

Interval 420:
  Original: start=-1.17929, slope=11294, intercept=17315, x_refl=0, y_refl=0
  Quantized: start=-11750, slope=11294, intercept=17315
  Recovered (relative): start=-0.179291, slope=7.40164e+08, intercept=1.13476e+09

Interval 421:
  Original: start=-1.17733, slope=11333, intercept=17362, x_refl=0, y_refl=0
  Quantized: start=-11622, slope=11333, intercept=17362
  Recovered (relative): start=-0.177338, slope=7.42719e+08, intercept=1.13784e+09

Interval 422:
  Original: start=-1.17538, slope=11373, intercept=17408, x_refl=0, y_refl=0
  Quantized: start=-11494, slope=11373, intercept=17408
  Recovered (relative): start=-0.175385, slope=7.45341e+08, intercept=1.14085e+09

Interval 423:
  Original: start=-1.17342, slope=11412, intercept=17455, x_refl=0, y_refl=0
  Quantized: start=-11366, slope=11412, intercept=17455
  Recovered (relative): start=-0.173431, slope=7.47897e+08, intercept=1.14393e+09

Interval 424:
  Original: start=-1.17147, slope=11452, intercept=17501, x_refl=0, y_refl=0
  Quantized: start=-11237, slope=11452, intercept=17501
  Recovered (relative): start=-0.171463, slope=7.50518e+08, intercept=1.14695e+09

Interval 425:
  Original: start=-1.16952, slope=11492, intercept=17548, x_refl=0, y_refl=0
  Quantized: start=-11109, slope=11492, intercept=17548
  Recovered (relative): start=-0.16951, slope=7.5314e+08, intercept=1.15003e+09

Interval 426:
  Original: start=-1.16756, slope=11532, intercept=17594, x_refl=0, y_refl=0
  Quantized: start=-10981, slope=11532, intercept=17594
  Recovered (relative): start=-0.167557, slope=7.55761e+08, intercept=1.15304e+09

Interval 427:
  Original: start=-1.16561, slope=11572, intercept=17641, x_refl=0, y_refl=0
  Quantized: start=-10853, slope=11572, intercept=17641
  Recovered (relative): start=-0.165604, slope=7.58383e+08, intercept=1.15612e+09

Interval 428:
  Original: start=-1.16365, slope=11612, intercept=17687, x_refl=0, y_refl=0
  Quantized: start=-10725, slope=11612, intercept=17687
  Recovered (relative): start=-0.163651, slope=7.61004e+08, intercept=1.15914e+09

Interval 429:
  Original: start=-1.1617, slope=11652, intercept=17734, x_refl=0, y_refl=0
  Quantized: start=-10597, slope=11652, intercept=17734
  Recovered (relative): start=-0.161697, slope=7.63625e+08, intercept=1.16222e+09

Interval 430:
  Original: start=-1.15975, slope=11692, intercept=17780, x_refl=0, y_refl=0
  Quantized: start=-10469, slope=11692, intercept=17780
  Recovered (relative): start=-0.159744, slope=7.66247e+08, intercept=1.16523e+09

Interval 431:
  Original: start=-1.15779, slope=11732, intercept=17827, x_refl=0, y_refl=0
  Quantized: start=-10341, slope=11732, intercept=17827
  Recovered (relative): start=-0.157791, slope=7.68868e+08, intercept=1.16831e+09

Interval 432:
  Original: start=-1.15584, slope=11772, intercept=17874, x_refl=0, y_refl=0
  Quantized: start=-10213, slope=11772, intercept=17874
  Recovered (relative): start=-0.155838, slope=7.7149e+08, intercept=1.17139e+09

Interval 433:
  Original: start=-1.15388, slope=11813, intercept=17920, x_refl=0, y_refl=0
  Quantized: start=-10085, slope=11813, intercept=17920
  Recovered (relative): start=-0.153885, slope=7.74177e+08, intercept=1.17441e+09

Interval 434:
  Original: start=-1.15193, slope=11853, intercept=17967, x_refl=0, y_refl=0
  Quantized: start=-9957, slope=11853, intercept=17967
  Recovered (relative): start=-0.151932, slope=7.76798e+08, intercept=1.17749e+09

Interval 435:
  Original: start=-1.14998, slope=11894, intercept=18013, x_refl=0, y_refl=0
  Quantized: start=-9829, slope=11894, intercept=18013
  Recovered (relative): start=-0.149979, slope=7.79485e+08, intercept=1.1805e+09

Interval 436:
  Original: start=-1.14802, slope=11935, intercept=18060, x_refl=0, y_refl=0
  Quantized: start=-9701, slope=11935, intercept=18060
  Recovered (relative): start=-0.148026, slope=7.82172e+08, intercept=1.18358e+09

Interval 437:
  Original: start=-1.14607, slope=11975, intercept=18107, x_refl=0, y_refl=0
  Quantized: start=-9573, slope=11975, intercept=18107
  Recovered (relative): start=-0.146072, slope=7.84794e+08, intercept=1.18666e+09

Interval 438:
  Original: start=-1.14411, slope=12016, intercept=18153, x_refl=0, y_refl=0
  Quantized: start=-9445, slope=12016, intercept=18153
  Recovered (relative): start=-0.144119, slope=7.87481e+08, intercept=1.18968e+09

Interval 439:
  Original: start=-1.14216, slope=12057, intercept=18200, x_refl=0, y_refl=0
  Quantized: start=-9317, slope=12057, intercept=18200
  Recovered (relative): start=-0.142166, slope=7.90168e+08, intercept=1.19276e+09

Interval 440:
  Original: start=-1.14021, slope=12098, intercept=18247, x_refl=0, y_refl=0
  Quantized: start=-9188, slope=12098, intercept=18247
  Recovered (relative): start=-0.140198, slope=7.92855e+08, intercept=1.19584e+09

Interval 441:
  Original: start=-1.13825, slope=12139, intercept=18293, x_refl=0, y_refl=0
  Quantized: start=-9060, slope=12139, intercept=18293
  Recovered (relative): start=-0.138245, slope=7.95542e+08, intercept=1.19885e+09

Interval 442:
  Original: start=-1.1363, slope=12180, intercept=18340, x_refl=0, y_refl=0
  Quantized: start=-8932, slope=12180, intercept=18340
  Recovered (relative): start=-0.136292, slope=7.98228e+08, intercept=1.20193e+09

Interval 443:
  Original: start=-1.13434, slope=12221, intercept=18387, x_refl=0, y_refl=0
  Quantized: start=-8804, slope=12221, intercept=18387
  Recovered (relative): start=-0.134338, slope=8.00915e+08, intercept=1.20501e+09

Interval 444:
  Original: start=-1.13239, slope=12262, intercept=18434, x_refl=0, y_refl=0
  Quantized: start=-8676, slope=12262, intercept=18434
  Recovered (relative): start=-0.132385, slope=8.03602e+08, intercept=1.20809e+09

Interval 445:
  Original: start=-1.13043, slope=12304, intercept=18480, x_refl=0, y_refl=0
  Quantized: start=-8548, slope=12304, intercept=18480
  Recovered (relative): start=-0.130432, slope=8.06355e+08, intercept=1.21111e+09

Interval 446:
  Original: start=-1.12848, slope=12345, intercept=18527, x_refl=0, y_refl=0
  Quantized: start=-8420, slope=12345, intercept=18527
  Recovered (relative): start=-0.128479, slope=8.09042e+08, intercept=1.21419e+09

Interval 447:
  Original: start=-1.12653, slope=12387, intercept=18574, x_refl=0, y_refl=0
  Quantized: start=-8292, slope=12387, intercept=18574
  Recovered (relative): start=-0.126526, slope=8.11794e+08, intercept=1.21727e+09

Interval 448:
  Original: start=-1.12457, slope=12428, intercept=18621, x_refl=0, y_refl=0
  Quantized: start=-8164, slope=12428, intercept=18621
  Recovered (relative): start=-0.124573, slope=8.14481e+08, intercept=1.22035e+09

Interval 449:
  Original: start=-1.12262, slope=12470, intercept=18667, x_refl=0, y_refl=0
  Quantized: start=-8036, slope=12470, intercept=18667
  Recovered (relative): start=-0.12262, slope=8.17234e+08, intercept=1.22336e+09

Interval 450:
  Original: start=-1.12066, slope=12512, intercept=18714, x_refl=0, y_refl=0
  Quantized: start=-7908, slope=12512, intercept=18714
  Recovered (relative): start=-0.120667, slope=8.19986e+08, intercept=1.22644e+09

Interval 451:
  Original: start=-1.11871, slope=12554, intercept=18761, x_refl=0, y_refl=0
  Quantized: start=-7780, slope=12554, intercept=18761
  Recovered (relative): start=-0.118713, slope=8.22739e+08, intercept=1.22952e+09

Interval 452:
  Original: start=-1.11676, slope=12596, intercept=18808, x_refl=0, y_refl=0
  Quantized: start=-7652, slope=12596, intercept=18808
  Recovered (relative): start=-0.11676, slope=8.25491e+08, intercept=1.2326e+09

Interval 453:
  Original: start=-1.1148, slope=12638, intercept=18855, x_refl=0, y_refl=0
  Quantized: start=-7524, slope=12638, intercept=18855
  Recovered (relative): start=-0.114807, slope=8.28244e+08, intercept=1.23568e+09

Interval 454:
  Original: start=-1.11285, slope=12680, intercept=18902, x_refl=0, y_refl=0
  Quantized: start=-7396, slope=12680, intercept=18902
  Recovered (relative): start=-0.112854, slope=8.30996e+08, intercept=1.23876e+09

Interval 455:
  Original: start=-1.11089, slope=12722, intercept=18948, x_refl=0, y_refl=0
  Quantized: start=-7268, slope=12722, intercept=18948
  Recovered (relative): start=-0.110901, slope=8.33749e+08, intercept=1.24178e+09

Interval 456:
  Original: start=-1.10894, slope=12764, intercept=18995, x_refl=0, y_refl=0
  Quantized: start=-7139, slope=12764, intercept=18995
  Recovered (relative): start=-0.108932, slope=8.36502e+08, intercept=1.24486e+09

Interval 457:
  Original: start=-1.10699, slope=12806, intercept=19042, x_refl=0, y_refl=0
  Quantized: start=-7011, slope=12806, intercept=19042
  Recovered (relative): start=-0.106979, slope=8.39254e+08, intercept=1.24794e+09

Interval 458:
  Original: start=-1.10503, slope=12849, intercept=19089, x_refl=0, y_refl=0
  Quantized: start=-6883, slope=12849, intercept=19089
  Recovered (relative): start=-0.105026, slope=8.42072e+08, intercept=1.25102e+09

Interval 459:
  Original: start=-1.10308, slope=12891, intercept=19136, x_refl=0, y_refl=0
  Quantized: start=-6755, slope=12891, intercept=19136
  Recovered (relative): start=-0.103073, slope=8.44825e+08, intercept=1.2541e+09

Interval 460:
  Original: start=-1.10112, slope=12934, intercept=19183, x_refl=0, y_refl=0
  Quantized: start=-6627, slope=12934, intercept=19183
  Recovered (relative): start=-0.10112, slope=8.47643e+08, intercept=1.25718e+09

Interval 461:
  Original: start=-1.09917, slope=12977, intercept=19230, x_refl=0, y_refl=0
  Quantized: start=-6499, slope=12977, intercept=19230
  Recovered (relative): start=-0.0991669, slope=8.50461e+08, intercept=1.26026e+09

Interval 462:
  Original: start=-1.09722, slope=13019, intercept=19277, x_refl=0, y_refl=0
  Quantized: start=-6371, slope=13019, intercept=19277
  Recovered (relative): start=-0.0972137, slope=8.53213e+08, intercept=1.26334e+09

Interval 463:
  Original: start=-1.09526, slope=13062, intercept=19323, x_refl=0, y_refl=0
  Quantized: start=-6243, slope=13062, intercept=19323
  Recovered (relative): start=-0.0952606, slope=8.56031e+08, intercept=1.26635e+09

Interval 464:
  Original: start=-1.09331, slope=13105, intercept=19370, x_refl=0, y_refl=0
  Quantized: start=-6115, slope=13105, intercept=19370
  Recovered (relative): start=-0.0933075, slope=8.58849e+08, intercept=1.26943e+09

Interval 465:
  Original: start=-1.09135, slope=13148, intercept=19417, x_refl=0, y_refl=0
  Quantized: start=-5987, slope=13148, intercept=19417
  Recovered (relative): start=-0.0913544, slope=8.61667e+08, intercept=1.27251e+09

Interval 466:
  Original: start=-1.0894, slope=13191, intercept=19464, x_refl=0, y_refl=0
  Quantized: start=-5859, slope=13191, intercept=19464
  Recovered (relative): start=-0.0894012, slope=8.64485e+08, intercept=1.27559e+09

Interval 467:
  Original: start=-1.08745, slope=13234, intercept=19511, x_refl=0, y_refl=0
  Quantized: start=-5731, slope=13234, intercept=19511
  Recovered (relative): start=-0.0874481, slope=8.67303e+08, intercept=1.27867e+09

Interval 468:
  Original: start=-1.08549, slope=13277, intercept=19558, x_refl=0, y_refl=0
  Quantized: start=-5603, slope=13277, intercept=19558
  Recovered (relative): start=-0.085495, slope=8.70121e+08, intercept=1.28175e+09

Interval 469:
  Original: start=-1.08354, slope=13321, intercept=19605, x_refl=0, y_refl=0
  Quantized: start=-5475, slope=13321, intercept=19605
  Recovered (relative): start=-0.0835419, slope=8.73005e+08, intercept=1.28483e+09

Interval 470:
  Original: start=-1.08158, slope=13364, intercept=19652, x_refl=0, y_refl=0
  Quantized: start=-5347, slope=13364, intercept=19652
  Recovered (relative): start=-0.0815887, slope=8.75823e+08, intercept=1.28791e+09

Interval 471:
  Original: start=-1.07963, slope=13408, intercept=19699, x_refl=0, y_refl=0
  Quantized: start=-5219, slope=13408, intercept=19699
  Recovered (relative): start=-0.0796356, slope=8.78707e+08, intercept=1.29099e+09

Interval 472:
  Original: start=-1.07767, slope=13451, intercept=19746, x_refl=0, y_refl=0
  Quantized: start=-5090, slope=13451, intercept=19746
  Recovered (relative): start=-0.0776672, slope=8.81525e+08, intercept=1.29407e+09

Interval 473:
  Original: start=-1.07572, slope=13495, intercept=19793, x_refl=0, y_refl=0
  Quantized: start=-4962, slope=13495, intercept=19793
  Recovered (relative): start=-0.0757141, slope=8.84408e+08, intercept=1.29715e+09

Interval 474:
  Original: start=-1.07377, slope=13539, intercept=19840, x_refl=0, y_refl=0
  Quantized: start=-4834, slope=13539, intercept=19840
  Recovered (relative): start=-0.073761, slope=8.87292e+08, intercept=1.30023e+09

Interval 475:
  Original: start=-1.07181, slope=13583, intercept=19887, x_refl=0, y_refl=0
  Quantized: start=-4706, slope=13583, intercept=19887
  Recovered (relative): start=-0.0718079, slope=8.90175e+08, intercept=1.30331e+09

Interval 476:
  Original: start=-1.06986, slope=13627, intercept=19934, x_refl=0, y_refl=0
  Quantized: start=-4578, slope=13627, intercept=19934
  Recovered (relative): start=-0.0698547, slope=8.93059e+08, intercept=1.30639e+09

Interval 477:
  Original: start=-1.0679, slope=13671, intercept=19981, x_refl=0, y_refl=0
  Quantized: start=-4450, slope=13671, intercept=19981
  Recovered (relative): start=-0.0679016, slope=8.95943e+08, intercept=1.30947e+09

Interval 478:
  Original: start=-1.06595, slope=13715, intercept=20028, x_refl=0, y_refl=0
  Quantized: start=-4322, slope=13715, intercept=20028
  Recovered (relative): start=-0.0659485, slope=8.98826e+08, intercept=1.31256e+09

Interval 479:
  Original: start=-1.064, slope=13759, intercept=20075, x_refl=0, y_refl=0
  Quantized: start=-4194, slope=13759, intercept=20075
  Recovered (relative): start=-0.0639954, slope=9.0171e+08, intercept=1.31564e+09

Interval 480:
  Original: start=-1.06204, slope=13803, intercept=20122, x_refl=0, y_refl=0
  Quantized: start=-4066, slope=13803, intercept=20122
  Recovered (relative): start=-0.0620422, slope=9.04593e+08, intercept=1.31872e+09

Interval 481:
  Original: start=-1.06009, slope=13848, intercept=20169, x_refl=0, y_refl=0
  Quantized: start=-3938, slope=13848, intercept=20169
  Recovered (relative): start=-0.0600891, slope=9.07543e+08, intercept=1.3218e+09

Interval 482:
  Original: start=-1.05813, slope=13892, intercept=20216, x_refl=0, y_refl=0
  Quantized: start=-3810, slope=13892, intercept=20216
  Recovered (relative): start=-0.058136, slope=9.10426e+08, intercept=1.32488e+09

Interval 483:
  Original: start=-1.05618, slope=13937, intercept=20263, x_refl=0, y_refl=0
  Quantized: start=-3682, slope=13937, intercept=20263
  Recovered (relative): start=-0.0561829, slope=9.13375e+08, intercept=1.32796e+09

Interval 484:
  Original: start=-1.05423, slope=13981, intercept=20310, x_refl=0, y_refl=0
  Quantized: start=-3554, slope=13981, intercept=20310
  Recovered (relative): start=-0.0542297, slope=9.16259e+08, intercept=1.33104e+09

Interval 485:
  Original: start=-1.05227, slope=14026, intercept=20357, x_refl=0, y_refl=0
  Quantized: start=-3426, slope=14026, intercept=20357
  Recovered (relative): start=-0.0522766, slope=9.19208e+08, intercept=1.33412e+09

Interval 486:
  Original: start=-1.05032, slope=14071, intercept=20404, x_refl=0, y_refl=0
  Quantized: start=-3298, slope=14071, intercept=20404
  Recovered (relative): start=-0.0503235, slope=9.22157e+08, intercept=1.3372e+09

Interval 487:
  Original: start=-1.04836, slope=14116, intercept=20451, x_refl=0, y_refl=0
  Quantized: start=-3170, slope=14116, intercept=20451
  Recovered (relative): start=-0.0483704, slope=9.25106e+08, intercept=1.34028e+09

Interval 488:
  Original: start=-1.04641, slope=14161, intercept=20498, x_refl=0, y_refl=0
  Quantized: start=-3041, slope=14161, intercept=20498
  Recovered (relative): start=-0.046402, slope=9.28055e+08, intercept=1.34336e+09

Interval 489:
  Original: start=-1.04446, slope=14206, intercept=20545, x_refl=0, y_refl=0
  Quantized: start=-2913, slope=14206, intercept=20545
  Recovered (relative): start=-0.0444489, slope=9.31004e+08, intercept=1.34644e+09

Interval 490:
  Original: start=-1.0425, slope=14251, intercept=20593, x_refl=0, y_refl=0
  Quantized: start=-2785, slope=14251, intercept=20593
  Recovered (relative): start=-0.0424957, slope=9.33954e+08, intercept=1.34958e+09

Interval 491:
  Original: start=-1.04055, slope=14296, intercept=20640, x_refl=0, y_refl=0
  Quantized: start=-2657, slope=14296, intercept=20640
  Recovered (relative): start=-0.0405426, slope=9.36903e+08, intercept=1.35266e+09

Interval 492:
  Original: start=-1.03859, slope=14341, intercept=20687, x_refl=0, y_refl=0
  Quantized: start=-2529, slope=14341, intercept=20687
  Recovered (relative): start=-0.0385895, slope=9.39852e+08, intercept=1.35574e+09

Interval 493:
  Original: start=-1.03664, slope=14387, intercept=20734, x_refl=0, y_refl=0
  Quantized: start=-2401, slope=14387, intercept=20734
  Recovered (relative): start=-0.0366364, slope=9.42866e+08, intercept=1.35882e+09

Interval 494:
  Original: start=-1.03468, slope=14432, intercept=20781, x_refl=0, y_refl=0
  Quantized: start=-2273, slope=14432, intercept=20781
  Recovered (relative): start=-0.0346832, slope=9.45816e+08, intercept=1.3619e+09

Interval 495:
  Original: start=-1.03273, slope=14478, intercept=20828, x_refl=0, y_refl=0
  Quantized: start=-2145, slope=14478, intercept=20828
  Recovered (relative): start=-0.0327301, slope=9.4883e+08, intercept=1.36498e+09

Interval 496:
  Original: start=-1.03078, slope=14523, intercept=20875, x_refl=0, y_refl=0
  Quantized: start=-2017, slope=14523, intercept=20875
  Recovered (relative): start=-0.030777, slope=9.51779e+08, intercept=1.36806e+09

Interval 497:
  Original: start=-1.02882, slope=14569, intercept=20922, x_refl=0, y_refl=0
  Quantized: start=-1889, slope=14569, intercept=20922
  Recovered (relative): start=-0.0288239, slope=9.54794e+08, intercept=1.37114e+09

Interval 498:
  Original: start=-1.02687, slope=14615, intercept=20969, x_refl=0, y_refl=0
  Quantized: start=-1761, slope=14615, intercept=20969
  Recovered (relative): start=-0.0268707, slope=9.57809e+08, intercept=1.37422e+09

Interval 499:
  Original: start=-1.02491, slope=14661, intercept=21016, x_refl=0, y_refl=0
  Quantized: start=-1633, slope=14661, intercept=21016
  Recovered (relative): start=-0.0249176, slope=9.60823e+08, intercept=1.3773e+09

Interval 500:
  Original: start=-1.02296, slope=14707, intercept=21063, x_refl=0, y_refl=0
  Quantized: start=-1505, slope=14707, intercept=21063
  Recovered (relative): start=-0.0229645, slope=9.63838e+08, intercept=1.38038e+09

Interval 501:
  Original: start=-1.02101, slope=14753, intercept=21111, x_refl=0, y_refl=0
  Quantized: start=-1377, slope=14753, intercept=21111
  Recovered (relative): start=-0.0210114, slope=9.66853e+08, intercept=1.38353e+09

Interval 502:
  Original: start=-1.01905, slope=14799, intercept=21158, x_refl=0, y_refl=0
  Quantized: start=-1249, slope=14799, intercept=21158
  Recovered (relative): start=-0.0190582, slope=9.69867e+08, intercept=1.38661e+09

Interval 503:
  Original: start=-1.0171, slope=14846, intercept=21205, x_refl=0, y_refl=0
  Quantized: start=-1121, slope=14846, intercept=21205
  Recovered (relative): start=-0.0171051, slope=9.72947e+08, intercept=1.38969e+09

Interval 504:
  Original: start=-1.01514, slope=14892, intercept=21252, x_refl=0, y_refl=0
  Quantized: start=-992, slope=14892, intercept=21252
  Recovered (relative): start=-0.0151367, slope=9.75962e+08, intercept=1.39277e+09

Interval 505:
  Original: start=-1.01319, slope=14939, intercept=21299, x_refl=0, y_refl=0
  Quantized: start=-864, slope=14939, intercept=21299
  Recovered (relative): start=-0.0131836, slope=9.79042e+08, intercept=1.39585e+09

Interval 506:
  Original: start=-1.01124, slope=14985, intercept=21346, x_refl=0, y_refl=0
  Quantized: start=-736, slope=14985, intercept=21346
  Recovered (relative): start=-0.0112305, slope=9.82057e+08, intercept=1.39893e+09

Interval 507:
  Original: start=-1.00928, slope=15032, intercept=21393, x_refl=0, y_refl=0
  Quantized: start=-608, slope=15032, intercept=21393
  Recovered (relative): start=-0.00927734, slope=9.85137e+08, intercept=1.40201e+09

Interval 508:
  Original: start=-1.00733, slope=15079, intercept=21440, x_refl=0, y_refl=0
  Quantized: start=-480, slope=15079, intercept=21440
  Recovered (relative): start=-0.00732422, slope=9.88217e+08, intercept=1.40509e+09

Interval 509:
  Original: start=-1.00537, slope=15126, intercept=21487, x_refl=0, y_refl=0
  Quantized: start=-352, slope=15126, intercept=21487
  Recovered (relative): start=-0.00537109, slope=9.91298e+08, intercept=1.40817e+09

Interval 510:
  Original: start=-1.00342, slope=15173, intercept=21534, x_refl=0, y_refl=0
  Quantized: start=-224, slope=15173, intercept=21534
  Recovered (relative): start=-0.00341797, slope=9.94378e+08, intercept=1.41125e+09

Interval 511:
  Original: start=-1.00147, slope=15220, intercept=21582, x_refl=0, y_refl=0
  Quantized: start=-96, slope=15220, intercept=21582
  Recovered (relative): start=-0.00146484, slope=9.97458e+08, intercept=1.4144e+09

Interval 512:
  Original: start=-0.999511, slope=15267, intercept=21629, x_refl=0, y_refl=0
  Quantized: start=32, slope=15267, intercept=21629
  Recovered (relative): start=0.000488281, slope=1.00054e+09, intercept=1.41748e+09

Interval 513:
  Original: start=-0.997557, slope=15314, intercept=21676, x_refl=0, y_refl=0
  Quantized: start=160, slope=15314, intercept=21676
  Recovered (relative): start=0.00244141, slope=1.00362e+09, intercept=1.42056e+09

Interval 514:
  Original: start=-0.995603, slope=15361, intercept=21723, x_refl=0, y_refl=0
  Quantized: start=288, slope=15361, intercept=21723
  Recovered (relative): start=0.00439453, slope=1.0067e+09, intercept=1.42364e+09

Interval 515:
  Original: start=-0.993649, slope=15409, intercept=21770, x_refl=0, y_refl=0
  Quantized: start=416, slope=15409, intercept=21770
  Recovered (relative): start=0.00634766, slope=1.00984e+09, intercept=1.42672e+09

Interval 516:
  Original: start=-0.991695, slope=15456, intercept=21817, x_refl=0, y_refl=0
  Quantized: start=544, slope=15456, intercept=21817
  Recovered (relative): start=0.00830078, slope=1.01292e+09, intercept=1.4298e+09

Interval 517:
  Original: start=-0.989741, slope=15504, intercept=21864, x_refl=0, y_refl=0
  Quantized: start=672, slope=15504, intercept=21864
  Recovered (relative): start=0.0102539, slope=1.01607e+09, intercept=1.43288e+09

Interval 518:
  Original: start=-0.987787, slope=15551, intercept=21911, x_refl=0, y_refl=0
  Quantized: start=800, slope=15551, intercept=21911
  Recovered (relative): start=0.012207, slope=1.01915e+09, intercept=1.43596e+09

Interval 519:
  Original: start=-0.985833, slope=15599, intercept=21958, x_refl=0, y_refl=0
  Quantized: start=928, slope=15599, intercept=21958
  Recovered (relative): start=0.0141602, slope=1.0223e+09, intercept=1.43904e+09

Interval 520:
  Original: start=-0.983879, slope=15647, intercept=22006, x_refl=0, y_refl=0
  Quantized: start=1057, slope=15647, intercept=22006
  Recovered (relative): start=0.0161285, slope=1.02544e+09, intercept=1.44219e+09

Interval 521:
  Original: start=-0.981925, slope=15695, intercept=22053, x_refl=0, y_refl=0
  Quantized: start=1185, slope=15695, intercept=22053
  Recovered (relative): start=0.0180817, slope=1.02859e+09, intercept=1.44527e+09

Interval 522:
  Original: start=-0.979971, slope=15743, intercept=22100, x_refl=0, y_refl=0
  Quantized: start=1313, slope=15743, intercept=22100
  Recovered (relative): start=0.0200348, slope=1.03173e+09, intercept=1.44835e+09

Interval 523:
  Original: start=-0.978017, slope=15791, intercept=22147, x_refl=0, y_refl=0
  Quantized: start=1441, slope=15791, intercept=22147
  Recovered (relative): start=0.0219879, slope=1.03488e+09, intercept=1.45143e+09

Interval 524:
  Original: start=-0.976063, slope=15840, intercept=22194, x_refl=0, y_refl=0
  Quantized: start=1569, slope=15840, intercept=22194
  Recovered (relative): start=0.023941, slope=1.03809e+09, intercept=1.45451e+09

Interval 525:
  Original: start=-0.974108, slope=15888, intercept=22241, x_refl=0, y_refl=0
  Quantized: start=1697, slope=15888, intercept=22241
  Recovered (relative): start=0.0258942, slope=1.04124e+09, intercept=1.45759e+09

Interval 526:
  Original: start=-0.972154, slope=15936, intercept=22288, x_refl=0, y_refl=0
  Quantized: start=1825, slope=15936, intercept=22288
  Recovered (relative): start=0.0278473, slope=1.04438e+09, intercept=1.46067e+09

Interval 527:
  Original: start=-0.9702, slope=15985, intercept=22335, x_refl=0, y_refl=0
  Quantized: start=1953, slope=15985, intercept=22335
  Recovered (relative): start=0.0298004, slope=1.04759e+09, intercept=1.46375e+09

Interval 528:
  Original: start=-0.968246, slope=16034, intercept=22382, x_refl=0, y_refl=0
  Quantized: start=2081, slope=16034, intercept=22382
  Recovered (relative): start=0.0317535, slope=1.0508e+09, intercept=1.46683e+09

Interval 529:
  Original: start=-0.966292, slope=16082, intercept=22429, x_refl=0, y_refl=0
  Quantized: start=2209, slope=16082, intercept=22429
  Recovered (relative): start=0.0337067, slope=1.05395e+09, intercept=1.46991e+09

Interval 530:
  Original: start=-0.964338, slope=16131, intercept=22477, x_refl=0, y_refl=0
  Quantized: start=2337, slope=16131, intercept=22477
  Recovered (relative): start=0.0356598, slope=1.05716e+09, intercept=1.47305e+09

Interval 531:
  Original: start=-0.962384, slope=16180, intercept=22524, x_refl=0, y_refl=0
  Quantized: start=2465, slope=16180, intercept=22524
  Recovered (relative): start=0.0376129, slope=1.06037e+09, intercept=1.47613e+09

Interval 532:
  Original: start=-0.96043, slope=16229, intercept=22571, x_refl=0, y_refl=0
  Quantized: start=2593, slope=16229, intercept=22571
  Recovered (relative): start=0.039566, slope=1.06358e+09, intercept=1.47921e+09

Interval 533:
  Original: start=-0.958476, slope=16278, intercept=22618, x_refl=0, y_refl=0
  Quantized: start=2721, slope=16278, intercept=22618
  Recovered (relative): start=0.0415192, slope=1.0668e+09, intercept=1.48229e+09

Interval 534:
  Original: start=-0.956522, slope=16327, intercept=22665, x_refl=0, y_refl=0
  Quantized: start=2849, slope=16327, intercept=22665
  Recovered (relative): start=0.0434723, slope=1.07001e+09, intercept=1.48537e+09

Interval 535:
  Original: start=-0.954568, slope=16377, intercept=22712, x_refl=0, y_refl=0
  Quantized: start=2977, slope=16377, intercept=22712
  Recovered (relative): start=0.0454254, slope=1.07328e+09, intercept=1.48845e+09

Interval 536:
  Original: start=-0.952614, slope=16426, intercept=22759, x_refl=0, y_refl=0
  Quantized: start=3106, slope=16426, intercept=22759
  Recovered (relative): start=0.0473938, slope=1.07649e+09, intercept=1.49153e+09

Interval 537:
  Original: start=-0.95066, slope=16476, intercept=22806, x_refl=0, y_refl=0
  Quantized: start=3234, slope=16476, intercept=22806
  Recovered (relative): start=0.0493469, slope=1.07977e+09, intercept=1.49461e+09

Interval 538:
  Original: start=-0.948705, slope=16525, intercept=22853, x_refl=0, y_refl=0
  Quantized: start=3362, slope=16525, intercept=22853
  Recovered (relative): start=0.0513, slope=1.08298e+09, intercept=1.49769e+09

Interval 539:
  Original: start=-0.946751, slope=16575, intercept=22900, x_refl=0, y_refl=0
  Quantized: start=3490, slope=16575, intercept=22900
  Recovered (relative): start=0.0532532, slope=1.08626e+09, intercept=1.50077e+09

Interval 540:
  Original: start=-0.944797, slope=16625, intercept=22947, x_refl=0, y_refl=0
  Quantized: start=3618, slope=16625, intercept=22947
  Recovered (relative): start=0.0552063, slope=1.08954e+09, intercept=1.50385e+09

Interval 541:
  Original: start=-0.942843, slope=16674, intercept=22994, x_refl=0, y_refl=0
  Quantized: start=3746, slope=16674, intercept=22994
  Recovered (relative): start=0.0571594, slope=1.09275e+09, intercept=1.50693e+09

Interval 542:
  Original: start=-0.940889, slope=16724, intercept=23041, x_refl=0, y_refl=0
  Quantized: start=3874, slope=16724, intercept=23041
  Recovered (relative): start=0.0591125, slope=1.09602e+09, intercept=1.51001e+09

Interval 543:
  Original: start=-0.938935, slope=16775, intercept=23088, x_refl=0, y_refl=0
  Quantized: start=4002, slope=16775, intercept=23088
  Recovered (relative): start=0.0610657, slope=1.09937e+09, intercept=1.5131e+09

Interval 544:
  Original: start=-0.936981, slope=16825, intercept=23135, x_refl=0, y_refl=0
  Quantized: start=4130, slope=16825, intercept=23135
  Recovered (relative): start=0.0630188, slope=1.10264e+09, intercept=1.51618e+09

Interval 545:
  Original: start=-0.935027, slope=16875, intercept=23182, x_refl=0, y_refl=0
  Quantized: start=4258, slope=16875, intercept=23182
  Recovered (relative): start=0.0649719, slope=1.10592e+09, intercept=1.51926e+09

Interval 546:
  Original: start=-0.933073, slope=16925, intercept=23229, x_refl=0, y_refl=0
  Quantized: start=4386, slope=16925, intercept=23229
  Recovered (relative): start=0.066925, slope=1.1092e+09, intercept=1.52234e+09

Interval 547:
  Original: start=-0.931119, slope=16976, intercept=23276, x_refl=0, y_refl=0
  Quantized: start=4514, slope=16976, intercept=23276
  Recovered (relative): start=0.0688782, slope=1.11254e+09, intercept=1.52542e+09

Interval 548:
  Original: start=-0.929165, slope=17026, intercept=23323, x_refl=0, y_refl=0
  Quantized: start=4642, slope=17026, intercept=23323
  Recovered (relative): start=0.0708313, slope=1.11582e+09, intercept=1.5285e+09

Interval 549:
  Original: start=-0.927211, slope=17077, intercept=23370, x_refl=0, y_refl=0
  Quantized: start=4770, slope=17077, intercept=23370
  Recovered (relative): start=0.0727844, slope=1.11916e+09, intercept=1.53158e+09

Interval 550:
  Original: start=-0.925256, slope=17128, intercept=23417, x_refl=0, y_refl=0
  Quantized: start=4898, slope=17128, intercept=23417
  Recovered (relative): start=0.0747375, slope=1.1225e+09, intercept=1.53466e+09

Interval 551:
  Original: start=-0.923302, slope=17179, intercept=23464, x_refl=0, y_refl=0
  Quantized: start=5026, slope=17179, intercept=23464
  Recovered (relative): start=0.0766907, slope=1.12584e+09, intercept=1.53774e+09

Interval 552:
  Original: start=-0.921348, slope=17230, intercept=23511, x_refl=0, y_refl=0
  Quantized: start=5155, slope=17230, intercept=23511
  Recovered (relative): start=0.0786591, slope=1.12919e+09, intercept=1.54082e+09

Interval 553:
  Original: start=-0.919394, slope=17281, intercept=23558, x_refl=0, y_refl=0
  Quantized: start=5283, slope=17281, intercept=23558
  Recovered (relative): start=0.0806122, slope=1.13253e+09, intercept=1.5439e+09

Interval 554:
  Original: start=-0.91744, slope=17332, intercept=23605, x_refl=0, y_refl=0
  Quantized: start=5411, slope=17332, intercept=23605
  Recovered (relative): start=0.0825653, slope=1.13587e+09, intercept=1.54698e+09

Interval 555:
  Original: start=-0.915486, slope=17383, intercept=23652, x_refl=0, y_refl=0
  Quantized: start=5539, slope=17383, intercept=23652
  Recovered (relative): start=0.0845184, slope=1.13921e+09, intercept=1.55006e+09

Interval 556:
  Original: start=-0.913532, slope=17435, intercept=23699, x_refl=0, y_refl=0
  Quantized: start=5667, slope=17435, intercept=23699
  Recovered (relative): start=0.0864716, slope=1.14262e+09, intercept=1.55314e+09

Interval 557:
  Original: start=-0.911578, slope=17486, intercept=23746, x_refl=0, y_refl=0
  Quantized: start=5795, slope=17486, intercept=23746
  Recovered (relative): start=0.0884247, slope=1.14596e+09, intercept=1.55622e+09

Interval 558:
  Original: start=-0.909624, slope=17538, intercept=23793, x_refl=0, y_refl=0
  Quantized: start=5923, slope=17538, intercept=23793
  Recovered (relative): start=0.0903778, slope=1.14937e+09, intercept=1.5593e+09

Interval 559:
  Original: start=-0.90767, slope=17589, intercept=23840, x_refl=0, y_refl=0
  Quantized: start=6051, slope=17589, intercept=23840
  Recovered (relative): start=0.0923309, slope=1.15271e+09, intercept=1.56238e+09

Interval 560:
  Original: start=-0.905716, slope=17641, intercept=23886, x_refl=0, y_refl=0
  Quantized: start=6179, slope=17641, intercept=23886
  Recovered (relative): start=0.0942841, slope=1.15612e+09, intercept=1.56539e+09

Interval 561:
  Original: start=-0.903762, slope=17693, intercept=23933, x_refl=0, y_refl=0
  Quantized: start=6307, slope=17693, intercept=23933
  Recovered (relative): start=0.0962372, slope=1.15953e+09, intercept=1.56847e+09

Interval 562:
  Original: start=-0.901808, slope=17745, intercept=23980, x_refl=0, y_refl=0
  Quantized: start=6435, slope=17745, intercept=23980
  Recovered (relative): start=0.0981903, slope=1.16294e+09, intercept=1.57155e+09

Interval 563:
  Original: start=-0.899853, slope=17797, intercept=24027, x_refl=0, y_refl=0
  Quantized: start=6563, slope=17797, intercept=24027
  Recovered (relative): start=0.100143, slope=1.16634e+09, intercept=1.57463e+09

Interval 564:
  Original: start=-0.897899, slope=17849, intercept=24074, x_refl=0, y_refl=0
  Quantized: start=6691, slope=17849, intercept=24074
  Recovered (relative): start=0.102097, slope=1.16975e+09, intercept=1.57771e+09

Interval 565:
  Original: start=-0.895945, slope=17901, intercept=24121, x_refl=0, y_refl=0
  Quantized: start=6819, slope=17901, intercept=24121
  Recovered (relative): start=0.10405, slope=1.17316e+09, intercept=1.58079e+09

Interval 566:
  Original: start=-0.893991, slope=17954, intercept=24168, x_refl=0, y_refl=0
  Quantized: start=6947, slope=17954, intercept=24168
  Recovered (relative): start=0.106003, slope=1.17663e+09, intercept=1.58387e+09

Interval 567:
  Original: start=-0.892037, slope=18006, intercept=24214, x_refl=0, y_refl=0
  Quantized: start=7075, slope=18006, intercept=24214
  Recovered (relative): start=0.107956, slope=1.18004e+09, intercept=1.58689e+09

Interval 568:
  Original: start=-0.890083, slope=18059, intercept=24261, x_refl=0, y_refl=0
  Quantized: start=7204, slope=18059, intercept=24261
  Recovered (relative): start=0.109924, slope=1.18351e+09, intercept=1.58997e+09

Interval 569:
  Original: start=-0.888129, slope=18111, intercept=24308, x_refl=0, y_refl=0
  Quantized: start=7332, slope=18111, intercept=24308
  Recovered (relative): start=0.111877, slope=1.18692e+09, intercept=1.59305e+09

Interval 570:
  Original: start=-0.886175, slope=18164, intercept=24355, x_refl=0, y_refl=0
  Quantized: start=7460, slope=18164, intercept=24355
  Recovered (relative): start=0.113831, slope=1.1904e+09, intercept=1.59613e+09

Interval 571:
  Original: start=-0.884221, slope=18217, intercept=24402, x_refl=0, y_refl=0
  Quantized: start=7588, slope=18217, intercept=24402
  Recovered (relative): start=0.115784, slope=1.19387e+09, intercept=1.59921e+09

Interval 572:
  Original: start=-0.882267, slope=18270, intercept=24448, x_refl=0, y_refl=0
  Quantized: start=7716, slope=18270, intercept=24448
  Recovered (relative): start=0.117737, slope=1.19734e+09, intercept=1.60222e+09

Interval 573:
  Original: start=-0.880313, slope=18323, intercept=24495, x_refl=0, y_refl=0
  Quantized: start=7844, slope=18323, intercept=24495
  Recovered (relative): start=0.11969, slope=1.20082e+09, intercept=1.6053e+09

Interval 574:
  Original: start=-0.878359, slope=18376, intercept=24542, x_refl=0, y_refl=0
  Quantized: start=7972, slope=18376, intercept=24542
  Recovered (relative): start=0.121643, slope=1.20429e+09, intercept=1.60838e+09

Interval 575:
  Original: start=-0.876404, slope=18430, intercept=24588, x_refl=0, y_refl=0
  Quantized: start=8100, slope=18430, intercept=24588
  Recovered (relative): start=0.123596, slope=1.20783e+09, intercept=1.6114e+09

Interval 576:
  Original: start=-0.87445, slope=18483, intercept=24635, x_refl=0, y_refl=0
  Quantized: start=8228, slope=18483, intercept=24635
  Recovered (relative): start=0.125549, slope=1.2113e+09, intercept=1.61448e+09

Interval 577:
  Original: start=-0.872496, slope=18537, intercept=24682, x_refl=0, y_refl=0
  Quantized: start=8356, slope=18537, intercept=24682
  Recovered (relative): start=0.127502, slope=1.21484e+09, intercept=1.61756e+09

Interval 578:
  Original: start=-0.870542, slope=18590, intercept=24729, x_refl=0, y_refl=0
  Quantized: start=8484, slope=18590, intercept=24729
  Recovered (relative): start=0.129456, slope=1.21831e+09, intercept=1.62064e+09

Interval 579:
  Original: start=-0.868588, slope=18644, intercept=24775, x_refl=0, y_refl=0
  Quantized: start=8612, slope=18644, intercept=24775
  Recovered (relative): start=0.131409, slope=1.22185e+09, intercept=1.62365e+09

Interval 580:
  Original: start=-0.866634, slope=18698, intercept=24822, x_refl=0, y_refl=0
  Quantized: start=8740, slope=18698, intercept=24822
  Recovered (relative): start=0.133362, slope=1.22539e+09, intercept=1.62673e+09

Interval 581:
  Original: start=-0.86468, slope=18752, intercept=24869, x_refl=0, y_refl=0
  Quantized: start=8868, slope=18752, intercept=24869
  Recovered (relative): start=0.135315, slope=1.22893e+09, intercept=1.62981e+09

Interval 582:
  Original: start=-0.862726, slope=18806, intercept=24915, x_refl=0, y_refl=0
  Quantized: start=8996, slope=18806, intercept=24915
  Recovered (relative): start=0.137268, slope=1.23247e+09, intercept=1.63283e+09

Interval 583:
  Original: start=-0.860772, slope=18860, intercept=24962, x_refl=0, y_refl=0
  Quantized: start=9124, slope=18860, intercept=24962
  Recovered (relative): start=0.139221, slope=1.23601e+09, intercept=1.63591e+09

Interval 584:
  Original: start=-0.858818, slope=18914, intercept=25008, x_refl=0, y_refl=0
  Quantized: start=9253, slope=18914, intercept=25008
  Recovered (relative): start=0.14119, slope=1.23955e+09, intercept=1.63892e+09

Interval 585:
  Original: start=-0.856864, slope=18969, intercept=25055, x_refl=0, y_refl=0
  Quantized: start=9381, slope=18969, intercept=25055
  Recovered (relative): start=0.143143, slope=1.24315e+09, intercept=1.642e+09

Interval 586:
  Original: start=-0.85491, slope=19023, intercept=25101, x_refl=0, y_refl=0
  Quantized: start=9509, slope=19023, intercept=25101
  Recovered (relative): start=0.145096, slope=1.24669e+09, intercept=1.64502e+09

Interval 587:
  Original: start=-0.852956, slope=19078, intercept=25148, x_refl=0, y_refl=0
  Quantized: start=9637, slope=19078, intercept=25148
  Recovered (relative): start=0.147049, slope=1.2503e+09, intercept=1.6481e+09

Interval 588:
  Original: start=-0.851001, slope=19132, intercept=25195, x_refl=0, y_refl=0
  Quantized: start=9765, slope=19132, intercept=25195
  Recovered (relative): start=0.149002, slope=1.25383e+09, intercept=1.65118e+09

Interval 589:
  Original: start=-0.849047, slope=19187, intercept=25241, x_refl=0, y_refl=0
  Quantized: start=9893, slope=19187, intercept=25241
  Recovered (relative): start=0.150955, slope=1.25744e+09, intercept=1.65419e+09

Interval 590:
  Original: start=-0.847093, slope=19242, intercept=25288, x_refl=0, y_refl=0
  Quantized: start=10021, slope=19242, intercept=25288
  Recovered (relative): start=0.152908, slope=1.26104e+09, intercept=1.65727e+09

Interval 591:
  Original: start=-0.845139, slope=19297, intercept=25334, x_refl=0, y_refl=0
  Quantized: start=10149, slope=19297, intercept=25334
  Recovered (relative): start=0.154861, slope=1.26465e+09, intercept=1.66029e+09

Interval 592:
  Original: start=-0.843185, slope=19352, intercept=25381, x_refl=0, y_refl=0
  Quantized: start=10277, slope=19352, intercept=25381
  Recovered (relative): start=0.156815, slope=1.26825e+09, intercept=1.66337e+09

Interval 593:
  Original: start=-0.841231, slope=19407, intercept=25427, x_refl=0, y_refl=0
  Quantized: start=10405, slope=19407, intercept=25427
  Recovered (relative): start=0.158768, slope=1.27186e+09, intercept=1.66638e+09

Interval 594:
  Original: start=-0.839277, slope=19463, intercept=25473, x_refl=0, y_refl=0
  Quantized: start=10533, slope=19463, intercept=25473
  Recovered (relative): start=0.160721, slope=1.27553e+09, intercept=1.6694e+09

Interval 595:
  Original: start=-0.837323, slope=19518, intercept=25520, x_refl=0, y_refl=0
  Quantized: start=10661, slope=19518, intercept=25520
  Recovered (relative): start=0.162674, slope=1.27913e+09, intercept=1.67248e+09

Interval 596:
  Original: start=-0.835369, slope=19574, intercept=25566, x_refl=0, y_refl=0
  Quantized: start=10789, slope=19574, intercept=25566
  Recovered (relative): start=0.164627, slope=1.2828e+09, intercept=1.67549e+09

Interval 597:
  Original: start=-0.833415, slope=19629, intercept=25613, x_refl=0, y_refl=0
  Quantized: start=10917, slope=19629, intercept=25613
  Recovered (relative): start=0.16658, slope=1.28641e+09, intercept=1.67857e+09

Interval 598:
  Original: start=-0.831461, slope=19685, intercept=25659, x_refl=0, y_refl=0
  Quantized: start=11045, slope=19685, intercept=25659
  Recovered (relative): start=0.168533, slope=1.29008e+09, intercept=1.68159e+09

Interval 599:
  Original: start=-0.829507, slope=19741, intercept=25705, x_refl=0, y_refl=0
  Quantized: start=11173, slope=19741, intercept=25705
  Recovered (relative): start=0.170486, slope=1.29375e+09, intercept=1.6846e+09

Interval 600:
  Original: start=-0.827553, slope=19797, intercept=25752, x_refl=0, y_refl=0
  Quantized: start=11302, slope=19797, intercept=25752
  Recovered (relative): start=0.172455, slope=1.29742e+09, intercept=1.68768e+09

Interval 601:
  Original: start=-0.825598, slope=19853, intercept=25798, x_refl=0, y_refl=0
  Quantized: start=11430, slope=19853, intercept=25798
  Recovered (relative): start=0.174408, slope=1.30109e+09, intercept=1.6907e+09

Interval 602:
  Original: start=-0.823644, slope=19909, intercept=25844, x_refl=0, y_refl=0
  Quantized: start=11558, slope=19909, intercept=25844
  Recovered (relative): start=0.176361, slope=1.30476e+09, intercept=1.69371e+09

Interval 603:
  Original: start=-0.82169, slope=19966, intercept=25891, x_refl=0, y_refl=0
  Quantized: start=11686, slope=19966, intercept=25891
  Recovered (relative): start=0.178314, slope=1.30849e+09, intercept=1.69679e+09

Interval 604:
  Original: start=-0.819736, slope=20022, intercept=25937, x_refl=0, y_refl=0
  Quantized: start=11814, slope=20022, intercept=25937
  Recovered (relative): start=0.180267, slope=1.31216e+09, intercept=1.69981e+09

Interval 605:
  Original: start=-0.817782, slope=20078, intercept=25983, x_refl=0, y_refl=0
  Quantized: start=11942, slope=20078, intercept=25983
  Recovered (relative): start=0.18222, slope=1.31583e+09, intercept=1.70282e+09

Interval 606:
  Original: start=-0.815828, slope=20135, intercept=26029, x_refl=0, y_refl=0
  Quantized: start=12070, slope=20135, intercept=26029
  Recovered (relative): start=0.184174, slope=1.31957e+09, intercept=1.70584e+09

Interval 607:
  Original: start=-0.813874, slope=20192, intercept=26075, x_refl=0, y_refl=0
  Quantized: start=12198, slope=20192, intercept=26075
  Recovered (relative): start=0.186127, slope=1.3233e+09, intercept=1.70885e+09

Interval 608:
  Original: start=-0.81192, slope=20249, intercept=26122, x_refl=0, y_refl=0
  Quantized: start=12326, slope=20249, intercept=26122
  Recovered (relative): start=0.18808, slope=1.32704e+09, intercept=1.71193e+09

Interval 609:
  Original: start=-0.809966, slope=20306, intercept=26168, x_refl=0, y_refl=0
  Quantized: start=12454, slope=20306, intercept=26168
  Recovered (relative): start=0.190033, slope=1.33077e+09, intercept=1.71495e+09

Interval 610:
  Original: start=-0.808012, slope=20363, intercept=26214, x_refl=0, y_refl=0
  Quantized: start=12582, slope=20363, intercept=26214
  Recovered (relative): start=0.191986, slope=1.33451e+09, intercept=1.71796e+09

Interval 611:
  Original: start=-0.806058, slope=20420, intercept=26260, x_refl=0, y_refl=0
  Quantized: start=12710, slope=20420, intercept=26260
  Recovered (relative): start=0.193939, slope=1.33825e+09, intercept=1.72098e+09

Interval 612:
  Original: start=-0.804104, slope=20477, intercept=26306, x_refl=0, y_refl=0
  Quantized: start=12838, slope=20477, intercept=26306
  Recovered (relative): start=0.195892, slope=1.34198e+09, intercept=1.72399e+09

Interval 613:
  Original: start=-0.802149, slope=20535, intercept=26352, x_refl=0, y_refl=0
  Quantized: start=12966, slope=20535, intercept=26352
  Recovered (relative): start=0.197845, slope=1.34578e+09, intercept=1.727e+09

Interval 614:
  Original: start=-0.800195, slope=20592, intercept=26398, x_refl=0, y_refl=0
  Quantized: start=13094, slope=20592, intercept=26398
  Recovered (relative): start=0.199799, slope=1.34952e+09, intercept=1.73002e+09

Interval 615:
  Original: start=-0.798241, slope=20650, intercept=26444, x_refl=0, y_refl=0
  Quantized: start=13222, slope=20650, intercept=26444
  Recovered (relative): start=0.201752, slope=1.35332e+09, intercept=1.73303e+09

Interval 616:
  Original: start=-0.796287, slope=20708, intercept=26490, x_refl=0, y_refl=0
  Quantized: start=13351, slope=20708, intercept=26490
  Recovered (relative): start=0.20372, slope=1.35712e+09, intercept=1.73605e+09

Interval 617:
  Original: start=-0.794333, slope=20766, intercept=26536, x_refl=0, y_refl=0
  Quantized: start=13479, slope=20766, intercept=26536
  Recovered (relative): start=0.205673, slope=1.36092e+09, intercept=1.73906e+09

Interval 618:
  Original: start=-0.792379, slope=20824, intercept=26582, x_refl=0, y_refl=0
  Quantized: start=13607, slope=20824, intercept=26582
  Recovered (relative): start=0.207626, slope=1.36472e+09, intercept=1.74208e+09

Interval 619:
  Original: start=-0.790425, slope=20882, intercept=26628, x_refl=0, y_refl=0
  Quantized: start=13735, slope=20882, intercept=26628
  Recovered (relative): start=0.209579, slope=1.36852e+09, intercept=1.74509e+09

Interval 620:
  Original: start=-0.788471, slope=20940, intercept=26674, x_refl=0, y_refl=0
  Quantized: start=13863, slope=20940, intercept=26674
  Recovered (relative): start=0.211533, slope=1.37232e+09, intercept=1.74811e+09

Interval 621:
  Original: start=-0.786517, slope=20998, intercept=26720, x_refl=0, y_refl=0
  Quantized: start=13991, slope=20998, intercept=26720
  Recovered (relative): start=0.213486, slope=1.37612e+09, intercept=1.75112e+09

Interval 622:
  Original: start=-0.784563, slope=21057, intercept=26766, x_refl=0, y_refl=0
  Quantized: start=14119, slope=21057, intercept=26766
  Recovered (relative): start=0.215439, slope=1.37999e+09, intercept=1.75414e+09

Interval 623:
  Original: start=-0.782609, slope=21115, intercept=26811, x_refl=0, y_refl=0
  Quantized: start=14247, slope=21115, intercept=26811
  Recovered (relative): start=0.217392, slope=1.38379e+09, intercept=1.75709e+09

Interval 624:
  Original: start=-0.780655, slope=21174, intercept=26857, x_refl=0, y_refl=0
  Quantized: start=14375, slope=21174, intercept=26857
  Recovered (relative): start=0.219345, slope=1.38766e+09, intercept=1.7601e+09

Interval 625:
  Original: start=-0.778701, slope=21233, intercept=26903, x_refl=0, y_refl=0
  Quantized: start=14503, slope=21233, intercept=26903
  Recovered (relative): start=0.221298, slope=1.39153e+09, intercept=1.76312e+09

Interval 626:
  Original: start=-0.776746, slope=21291, intercept=26949, x_refl=0, y_refl=0
  Quantized: start=14631, slope=21291, intercept=26949
  Recovered (relative): start=0.223251, slope=1.39533e+09, intercept=1.76613e+09

Interval 627:
  Original: start=-0.774792, slope=21350, intercept=26994, x_refl=0, y_refl=0
  Quantized: start=14759, slope=21350, intercept=26994
  Recovered (relative): start=0.225204, slope=1.39919e+09, intercept=1.76908e+09

Interval 628:
  Original: start=-0.772838, slope=21410, intercept=27040, x_refl=0, y_refl=0
  Quantized: start=14887, slope=21410, intercept=27040
  Recovered (relative): start=0.227158, slope=1.40313e+09, intercept=1.77209e+09

Interval 629:
  Original: start=-0.770884, slope=21469, intercept=27086, x_refl=0, y_refl=0
  Quantized: start=15015, slope=21469, intercept=27086
  Recovered (relative): start=0.229111, slope=1.40699e+09, intercept=1.77511e+09

Interval 630:
  Original: start=-0.76893, slope=21528, intercept=27131, x_refl=0, y_refl=0
  Quantized: start=15143, slope=21528, intercept=27131
  Recovered (relative): start=0.231064, slope=1.41086e+09, intercept=1.77806e+09

Interval 631:
  Original: start=-0.766976, slope=21588, intercept=27177, x_refl=0, y_refl=0
  Quantized: start=15271, slope=21588, intercept=27177
  Recovered (relative): start=0.233017, slope=1.41479e+09, intercept=1.78107e+09

Interval 632:
  Original: start=-0.765022, slope=21647, intercept=27223, x_refl=0, y_refl=0
  Quantized: start=15400, slope=21647, intercept=27223
  Recovered (relative): start=0.234985, slope=1.41866e+09, intercept=1.78409e+09

Interval 633:
  Original: start=-0.763068, slope=21707, intercept=27268, x_refl=0, y_refl=0
  Quantized: start=15528, slope=21707, intercept=27268
  Recovered (relative): start=0.236938, slope=1.42259e+09, intercept=1.78704e+09

Interval 634:
  Original: start=-0.761114, slope=21767, intercept=27314, x_refl=0, y_refl=0
  Quantized: start=15656, slope=21767, intercept=27314
  Recovered (relative): start=0.238892, slope=1.42652e+09, intercept=1.79005e+09

Interval 635:
  Original: start=-0.75916, slope=21827, intercept=27359, x_refl=0, y_refl=0
  Quantized: start=15784, slope=21827, intercept=27359
  Recovered (relative): start=0.240845, slope=1.43045e+09, intercept=1.793e+09

Interval 636:
  Original: start=-0.757206, slope=21887, intercept=27405, x_refl=0, y_refl=0
  Quantized: start=15912, slope=21887, intercept=27405
  Recovered (relative): start=0.242798, slope=1.43439e+09, intercept=1.79601e+09

Interval 637:
  Original: start=-0.755252, slope=21947, intercept=27450, x_refl=0, y_refl=0
  Quantized: start=16040, slope=21947, intercept=27450
  Recovered (relative): start=0.244751, slope=1.43832e+09, intercept=1.79896e+09

Interval 638:
  Original: start=-0.753298, slope=22007, intercept=27496, x_refl=0, y_refl=0
  Quantized: start=16168, slope=22007, intercept=27496
  Recovered (relative): start=0.246704, slope=1.44225e+09, intercept=1.80198e+09

Interval 639:
  Original: start=-0.751343, slope=22068, intercept=27541, x_refl=0, y_refl=0
  Quantized: start=16296, slope=22068, intercept=27541
  Recovered (relative): start=0.248657, slope=1.44625e+09, intercept=1.80493e+09

Interval 640:
  Original: start=-0.749389, slope=22128, intercept=27586, x_refl=0, y_refl=0
  Quantized: start=16424, slope=22128, intercept=27586
  Recovered (relative): start=0.25061, slope=1.45018e+09, intercept=1.80788e+09

Interval 641:
  Original: start=-0.747435, slope=22189, intercept=27632, x_refl=0, y_refl=0
  Quantized: start=16552, slope=22189, intercept=27632
  Recovered (relative): start=0.252563, slope=1.45418e+09, intercept=1.81089e+09

Interval 642:
  Original: start=-0.745481, slope=22250, intercept=27677, x_refl=0, y_refl=0
  Quantized: start=16680, slope=22250, intercept=27677
  Recovered (relative): start=0.254517, slope=1.45818e+09, intercept=1.81384e+09

Interval 643:
  Original: start=-0.743527, slope=22311, intercept=27722, x_refl=0, y_refl=0
  Quantized: start=16808, slope=22311, intercept=27722
  Recovered (relative): start=0.25647, slope=1.46217e+09, intercept=1.81679e+09

Interval 644:
  Original: start=-0.741573, slope=22372, intercept=27767, x_refl=0, y_refl=0
  Quantized: start=16936, slope=22372, intercept=27767
  Recovered (relative): start=0.258423, slope=1.46617e+09, intercept=1.81974e+09

Interval 645:
  Original: start=-0.739619, slope=22433, intercept=27813, x_refl=0, y_refl=0
  Quantized: start=17064, slope=22433, intercept=27813
  Recovered (relative): start=0.260376, slope=1.47017e+09, intercept=1.82275e+09

Interval 646:
  Original: start=-0.737665, slope=22494, intercept=27858, x_refl=0, y_refl=0
  Quantized: start=17192, slope=22494, intercept=27858
  Recovered (relative): start=0.262329, slope=1.47417e+09, intercept=1.8257e+09

Interval 647:
  Original: start=-0.735711, slope=22555, intercept=27903, x_refl=0, y_refl=0
  Quantized: start=17320, slope=22555, intercept=27903
  Recovered (relative): start=0.264282, slope=1.47816e+09, intercept=1.82865e+09

Interval 648:
  Original: start=-0.733757, slope=22617, intercept=27948, x_refl=0, y_refl=0
  Quantized: start=17449, slope=22617, intercept=27948
  Recovered (relative): start=0.266251, slope=1.48223e+09, intercept=1.8316e+09

Interval 649:
  Original: start=-0.731803, slope=22678, intercept=27993, x_refl=0, y_refl=0
  Quantized: start=17577, slope=22678, intercept=27993
  Recovered (relative): start=0.268204, slope=1.48623e+09, intercept=1.83455e+09

Interval 650:
  Original: start=-0.729849, slope=22740, intercept=28038, x_refl=0, y_refl=0
  Quantized: start=17705, slope=22740, intercept=28038
  Recovered (relative): start=0.270157, slope=1.49029e+09, intercept=1.8375e+09

Interval 651:
  Original: start=-0.727894, slope=22802, intercept=28083, x_refl=0, y_refl=0
  Quantized: start=17833, slope=22802, intercept=28083
  Recovered (relative): start=0.27211, slope=1.49435e+09, intercept=1.84045e+09

Interval 652:
  Original: start=-0.72594, slope=22864, intercept=28128, x_refl=0, y_refl=0
  Quantized: start=17961, slope=22864, intercept=28128
  Recovered (relative): start=0.274063, slope=1.49842e+09, intercept=1.8434e+09

Interval 653:
  Original: start=-0.723986, slope=22926, intercept=28173, x_refl=0, y_refl=0
  Quantized: start=18089, slope=22926, intercept=28173
  Recovered (relative): start=0.276016, slope=1.50248e+09, intercept=1.84635e+09

Interval 654:
  Original: start=-0.722032, slope=22988, intercept=28218, x_refl=0, y_refl=0
  Quantized: start=18217, slope=22988, intercept=28218
  Recovered (relative): start=0.277969, slope=1.50654e+09, intercept=1.84929e+09

Interval 655:
  Original: start=-0.720078, slope=23050, intercept=28263, x_refl=0, y_refl=0
  Quantized: start=18345, slope=23050, intercept=28263
  Recovered (relative): start=0.279922, slope=1.5106e+09, intercept=1.85224e+09

Interval 656:
  Original: start=-0.718124, slope=23113, intercept=28308, x_refl=0, y_refl=0
  Quantized: start=18473, slope=23113, intercept=28308
  Recovered (relative): start=0.281876, slope=1.51473e+09, intercept=1.85519e+09

Interval 657:
  Original: start=-0.71617, slope=23176, intercept=28353, x_refl=0, y_refl=0
  Quantized: start=18601, slope=23176, intercept=28353
  Recovered (relative): start=0.283829, slope=1.51886e+09, intercept=1.85814e+09

Interval 658:
  Original: start=-0.714216, slope=23238, intercept=28397, x_refl=0, y_refl=0
  Quantized: start=18729, slope=23238, intercept=28397
  Recovered (relative): start=0.285782, slope=1.52293e+09, intercept=1.86103e+09

Interval 659:
  Original: start=-0.712262, slope=23301, intercept=28442, x_refl=0, y_refl=0
  Quantized: start=18857, slope=23301, intercept=28442
  Recovered (relative): start=0.287735, slope=1.52705e+09, intercept=1.86397e+09

Interval 660:
  Original: start=-0.710308, slope=23364, intercept=28487, x_refl=0, y_refl=0
  Quantized: start=18985, slope=23364, intercept=28487
  Recovered (relative): start=0.289688, slope=1.53118e+09, intercept=1.86692e+09

Interval 661:
  Original: start=-0.708354, slope=23427, intercept=28532, x_refl=0, y_refl=0
  Quantized: start=19113, slope=23427, intercept=28532
  Recovered (relative): start=0.291641, slope=1.53531e+09, intercept=1.86987e+09

Interval 662:
  Original: start=-0.7064, slope=23490, intercept=28576, x_refl=0, y_refl=0
  Quantized: start=19241, slope=23490, intercept=28576
  Recovered (relative): start=0.293594, slope=1.53944e+09, intercept=1.87276e+09

Interval 663:
  Original: start=-0.704446, slope=23554, intercept=28621, x_refl=0, y_refl=0
  Quantized: start=19369, slope=23554, intercept=28621
  Recovered (relative): start=0.295547, slope=1.54363e+09, intercept=1.87571e+09

Interval 664:
  Original: start=-0.702491, slope=23617, intercept=28665, x_refl=0, y_refl=0
  Quantized: start=19498, slope=23617, intercept=28665
  Recovered (relative): start=0.297516, slope=1.54776e+09, intercept=1.87859e+09

Interval 665:
  Original: start=-0.700537, slope=23681, intercept=28710, x_refl=0, y_refl=0
  Quantized: start=19626, slope=23681, intercept=28710
  Recovered (relative): start=0.299469, slope=1.55196e+09, intercept=1.88154e+09

Interval 666:
  Original: start=-0.698583, slope=23744, intercept=28754, x_refl=0, y_refl=0
  Quantized: start=19754, slope=23744, intercept=28754
  Recovered (relative): start=0.301422, slope=1.55609e+09, intercept=1.88442e+09

Interval 667:
  Original: start=-0.696629, slope=23808, intercept=28799, x_refl=0, y_refl=0
  Quantized: start=19882, slope=23808, intercept=28799
  Recovered (relative): start=0.303375, slope=1.56028e+09, intercept=1.88737e+09

Interval 668:
  Original: start=-0.694675, slope=23872, intercept=28843, x_refl=0, y_refl=0
  Quantized: start=20010, slope=23872, intercept=28843
  Recovered (relative): start=0.305328, slope=1.56448e+09, intercept=1.89025e+09

Interval 669:
  Original: start=-0.692721, slope=23936, intercept=28888, x_refl=0, y_refl=0
  Quantized: start=20138, slope=23936, intercept=28888
  Recovered (relative): start=0.307281, slope=1.56867e+09, intercept=1.8932e+09

Interval 670:
  Original: start=-0.690767, slope=24000, intercept=28932, x_refl=0, y_refl=0
  Quantized: start=20266, slope=24000, intercept=28932
  Recovered (relative): start=0.309235, slope=1.57286e+09, intercept=1.89609e+09

Interval 671:
  Original: start=-0.688813, slope=24065, intercept=28976, x_refl=0, y_refl=0
  Quantized: start=20394, slope=24065, intercept=28976
  Recovered (relative): start=0.311188, slope=1.57712e+09, intercept=1.89897e+09

Interval 672:
  Original: start=-0.686859, slope=24129, intercept=29020, x_refl=0, y_refl=0
  Quantized: start=20522, slope=24129, intercept=29020
  Recovered (relative): start=0.313141, slope=1.58132e+09, intercept=1.90185e+09

Interval 673:
  Original: start=-0.684905, slope=24194, intercept=29065, x_refl=0, y_refl=0
  Quantized: start=20650, slope=24194, intercept=29065
  Recovered (relative): start=0.315094, slope=1.58558e+09, intercept=1.9048e+09

Interval 674:
  Original: start=-0.682951, slope=24258, intercept=29109, x_refl=0, y_refl=0
  Quantized: start=20778, slope=24258, intercept=29109
  Recovered (relative): start=0.317047, slope=1.58977e+09, intercept=1.90769e+09

Interval 675:
  Original: start=-0.680997, slope=24323, intercept=29153, x_refl=0, y_refl=0
  Quantized: start=20906, slope=24323, intercept=29153
  Recovered (relative): start=0.319, slope=1.59403e+09, intercept=1.91057e+09

Interval 676:
  Original: start=-0.679043, slope=24388, intercept=29197, x_refl=0, y_refl=0
  Quantized: start=21034, slope=24388, intercept=29197
  Recovered (relative): start=0.320953, slope=1.59829e+09, intercept=1.91345e+09

Interval 677:
  Original: start=-0.677088, slope=24453, intercept=29241, x_refl=0, y_refl=0
  Quantized: start=21162, slope=24453, intercept=29241
  Recovered (relative): start=0.322906, slope=1.60255e+09, intercept=1.91634e+09

Interval 678:
  Original: start=-0.675134, slope=24518, intercept=29285, x_refl=0, y_refl=0
  Quantized: start=21290, slope=24518, intercept=29285
  Recovered (relative): start=0.32486, slope=1.60681e+09, intercept=1.91922e+09

Interval 679:
  Original: start=-0.67318, slope=24584, intercept=29329, x_refl=0, y_refl=0
  Quantized: start=21418, slope=24584, intercept=29329
  Recovered (relative): start=0.326813, slope=1.61114e+09, intercept=1.92211e+09

Interval 680:
  Original: start=-0.671226, slope=24649, intercept=29373, x_refl=0, y_refl=0
  Quantized: start=21547, slope=24649, intercept=29373
  Recovered (relative): start=0.328781, slope=1.6154e+09, intercept=1.92499e+09

Interval 681:
  Original: start=-0.669272, slope=24715, intercept=29417, x_refl=0, y_refl=0
  Quantized: start=21675, slope=24715, intercept=29417
  Recovered (relative): start=0.330734, slope=1.61972e+09, intercept=1.92787e+09

Interval 682:
  Original: start=-0.667318, slope=24780, intercept=29461, x_refl=0, y_refl=0
  Quantized: start=21803, slope=24780, intercept=29461
  Recovered (relative): start=0.332687, slope=1.62398e+09, intercept=1.93076e+09

Interval 683:
  Original: start=-0.665364, slope=24846, intercept=29505, x_refl=0, y_refl=0
  Quantized: start=21931, slope=24846, intercept=29505
  Recovered (relative): start=0.334641, slope=1.62831e+09, intercept=1.93364e+09

Interval 684:
  Original: start=-0.66341, slope=24912, intercept=29548, x_refl=0, y_refl=0
  Quantized: start=22059, slope=24912, intercept=29548
  Recovered (relative): start=0.336594, slope=1.63263e+09, intercept=1.93646e+09

Interval 685:
  Original: start=-0.661456, slope=24978, intercept=29592, x_refl=0, y_refl=0
  Quantized: start=22187, slope=24978, intercept=29592
  Recovered (relative): start=0.338547, slope=1.63696e+09, intercept=1.93934e+09

Interval 686:
  Original: start=-0.659502, slope=25044, intercept=29636, x_refl=0, y_refl=0
  Quantized: start=22315, slope=25044, intercept=29636
  Recovered (relative): start=0.3405, slope=1.64128e+09, intercept=1.94222e+09

Interval 687:
  Original: start=-0.657548, slope=25111, intercept=29679, x_refl=0, y_refl=0
  Quantized: start=22443, slope=25111, intercept=29679
  Recovered (relative): start=0.342453, slope=1.64567e+09, intercept=1.94504e+09

Interval 688:
  Original: start=-0.655594, slope=25177, intercept=29723, x_refl=0, y_refl=0
  Quantized: start=22571, slope=25177, intercept=29723
  Recovered (relative): start=0.344406, slope=1.65e+09, intercept=1.94793e+09

Interval 689:
  Original: start=-0.653639, slope=25244, intercept=29767, x_refl=0, y_refl=0
  Quantized: start=22699, slope=25244, intercept=29767
  Recovered (relative): start=0.346359, slope=1.65439e+09, intercept=1.95081e+09

Interval 690:
  Original: start=-0.651685, slope=25311, intercept=29810, x_refl=0, y_refl=0
  Quantized: start=22827, slope=25311, intercept=29810
  Recovered (relative): start=0.348312, slope=1.65878e+09, intercept=1.95363e+09

Interval 691:
  Original: start=-0.649731, slope=25377, intercept=29853, x_refl=0, y_refl=0
  Quantized: start=22955, slope=25377, intercept=29853
  Recovered (relative): start=0.350266, slope=1.66311e+09, intercept=1.95645e+09

Interval 692:
  Original: start=-0.647777, slope=25444, intercept=29897, x_refl=0, y_refl=0
  Quantized: start=23083, slope=25444, intercept=29897
  Recovered (relative): start=0.352219, slope=1.6675e+09, intercept=1.95933e+09

Interval 693:
  Original: start=-0.645823, slope=25512, intercept=29940, x_refl=0, y_refl=0
  Quantized: start=23211, slope=25512, intercept=29940
  Recovered (relative): start=0.354172, slope=1.67195e+09, intercept=1.96215e+09

Interval 694:
  Original: start=-0.643869, slope=25579, intercept=29984, x_refl=0, y_refl=0
  Quantized: start=23339, slope=25579, intercept=29984
  Recovered (relative): start=0.356125, slope=1.67635e+09, intercept=1.96503e+09

Interval 695:
  Original: start=-0.641915, slope=25646, intercept=30027, x_refl=0, y_refl=0
  Quantized: start=23467, slope=25646, intercept=30027
  Recovered (relative): start=0.358078, slope=1.68074e+09, intercept=1.96785e+09

Interval 696:
  Original: start=-0.639961, slope=25714, intercept=30070, x_refl=0, y_refl=0
  Quantized: start=23596, slope=25714, intercept=30070
  Recovered (relative): start=0.360046, slope=1.68519e+09, intercept=1.97067e+09

Interval 697:
  Original: start=-0.638007, slope=25781, intercept=30113, x_refl=0, y_refl=0
  Quantized: start=23724, slope=25781, intercept=30113
  Recovered (relative): start=0.362, slope=1.68958e+09, intercept=1.97349e+09

Interval 698:
  Original: start=-0.636053, slope=25849, intercept=30156, x_refl=0, y_refl=0
  Quantized: start=23852, slope=25849, intercept=30156
  Recovered (relative): start=0.363953, slope=1.69404e+09, intercept=1.9763e+09

Interval 699:
  Original: start=-0.634099, slope=25917, intercept=30199, x_refl=0, y_refl=0
  Quantized: start=23980, slope=25917, intercept=30199
  Recovered (relative): start=0.365906, slope=1.6985e+09, intercept=1.97912e+09

Interval 700:
  Original: start=-0.632145, slope=25985, intercept=30242, x_refl=0, y_refl=0
  Quantized: start=24108, slope=25985, intercept=30242
  Recovered (relative): start=0.367859, slope=1.70295e+09, intercept=1.98194e+09

Interval 701:
  Original: start=-0.630191, slope=26053, intercept=30285, x_refl=0, y_refl=0
  Quantized: start=24236, slope=26053, intercept=30285
  Recovered (relative): start=0.369812, slope=1.70741e+09, intercept=1.98476e+09

Interval 702:
  Original: start=-0.628236, slope=26122, intercept=30328, x_refl=0, y_refl=0
  Quantized: start=24364, slope=26122, intercept=30328
  Recovered (relative): start=0.371765, slope=1.71193e+09, intercept=1.98758e+09

Interval 703:
  Original: start=-0.626282, slope=26190, intercept=30371, x_refl=0, y_refl=0
  Quantized: start=24492, slope=26190, intercept=30371
  Recovered (relative): start=0.373718, slope=1.71639e+09, intercept=1.99039e+09

Interval 704:
  Original: start=-0.624328, slope=26259, intercept=30414, x_refl=0, y_refl=0
  Quantized: start=24620, slope=26259, intercept=30414
  Recovered (relative): start=0.375671, slope=1.72091e+09, intercept=1.99321e+09

Interval 705:
  Original: start=-0.622374, slope=26328, intercept=30457, x_refl=0, y_refl=0
  Quantized: start=24748, slope=26328, intercept=30457
  Recovered (relative): start=0.377625, slope=1.72543e+09, intercept=1.99603e+09

Interval 706:
  Original: start=-0.62042, slope=26396, intercept=30500, x_refl=0, y_refl=0
  Quantized: start=24876, slope=26396, intercept=30500
  Recovered (relative): start=0.379578, slope=1.72989e+09, intercept=1.99885e+09

Interval 707:
  Original: start=-0.618466, slope=26465, intercept=30542, x_refl=0, y_refl=0
  Quantized: start=25004, slope=26465, intercept=30542
  Recovered (relative): start=0.381531, slope=1.73441e+09, intercept=2.0016e+09

Interval 708:
  Original: start=-0.616512, slope=26534, intercept=30585, x_refl=0, y_refl=0
  Quantized: start=25132, slope=26534, intercept=30585
  Recovered (relative): start=0.383484, slope=1.73893e+09, intercept=2.00442e+09

Interval 709:
  Original: start=-0.614558, slope=26604, intercept=30627, x_refl=0, y_refl=0
  Quantized: start=25260, slope=26604, intercept=30627
  Recovered (relative): start=0.385437, slope=1.74352e+09, intercept=2.00717e+09

Interval 710:
  Original: start=-0.612604, slope=26673, intercept=30670, x_refl=0, y_refl=0
  Quantized: start=25388, slope=26673, intercept=30670
  Recovered (relative): start=0.38739, slope=1.74804e+09, intercept=2.00999e+09

Interval 711:
  Original: start=-0.61065, slope=26743, intercept=30712, x_refl=0, y_refl=0
  Quantized: start=25516, slope=26743, intercept=30712
  Recovered (relative): start=0.389343, slope=1.75263e+09, intercept=2.01274e+09

Interval 712:
  Original: start=-0.608696, slope=26812, intercept=30755, x_refl=0, y_refl=0
  Quantized: start=25645, slope=26812, intercept=30755
  Recovered (relative): start=0.391312, slope=1.75715e+09, intercept=2.01556e+09

Interval 713:
  Original: start=-0.606742, slope=26882, intercept=30797, x_refl=0, y_refl=0
  Quantized: start=25773, slope=26882, intercept=30797
  Recovered (relative): start=0.393265, slope=1.76174e+09, intercept=2.01831e+09

Interval 714:
  Original: start=-0.604787, slope=26952, intercept=30839, x_refl=0, y_refl=0
  Quantized: start=25901, slope=26952, intercept=30839
  Recovered (relative): start=0.395218, slope=1.76633e+09, intercept=2.02106e+09

Interval 715:
  Original: start=-0.602833, slope=27022, intercept=30882, x_refl=0, y_refl=0
  Quantized: start=26029, slope=27022, intercept=30882
  Recovered (relative): start=0.397171, slope=1.77091e+09, intercept=2.02388e+09

Interval 716:
  Original: start=-0.600879, slope=27092, intercept=30924, x_refl=0, y_refl=0
  Quantized: start=26157, slope=27092, intercept=30924
  Recovered (relative): start=0.399124, slope=1.7755e+09, intercept=2.02664e+09

Interval 717:
  Original: start=-0.598925, slope=27163, intercept=30966, x_refl=0, y_refl=0
  Quantized: start=26285, slope=27163, intercept=30966
  Recovered (relative): start=0.401077, slope=1.78015e+09, intercept=2.02939e+09

Interval 718:
  Original: start=-0.596971, slope=27233, intercept=31008, x_refl=0, y_refl=0
  Quantized: start=26413, slope=27233, intercept=31008
  Recovered (relative): start=0.40303, slope=1.78474e+09, intercept=2.03214e+09

Interval 719:
  Original: start=-0.595017, slope=27304, intercept=31050, x_refl=0, y_refl=0
  Quantized: start=26541, slope=27304, intercept=31050
  Recovered (relative): start=0.404984, slope=1.78939e+09, intercept=2.03489e+09

Interval 720:
  Original: start=-0.593063, slope=27375, intercept=31092, x_refl=0, y_refl=0
  Quantized: start=26669, slope=27375, intercept=31092
  Recovered (relative): start=0.406937, slope=1.79405e+09, intercept=2.03765e+09

Interval 721:
  Original: start=-0.591109, slope=27446, intercept=31134, x_refl=0, y_refl=0
  Quantized: start=26797, slope=27446, intercept=31134
  Recovered (relative): start=0.40889, slope=1.7987e+09, intercept=2.0404e+09

Interval 722:
  Original: start=-0.589155, slope=27517, intercept=31176, x_refl=0, y_refl=0
  Quantized: start=26925, slope=27517, intercept=31176
  Recovered (relative): start=0.410843, slope=1.80335e+09, intercept=2.04315e+09

Interval 723:
  Original: start=-0.587201, slope=27588, intercept=31218, x_refl=0, y_refl=0
  Quantized: start=27053, slope=27588, intercept=31218
  Recovered (relative): start=0.412796, slope=1.80801e+09, intercept=2.0459e+09

Interval 724:
  Original: start=-0.585247, slope=27659, intercept=31259, x_refl=0, y_refl=0
  Quantized: start=27181, slope=27659, intercept=31259
  Recovered (relative): start=0.414749, slope=1.81266e+09, intercept=2.04859e+09

Interval 725:
  Original: start=-0.583293, slope=27731, intercept=31301, x_refl=0, y_refl=0
  Quantized: start=27309, slope=27731, intercept=31301
  Recovered (relative): start=0.416702, slope=1.81738e+09, intercept=2.05134e+09

Interval 726:
  Original: start=-0.581339, slope=27802, intercept=31343, x_refl=0, y_refl=0
  Quantized: start=27437, slope=27802, intercept=31343
  Recovered (relative): start=0.418655, slope=1.82203e+09, intercept=2.05409e+09

Interval 727:
  Original: start=-0.579384, slope=27874, intercept=31384, x_refl=0, y_refl=0
  Quantized: start=27565, slope=27874, intercept=31384
  Recovered (relative): start=0.420609, slope=1.82675e+09, intercept=2.05678e+09

Interval 728:
  Original: start=-0.57743, slope=27946, intercept=31426, x_refl=0, y_refl=0
  Quantized: start=27694, slope=27946, intercept=31426
  Recovered (relative): start=0.422577, slope=1.83147e+09, intercept=2.05953e+09

Interval 729:
  Original: start=-0.575476, slope=28018, intercept=31467, x_refl=0, y_refl=0
  Quantized: start=27822, slope=28018, intercept=31467
  Recovered (relative): start=0.42453, slope=1.83619e+09, intercept=2.06222e+09

Interval 730:
  Original: start=-0.573522, slope=28090, intercept=31509, x_refl=0, y_refl=0
  Quantized: start=27950, slope=28090, intercept=31509
  Recovered (relative): start=0.426483, slope=1.84091e+09, intercept=2.06497e+09

Interval 731:
  Original: start=-0.571568, slope=28162, intercept=31550, x_refl=0, y_refl=0
  Quantized: start=28078, slope=28162, intercept=31550
  Recovered (relative): start=0.428436, slope=1.84562e+09, intercept=2.06766e+09

Interval 732:
  Original: start=-0.569614, slope=28235, intercept=31591, x_refl=0, y_refl=0
  Quantized: start=28206, slope=28235, intercept=31591
  Recovered (relative): start=0.430389, slope=1.85041e+09, intercept=2.07035e+09

Interval 733:
  Original: start=-0.56766, slope=28307, intercept=31632, x_refl=0, y_refl=0
  Quantized: start=28334, slope=28307, intercept=31632
  Recovered (relative): start=0.432343, slope=1.85513e+09, intercept=2.07303e+09

Interval 734:
  Original: start=-0.565706, slope=28380, intercept=31674, x_refl=0, y_refl=0
  Quantized: start=28462, slope=28380, intercept=31674
  Recovered (relative): start=0.434296, slope=1.85991e+09, intercept=2.07579e+09

Interval 735:
  Original: start=-0.563752, slope=28453, intercept=31715, x_refl=0, y_refl=0
  Quantized: start=28590, slope=28453, intercept=31715
  Recovered (relative): start=0.436249, slope=1.8647e+09, intercept=2.07847e+09

Interval 736:
  Original: start=-0.561798, slope=28526, intercept=31756, x_refl=0, y_refl=0
  Quantized: start=28718, slope=28526, intercept=31756
  Recovered (relative): start=0.438202, slope=1.86948e+09, intercept=2.08116e+09

Interval 737:
  Original: start=-0.559844, slope=28599, intercept=31797, x_refl=0, y_refl=0
  Quantized: start=28846, slope=28599, intercept=31797
  Recovered (relative): start=0.440155, slope=1.87426e+09, intercept=2.08385e+09

Interval 738:
  Original: start=-0.55789, slope=28673, intercept=31838, x_refl=0, y_refl=0
  Quantized: start=28974, slope=28673, intercept=31838
  Recovered (relative): start=0.442108, slope=1.87911e+09, intercept=2.08654e+09

Interval 739:
  Original: start=-0.555936, slope=28746, intercept=31878, x_refl=0, y_refl=0
  Quantized: start=29102, slope=28746, intercept=31878
  Recovered (relative): start=0.444061, slope=1.8839e+09, intercept=2.08916e+09

Interval 740:
  Original: start=-0.553981, slope=28820, intercept=31919, x_refl=0, y_refl=0
  Quantized: start=29230, slope=28820, intercept=31919
  Recovered (relative): start=0.446014, slope=1.88875e+09, intercept=2.09184e+09

Interval 741:
  Original: start=-0.552027, slope=28893, intercept=31960, x_refl=0, y_refl=0
  Quantized: start=29358, slope=28893, intercept=31960
  Recovered (relative): start=0.447968, slope=1.89353e+09, intercept=2.09453e+09

Interval 742:
  Original: start=-0.550073, slope=28967, intercept=32000, x_refl=0, y_refl=0
  Quantized: start=29486, slope=28967, intercept=32000
  Recovered (relative): start=0.449921, slope=1.89838e+09, intercept=2.09715e+09

Interval 743:
  Original: start=-0.548119, slope=29041, intercept=32041, x_refl=0, y_refl=0
  Quantized: start=29614, slope=29041, intercept=32041
  Recovered (relative): start=0.451874, slope=1.90323e+09, intercept=2.09984e+09

Interval 744:
  Original: start=-0.546165, slope=29115, intercept=32082, x_refl=0, y_refl=0
  Quantized: start=29743, slope=29115, intercept=32082
  Recovered (relative): start=0.453842, slope=1.90808e+09, intercept=2.10253e+09

Interval 745:
  Original: start=-0.544211, slope=29190, intercept=32122, x_refl=0, y_refl=0
  Quantized: start=29871, slope=29190, intercept=32122
  Recovered (relative): start=0.455795, slope=1.913e+09, intercept=2.10515e+09

Interval 746:
  Original: start=-0.542257, slope=29264, intercept=32162, x_refl=0, y_refl=0
  Quantized: start=29999, slope=29264, intercept=32162
  Recovered (relative): start=0.457748, slope=1.91785e+09, intercept=2.10777e+09

Interval 747:
  Original: start=-0.540303, slope=29339, intercept=32203, x_refl=0, y_refl=0
  Quantized: start=30127, slope=29339, intercept=32203
  Recovered (relative): start=0.459702, slope=1.92276e+09, intercept=2.11046e+09

Interval 748:
  Original: start=-0.538349, slope=29413, intercept=32243, x_refl=0, y_refl=0
  Quantized: start=30255, slope=29413, intercept=32243
  Recovered (relative): start=0.461655, slope=1.92761e+09, intercept=2.11308e+09

Interval 749:
  Original: start=-0.536395, slope=29488, intercept=32283, x_refl=0, y_refl=0
  Quantized: start=30383, slope=29488, intercept=32283
  Recovered (relative): start=0.463608, slope=1.93253e+09, intercept=2.1157e+09

Interval 750:
  Original: start=-0.534441, slope=29563, intercept=32323, x_refl=0, y_refl=0
  Quantized: start=30511, slope=29563, intercept=32323
  Recovered (relative): start=0.465561, slope=1.93744e+09, intercept=2.11832e+09

Interval 751:
  Original: start=-0.532487, slope=29639, intercept=32363, x_refl=0, y_refl=0
  Quantized: start=30639, slope=29639, intercept=32363
  Recovered (relative): start=0.467514, slope=1.94242e+09, intercept=2.12094e+09

Interval 752:
  Original: start=-0.530532, slope=29714, intercept=32403, x_refl=0, y_refl=0
  Quantized: start=30767, slope=29714, intercept=32403
  Recovered (relative): start=0.469467, slope=1.94734e+09, intercept=2.12356e+09

Interval 753:
  Original: start=-0.528578, slope=29789, intercept=32443, x_refl=0, y_refl=0
  Quantized: start=30895, slope=29789, intercept=32443
  Recovered (relative): start=0.47142, slope=1.95225e+09, intercept=2.12618e+09

Interval 754:
  Original: start=-0.526624, slope=29865, intercept=32483, x_refl=0, y_refl=0
  Quantized: start=31023, slope=29865, intercept=32483
  Recovered (relative): start=0.473373, slope=1.95723e+09, intercept=2.12881e+09

Interval 755:
  Original: start=-0.52467, slope=29941, intercept=32523, x_refl=0, y_refl=0
  Quantized: start=31151, slope=29941, intercept=32523
  Recovered (relative): start=0.475327, slope=1.96221e+09, intercept=2.13143e+09

Interval 756:
  Original: start=-0.522716, slope=30017, intercept=32562, x_refl=0, y_refl=0
  Quantized: start=31279, slope=30017, intercept=32562
  Recovered (relative): start=0.47728, slope=1.96719e+09, intercept=2.13398e+09

Interval 757:
  Original: start=-0.520762, slope=30093, intercept=32602, x_refl=0, y_refl=0
  Quantized: start=31407, slope=30093, intercept=32602
  Recovered (relative): start=0.479233, slope=1.97217e+09, intercept=2.1366e+09

Interval 758:
  Original: start=-0.518808, slope=30169, intercept=32642, x_refl=0, y_refl=0
  Quantized: start=31535, slope=30169, intercept=32642
  Recovered (relative): start=0.481186, slope=1.97716e+09, intercept=2.13923e+09

Interval 759:
  Original: start=-0.516854, slope=30245, intercept=32681, x_refl=0, y_refl=0
  Quantized: start=31663, slope=30245, intercept=32681
  Recovered (relative): start=0.483139, slope=1.98214e+09, intercept=2.14178e+09

Interval 760:
  Original: start=-0.5149, slope=30322, intercept=32720, x_refl=0, y_refl=0
  Quantized: start=31792, slope=30322, intercept=32720
  Recovered (relative): start=0.485107, slope=1.98718e+09, intercept=2.14434e+09

Interval 761:
  Original: start=-0.512946, slope=30399, intercept=32760, x_refl=0, y_refl=0
  Quantized: start=31920, slope=30399, intercept=32760
  Recovered (relative): start=0.487061, slope=1.99223e+09, intercept=2.14696e+09

Interval 762:
  Original: start=-0.510992, slope=30476, intercept=32799, x_refl=0, y_refl=0
  Quantized: start=32048, slope=30476, intercept=-32737
  Recovered (relative): start=0.489014, slope=1.99728e+09, intercept=-2.14545e+09

Interval 763:
  Original: start=-0.509038, slope=30552, intercept=32838, x_refl=0, y_refl=0
  Quantized: start=32176, slope=30552, intercept=-32698
  Recovered (relative): start=0.490967, slope=2.00226e+09, intercept=-2.1429e+09

Interval 764:
  Original: start=-0.507084, slope=30630, intercept=32877, x_refl=0, y_refl=0
  Quantized: start=32304, slope=30630, intercept=-32659
  Recovered (relative): start=0.49292, slope=2.00737e+09, intercept=-2.14034e+09

Interval 765:
  Original: start=-0.505129, slope=30707, intercept=32916, x_refl=0, y_refl=0
  Quantized: start=32432, slope=30707, intercept=-32620
  Recovered (relative): start=0.494873, slope=2.01241e+09, intercept=-2.13778e+09

Interval 766:
  Original: start=-0.503175, slope=30784, intercept=32955, x_refl=0, y_refl=0
  Quantized: start=32560, slope=30784, intercept=-32581
  Recovered (relative): start=0.496826, slope=2.01746e+09, intercept=-2.13523e+09

Interval 767:
  Original: start=-0.501221, slope=30862, intercept=32994, x_refl=0, y_refl=0
  Quantized: start=32688, slope=30862, intercept=-32542
  Recovered (relative): start=0.498779, slope=2.02257e+09, intercept=-2.13267e+09

Interval 768:
  Original: start=-0.499267, slope=30940, intercept=33033, x_refl=0, y_refl=0
  Quantized: start=-32720, slope=30940, intercept=-32503
  Recovered (relative): start=-0.499268, slope=2.02768e+09, intercept=-2.13012e+09

Interval 769:
  Original: start=-0.497313, slope=31018, intercept=33072, x_refl=0, y_refl=0
  Quantized: start=-32592, slope=31018, intercept=-32464
  Recovered (relative): start=-0.497314, slope=2.0328e+09, intercept=-2.12756e+09

Interval 770:
  Original: start=-0.495359, slope=31096, intercept=33110, x_refl=0, y_refl=0
  Quantized: start=-32464, slope=31096, intercept=-32426
  Recovered (relative): start=-0.495361, slope=2.03791e+09, intercept=-2.12507e+09

Interval 771:
  Original: start=-0.493405, slope=31174, intercept=33149, x_refl=0, y_refl=0
  Quantized: start=-32336, slope=31174, intercept=-32387
  Recovered (relative): start=-0.493408, slope=2.04302e+09, intercept=-2.12251e+09

Interval 772:
  Original: start=-0.491451, slope=31252, intercept=33187, x_refl=0, y_refl=0
  Quantized: start=-32208, slope=31252, intercept=-32349
  Recovered (relative): start=-0.491455, slope=2.04813e+09, intercept=-2.12002e+09

Interval 773:
  Original: start=-0.489497, slope=31331, intercept=33226, x_refl=0, y_refl=0
  Quantized: start=-32080, slope=31331, intercept=-32310
  Recovered (relative): start=-0.489502, slope=2.05331e+09, intercept=-2.11747e+09

Interval 774:
  Original: start=-0.487543, slope=31409, intercept=33264, x_refl=0, y_refl=0
  Quantized: start=-31952, slope=31409, intercept=-32272
  Recovered (relative): start=-0.487549, slope=2.05842e+09, intercept=-2.11498e+09

Interval 775:
  Original: start=-0.485589, slope=31488, intercept=33303, x_refl=0, y_refl=0
  Quantized: start=-31824, slope=31488, intercept=-32233
  Recovered (relative): start=-0.485596, slope=2.0636e+09, intercept=-2.11242e+09

Interval 776:
  Original: start=-0.483635, slope=31567, intercept=33341, x_refl=0, y_refl=0
  Quantized: start=-31695, slope=31567, intercept=-32195
  Recovered (relative): start=-0.483627, slope=2.06877e+09, intercept=-2.10993e+09

Interval 777:
  Original: start=-0.481681, slope=31646, intercept=33379, x_refl=0, y_refl=0
  Quantized: start=-31567, slope=31646, intercept=-32157
  Recovered (relative): start=-0.481674, slope=2.07395e+09, intercept=-2.10744e+09

Interval 778:
  Original: start=-0.479726, slope=31725, intercept=33417, x_refl=0, y_refl=0
  Quantized: start=-31439, slope=31725, intercept=-32119
  Recovered (relative): start=-0.479721, slope=2.07913e+09, intercept=-2.10495e+09

Interval 779:
  Original: start=-0.477772, slope=31805, intercept=33455, x_refl=0, y_refl=0
  Quantized: start=-31311, slope=31805, intercept=-32081
  Recovered (relative): start=-0.477768, slope=2.08437e+09, intercept=-2.10246e+09

Interval 780:
  Original: start=-0.475818, slope=31884, intercept=33493, x_refl=0, y_refl=0
  Quantized: start=-31183, slope=31884, intercept=-32043
  Recovered (relative): start=-0.475815, slope=2.08955e+09, intercept=-2.09997e+09

Interval 781:
  Original: start=-0.473864, slope=31964, intercept=33530, x_refl=0, y_refl=0
  Quantized: start=-31055, slope=31964, intercept=-32006
  Recovered (relative): start=-0.473862, slope=2.09479e+09, intercept=-2.09755e+09

Interval 782:
  Original: start=-0.47191, slope=32044, intercept=33568, x_refl=0, y_refl=0
  Quantized: start=-30927, slope=32044, intercept=-31968
  Recovered (relative): start=-0.471909, slope=2.10004e+09, intercept=-2.09505e+09

Interval 783:
  Original: start=-0.469956, slope=32124, intercept=33606, x_refl=0, y_refl=0
  Quantized: start=-30799, slope=32124, intercept=-31930
  Recovered (relative): start=-0.469955, slope=2.10528e+09, intercept=-2.09256e+09

Interval 784:
  Original: start=-0.468002, slope=32204, intercept=33643, x_refl=0, y_refl=0
  Quantized: start=-30671, slope=32204, intercept=-31893
  Recovered (relative): start=-0.468002, slope=2.11052e+09, intercept=-2.09014e+09

Interval 785:
  Original: start=-0.466048, slope=32285, intercept=33681, x_refl=0, y_refl=0
  Quantized: start=-30543, slope=32285, intercept=-31855
  Recovered (relative): start=-0.466049, slope=2.11583e+09, intercept=-2.08765e+09

Interval 786:
  Original: start=-0.464094, slope=32365, intercept=33718, x_refl=0, y_refl=0
  Quantized: start=-30415, slope=32365, intercept=-31818
  Recovered (relative): start=-0.464096, slope=2.12107e+09, intercept=-2.08522e+09

Interval 787:
  Original: start=-0.46214, slope=32446, intercept=33755, x_refl=0, y_refl=0
  Quantized: start=-30287, slope=32446, intercept=-31781
  Recovered (relative): start=-0.462143, slope=2.12638e+09, intercept=-2.0828e+09

Interval 788:
  Original: start=-0.460186, slope=32527, intercept=33793, x_refl=0, y_refl=0
  Quantized: start=-30159, slope=32527, intercept=-31743
  Recovered (relative): start=-0.46019, slope=2.13169e+09, intercept=-2.08031e+09

Interval 789:
  Original: start=-0.458232, slope=32608, intercept=33830, x_refl=0, y_refl=0
  Quantized: start=-30031, slope=32608, intercept=-31706
  Recovered (relative): start=-0.458237, slope=2.137e+09, intercept=-2.07788e+09

Interval 790:
  Original: start=-0.456277, slope=32689, intercept=33867, x_refl=0, y_refl=0
  Quantized: start=-29903, slope=32689, intercept=-31669
  Recovered (relative): start=-0.456284, slope=2.14231e+09, intercept=-2.07546e+09

Interval 791:
  Original: start=-0.454323, slope=32770, intercept=33904, x_refl=0, y_refl=0
  Quantized: start=-29775, slope=-32766, intercept=-31632
  Recovered (relative): start=-0.45433, slope=-2.14735e+09, intercept=-2.07303e+09

Interval 792:
  Original: start=-0.452369, slope=32851, intercept=33940, x_refl=0, y_refl=0
  Quantized: start=-29646, slope=-32685, intercept=-31596
  Recovered (relative): start=-0.452362, slope=-2.14204e+09, intercept=-2.07068e+09

Interval 793:
  Original: start=-0.450415, slope=32933, intercept=33977, x_refl=0, y_refl=0
  Quantized: start=-29518, slope=-32603, intercept=-31559
  Recovered (relative): start=-0.450409, slope=-2.13667e+09, intercept=-2.06825e+09

Interval 794:
  Original: start=-0.448461, slope=33015, intercept=34014, x_refl=0, y_refl=0
  Quantized: start=-29390, slope=-32521, intercept=-31522
  Recovered (relative): start=-0.448456, slope=-2.1313e+09, intercept=-2.06583e+09

Interval 795:
  Original: start=-0.446507, slope=33097, intercept=34051, x_refl=0, y_refl=0
  Quantized: start=-29262, slope=-32439, intercept=-31485
  Recovered (relative): start=-0.446503, slope=-2.12592e+09, intercept=-2.0634e+09

Interval 796:
  Original: start=-0.444553, slope=33179, intercept=34087, x_refl=0, y_refl=0
  Quantized: start=-29134, slope=-32357, intercept=-31449
  Recovered (relative): start=-0.44455, slope=-2.12055e+09, intercept=-2.06104e+09

Interval 797:
  Original: start=-0.442599, slope=33261, intercept=34123, x_refl=0, y_refl=0
  Quantized: start=-29006, slope=-32275, intercept=-31413
  Recovered (relative): start=-0.442596, slope=-2.11517e+09, intercept=-2.05868e+09

Interval 798:
  Original: start=-0.440645, slope=33344, intercept=34160, x_refl=0, y_refl=0
  Quantized: start=-28878, slope=-32192, intercept=-31376
  Recovered (relative): start=-0.440643, slope=-2.10973e+09, intercept=-2.05626e+09

Interval 799:
  Original: start=-0.438691, slope=33426, intercept=34196, x_refl=0, y_refl=0
  Quantized: start=-28750, slope=-32110, intercept=-31340
  Recovered (relative): start=-0.43869, slope=-2.10436e+09, intercept=-2.0539e+09

Interval 800:
  Original: start=-0.436737, slope=33509, intercept=34232, x_refl=0, y_refl=0
  Quantized: start=-28622, slope=-32027, intercept=-31304
  Recovered (relative): start=-0.436737, slope=-2.09892e+09, intercept=-2.05154e+09

Interval 801:
  Original: start=-0.434783, slope=33592, intercept=34268, x_refl=0, y_refl=0
  Quantized: start=-28494, slope=-31944, intercept=-31268
  Recovered (relative): start=-0.434784, slope=-2.09348e+09, intercept=-2.04918e+09

Interval 802:
  Original: start=-0.432829, slope=33675, intercept=34304, x_refl=0, y_refl=0
  Quantized: start=-28366, slope=-31861, intercept=-31232
  Recovered (relative): start=-0.432831, slope=-2.08804e+09, intercept=-2.04682e+09

Interval 803:
  Original: start=-0.430874, slope=33758, intercept=34340, x_refl=0, y_refl=0
  Quantized: start=-28238, slope=-31778, intercept=-31196
  Recovered (relative): start=-0.430878, slope=-2.0826e+09, intercept=-2.04446e+09

Interval 804:
  Original: start=-0.42892, slope=33842, intercept=34376, x_refl=0, y_refl=0
  Quantized: start=-28110, slope=-31694, intercept=-31160
  Recovered (relative): start=-0.428925, slope=-2.0771e+09, intercept=-2.0421e+09

Interval 805:
  Original: start=-0.426966, slope=33925, intercept=34411, x_refl=0, y_refl=0
  Quantized: start=-27982, slope=-31611, intercept=-31125
  Recovered (relative): start=-0.426971, slope=-2.07166e+09, intercept=-2.03981e+09

Interval 806:
  Original: start=-0.425012, slope=34009, intercept=34447, x_refl=0, y_refl=0
  Quantized: start=-27854, slope=-31527, intercept=-31089
  Recovered (relative): start=-0.425018, slope=-2.06615e+09, intercept=-2.03745e+09

Interval 807:
  Original: start=-0.423058, slope=34093, intercept=34483, x_refl=0, y_refl=0
  Quantized: start=-27726, slope=-31443, intercept=-31053
  Recovered (relative): start=-0.423065, slope=-2.06065e+09, intercept=-2.03509e+09

Interval 808:
  Original: start=-0.421104, slope=34177, intercept=34518, x_refl=0, y_refl=0
  Quantized: start=-27597, slope=-31359, intercept=-31018
  Recovered (relative): start=-0.421097, slope=-2.05514e+09, intercept=-2.0328e+09

Interval 809:
  Original: start=-0.41915, slope=34261, intercept=34553, x_refl=0, y_refl=0
  Quantized: start=-27469, slope=-31275, intercept=-30983
  Recovered (relative): start=-0.419144, slope=-2.04964e+09, intercept=-2.0305e+09

Interval 810:
  Original: start=-0.417196, slope=34345, intercept=34588, x_refl=0, y_refl=0
  Quantized: start=-27341, slope=-31191, intercept=-30948
  Recovered (relative): start=-0.417191, slope=-2.04413e+09, intercept=-2.02821e+09

Interval 811:
  Original: start=-0.415242, slope=34430, intercept=34624, x_refl=0, y_refl=0
  Quantized: start=-27213, slope=-31106, intercept=-30912
  Recovered (relative): start=-0.415237, slope=-2.03856e+09, intercept=-2.02585e+09

Interval 812:
  Original: start=-0.413288, slope=34515, intercept=34659, x_refl=0, y_refl=0
  Quantized: start=-27085, slope=-31021, intercept=-30877
  Recovered (relative): start=-0.413284, slope=-2.03299e+09, intercept=-2.02356e+09

Interval 813:
  Original: start=-0.411334, slope=34599, intercept=34693, x_refl=0, y_refl=0
  Quantized: start=-26957, slope=-30937, intercept=-30843
  Recovered (relative): start=-0.411331, slope=-2.02749e+09, intercept=-2.02133e+09

Interval 814:
  Original: start=-0.40938, slope=34685, intercept=34728, x_refl=0, y_refl=0
  Quantized: start=-26829, slope=-30851, intercept=-30808
  Recovered (relative): start=-0.409378, slope=-2.02185e+09, intercept=-2.01903e+09

Interval 815:
  Original: start=-0.407426, slope=34770, intercept=34763, x_refl=0, y_refl=0
  Quantized: start=-26701, slope=-30766, intercept=-30773
  Recovered (relative): start=-0.407425, slope=-2.01628e+09, intercept=-2.01674e+09

Interval 816:
  Original: start=-0.405471, slope=34855, intercept=34798, x_refl=0, y_refl=0
  Quantized: start=-26573, slope=-30681, intercept=-30738
  Recovered (relative): start=-0.405472, slope=-2.01071e+09, intercept=-2.01445e+09

Interval 817:
  Original: start=-0.403517, slope=34941, intercept=34832, x_refl=0, y_refl=0
  Quantized: start=-26445, slope=-30595, intercept=-30704
  Recovered (relative): start=-0.403519, slope=-2.00507e+09, intercept=-2.01222e+09

Interval 818:
  Original: start=-0.401563, slope=35026, intercept=34867, x_refl=0, y_refl=0
  Quantized: start=-26317, slope=-30510, intercept=-30669
  Recovered (relative): start=-0.401566, slope=-1.9995e+09, intercept=-2.00992e+09

Interval 819:
  Original: start=-0.399609, slope=35112, intercept=34901, x_refl=0, y_refl=0
  Quantized: start=-26189, slope=-30424, intercept=-30635
  Recovered (relative): start=-0.399612, slope=-1.99387e+09, intercept=-2.0077e+09

Interval 820:
  Original: start=-0.397655, slope=35198, intercept=34935, x_refl=0, y_refl=0
  Quantized: start=-26061, slope=-30338, intercept=-30601
  Recovered (relative): start=-0.397659, slope=-1.98823e+09, intercept=-2.00547e+09

Interval 821:
  Original: start=-0.395701, slope=35284, intercept=34969, x_refl=0, y_refl=0
  Quantized: start=-25933, slope=-30252, intercept=-30567
  Recovered (relative): start=-0.395706, slope=-1.9826e+09, intercept=-2.00324e+09

Interval 822:
  Original: start=-0.393747, slope=35371, intercept=35003, x_refl=0, y_refl=0
  Quantized: start=-25805, slope=-30165, intercept=-30533
  Recovered (relative): start=-0.393753, slope=-1.97689e+09, intercept=-2.00101e+09

Interval 823:
  Original: start=-0.391793, slope=35457, intercept=35037, x_refl=0, y_refl=0
  Quantized: start=-25677, slope=-30079, intercept=-30499
  Recovered (relative): start=-0.3918, slope=-1.97126e+09, intercept=-1.99878e+09

Interval 824:
  Original: start=-0.389839, slope=35544, intercept=35071, x_refl=0, y_refl=0
  Quantized: start=-25548, slope=-29992, intercept=-30465
  Recovered (relative): start=-0.389832, slope=-1.96556e+09, intercept=-1.99655e+09

Interval 825:
  Original: start=-0.387885, slope=35631, intercept=35105, x_refl=0, y_refl=0
  Quantized: start=-25420, slope=-29905, intercept=-30431
  Recovered (relative): start=-0.387878, slope=-1.95985e+09, intercept=-1.99433e+09

Interval 826:
  Original: start=-0.385931, slope=35718, intercept=35138, x_refl=0, y_refl=0
  Quantized: start=-25292, slope=-29818, intercept=-30398
  Recovered (relative): start=-0.385925, slope=-1.95415e+09, intercept=-1.99216e+09

Interval 827:
  Original: start=-0.383977, slope=35805, intercept=35172, x_refl=0, y_refl=0
  Quantized: start=-25164, slope=-29731, intercept=-30364
  Recovered (relative): start=-0.383972, slope=-1.94845e+09, intercept=-1.98994e+09

Interval 828:
  Original: start=-0.382022, slope=35893, intercept=35205, x_refl=0, y_refl=0
  Quantized: start=-25036, slope=-29643, intercept=-30331
  Recovered (relative): start=-0.382019, slope=-1.94268e+09, intercept=-1.98777e+09

Interval 829:
  Original: start=-0.380068, slope=35980, intercept=35238, x_refl=0, y_refl=0
  Quantized: start=-24908, slope=-29556, intercept=-30298
  Recovered (relative): start=-0.380066, slope=-1.93698e+09, intercept=-1.98561e+09

Interval 830:
  Original: start=-0.378114, slope=36068, intercept=35272, x_refl=0, y_refl=0
  Quantized: start=-24780, slope=-29468, intercept=-30264
  Recovered (relative): start=-0.378113, slope=-1.93121e+09, intercept=-1.98338e+09

Interval 831:
  Original: start=-0.37616, slope=36156, intercept=35305, x_refl=0, y_refl=0
  Quantized: start=-24652, slope=-29380, intercept=-30231
  Recovered (relative): start=-0.37616, slope=-1.92545e+09, intercept=-1.98122e+09

Interval 832:
  Original: start=-0.374206, slope=36244, intercept=35338, x_refl=0, y_refl=0
  Quantized: start=-24524, slope=-29292, intercept=-30198
  Recovered (relative): start=-0.374207, slope=-1.91968e+09, intercept=-1.97906e+09

Interval 833:
  Original: start=-0.372252, slope=36332, intercept=35370, x_refl=0, y_refl=0
  Quantized: start=-24396, slope=-29204, intercept=-30166
  Recovered (relative): start=-0.372253, slope=-1.91391e+09, intercept=-1.97696e+09

Interval 834:
  Original: start=-0.370298, slope=36421, intercept=35403, x_refl=0, y_refl=0
  Quantized: start=-24268, slope=-29115, intercept=-30133
  Recovered (relative): start=-0.3703, slope=-1.90808e+09, intercept=-1.9748e+09

Interval 835:
  Original: start=-0.368344, slope=36509, intercept=35436, x_refl=0, y_refl=0
  Quantized: start=-24140, slope=-29027, intercept=-30100
  Recovered (relative): start=-0.368347, slope=-1.90231e+09, intercept=-1.97263e+09

Interval 836:
  Original: start=-0.36639, slope=36598, intercept=35468, x_refl=0, y_refl=0
  Quantized: start=-24012, slope=-28938, intercept=-30068
  Recovered (relative): start=-0.366394, slope=-1.89648e+09, intercept=-1.97054e+09

Interval 837:
  Original: start=-0.364436, slope=36687, intercept=35501, x_refl=0, y_refl=0
  Quantized: start=-23884, slope=-28849, intercept=-30035
  Recovered (relative): start=-0.364441, slope=-1.89065e+09, intercept=-1.96837e+09

Interval 838:
  Original: start=-0.362482, slope=36776, intercept=35533, x_refl=0, y_refl=0
  Quantized: start=-23756, slope=-28760, intercept=-30003
  Recovered (relative): start=-0.362488, slope=-1.88482e+09, intercept=-1.96628e+09

Interval 839:
  Original: start=-0.360528, slope=36865, intercept=35565, x_refl=0, y_refl=0
  Quantized: start=-23628, slope=-28671, intercept=-29971
  Recovered (relative): start=-0.360535, slope=-1.87898e+09, intercept=-1.96418e+09

Interval 840:
  Original: start=-0.358574, slope=36955, intercept=35597, x_refl=0, y_refl=0
  Quantized: start=-23499, slope=-28581, intercept=-29939
  Recovered (relative): start=-0.358566, slope=-1.87308e+09, intercept=-1.96208e+09

Interval 841:
  Original: start=-0.356619, slope=37045, intercept=35629, x_refl=0, y_refl=0
  Quantized: start=-23371, slope=-28491, intercept=-29907
  Recovered (relative): start=-0.356613, slope=-1.86719e+09, intercept=-1.95999e+09

Interval 842:
  Original: start=-0.354665, slope=37134, intercept=35661, x_refl=0, y_refl=0
  Quantized: start=-23243, slope=-28402, intercept=-29875
  Recovered (relative): start=-0.35466, slope=-1.86135e+09, intercept=-1.95789e+09

Interval 843:
  Original: start=-0.352711, slope=37224, intercept=35693, x_refl=0, y_refl=0
  Quantized: start=-23115, slope=-28312, intercept=-29843
  Recovered (relative): start=-0.352707, slope=-1.85546e+09, intercept=-1.95579e+09

Interval 844:
  Original: start=-0.350757, slope=37315, intercept=35725, x_refl=0, y_refl=0
  Quantized: start=-22987, slope=-28221, intercept=-29811
  Recovered (relative): start=-0.350754, slope=-1.84949e+09, intercept=-1.95369e+09

Interval 845:
  Original: start=-0.348803, slope=37405, intercept=35756, x_refl=0, y_refl=0
  Quantized: start=-22859, slope=-28131, intercept=-29780
  Recovered (relative): start=-0.348801, slope=-1.84359e+09, intercept=-1.95166e+09

Interval 846:
  Original: start=-0.346849, slope=37495, intercept=35787, x_refl=0, y_refl=0
  Quantized: start=-22731, slope=-28041, intercept=-29749
  Recovered (relative): start=-0.346848, slope=-1.83769e+09, intercept=-1.94963e+09

Interval 847:
  Original: start=-0.344895, slope=37586, intercept=35819, x_refl=0, y_refl=0
  Quantized: start=-22603, slope=-27950, intercept=-29717
  Recovered (relative): start=-0.344894, slope=-1.83173e+09, intercept=-1.94753e+09

Interval 848:
  Original: start=-0.342941, slope=37677, intercept=35850, x_refl=0, y_refl=0
  Quantized: start=-22475, slope=-27859, intercept=-29686
  Recovered (relative): start=-0.342941, slope=-1.82577e+09, intercept=-1.9455e+09

Interval 849:
  Original: start=-0.340987, slope=37768, intercept=35881, x_refl=0, y_refl=0
  Quantized: start=-22347, slope=-27768, intercept=-29655
  Recovered (relative): start=-0.340988, slope=-1.8198e+09, intercept=-1.94347e+09

Interval 850:
  Original: start=-0.339033, slope=37859, intercept=35912, x_refl=0, y_refl=0
  Quantized: start=-22219, slope=-27677, intercept=-29624
  Recovered (relative): start=-0.339035, slope=-1.81384e+09, intercept=-1.94144e+09

Interval 851:
  Original: start=-0.337079, slope=37951, intercept=35943, x_refl=0, y_refl=0
  Quantized: start=-22091, slope=-27585, intercept=-29593
  Recovered (relative): start=-0.337082, slope=-1.80781e+09, intercept=-1.93941e+09

Interval 852:
  Original: start=-0.335125, slope=38042, intercept=35973, x_refl=0, y_refl=0
  Quantized: start=-21963, slope=-27494, intercept=-29563
  Recovered (relative): start=-0.335129, slope=-1.80185e+09, intercept=-1.93744e+09

Interval 853:
  Original: start=-0.33317, slope=38134, intercept=36004, x_refl=0, y_refl=0
  Quantized: start=-21835, slope=-27402, intercept=-29532
  Recovered (relative): start=-0.333176, slope=-1.79582e+09, intercept=-1.93541e+09

Interval 854:
  Original: start=-0.331216, slope=38226, intercept=36034, x_refl=0, y_refl=0
  Quantized: start=-21707, slope=-27310, intercept=-29502
  Recovered (relative): start=-0.331223, slope=-1.78979e+09, intercept=-1.93344e+09

Interval 855:
  Original: start=-0.329262, slope=38318, intercept=36065, x_refl=0, y_refl=0
  Quantized: start=-21579, slope=-27218, intercept=-29471
  Recovered (relative): start=-0.329269, slope=-1.78376e+09, intercept=-1.93141e+09

Interval 856:
  Original: start=-0.327308, slope=38411, intercept=36095, x_refl=0, y_refl=0
  Quantized: start=-21450, slope=-27125, intercept=-29441
  Recovered (relative): start=-0.327301, slope=-1.77766e+09, intercept=-1.92945e+09

Interval 857:
  Original: start=-0.325354, slope=38503, intercept=36125, x_refl=0, y_refl=0
  Quantized: start=-21322, slope=-27033, intercept=-29411
  Recovered (relative): start=-0.325348, slope=-1.77163e+09, intercept=-1.92748e+09

Interval 858:
  Original: start=-0.3234, slope=38596, intercept=36155, x_refl=0, y_refl=0
  Quantized: start=-21194, slope=-26940, intercept=-29381
  Recovered (relative): start=-0.323395, slope=-1.76554e+09, intercept=-1.92551e+09

Interval 859:
  Original: start=-0.321446, slope=38689, intercept=36185, x_refl=0, y_refl=0
  Quantized: start=-21066, slope=-26847, intercept=-29351
  Recovered (relative): start=-0.321442, slope=-1.75944e+09, intercept=-1.92355e+09

Interval 860:
  Original: start=-0.319492, slope=38782, intercept=36215, x_refl=0, y_refl=0
  Quantized: start=-20938, slope=-26754, intercept=-29321
  Recovered (relative): start=-0.319489, slope=-1.75335e+09, intercept=-1.92158e+09

Interval 861:
  Original: start=-0.317538, slope=38875, intercept=36244, x_refl=0, y_refl=0
  Quantized: start=-20810, slope=-26661, intercept=-29292
  Recovered (relative): start=-0.317535, slope=-1.74726e+09, intercept=-1.91968e+09

Interval 862:
  Original: start=-0.315584, slope=38968, intercept=36274, x_refl=0, y_refl=0
  Quantized: start=-20682, slope=-26568, intercept=-29262
  Recovered (relative): start=-0.315582, slope=-1.74116e+09, intercept=-1.91771e+09

Interval 863:
  Original: start=-0.31363, slope=39062, intercept=36303, x_refl=0, y_refl=0
  Quantized: start=-20554, slope=-26474, intercept=-29233
  Recovered (relative): start=-0.313629, slope=-1.735e+09, intercept=-1.91581e+09

Interval 864:
  Original: start=-0.311676, slope=39156, intercept=36332, x_refl=0, y_refl=0
  Quantized: start=-20426, slope=-26380, intercept=-29204
  Recovered (relative): start=-0.311676, slope=-1.72884e+09, intercept=-1.91391e+09

Interval 865:
  Original: start=-0.309722, slope=39250, intercept=36361, x_refl=0, y_refl=0
  Quantized: start=-20298, slope=-26286, intercept=-29175
  Recovered (relative): start=-0.309723, slope=-1.72268e+09, intercept=-1.91201e+09

Interval 866:
  Original: start=-0.307767, slope=39344, intercept=36390, x_refl=0, y_refl=0
  Quantized: start=-20170, slope=-26192, intercept=-29146
  Recovered (relative): start=-0.30777, slope=-1.71652e+09, intercept=-1.91011e+09

Interval 867:
  Original: start=-0.305813, slope=39438, intercept=36419, x_refl=0, y_refl=0
  Quantized: start=-20042, slope=-26098, intercept=-29117
  Recovered (relative): start=-0.305817, slope=-1.71036e+09, intercept=-1.90821e+09

Interval 868:
  Original: start=-0.303859, slope=39533, intercept=36448, x_refl=0, y_refl=0
  Quantized: start=-19914, slope=-26003, intercept=-29088
  Recovered (relative): start=-0.303864, slope=-1.70413e+09, intercept=-1.90631e+09

Interval 869:
  Original: start=-0.301905, slope=39627, intercept=36476, x_refl=0, y_refl=0
  Quantized: start=-19786, slope=-25909, intercept=-29060
  Recovered (relative): start=-0.30191, slope=-1.69797e+09, intercept=-1.90448e+09

Interval 870:
  Original: start=-0.299951, slope=39722, intercept=36505, x_refl=0, y_refl=0
  Quantized: start=-19658, slope=-25814, intercept=-29031
  Recovered (relative): start=-0.299957, slope=-1.69175e+09, intercept=-1.90258e+09

Interval 871:
  Original: start=-0.297997, slope=39817, intercept=36533, x_refl=0, y_refl=0
  Quantized: start=-19530, slope=-25719, intercept=-29003
  Recovered (relative): start=-0.298004, slope=-1.68552e+09, intercept=-1.90074e+09

Interval 872:
  Original: start=-0.296043, slope=39912, intercept=36561, x_refl=0, y_refl=0
  Quantized: start=-19401, slope=-25624, intercept=-28975
  Recovered (relative): start=-0.296036, slope=-1.67929e+09, intercept=-1.89891e+09

Interval 873:
  Original: start=-0.294089, slope=40008, intercept=36590, x_refl=0, y_refl=0
  Quantized: start=-19273, slope=-25528, intercept=-28946
  Recovered (relative): start=-0.294083, slope=-1.673e+09, intercept=-1.89701e+09

Interval 874:
  Original: start=-0.292135, slope=40103, intercept=36617, x_refl=0, y_refl=0
  Quantized: start=-19145, slope=-25433, intercept=-28919
  Recovered (relative): start=-0.29213, slope=-1.66678e+09, intercept=-1.89524e+09

Interval 875:
  Original: start=-0.290181, slope=40199, intercept=36645, x_refl=0, y_refl=0
  Quantized: start=-19017, slope=-25337, intercept=-28891
  Recovered (relative): start=-0.290176, slope=-1.66049e+09, intercept=-1.8934e+09

Interval 876:
  Original: start=-0.288227, slope=40295, intercept=36673, x_refl=0, y_refl=0
  Quantized: start=-18889, slope=-25241, intercept=-28863
  Recovered (relative): start=-0.288223, slope=-1.65419e+09, intercept=-1.89157e+09

Interval 877:
  Original: start=-0.286273, slope=40391, intercept=36700, x_refl=0, y_refl=0
  Quantized: start=-18761, slope=-25145, intercept=-28836
  Recovered (relative): start=-0.28627, slope=-1.6479e+09, intercept=-1.8898e+09

Interval 878:
  Original: start=-0.284319, slope=40488, intercept=36728, x_refl=0, y_refl=0
  Quantized: start=-18633, slope=-25048, intercept=-28808
  Recovered (relative): start=-0.284317, slope=-1.64155e+09, intercept=-1.88796e+09

Interval 879:
  Original: start=-0.282364, slope=40584, intercept=36755, x_refl=0, y_refl=0
  Quantized: start=-18505, slope=-24952, intercept=-28781
  Recovered (relative): start=-0.282364, slope=-1.63525e+09, intercept=-1.88619e+09

Interval 880:
  Original: start=-0.28041, slope=40681, intercept=36782, x_refl=0, y_refl=0
  Quantized: start=-18377, slope=-24855, intercept=-28754
  Recovered (relative): start=-0.280411, slope=-1.6289e+09, intercept=-1.88442e+09

Interval 881:
  Original: start=-0.278456, slope=40778, intercept=36809, x_refl=0, y_refl=0
  Quantized: start=-18249, slope=-24758, intercept=-28727
  Recovered (relative): start=-0.278458, slope=-1.62254e+09, intercept=-1.88265e+09

Interval 882:
  Original: start=-0.276502, slope=40875, intercept=36836, x_refl=0, y_refl=0
  Quantized: start=-18121, slope=-24661, intercept=-28700
  Recovered (relative): start=-0.276505, slope=-1.61618e+09, intercept=-1.88088e+09

Interval 883:
  Original: start=-0.274548, slope=40973, intercept=36863, x_refl=0, y_refl=0
  Quantized: start=-17993, slope=-24563, intercept=-28673
  Recovered (relative): start=-0.274551, slope=-1.60976e+09, intercept=-1.87911e+09

Interval 884:
  Original: start=-0.272594, slope=41070, intercept=36889, x_refl=0, y_refl=0
  Quantized: start=-17865, slope=-24466, intercept=-28647
  Recovered (relative): start=-0.272598, slope=-1.6034e+09, intercept=-1.87741e+09

Interval 885:
  Original: start=-0.27064, slope=41168, intercept=36916, x_refl=0, y_refl=0
  Quantized: start=-17737, slope=-24368, intercept=-28620
  Recovered (relative): start=-0.270645, slope=-1.59698e+09, intercept=-1.87564e+09

Interval 886:
  Original: start=-0.268686, slope=41266, intercept=36942, x_refl=0, y_refl=0
  Quantized: start=-17609, slope=-24270, intercept=-28594
  Recovered (relative): start=-0.268692, slope=-1.59056e+09, intercept=-1.87394e+09

Interval 887:
  Original: start=-0.266732, slope=41364, intercept=36968, x_refl=0, y_refl=0
  Quantized: start=-17481, slope=-24172, intercept=-28568
  Recovered (relative): start=-0.266739, slope=-1.58414e+09, intercept=-1.87223e+09

Interval 888:
  Original: start=-0.264778, slope=41462, intercept=36994, x_refl=0, y_refl=0
  Quantized: start=-17352, slope=-24074, intercept=-28542
  Recovered (relative): start=-0.264771, slope=-1.57771e+09, intercept=-1.87053e+09

Interval 889:
  Original: start=-0.262824, slope=41560, intercept=37020, x_refl=0, y_refl=0
  Quantized: start=-17224, slope=-23976, intercept=-28516
  Recovered (relative): start=-0.262817, slope=-1.57129e+09, intercept=-1.86882e+09

Interval 890:
  Original: start=-0.26087, slope=41659, intercept=37046, x_refl=0, y_refl=0
  Quantized: start=-17096, slope=-23877, intercept=-28490
  Recovered (relative): start=-0.260864, slope=-1.5648e+09, intercept=-1.86712e+09

Interval 891:
  Original: start=-0.258915, slope=41758, intercept=37072, x_refl=0, y_refl=0
  Quantized: start=-16968, slope=-23778, intercept=-28464
  Recovered (relative): start=-0.258911, slope=-1.55832e+09, intercept=-1.86542e+09

Interval 892:
  Original: start=-0.256961, slope=41857, intercept=37097, x_refl=0, y_refl=0
  Quantized: start=-16840, slope=-23679, intercept=-28439
  Recovered (relative): start=-0.256958, slope=-1.55183e+09, intercept=-1.86378e+09

Interval 893:
  Original: start=-0.255007, slope=41956, intercept=37122, x_refl=0, y_refl=0
  Quantized: start=-16712, slope=-23580, intercept=-28414
  Recovered (relative): start=-0.255005, slope=-1.54534e+09, intercept=-1.86214e+09

Interval 894:
  Original: start=-0.253053, slope=42056, intercept=37147, x_refl=0, y_refl=0
  Quantized: start=-16584, slope=-23480, intercept=-28389
  Recovered (relative): start=-0.253052, slope=-1.53879e+09, intercept=-1.8605e+09

Interval 895:
  Original: start=-0.251099, slope=42155, intercept=37172, x_refl=0, y_refl=0
  Quantized: start=-16456, slope=-23381, intercept=-28364
  Recovered (relative): start=-0.251099, slope=-1.5323e+09, intercept=-1.85886e+09

Interval 896:
  Original: start=-0.249145, slope=42255, intercept=37197, x_refl=0, y_refl=0
  Quantized: start=-16328, slope=-23281, intercept=-28339
  Recovered (relative): start=-0.249146, slope=-1.52574e+09, intercept=-1.85722e+09

Interval 897:
  Original: start=-0.247191, slope=42355, intercept=37222, x_refl=0, y_refl=0
  Quantized: start=-16200, slope=-23181, intercept=-28314
  Recovered (relative): start=-0.247192, slope=-1.51919e+09, intercept=-1.85559e+09

Interval 898:
  Original: start=-0.245237, slope=42455, intercept=37247, x_refl=0, y_refl=0
  Quantized: start=-16072, slope=-23081, intercept=-28289
  Recovered (relative): start=-0.245239, slope=-1.51264e+09, intercept=-1.85395e+09

Interval 899:
  Original: start=-0.243283, slope=42556, intercept=37271, x_refl=0, y_refl=0
  Quantized: start=-15944, slope=-22980, intercept=-28265
  Recovered (relative): start=-0.243286, slope=-1.50602e+09, intercept=-1.85238e+09

Interval 900:
  Original: start=-0.241329, slope=42656, intercept=37295, x_refl=0, y_refl=0
  Quantized: start=-15816, slope=-22880, intercept=-28241
  Recovered (relative): start=-0.241333, slope=-1.49946e+09, intercept=-1.8508e+09

Interval 901:
  Original: start=-0.239375, slope=42757, intercept=37319, x_refl=0, y_refl=0
  Quantized: start=-15688, slope=-22779, intercept=-28217
  Recovered (relative): start=-0.23938, slope=-1.49284e+09, intercept=-1.84923e+09

Interval 902:
  Original: start=-0.237421, slope=42858, intercept=37343, x_refl=0, y_refl=0
  Quantized: start=-15560, slope=-22678, intercept=-28193
  Recovered (relative): start=-0.237427, slope=-1.48623e+09, intercept=-1.84766e+09

Interval 903:
  Original: start=-0.235467, slope=42959, intercept=37367, x_refl=0, y_refl=0
  Quantized: start=-15432, slope=-22577, intercept=-28169
  Recovered (relative): start=-0.235474, slope=-1.47961e+09, intercept=-1.84608e+09

Interval 904:
  Original: start=-0.233512, slope=43061, intercept=37391, x_refl=0, y_refl=0
  Quantized: start=-15303, slope=-22475, intercept=-28145
  Recovered (relative): start=-0.233505, slope=-1.47292e+09, intercept=-1.84451e+09

Interval 905:
  Original: start=-0.231558, slope=43162, intercept=37414, x_refl=0, y_refl=0
  Quantized: start=-15175, slope=-22374, intercept=-28122
  Recovered (relative): start=-0.231552, slope=-1.4663e+09, intercept=-1.843e+09

Interval 906:
  Original: start=-0.229604, slope=43264, intercept=37438, x_refl=0, y_refl=0
  Quantized: start=-15047, slope=-22272, intercept=-28098
  Recovered (relative): start=-0.229599, slope=-1.45962e+09, intercept=-1.84143e+09

Interval 907:
  Original: start=-0.22765, slope=43366, intercept=37461, x_refl=0, y_refl=0
  Quantized: start=-14919, slope=-22170, intercept=-28075
  Recovered (relative): start=-0.227646, slope=-1.45293e+09, intercept=-1.83992e+09

Interval 908:
  Original: start=-0.225696, slope=43468, intercept=37484, x_refl=0, y_refl=0
  Quantized: start=-14791, slope=-22068, intercept=-28052
  Recovered (relative): start=-0.225693, slope=-1.44625e+09, intercept=-1.83842e+09

Interval 909:
  Original: start=-0.223742, slope=43571, intercept=37507, x_refl=0, y_refl=0
  Quantized: start=-14663, slope=-21965, intercept=-28029
  Recovered (relative): start=-0.22374, slope=-1.4395e+09, intercept=-1.83691e+09

Interval 910:
  Original: start=-0.221788, slope=43673, intercept=37530, x_refl=0, y_refl=0
  Quantized: start=-14535, slope=-21863, intercept=-28006
  Recovered (relative): start=-0.221786, slope=-1.43281e+09, intercept=-1.8354e+09

Interval 911:
  Original: start=-0.219834, slope=43776, intercept=37552, x_refl=0, y_refl=0
  Quantized: start=-14407, slope=-21760, intercept=-27984
  Recovered (relative): start=-0.219833, slope=-1.42606e+09, intercept=-1.83396e+09

Interval 912:
  Original: start=-0.21788, slope=43879, intercept=37575, x_refl=0, y_refl=0
  Quantized: start=-14279, slope=-21657, intercept=-27961
  Recovered (relative): start=-0.21788, slope=-1.41931e+09, intercept=-1.83245e+09

Interval 913:
  Original: start=-0.215926, slope=43982, intercept=37597, x_refl=0, y_refl=0
  Quantized: start=-14151, slope=-21554, intercept=-27939
  Recovered (relative): start=-0.215927, slope=-1.41256e+09, intercept=-1.83101e+09

Interval 914:
  Original: start=-0.213972, slope=44086, intercept=37619, x_refl=0, y_refl=0
  Quantized: start=-14023, slope=-21450, intercept=-27917
  Recovered (relative): start=-0.213974, slope=-1.40575e+09, intercept=-1.82957e+09

Interval 915:
  Original: start=-0.212018, slope=44189, intercept=37641, x_refl=0, y_refl=0
  Quantized: start=-13895, slope=-21347, intercept=-27895
  Recovered (relative): start=-0.212021, slope=-1.399e+09, intercept=-1.82813e+09

Interval 916:
  Original: start=-0.210064, slope=44293, intercept=37663, x_refl=0, y_refl=0
  Quantized: start=-13767, slope=-21243, intercept=-27873
  Recovered (relative): start=-0.210068, slope=-1.39218e+09, intercept=-1.82668e+09

Interval 917:
  Original: start=-0.208109, slope=44397, intercept=37685, x_refl=0, y_refl=0
  Quantized: start=-13639, slope=-21139, intercept=-27851
  Recovered (relative): start=-0.208115, slope=-1.38537e+09, intercept=-1.82524e+09

Interval 918:
  Original: start=-0.206155, slope=44501, intercept=37706, x_refl=0, y_refl=0
  Quantized: start=-13511, slope=-21035, intercept=-27830
  Recovered (relative): start=-0.206161, slope=-1.37855e+09, intercept=-1.82387e+09

Interval 919:
  Original: start=-0.204201, slope=44606, intercept=37727, x_refl=0, y_refl=0
  Quantized: start=-13383, slope=-20930, intercept=-27809
  Recovered (relative): start=-0.204208, slope=-1.37167e+09, intercept=-1.82249e+09

Interval 920:
  Original: start=-0.202247, slope=44710, intercept=37749, x_refl=0, y_refl=0
  Quantized: start=-13254, slope=-20826, intercept=-27787
  Recovered (relative): start=-0.20224, slope=-1.36485e+09, intercept=-1.82105e+09

Interval 921:
  Original: start=-0.200293, slope=44815, intercept=37770, x_refl=0, y_refl=0
  Quantized: start=-13126, slope=-20721, intercept=-27766
  Recovered (relative): start=-0.200287, slope=-1.35797e+09, intercept=-1.81967e+09

Interval 922:
  Original: start=-0.198339, slope=44920, intercept=37790, x_refl=0, y_refl=0
  Quantized: start=-12998, slope=-20616, intercept=-27746
  Recovered (relative): start=-0.198334, slope=-1.35109e+09, intercept=-1.81836e+09

Interval 923:
  Original: start=-0.196385, slope=45025, intercept=37811, x_refl=0, y_refl=0
  Quantized: start=-12870, slope=-20511, intercept=-27725
  Recovered (relative): start=-0.196381, slope=-1.34421e+09, intercept=-1.81699e+09

Interval 924:
  Original: start=-0.194431, slope=45131, intercept=37832, x_refl=0, y_refl=0
  Quantized: start=-12742, slope=-20405, intercept=-27704
  Recovered (relative): start=-0.194427, slope=-1.33726e+09, intercept=-1.81561e+09

Interval 925:
  Original: start=-0.192477, slope=45236, intercept=37852, x_refl=0, y_refl=0
  Quantized: start=-12614, slope=-20300, intercept=-27684
  Recovered (relative): start=-0.192474, slope=-1.33038e+09, intercept=-1.8143e+09

Interval 926:
  Original: start=-0.190523, slope=45342, intercept=37872, x_refl=0, y_refl=0
  Quantized: start=-12486, slope=-20194, intercept=-27664
  Recovered (relative): start=-0.190521, slope=-1.32343e+09, intercept=-1.81299e+09

Interval 927:
  Original: start=-0.188569, slope=45448, intercept=37892, x_refl=0, y_refl=0
  Quantized: start=-12358, slope=-20088, intercept=-27644
  Recovered (relative): start=-0.188568, slope=-1.31649e+09, intercept=-1.81168e+09

Interval 928:
  Original: start=-0.186615, slope=45555, intercept=37912, x_refl=0, y_refl=0
  Quantized: start=-12230, slope=-19981, intercept=-27624
  Recovered (relative): start=-0.186615, slope=-1.30947e+09, intercept=-1.81037e+09

Interval 929:
  Original: start=-0.18466, slope=45661, intercept=37932, x_refl=0, y_refl=0
  Quantized: start=-12102, slope=-19875, intercept=-27604
  Recovered (relative): start=-0.184662, slope=-1.30253e+09, intercept=-1.80906e+09

Interval 930:
  Original: start=-0.182706, slope=45768, intercept=37951, x_refl=0, y_refl=0
  Quantized: start=-11974, slope=-19768, intercept=-27585
  Recovered (relative): start=-0.182709, slope=-1.29552e+09, intercept=-1.80781e+09

Interval 931:
  Original: start=-0.180752, slope=45875, intercept=37970, x_refl=0, y_refl=0
  Quantized: start=-11846, slope=-19661, intercept=-27566
  Recovered (relative): start=-0.180756, slope=-1.2885e+09, intercept=-1.80657e+09

Interval 932:
  Original: start=-0.178798, slope=45982, intercept=37990, x_refl=0, y_refl=0
  Quantized: start=-11718, slope=-19554, intercept=-27546
  Recovered (relative): start=-0.178802, slope=-1.28149e+09, intercept=-1.80525e+09

Interval 933:
  Original: start=-0.176844, slope=46089, intercept=38009, x_refl=0, y_refl=0
  Quantized: start=-11590, slope=-19447, intercept=-27527
  Recovered (relative): start=-0.176849, slope=-1.27448e+09, intercept=-1.80401e+09

Interval 934:
  Original: start=-0.17489, slope=46196, intercept=38027, x_refl=0, y_refl=0
  Quantized: start=-11462, slope=-19340, intercept=-27509
  Recovered (relative): start=-0.174896, slope=-1.26747e+09, intercept=-1.80283e+09

Interval 935:
  Original: start=-0.172936, slope=46304, intercept=38046, x_refl=0, y_refl=0
  Quantized: start=-11334, slope=-19232, intercept=-27490
  Recovered (relative): start=-0.172943, slope=-1.26039e+09, intercept=-1.80158e+09

Interval 936:
  Original: start=-0.170982, slope=46412, intercept=38064, x_refl=0, y_refl=0
  Quantized: start=-11205, slope=-19124, intercept=-27472
  Recovered (relative): start=-0.170975, slope=-1.25331e+09, intercept=-1.8004e+09

Interval 937:
  Original: start=-0.169028, slope=46520, intercept=38083, x_refl=0, y_refl=0
  Quantized: start=-11077, slope=-19016, intercept=-27453
  Recovered (relative): start=-0.169022, slope=-1.24623e+09, intercept=-1.79916e+09

Interval 938:
  Original: start=-0.167074, slope=46629, intercept=38101, x_refl=0, y_refl=0
  Quantized: start=-10949, slope=-18907, intercept=-27435
  Recovered (relative): start=-0.167068, slope=-1.23909e+09, intercept=-1.79798e+09

Interval 939:
  Original: start=-0.16512, slope=46737, intercept=38119, x_refl=0, y_refl=0
  Quantized: start=-10821, slope=-18799, intercept=-27417
  Recovered (relative): start=-0.165115, slope=-1.23201e+09, intercept=-1.7968e+09

Interval 940:
  Original: start=-0.163166, slope=46846, intercept=38136, x_refl=0, y_refl=0
  Quantized: start=-10693, slope=-18690, intercept=-27400
  Recovered (relative): start=-0.163162, slope=-1.22487e+09, intercept=-1.79569e+09

Interval 941:
  Original: start=-0.161212, slope=46955, intercept=38154, x_refl=0, y_refl=0
  Quantized: start=-10565, slope=-18581, intercept=-27382
  Recovered (relative): start=-0.161209, slope=-1.21772e+09, intercept=-1.79451e+09

Interval 942:
  Original: start=-0.159257, slope=47064, intercept=38171, x_refl=0, y_refl=0
  Quantized: start=-10437, slope=-18472, intercept=-27365
  Recovered (relative): start=-0.159256, slope=-1.21058e+09, intercept=-1.79339e+09

Interval 943:
  Original: start=-0.157303, slope=47174, intercept=38189, x_refl=0, y_refl=0
  Quantized: start=-10309, slope=-18362, intercept=-27347
  Recovered (relative): start=-0.157303, slope=-1.20337e+09, intercept=-1.79221e+09

Interval 944:
  Original: start=-0.155349, slope=47283, intercept=38206, x_refl=0, y_refl=0
  Quantized: start=-10181, slope=-18253, intercept=-27330
  Recovered (relative): start=-0.15535, slope=-1.19623e+09, intercept=-1.7911e+09

Interval 945:
  Original: start=-0.153395, slope=47393, intercept=38223, x_refl=0, y_refl=0
  Quantized: start=-10053, slope=-18143, intercept=-27313
  Recovered (relative): start=-0.153397, slope=-1.18902e+09, intercept=-1.78998e+09

Interval 946:
  Original: start=-0.151441, slope=47503, intercept=38239, x_refl=0, y_refl=0
  Quantized: start=-9925, slope=-18033, intercept=-27297
  Recovered (relative): start=-0.151443, slope=-1.18181e+09, intercept=-1.78894e+09

Interval 947:
  Original: start=-0.149487, slope=47613, intercept=38256, x_refl=0, y_refl=0
  Quantized: start=-9797, slope=-17923, intercept=-27280
  Recovered (relative): start=-0.14949, slope=-1.1746e+09, intercept=-1.78782e+09

Interval 948:
  Original: start=-0.147533, slope=47724, intercept=38272, x_refl=0, y_refl=0
  Quantized: start=-9669, slope=-17812, intercept=-27264
  Recovered (relative): start=-0.147537, slope=-1.16733e+09, intercept=-1.78677e+09

Interval 949:
  Original: start=-0.145579, slope=47835, intercept=38288, x_refl=0, y_refl=0
  Quantized: start=-9541, slope=-17701, intercept=-27248
  Recovered (relative): start=-0.145584, slope=-1.16005e+09, intercept=-1.78572e+09

Interval 950:
  Original: start=-0.143625, slope=47946, intercept=38304, x_refl=0, y_refl=0
  Quantized: start=-9413, slope=-17590, intercept=-27232
  Recovered (relative): start=-0.143631, slope=-1.15278e+09, intercept=-1.78468e+09

Interval 951:
  Original: start=-0.141671, slope=48057, intercept=38320, x_refl=0, y_refl=0
  Quantized: start=-9285, slope=-17479, intercept=-27216
  Recovered (relative): start=-0.141678, slope=-1.1455e+09, intercept=-1.78363e+09

Interval 952:
  Original: start=-0.139717, slope=48168, intercept=38335, x_refl=0, y_refl=0
  Quantized: start=-9156, slope=-17368, intercept=-27201
  Recovered (relative): start=-0.139709, slope=-1.13823e+09, intercept=-1.78264e+09

Interval 953:
  Original: start=-0.137763, slope=48280, intercept=38351, x_refl=0, y_refl=0
  Quantized: start=-9028, slope=-17256, intercept=-27185
  Recovered (relative): start=-0.137756, slope=-1.13089e+09, intercept=-1.7816e+09

Interval 954:
  Original: start=-0.135809, slope=48392, intercept=38366, x_refl=0, y_refl=0
  Quantized: start=-8900, slope=-17144, intercept=-27170
  Recovered (relative): start=-0.135803, slope=-1.12355e+09, intercept=-1.78061e+09

Interval 955:
  Original: start=-0.133854, slope=48504, intercept=38381, x_refl=0, y_refl=0
  Quantized: start=-8772, slope=-17032, intercept=-27155
  Recovered (relative): start=-0.13385, slope=-1.11621e+09, intercept=-1.77963e+09

Interval 956:
  Original: start=-0.1319, slope=48616, intercept=38396, x_refl=0, y_refl=0
  Quantized: start=-8644, slope=-16920, intercept=-27140
  Recovered (relative): start=-0.131897, slope=-1.10887e+09, intercept=-1.77865e+09

Interval 957:
  Original: start=-0.129946, slope=48728, intercept=38410, x_refl=0, y_refl=0
  Quantized: start=-8516, slope=-16808, intercept=-27126
  Recovered (relative): start=-0.129944, slope=-1.10153e+09, intercept=-1.77773e+09

Interval 958:
  Original: start=-0.127992, slope=48841, intercept=38425, x_refl=0, y_refl=0
  Quantized: start=-8388, slope=-16695, intercept=-27111
  Recovered (relative): start=-0.127991, slope=-1.09412e+09, intercept=-1.77675e+09

Interval 959:
  Original: start=-0.126038, slope=48954, intercept=38439, x_refl=0, y_refl=0
  Quantized: start=-8260, slope=-16582, intercept=-27097
  Recovered (relative): start=-0.126038, slope=-1.08672e+09, intercept=-1.77583e+09

Interval 960:
  Original: start=-0.124084, slope=49067, intercept=38453, x_refl=0, y_refl=0
  Quantized: start=-8132, slope=-16469, intercept=-27083
  Recovered (relative): start=-0.124084, slope=-1.07931e+09, intercept=-1.77491e+09

Interval 961:
  Original: start=-0.12213, slope=49180, intercept=38467, x_refl=0, y_refl=0
  Quantized: start=-8004, slope=-16356, intercept=-27069
  Recovered (relative): start=-0.122131, slope=-1.07191e+09, intercept=-1.77399e+09

Interval 962:
  Original: start=-0.120176, slope=49294, intercept=38481, x_refl=0, y_refl=0
  Quantized: start=-7876, slope=-16242, intercept=-27055
  Recovered (relative): start=-0.120178, slope=-1.06444e+09, intercept=-1.77308e+09

Interval 963:
  Original: start=-0.118222, slope=49408, intercept=38494, x_refl=0, y_refl=0
  Quantized: start=-7748, slope=-16128, intercept=-27042
  Recovered (relative): start=-0.118225, slope=-1.05696e+09, intercept=-1.77222e+09

Interval 964:
  Original: start=-0.116268, slope=49522, intercept=38507, x_refl=0, y_refl=0
  Quantized: start=-7620, slope=-16014, intercept=-27029
  Recovered (relative): start=-0.116272, slope=-1.04949e+09, intercept=-1.77137e+09

Interval 965:
  Original: start=-0.114314, slope=49636, intercept=38520, x_refl=0, y_refl=0
  Quantized: start=-7492, slope=-15900, intercept=-27016
  Recovered (relative): start=-0.114319, slope=-1.04202e+09, intercept=-1.77052e+09

Interval 966:
  Original: start=-0.11236, slope=49750, intercept=38533, x_refl=0, y_refl=0
  Quantized: start=-7364, slope=-15786, intercept=-27003
  Recovered (relative): start=-0.112366, slope=-1.03455e+09, intercept=-1.76967e+09

Interval 967:
  Original: start=-0.110405, slope=49865, intercept=38546, x_refl=0, y_refl=0
  Quantized: start=-7236, slope=-15671, intercept=-26990
  Recovered (relative): start=-0.110413, slope=-1.02701e+09, intercept=-1.76882e+09

Interval 968:
  Original: start=-0.108451, slope=49980, intercept=38558, x_refl=0, y_refl=0
  Quantized: start=-7107, slope=-15556, intercept=-26978
  Recovered (relative): start=-0.108444, slope=-1.01948e+09, intercept=-1.76803e+09

Interval 969:
  Original: start=-0.106497, slope=50095, intercept=38571, x_refl=0, y_refl=0
  Quantized: start=-6979, slope=-15441, intercept=-26965
  Recovered (relative): start=-0.106491, slope=-1.01194e+09, intercept=-1.76718e+09

Interval 970:
  Original: start=-0.104543, slope=50210, intercept=38583, x_refl=0, y_refl=0
  Quantized: start=-6851, slope=-15326, intercept=-26953
  Recovered (relative): start=-0.104538, slope=-1.0044e+09, intercept=-1.76639e+09

Interval 971:
  Original: start=-0.102589, slope=50326, intercept=38594, x_refl=0, y_refl=0
  Quantized: start=-6723, slope=-15210, intercept=-26942
  Recovered (relative): start=-0.102585, slope=-9.96803e+08, intercept=-1.76567e+09

Interval 972:
  Original: start=-0.100635, slope=50442, intercept=38606, x_refl=0, y_refl=0
  Quantized: start=-6595, slope=-15094, intercept=-26930
  Recovered (relative): start=-0.100632, slope=-9.892e+08, intercept=-1.76488e+09

Interval 973:
  Original: start=-0.098681, slope=50558, intercept=38618, x_refl=0, y_refl=0
  Quantized: start=-6467, slope=-14978, intercept=-26918
  Recovered (relative): start=-0.0986786, slope=-9.81598e+08, intercept=-1.7641e+09

Interval 974:
  Original: start=-0.0967269, slope=50674, intercept=38629, x_refl=0, y_refl=0
  Quantized: start=-6339, slope=-14862, intercept=-26907
  Recovered (relative): start=-0.0967255, slope=-9.73996e+08, intercept=-1.76338e+09

Interval 975:
  Original: start=-0.0947728, slope=50790, intercept=38640, x_refl=0, y_refl=0
  Quantized: start=-6211, slope=-14746, intercept=-26896
  Recovered (relative): start=-0.0947723, slope=-9.66394e+08, intercept=-1.76266e+09

Interval 976:
  Original: start=-0.0928188, slope=50907, intercept=38651, x_refl=0, y_refl=0
  Quantized: start=-6083, slope=-14629, intercept=-26885
  Recovered (relative): start=-0.0928192, slope=-9.58726e+08, intercept=-1.76194e+09

Interval 977:
  Original: start=-0.0908647, slope=51024, intercept=38661, x_refl=0, y_refl=0
  Quantized: start=-5955, slope=-14512, intercept=-26875
  Recovered (relative): start=-0.0908661, slope=-9.51058e+08, intercept=-1.76128e+09

Interval 978:
  Original: start=-0.0889106, slope=51141, intercept=38672, x_refl=0, y_refl=0
  Quantized: start=-5827, slope=-14395, intercept=-26864
  Recovered (relative): start=-0.088913, slope=-9.43391e+08, intercept=-1.76056e+09

Interval 979:
  Original: start=-0.0869565, slope=51259, intercept=38682, x_refl=0, y_refl=0
  Quantized: start=-5699, slope=-14277, intercept=-26854
  Recovered (relative): start=-0.0869598, slope=-9.35657e+08, intercept=-1.7599e+09

Interval 980:
  Original: start=-0.0850024, slope=51376, intercept=38692, x_refl=0, y_refl=0
  Quantized: start=-5571, slope=-14160, intercept=-26844
  Recovered (relative): start=-0.0850067, slope=-9.2799e+08, intercept=-1.75925e+09

Interval 981:
  Original: start=-0.0830484, slope=51494, intercept=38702, x_refl=0, y_refl=0
  Quantized: start=-5443, slope=-14042, intercept=-26834
  Recovered (relative): start=-0.0830536, slope=-9.20257e+08, intercept=-1.75859e+09

Interval 982:
  Original: start=-0.0810943, slope=51612, intercept=38711, x_refl=0, y_refl=0
  Quantized: start=-5315, slope=-13924, intercept=-26825
  Recovered (relative): start=-0.0811005, slope=-9.12523e+08, intercept=-1.758e+09

Interval 983:
  Original: start=-0.0791402, slope=51731, intercept=38721, x_refl=0, y_refl=0
  Quantized: start=-5187, slope=-13805, intercept=-26815
  Recovered (relative): start=-0.0791473, slope=-9.04724e+08, intercept=-1.75735e+09

Interval 984:
  Original: start=-0.0771861, slope=51849, intercept=38730, x_refl=0, y_refl=0
  Quantized: start=-5058, slope=-13687, intercept=-26806
  Recovered (relative): start=-0.077179, slope=-8.96991e+08, intercept=-1.75676e+09

Interval 985:
  Original: start=-0.075232, slope=51968, intercept=38739, x_refl=0, y_refl=0
  Quantized: start=-4930, slope=-13568, intercept=-26797
  Recovered (relative): start=-0.0752258, slope=-8.89192e+08, intercept=-1.75617e+09

Interval 986:
  Original: start=-0.073278, slope=52087, intercept=38747, x_refl=0, y_refl=0
  Quantized: start=-4802, slope=-13449, intercept=-26789
  Recovered (relative): start=-0.0732727, slope=-8.81394e+08, intercept=-1.75564e+09

Interval 987:
  Original: start=-0.0713239, slope=52206, intercept=38756, x_refl=0, y_refl=0
  Quantized: start=-4674, slope=-13330, intercept=-26780
  Recovered (relative): start=-0.0713196, slope=-8.73595e+08, intercept=-1.75505e+09

Interval 988:
  Original: start=-0.0693698, slope=52326, intercept=38764, x_refl=0, y_refl=0
  Quantized: start=-4546, slope=-13210, intercept=-26772
  Recovered (relative): start=-0.0693665, slope=-8.65731e+08, intercept=-1.75453e+09

Interval 989:
  Original: start=-0.0674157, slope=52445, intercept=38772, x_refl=0, y_refl=0
  Quantized: start=-4418, slope=-13091, intercept=-26764
  Recovered (relative): start=-0.0674133, slope=-8.57932e+08, intercept=-1.75401e+09

Interval 990:
  Original: start=-0.0654617, slope=52565, intercept=38780, x_refl=0, y_refl=0
  Quantized: start=-4290, slope=-12971, intercept=-26756
  Recovered (relative): start=-0.0654602, slope=-8.50067e+08, intercept=-1.75348e+09

Interval 991:
  Original: start=-0.0635076, slope=52686, intercept=38788, x_refl=0, y_refl=0
  Quantized: start=-4162, slope=-12850, intercept=-26748
  Recovered (relative): start=-0.0635071, slope=-8.42138e+08, intercept=-1.75296e+09

Interval 992:
  Original: start=-0.0615535, slope=52806, intercept=38795, x_refl=0, y_refl=0
  Quantized: start=-4034, slope=-12730, intercept=-26741
  Recovered (relative): start=-0.061554, slope=-8.34273e+08, intercept=-1.7525e+09

Interval 993:
  Original: start=-0.0595994, slope=52927, intercept=38802, x_refl=0, y_refl=0
  Quantized: start=-3906, slope=-12609, intercept=-26734
  Recovered (relative): start=-0.0596008, slope=-8.26343e+08, intercept=-1.75204e+09

Interval 994:
  Original: start=-0.0576453, slope=53047, intercept=38809, x_refl=0, y_refl=0
  Quantized: start=-3778, slope=-12489, intercept=-26727
  Recovered (relative): start=-0.0576477, slope=-8.18479e+08, intercept=-1.75158e+09

Interval 995:
  Original: start=-0.0556913, slope=53169, intercept=38816, x_refl=0, y_refl=0
  Quantized: start=-3650, slope=-12367, intercept=-26720
  Recovered (relative): start=-0.0556946, slope=-8.10484e+08, intercept=-1.75112e+09

Interval 996:
  Original: start=-0.0537372, slope=53290, intercept=38823, x_refl=0, y_refl=0
  Quantized: start=-3522, slope=-12246, intercept=-26713
  Recovered (relative): start=-0.0537415, slope=-8.02554e+08, intercept=-1.75066e+09

Interval 997:
  Original: start=-0.0517831, slope=53412, intercept=38829, x_refl=0, y_refl=0
  Quantized: start=-3394, slope=-12124, intercept=-26707
  Recovered (relative): start=-0.0517883, slope=-7.94558e+08, intercept=-1.75027e+09

Interval 998:
  Original: start=-0.049829, slope=53533, intercept=38835, x_refl=0, y_refl=0
  Quantized: start=-3266, slope=-12003, intercept=-26701
  Recovered (relative): start=-0.0498352, slope=-7.86629e+08, intercept=-1.74988e+09

Interval 999:
  Original: start=-0.0478749, slope=53655, intercept=38841, x_refl=0, y_refl=0
  Quantized: start=-3138, slope=-11881, intercept=-26695
  Recovered (relative): start=-0.0478821, slope=-7.78633e+08, intercept=-1.74948e+09

Interval 1000:
  Original: start=-0.0459209, slope=53778, intercept=38846, x_refl=0, y_refl=0
  Quantized: start=-3009, slope=-11758, intercept=-26690
  Recovered (relative): start=-0.0459137, slope=-7.70572e+08, intercept=-1.74916e+09

Interval 1001:
  Original: start=-0.0439668, slope=53900, intercept=38852, x_refl=0, y_refl=0
  Quantized: start=-2881, slope=-11636, intercept=-26684
  Recovered (relative): start=-0.0439606, slope=-7.62577e+08, intercept=-1.74876e+09

Interval 1002:
  Original: start=-0.0420127, slope=54023, intercept=38857, x_refl=0, y_refl=0
  Quantized: start=-2753, slope=-11513, intercept=-26679
  Recovered (relative): start=-0.0420074, slope=-7.54516e+08, intercept=-1.74843e+09

Interval 1003:
  Original: start=-0.0400586, slope=54146, intercept=38862, x_refl=0, y_refl=0
  Quantized: start=-2625, slope=-11390, intercept=-26674
  Recovered (relative): start=-0.0400543, slope=-7.46455e+08, intercept=-1.74811e+09

Interval 1004:
  Original: start=-0.0381045, slope=54269, intercept=38867, x_refl=0, y_refl=0
  Quantized: start=-2497, slope=-11267, intercept=-26669
  Recovered (relative): start=-0.0381012, slope=-7.38394e+08, intercept=-1.74778e+09

Interval 1005:
  Original: start=-0.0361505, slope=54393, intercept=38871, x_refl=0, y_refl=0
  Quantized: start=-2369, slope=-11143, intercept=-26665
  Recovered (relative): start=-0.0361481, slope=-7.30268e+08, intercept=-1.74752e+09

Interval 1006:
  Original: start=-0.0341964, slope=54517, intercept=38875, x_refl=0, y_refl=0
  Quantized: start=-2241, slope=-11019, intercept=-26661
  Recovered (relative): start=-0.0341949, slope=-7.22141e+08, intercept=-1.74726e+09

Interval 1007:
  Original: start=-0.0322423, slope=54641, intercept=38879, x_refl=0, y_refl=0
  Quantized: start=-2113, slope=-10895, intercept=-26657
  Recovered (relative): start=-0.0322418, slope=-7.14015e+08, intercept=-1.74699e+09

Interval 1008:
  Original: start=-0.0302882, slope=54765, intercept=38883, x_refl=0, y_refl=0
  Quantized: start=-1985, slope=-10771, intercept=-26653
  Recovered (relative): start=-0.0302887, slope=-7.05888e+08, intercept=-1.74673e+09

Interval 1009:
  Original: start=-0.0283341, slope=54889, intercept=38887, x_refl=0, y_refl=0
  Quantized: start=-1857, slope=-10647, intercept=-26649
  Recovered (relative): start=-0.0283356, slope=-6.97762e+08, intercept=-1.74647e+09

Interval 1010:
  Original: start=-0.0263801, slope=55014, intercept=38890, x_refl=0, y_refl=0
  Quantized: start=-1729, slope=-10522, intercept=-26646
  Recovered (relative): start=-0.0263824, slope=-6.8957e+08, intercept=-1.74627e+09

Interval 1011:
  Original: start=-0.024426, slope=55139, intercept=38893, x_refl=0, y_refl=0
  Quantized: start=-1601, slope=-10397, intercept=-26643
  Recovered (relative): start=-0.0244293, slope=-6.81378e+08, intercept=-1.74608e+09

Interval 1012:
  Original: start=-0.0224719, slope=55264, intercept=38896, x_refl=0, y_refl=0
  Quantized: start=-1473, slope=-10272, intercept=-26640
  Recovered (relative): start=-0.0224762, slope=-6.73186e+08, intercept=-1.74588e+09

Interval 1013:
  Original: start=-0.0205178, slope=55390, intercept=38898, x_refl=0, y_refl=0
  Quantized: start=-1345, slope=-10146, intercept=-26638
  Recovered (relative): start=-0.0205231, slope=-6.64928e+08, intercept=-1.74575e+09

Interval 1014:
  Original: start=-0.0185638, slope=55516, intercept=38901, x_refl=0, y_refl=0
  Quantized: start=-1217, slope=-10020, intercept=-26635
  Recovered (relative): start=-0.0185699, slope=-6.56671e+08, intercept=-1.74555e+09

Interval 1015:
  Original: start=-0.0166097, slope=55641, intercept=38903, x_refl=0, y_refl=0
  Quantized: start=-1089, slope=-9895, intercept=-26633
  Recovered (relative): start=-0.0166168, slope=-6.48479e+08, intercept=-1.74542e+09

Interval 1016:
  Original: start=-0.0146556, slope=55768, intercept=38905, x_refl=0, y_refl=0
  Quantized: start=-960, slope=-9768, intercept=-26631
  Recovered (relative): start=-0.0146484, slope=-6.40156e+08, intercept=-1.74529e+09

Interval 1017:
  Original: start=-0.0127015, slope=55894, intercept=38906, x_refl=0, y_refl=0
  Quantized: start=-832, slope=-9642, intercept=-26630
  Recovered (relative): start=-0.0126953, slope=-6.31898e+08, intercept=-1.74522e+09

Interval 1018:
  Original: start=-0.0107474, slope=56021, intercept=38908, x_refl=0, y_refl=0
  Quantized: start=-704, slope=-9515, intercept=-26628
  Recovered (relative): start=-0.0107422, slope=-6.23575e+08, intercept=-1.74509e+09

Interval 1019:
  Original: start=-0.00879336, slope=56148, intercept=38909, x_refl=0, y_refl=0
  Quantized: start=-576, slope=-9388, intercept=-26627
  Recovered (relative): start=-0.00878906, slope=-6.15252e+08, intercept=-1.74503e+09

Interval 1020:
  Original: start=-0.00683928, slope=56275, intercept=38910, x_refl=0, y_refl=0
  Quantized: start=-448, slope=-9261, intercept=-26626
  Recovered (relative): start=-0.00683594, slope=-6.06929e+08, intercept=-1.74496e+09

Interval 1021:
  Original: start=-0.0048852, slope=56402, intercept=38910, x_refl=0, y_refl=0
  Quantized: start=-320, slope=-9134, intercept=-26626
  Recovered (relative): start=-0.00488281, slope=-5.98606e+08, intercept=-1.74496e+09

Interval 1022:
  Original: start=-0.00293112, slope=56530, intercept=38911, x_refl=0, y_refl=0
  Quantized: start=-192, slope=-9006, intercept=-26625
  Recovered (relative): start=-0.00292969, slope=-5.90217e+08, intercept=-1.7449e+09

Interval 1023:
  Original: start=-0.000977042, slope=56658, intercept=38911, x_refl=0, y_refl=0
  Quantized: start=-64, slope=-8878, intercept=-26625
  Recovered (relative): start=-0.000976562, slope=-5.81829e+08, intercept=-1.7449e+09

Interval 1024:
  Original: start=0.000977038, slope=56786, intercept=38911, x_refl=0, y_refl=0
  Quantized: start=64, slope=-8750, intercept=-26625
  Recovered (relative): start=0.000976562, slope=-5.7344e+08, intercept=-1.7449e+09

Interval 1025:
  Original: start=0.00293112, slope=56915, intercept=38910, x_refl=0, y_refl=0
  Quantized: start=192, slope=-8621, intercept=-26626
  Recovered (relative): start=0.00292969, slope=-5.64986e+08, intercept=-1.74496e+09

Interval 1026:
  Original: start=0.0048852, slope=57043, intercept=38910, x_refl=0, y_refl=0
  Quantized: start=320, slope=-8493, intercept=-26626
  Recovered (relative): start=0.00488281, slope=-5.56597e+08, intercept=-1.74496e+09

Interval 1027:
  Original: start=0.00683928, slope=57172, intercept=38909, x_refl=0, y_refl=0
  Quantized: start=448, slope=-8364, intercept=-26627
  Recovered (relative): start=0.00683594, slope=-5.48143e+08, intercept=-1.74503e+09

Interval 1028:
  Original: start=0.00879335, slope=57301, intercept=38908, x_refl=0, y_refl=0
  Quantized: start=576, slope=-8235, intercept=-26628
  Recovered (relative): start=0.00878906, slope=-5.39689e+08, intercept=-1.74509e+09

Interval 1029:
  Original: start=0.0107474, slope=57431, intercept=38906, x_refl=0, y_refl=0
  Quantized: start=704, slope=-8105, intercept=-26630
  Recovered (relative): start=0.0107422, slope=-5.31169e+08, intercept=-1.74522e+09

Interval 1030:
  Original: start=0.0127015, slope=57561, intercept=38905, x_refl=0, y_refl=0
  Quantized: start=832, slope=-7975, intercept=-26631
  Recovered (relative): start=0.0126953, slope=-5.2265e+08, intercept=-1.74529e+09

Interval 1031:
  Original: start=0.0146556, slope=57691, intercept=38903, x_refl=0, y_refl=0
  Quantized: start=960, slope=-7845, intercept=-26633
  Recovered (relative): start=0.0146484, slope=-5.1413e+08, intercept=-1.74542e+09

Interval 1032:
  Original: start=0.0166097, slope=57821, intercept=38900, x_refl=0, y_refl=0
  Quantized: start=1089, slope=-7715, intercept=-26636
  Recovered (relative): start=0.0166168, slope=-5.0561e+08, intercept=-1.74562e+09

Interval 1033:
  Original: start=0.0185637, slope=57951, intercept=38898, x_refl=0, y_refl=0
  Quantized: start=1217, slope=-7585, intercept=-26638
  Recovered (relative): start=0.0185699, slope=-4.97091e+08, intercept=-1.74575e+09

Interval 1034:
  Original: start=0.0205178, slope=58082, intercept=38895, x_refl=0, y_refl=0
  Quantized: start=1345, slope=-7454, intercept=-26641
  Recovered (relative): start=0.0205231, slope=-4.88505e+08, intercept=-1.74594e+09

Interval 1035:
  Original: start=0.0224719, slope=58213, intercept=38892, x_refl=0, y_refl=0
  Quantized: start=1473, slope=-7323, intercept=-26644
  Recovered (relative): start=0.0224762, slope=-4.7992e+08, intercept=-1.74614e+09

Interval 1036:
  Original: start=0.024426, slope=58344, intercept=38889, x_refl=0, y_refl=0
  Quantized: start=1601, slope=-7192, intercept=-26647
  Recovered (relative): start=0.0244293, slope=-4.71335e+08, intercept=-1.74634e+09

Interval 1037:
  Original: start=0.0263801, slope=58476, intercept=38886, x_refl=0, y_refl=0
  Quantized: start=1729, slope=-7060, intercept=-26650
  Recovered (relative): start=0.0263824, slope=-4.62684e+08, intercept=-1.74653e+09

Interval 1038:
  Original: start=0.0283341, slope=58607, intercept=38882, x_refl=0, y_refl=0
  Quantized: start=1857, slope=-6929, intercept=-26654
  Recovered (relative): start=0.0283356, slope=-4.54099e+08, intercept=-1.7468e+09

Interval 1039:
  Original: start=0.0302882, slope=58739, intercept=38878, x_refl=0, y_refl=0
  Quantized: start=1985, slope=-6797, intercept=-26658
  Recovered (relative): start=0.0302887, slope=-4.45448e+08, intercept=-1.74706e+09

Interval 1040:
  Original: start=0.0322423, slope=58872, intercept=38874, x_refl=0, y_refl=0
  Quantized: start=2113, slope=-6664, intercept=-26662
  Recovered (relative): start=0.0322418, slope=-4.36732e+08, intercept=-1.74732e+09

Interval 1041:
  Original: start=0.0341964, slope=59004, intercept=38869, x_refl=0, y_refl=0
  Quantized: start=2241, slope=-6532, intercept=-26667
  Recovered (relative): start=0.0341949, slope=-4.28081e+08, intercept=-1.74765e+09

Interval 1042:
  Original: start=0.0361505, slope=59137, intercept=38864, x_refl=0, y_refl=0
  Quantized: start=2369, slope=-6399, intercept=-26672
  Recovered (relative): start=0.0361481, slope=-4.19365e+08, intercept=-1.74798e+09

Interval 1043:
  Original: start=0.0381045, slope=59270, intercept=38859, x_refl=0, y_refl=0
  Quantized: start=2497, slope=-6266, intercept=-26677
  Recovered (relative): start=0.0381012, slope=-4.10649e+08, intercept=-1.7483e+09

Interval 1044:
  Original: start=0.0400586, slope=59403, intercept=38854, x_refl=0, y_refl=0
  Quantized: start=2625, slope=-6133, intercept=-26682
  Recovered (relative): start=0.0400543, slope=-4.01932e+08, intercept=-1.74863e+09

Interval 1045:
  Original: start=0.0420127, slope=59537, intercept=38848, x_refl=0, y_refl=0
  Quantized: start=2753, slope=-5999, intercept=-26688
  Recovered (relative): start=0.0420074, slope=-3.9315e+08, intercept=-1.74902e+09

Interval 1046:
  Original: start=0.0439668, slope=59671, intercept=38842, x_refl=0, y_refl=0
  Quantized: start=2881, slope=-5865, intercept=-26694
  Recovered (relative): start=0.0439606, slope=-3.84369e+08, intercept=-1.74942e+09

Interval 1047:
  Original: start=0.0459209, slope=59805, intercept=38836, x_refl=0, y_refl=0
  Quantized: start=3009, slope=-5731, intercept=-26700
  Recovered (relative): start=0.0459137, slope=-3.75587e+08, intercept=-1.74981e+09

Interval 1048:
  Original: start=0.0478749, slope=59939, intercept=38830, x_refl=0, y_refl=0
  Quantized: start=3138, slope=-5597, intercept=-26706
  Recovered (relative): start=0.0478821, slope=-3.66805e+08, intercept=-1.7502e+09

Interval 1049:
  Original: start=0.049829, slope=60074, intercept=38823, x_refl=0, y_refl=0
  Quantized: start=3266, slope=-5462, intercept=-26713
  Recovered (relative): start=0.0498352, slope=-3.57958e+08, intercept=-1.75066e+09

Interval 1050:
  Original: start=0.0517831, slope=60209, intercept=38816, x_refl=0, y_refl=0
  Quantized: start=3394, slope=-5327, intercept=-26720
  Recovered (relative): start=0.0517883, slope=-3.4911e+08, intercept=-1.75112e+09

Interval 1051:
  Original: start=0.0537372, slope=60344, intercept=38809, x_refl=0, y_refl=0
  Quantized: start=3522, slope=-5192, intercept=-26727
  Recovered (relative): start=0.0537415, slope=-3.40263e+08, intercept=-1.75158e+09

Interval 1052:
  Original: start=0.0556913, slope=60479, intercept=38801, x_refl=0, y_refl=0
  Quantized: start=3650, slope=-5057, intercept=-26735
  Recovered (relative): start=0.0556946, slope=-3.31416e+08, intercept=-1.7521e+09

Interval 1053:
  Original: start=0.0576453, slope=60615, intercept=38794, x_refl=0, y_refl=0
  Quantized: start=3778, slope=-4921, intercept=-26742
  Recovered (relative): start=0.0576477, slope=-3.22503e+08, intercept=-1.75256e+09

Interval 1054:
  Original: start=0.0595994, slope=60751, intercept=38785, x_refl=0, y_refl=0
  Quantized: start=3906, slope=-4785, intercept=-26751
  Recovered (relative): start=0.0596008, slope=-3.1359e+08, intercept=-1.75315e+09

Interval 1055:
  Original: start=0.0615535, slope=60887, intercept=38777, x_refl=0, y_refl=0
  Quantized: start=4034, slope=-4649, intercept=-26759
  Recovered (relative): start=0.061554, slope=-3.04677e+08, intercept=-1.75368e+09

Interval 1056:
  Original: start=0.0635076, slope=61023, intercept=38768, x_refl=0, y_refl=0
  Quantized: start=4162, slope=-4513, intercept=-26768
  Recovered (relative): start=0.0635071, slope=-2.95764e+08, intercept=-1.75427e+09

Interval 1057:
  Original: start=0.0654616, slope=61160, intercept=38759, x_refl=0, y_refl=0
  Quantized: start=4290, slope=-4376, intercept=-26777
  Recovered (relative): start=0.0654602, slope=-2.86786e+08, intercept=-1.75486e+09

Interval 1058:
  Original: start=0.0674157, slope=61297, intercept=38750, x_refl=0, y_refl=0
  Quantized: start=4418, slope=-4239, intercept=-26786
  Recovered (relative): start=0.0674133, slope=-2.77807e+08, intercept=-1.75545e+09

Interval 1059:
  Original: start=0.0693698, slope=61434, intercept=38741, x_refl=0, y_refl=0
  Quantized: start=4546, slope=-4102, intercept=-26795
  Recovered (relative): start=0.0693665, slope=-2.68829e+08, intercept=-1.75604e+09

Interval 1060:
  Original: start=0.0713239, slope=61572, intercept=38731, x_refl=0, y_refl=0
  Quantized: start=4674, slope=-3964, intercept=-26805
  Recovered (relative): start=0.0713196, slope=-2.59785e+08, intercept=-1.75669e+09

Interval 1061:
  Original: start=0.073278, slope=61710, intercept=38721, x_refl=0, y_refl=0
  Quantized: start=4802, slope=-3826, intercept=-26815
  Recovered (relative): start=0.0732727, slope=-2.50741e+08, intercept=-1.75735e+09

Interval 1062:
  Original: start=0.075232, slope=61848, intercept=38710, x_refl=0, y_refl=0
  Quantized: start=4930, slope=-3688, intercept=-26826
  Recovered (relative): start=0.0752258, slope=-2.41697e+08, intercept=-1.75807e+09

Interval 1063:
  Original: start=0.0771861, slope=61986, intercept=38700, x_refl=0, y_refl=0
  Quantized: start=5058, slope=-3550, intercept=-26836
  Recovered (relative): start=0.077179, slope=-2.32653e+08, intercept=-1.75872e+09

Interval 1064:
  Original: start=0.0791402, slope=62125, intercept=38689, x_refl=0, y_refl=0
  Quantized: start=5187, slope=-3411, intercept=-26847
  Recovered (relative): start=0.0791473, slope=-2.23543e+08, intercept=-1.75944e+09

Interval 1065:
  Original: start=0.0810943, slope=62264, intercept=38678, x_refl=0, y_refl=0
  Quantized: start=5315, slope=-3272, intercept=-26858
  Recovered (relative): start=0.0811005, slope=-2.14434e+08, intercept=-1.76017e+09

Interval 1066:
  Original: start=0.0830484, slope=62403, intercept=38666, x_refl=0, y_refl=0
  Quantized: start=5443, slope=-3133, intercept=-26870
  Recovered (relative): start=0.0830536, slope=-2.05324e+08, intercept=-1.76095e+09

Interval 1067:
  Original: start=0.0850024, slope=62542, intercept=38654, x_refl=0, y_refl=0
  Quantized: start=5571, slope=-2994, intercept=-26882
  Recovered (relative): start=0.0850067, slope=-1.96215e+08, intercept=-1.76174e+09

Interval 1068:
  Original: start=0.0869565, slope=62682, intercept=38642, x_refl=0, y_refl=0
  Quantized: start=5699, slope=-2854, intercept=-26894
  Recovered (relative): start=0.0869598, slope=-1.8704e+08, intercept=-1.76253e+09

Interval 1069:
  Original: start=0.0889106, slope=62822, intercept=38630, x_refl=0, y_refl=0
  Quantized: start=5827, slope=-2714, intercept=-26906
  Recovered (relative): start=0.088913, slope=-1.77865e+08, intercept=-1.76331e+09

Interval 1070:
  Original: start=0.0908647, slope=62962, intercept=38617, x_refl=0, y_refl=0
  Quantized: start=5955, slope=-2574, intercept=-26919
  Recovered (relative): start=0.0908661, slope=-1.6869e+08, intercept=-1.76416e+09

Interval 1071:
  Original: start=0.0928188, slope=63103, intercept=38604, x_refl=0, y_refl=0
  Quantized: start=6083, slope=-2433, intercept=-26932
  Recovered (relative): start=0.0928192, slope=-1.59449e+08, intercept=-1.76502e+09

Interval 1072:
  Original: start=0.0947728, slope=63243, intercept=38590, x_refl=0, y_refl=0
  Quantized: start=6211, slope=-2293, intercept=-26946
  Recovered (relative): start=0.0947723, slope=-1.50274e+08, intercept=-1.76593e+09

Interval 1073:
  Original: start=0.0967269, slope=63384, intercept=38577, x_refl=0, y_refl=0
  Quantized: start=6339, slope=-2152, intercept=-26959
  Recovered (relative): start=0.0967255, slope=-1.41033e+08, intercept=-1.76679e+09

Interval 1074:
  Original: start=0.098681, slope=63526, intercept=38563, x_refl=0, y_refl=0
  Quantized: start=6467, slope=-2010, intercept=-26973
  Recovered (relative): start=0.0986786, slope=-1.31727e+08, intercept=-1.7677e+09

Interval 1075:
  Original: start=0.100635, slope=63667, intercept=38549, x_refl=0, y_refl=0
  Quantized: start=6595, slope=-1869, intercept=-26987
  Recovered (relative): start=0.100632, slope=-1.22487e+08, intercept=-1.76862e+09

Interval 1076:
  Original: start=0.102589, slope=63809, intercept=38534, x_refl=0, y_refl=0
  Quantized: start=6723, slope=-1727, intercept=-27002
  Recovered (relative): start=0.102585, slope=-1.13181e+08, intercept=-1.7696e+09

Interval 1077:
  Original: start=0.104543, slope=63951, intercept=38519, x_refl=0, y_refl=0
  Quantized: start=6851, slope=-1585, intercept=-27017
  Recovered (relative): start=0.104538, slope=-1.03875e+08, intercept=-1.77059e+09

Interval 1078:
  Original: start=0.106497, slope=64094, intercept=38504, x_refl=0, y_refl=0
  Quantized: start=6979, slope=-1442, intercept=-27032
  Recovered (relative): start=0.106491, slope=-9.45029e+07, intercept=-1.77157e+09

Interval 1079:
  Original: start=0.108451, slope=64237, intercept=38488, x_refl=0, y_refl=0
  Quantized: start=7107, slope=-1299, intercept=-27048
  Recovered (relative): start=0.108444, slope=-8.51313e+07, intercept=-1.77262e+09

Interval 1080:
  Original: start=0.110405, slope=64380, intercept=38473, x_refl=0, y_refl=0
  Quantized: start=7236, slope=-1156, intercept=-27063
  Recovered (relative): start=0.110413, slope=-7.57596e+07, intercept=-1.7736e+09

Interval 1081:
  Original: start=0.11236, slope=64523, intercept=38457, x_refl=0, y_refl=0
  Quantized: start=7364, slope=-1013, intercept=-27079
  Recovered (relative): start=0.112366, slope=-6.6388e+07, intercept=-1.77465e+09

Interval 1082:
  Original: start=0.114314, slope=64666, intercept=38440, x_refl=0, y_refl=0
  Quantized: start=7492, slope=-870, intercept=-27096
  Recovered (relative): start=0.114319, slope=-5.70163e+07, intercept=-1.77576e+09

Interval 1083:
  Original: start=0.116268, slope=64810, intercept=38423, x_refl=0, y_refl=0
  Quantized: start=7620, slope=-726, intercept=-27113
  Recovered (relative): start=0.116272, slope=-4.75791e+07, intercept=-1.77688e+09

Interval 1084:
  Original: start=0.118222, slope=64954, intercept=38406, x_refl=0, y_refl=0
  Quantized: start=7748, slope=-582, intercept=-27130
  Recovered (relative): start=0.118225, slope=-3.8142e+07, intercept=-1.77799e+09

Interval 1085:
  Original: start=0.120176, slope=65099, intercept=38389, x_refl=0, y_refl=0
  Quantized: start=7876, slope=-437, intercept=-27147
  Recovered (relative): start=0.120178, slope=-2.86392e+07, intercept=-1.77911e+09

Interval 1086:
  Original: start=0.12213, slope=65244, intercept=38371, x_refl=0, y_refl=0
  Quantized: start=8004, slope=-292, intercept=-27165
  Recovered (relative): start=0.122131, slope=-1.91365e+07, intercept=-1.78029e+09

Interval 1087:
  Original: start=0.124084, slope=65389, intercept=38353, x_refl=0, y_refl=0
  Quantized: start=8132, slope=-147, intercept=-27183
  Recovered (relative): start=0.124084, slope=-9.63379e+06, intercept=-1.78147e+09

Interval 1088:
  Original: start=0.126038, slope=65534, intercept=38335, x_refl=0, y_refl=0
  Quantized: start=8260, slope=-2, intercept=-27201
  Recovered (relative): start=0.126038, slope=-131072, intercept=-1.78264e+09

Interval 1089:
  Original: start=0.127992, slope=65679, intercept=38316, x_refl=0, y_refl=0
  Quantized: start=8388, slope=143, intercept=-27220
  Recovered (relative): start=0.127991, slope=9.37165e+06, intercept=-1.78389e+09

Interval 1090:
  Original: start=0.129946, slope=65825, intercept=38298, x_refl=0, y_refl=0
  Quantized: start=8516, slope=289, intercept=-27238
  Recovered (relative): start=0.129944, slope=1.89399e+07, intercept=-1.78507e+09

Interval 1091:
  Original: start=0.1319, slope=65971, intercept=38278, x_refl=0, y_refl=0
  Quantized: start=8644, slope=435, intercept=-27258
  Recovered (relative): start=0.131897, slope=2.85082e+07, intercept=-1.78638e+09

Interval 1092:
  Original: start=0.133854, slope=66118, intercept=38259, x_refl=0, y_refl=0
  Quantized: start=8772, slope=582, intercept=-27277
  Recovered (relative): start=0.13385, slope=3.8142e+07, intercept=-1.78763e+09

Interval 1093:
  Original: start=0.135808, slope=66264, intercept=38239, x_refl=0, y_refl=0
  Quantized: start=8900, slope=728, intercept=-27297
  Recovered (relative): start=0.135803, slope=4.77102e+07, intercept=-1.78894e+09

Interval 1094:
  Original: start=0.137763, slope=66411, intercept=38218, x_refl=0, y_refl=0
  Quantized: start=9028, slope=875, intercept=-27318
  Recovered (relative): start=0.137756, slope=5.7344e+07, intercept=-1.79031e+09

Interval 1095:
  Original: start=0.139717, slope=66559, intercept=38198, x_refl=0, y_refl=0
  Quantized: start=9156, slope=1023, intercept=-27338
  Recovered (relative): start=0.139709, slope=6.70433e+07, intercept=-1.79162e+09

Interval 1096:
  Original: start=0.141671, slope=66706, intercept=38177, x_refl=0, y_refl=0
  Quantized: start=9285, slope=1170, intercept=-27359
  Recovered (relative): start=0.141678, slope=7.66771e+07, intercept=-1.793e+09

Interval 1097:
  Original: start=0.143625, slope=66854, intercept=38156, x_refl=0, y_refl=0
  Quantized: start=9413, slope=1318, intercept=-27380
  Recovered (relative): start=0.143631, slope=8.63764e+07, intercept=-1.79438e+09

Interval 1098:
  Original: start=0.145579, slope=67002, intercept=38134, x_refl=0, y_refl=0
  Quantized: start=9541, slope=1466, intercept=-27402
  Recovered (relative): start=0.145584, slope=9.60758e+07, intercept=-1.79582e+09

Interval 1099:
  Original: start=0.147533, slope=67151, intercept=38112, x_refl=0, y_refl=0
  Quantized: start=9669, slope=1615, intercept=-27424
  Recovered (relative): start=0.147537, slope=1.05841e+08, intercept=-1.79726e+09

Interval 1100:
  Original: start=0.149487, slope=67299, intercept=38090, x_refl=0, y_refl=0
  Quantized: start=9797, slope=1763, intercept=-27446
  Recovered (relative): start=0.14949, slope=1.1554e+08, intercept=-1.7987e+09

Interval 1101:
  Original: start=0.151441, slope=67448, intercept=38067, x_refl=0, y_refl=0
  Quantized: start=9925, slope=1912, intercept=-27469
  Recovered (relative): start=0.151443, slope=1.25305e+08, intercept=-1.80021e+09

Interval 1102:
  Original: start=0.153395, slope=67598, intercept=38045, x_refl=0, y_refl=0
  Quantized: start=10053, slope=2062, intercept=-27491
  Recovered (relative): start=0.153397, slope=1.35135e+08, intercept=-1.80165e+09

Interval 1103:
  Original: start=0.155349, slope=67747, intercept=38021, x_refl=0, y_refl=0
  Quantized: start=10181, slope=2211, intercept=-27515
  Recovered (relative): start=0.15535, slope=1.449e+08, intercept=-1.80322e+09

Interval 1104:
  Original: start=0.157303, slope=67897, intercept=37998, x_refl=0, y_refl=0
  Quantized: start=10309, slope=2361, intercept=-27538
  Recovered (relative): start=0.157303, slope=1.5473e+08, intercept=-1.80473e+09

Interval 1105:
  Original: start=0.159257, slope=68047, intercept=37974, x_refl=0, y_refl=0
  Quantized: start=10437, slope=2511, intercept=-27562
  Recovered (relative): start=0.159256, slope=1.64561e+08, intercept=-1.8063e+09

Interval 1106:
  Original: start=0.161212, slope=68198, intercept=37950, x_refl=0, y_refl=0
  Quantized: start=10565, slope=2662, intercept=-27586
  Recovered (relative): start=0.161209, slope=1.74457e+08, intercept=-1.80788e+09

Interval 1107:
  Original: start=0.163166, slope=68348, intercept=37925, x_refl=0, y_refl=0
  Quantized: start=10693, slope=2812, intercept=-27611
  Recovered (relative): start=0.163162, slope=1.84287e+08, intercept=-1.80951e+09

Interval 1108:
  Original: start=0.16512, slope=68500, intercept=37900, x_refl=0, y_refl=0
  Quantized: start=10821, slope=2964, intercept=-27636
  Recovered (relative): start=0.165115, slope=1.94249e+08, intercept=-1.81115e+09

Interval 1109:
  Original: start=0.167074, slope=68651, intercept=37875, x_refl=0, y_refl=0
  Quantized: start=10949, slope=3115, intercept=-27661
  Recovered (relative): start=0.167068, slope=2.04145e+08, intercept=-1.81279e+09

Interval 1110:
  Original: start=0.169028, slope=68803, intercept=37849, x_refl=0, y_refl=0
  Quantized: start=11077, slope=3267, intercept=-27687
  Recovered (relative): start=0.169022, slope=2.14106e+08, intercept=-1.8145e+09

Interval 1111:
  Original: start=0.170982, slope=68954, intercept=37823, x_refl=0, y_refl=0
  Quantized: start=11205, slope=3418, intercept=-27713
  Recovered (relative): start=0.170975, slope=2.24002e+08, intercept=-1.8162e+09

Interval 1112:
  Original: start=0.172936, slope=69107, intercept=37797, x_refl=0, y_refl=0
  Quantized: start=11334, slope=3571, intercept=-27739
  Recovered (relative): start=0.172943, slope=2.34029e+08, intercept=-1.8179e+09

Interval 1113:
  Original: start=0.17489, slope=69259, intercept=37770, x_refl=0, y_refl=0
  Quantized: start=11462, slope=3723, intercept=-27766
  Recovered (relative): start=0.174896, slope=2.43991e+08, intercept=-1.81967e+09

Interval 1114:
  Original: start=0.176844, slope=69412, intercept=37743, x_refl=0, y_refl=0
  Quantized: start=11590, slope=3876, intercept=-27793
  Recovered (relative): start=0.176849, slope=2.54018e+08, intercept=-1.82144e+09

Interval 1115:
  Original: start=0.178798, slope=69565, intercept=37716, x_refl=0, y_refl=0
  Quantized: start=11718, slope=4029, intercept=-27820
  Recovered (relative): start=0.178802, slope=2.64045e+08, intercept=-1.82321e+09

Interval 1116:
  Original: start=0.180752, slope=69719, intercept=37688, x_refl=0, y_refl=0
  Quantized: start=11846, slope=4183, intercept=-27848
  Recovered (relative): start=0.180756, slope=2.74137e+08, intercept=-1.82505e+09

Interval 1117:
  Original: start=0.182706, slope=69872, intercept=37660, x_refl=0, y_refl=0
  Quantized: start=11974, slope=4336, intercept=-27876
  Recovered (relative): start=0.182709, slope=2.84164e+08, intercept=-1.82688e+09

Interval 1118:
  Original: start=0.18466, slope=70026, intercept=37631, x_refl=0, y_refl=0
  Quantized: start=12102, slope=4490, intercept=-27905
  Recovered (relative): start=0.184662, slope=2.94257e+08, intercept=-1.82878e+09

Interval 1119:
  Original: start=0.186615, slope=70181, intercept=37603, x_refl=0, y_refl=0
  Quantized: start=12230, slope=4645, intercept=-27933
  Recovered (relative): start=0.186615, slope=3.04415e+08, intercept=-1.83062e+09

Interval 1120:
  Original: start=0.188569, slope=70335, intercept=37574, x_refl=0, y_refl=0
  Quantized: start=12358, slope=4799, intercept=-27962
  Recovered (relative): start=0.188568, slope=3.14507e+08, intercept=-1.83252e+09

Interval 1121:
  Original: start=0.190523, slope=70490, intercept=37544, x_refl=0, y_refl=0
  Quantized: start=12486, slope=4954, intercept=-27992
  Recovered (relative): start=0.190521, slope=3.24665e+08, intercept=-1.83448e+09

Interval 1122:
  Original: start=0.192477, slope=70646, intercept=37514, x_refl=0, y_refl=0
  Quantized: start=12614, slope=5110, intercept=-28022
  Recovered (relative): start=0.192474, slope=3.34889e+08, intercept=-1.83645e+09

Interval 1123:
  Original: start=0.194431, slope=70801, intercept=37484, x_refl=0, y_refl=0
  Quantized: start=12742, slope=5265, intercept=-28052
  Recovered (relative): start=0.194427, slope=3.45047e+08, intercept=-1.83842e+09

Interval 1124:
  Original: start=0.196385, slope=70957, intercept=37453, x_refl=0, y_refl=0
  Quantized: start=12870, slope=5421, intercept=-28083
  Recovered (relative): start=0.196381, slope=3.55271e+08, intercept=-1.84045e+09

Interval 1125:
  Original: start=0.198339, slope=71113, intercept=37422, x_refl=0, y_refl=0
  Quantized: start=12998, slope=5577, intercept=-28114
  Recovered (relative): start=0.198334, slope=3.65494e+08, intercept=-1.84248e+09

Interval 1126:
  Original: start=0.200293, slope=71270, intercept=37391, x_refl=0, y_refl=0
  Quantized: start=13126, slope=5734, intercept=-28145
  Recovered (relative): start=0.200287, slope=3.75783e+08, intercept=-1.84451e+09

Interval 1127:
  Original: start=0.202247, slope=71426, intercept=37359, x_refl=0, y_refl=0
  Quantized: start=13254, slope=5890, intercept=-28177
  Recovered (relative): start=0.20224, slope=3.86007e+08, intercept=-1.84661e+09

Interval 1128:
  Original: start=0.204201, slope=71583, intercept=37327, x_refl=0, y_refl=0
  Quantized: start=13383, slope=6047, intercept=-28209
  Recovered (relative): start=0.204208, slope=3.96296e+08, intercept=-1.84871e+09

Interval 1129:
  Original: start=0.206155, slope=71741, intercept=37295, x_refl=0, y_refl=0
  Quantized: start=13511, slope=6205, intercept=-28241
  Recovered (relative): start=0.206161, slope=4.06651e+08, intercept=-1.8508e+09

Interval 1130:
  Original: start=0.208109, slope=71899, intercept=37262, x_refl=0, y_refl=0
  Quantized: start=13639, slope=6363, intercept=-28274
  Recovered (relative): start=0.208115, slope=4.17006e+08, intercept=-1.85296e+09

Interval 1131:
  Original: start=0.210064, slope=72057, intercept=37229, x_refl=0, y_refl=0
  Quantized: start=13767, slope=6521, intercept=-28307
  Recovered (relative): start=0.210068, slope=4.2736e+08, intercept=-1.85513e+09

Interval 1132:
  Original: start=0.212018, slope=72215, intercept=37195, x_refl=0, y_refl=0
  Quantized: start=13895, slope=6679, intercept=-28341
  Recovered (relative): start=0.212021, slope=4.37715e+08, intercept=-1.85736e+09

Interval 1133:
  Original: start=0.213972, slope=72373, intercept=37161, x_refl=0, y_refl=0
  Quantized: start=14023, slope=6837, intercept=-28375
  Recovered (relative): start=0.213974, slope=4.4807e+08, intercept=-1.85958e+09

Interval 1134:
  Original: start=0.215926, slope=72532, intercept=37127, x_refl=0, y_refl=0
  Quantized: start=14151, slope=6996, intercept=-28409
  Recovered (relative): start=0.215927, slope=4.5849e+08, intercept=-1.86181e+09

Interval 1135:
  Original: start=0.21788, slope=72692, intercept=37092, x_refl=0, y_refl=0
  Quantized: start=14279, slope=7156, intercept=-28444
  Recovered (relative): start=0.21788, slope=4.68976e+08, intercept=-1.86411e+09

Interval 1136:
  Original: start=0.219834, slope=72851, intercept=37057, x_refl=0, y_refl=0
  Quantized: start=14407, slope=7315, intercept=-28479
  Recovered (relative): start=0.219833, slope=4.79396e+08, intercept=-1.8664e+09

Interval 1137:
  Original: start=0.221788, slope=73011, intercept=37022, x_refl=0, y_refl=0
  Quantized: start=14535, slope=7475, intercept=-28514
  Recovered (relative): start=0.221786, slope=4.89882e+08, intercept=-1.86869e+09

Interval 1138:
  Original: start=0.223742, slope=73171, intercept=36986, x_refl=0, y_refl=0
  Quantized: start=14663, slope=7635, intercept=-28550
  Recovered (relative): start=0.22374, slope=5.00367e+08, intercept=-1.87105e+09

Interval 1139:
  Original: start=0.225696, slope=73332, intercept=36950, x_refl=0, y_refl=0
  Quantized: start=14791, slope=7796, intercept=-28586
  Recovered (relative): start=0.225693, slope=5.10919e+08, intercept=-1.87341e+09

Interval 1140:
  Original: start=0.22765, slope=73492, intercept=36913, x_refl=0, y_refl=0
  Quantized: start=14919, slope=7956, intercept=-28623
  Recovered (relative): start=0.227646, slope=5.21404e+08, intercept=-1.87584e+09

Interval 1141:
  Original: start=0.229604, slope=73654, intercept=36876, x_refl=0, y_refl=0
  Quantized: start=15047, slope=8118, intercept=-28660
  Recovered (relative): start=0.229599, slope=5.32021e+08, intercept=-1.87826e+09

Interval 1142:
  Original: start=0.231558, slope=73815, intercept=36839, x_refl=0, y_refl=0
  Quantized: start=15175, slope=8279, intercept=-28697
  Recovered (relative): start=0.231552, slope=5.42573e+08, intercept=-1.88069e+09

Interval 1143:
  Original: start=0.233512, slope=73977, intercept=36801, x_refl=0, y_refl=0
  Quantized: start=15303, slope=8441, intercept=-28735
  Recovered (relative): start=0.233505, slope=5.53189e+08, intercept=-1.88318e+09

Interval 1144:
  Original: start=0.235467, slope=74139, intercept=36763, x_refl=0, y_refl=0
  Quantized: start=15432, slope=8603, intercept=-28773
  Recovered (relative): start=0.235474, slope=5.63806e+08, intercept=-1.88567e+09

Interval 1145:
  Original: start=0.237421, slope=74301, intercept=36724, x_refl=0, y_refl=0
  Quantized: start=15560, slope=8765, intercept=-28812
  Recovered (relative): start=0.237427, slope=5.74423e+08, intercept=-1.88822e+09

Interval 1146:
  Original: start=0.239375, slope=74464, intercept=36685, x_refl=0, y_refl=0
  Quantized: start=15688, slope=8928, intercept=-28851
  Recovered (relative): start=0.23938, slope=5.85105e+08, intercept=-1.89078e+09

Interval 1147:
  Original: start=0.241329, slope=74627, intercept=36646, x_refl=0, y_refl=0
  Quantized: start=15816, slope=9091, intercept=-28890
  Recovered (relative): start=0.241333, slope=5.95788e+08, intercept=-1.89334e+09

Interval 1148:
  Original: start=0.243283, slope=74790, intercept=36606, x_refl=0, y_refl=0
  Quantized: start=15944, slope=9254, intercept=-28930
  Recovered (relative): start=0.243286, slope=6.0647e+08, intercept=-1.89596e+09

Interval 1149:
  Original: start=0.245237, slope=74954, intercept=36566, x_refl=0, y_refl=0
  Quantized: start=16072, slope=9418, intercept=-28970
  Recovered (relative): start=0.245239, slope=6.17218e+08, intercept=-1.89858e+09

Interval 1150:
  Original: start=0.247191, slope=75118, intercept=36525, x_refl=0, y_refl=0
  Quantized: start=16200, slope=9582, intercept=-29011
  Recovered (relative): start=0.247192, slope=6.27966e+08, intercept=-1.90126e+09

Interval 1151:
  Original: start=0.249145, slope=75282, intercept=36485, x_refl=0, y_refl=0
  Quantized: start=16328, slope=9746, intercept=-29051
  Recovered (relative): start=0.249146, slope=6.38714e+08, intercept=-1.90389e+09

Interval 1152:
  Original: start=0.251099, slope=75447, intercept=36443, x_refl=0, y_refl=0
  Quantized: start=16456, slope=9911, intercept=-29093
  Recovered (relative): start=0.251099, slope=6.49527e+08, intercept=-1.90664e+09

Interval 1153:
  Original: start=0.253053, slope=75612, intercept=36401, x_refl=0, y_refl=0
  Quantized: start=16584, slope=10076, intercept=-29135
  Recovered (relative): start=0.253052, slope=6.60341e+08, intercept=-1.90939e+09

Interval 1154:
  Original: start=0.255007, slope=75777, intercept=36359, x_refl=0, y_refl=0
  Quantized: start=16712, slope=10241, intercept=-29177
  Recovered (relative): start=0.255005, slope=6.71154e+08, intercept=-1.91214e+09

Interval 1155:
  Original: start=0.256961, slope=75943, intercept=36317, x_refl=0, y_refl=0
  Quantized: start=16840, slope=10407, intercept=-29219
  Recovered (relative): start=0.256958, slope=6.82033e+08, intercept=-1.9149e+09

Interval 1156:
  Original: start=0.258915, slope=76108, intercept=36274, x_refl=0, y_refl=0
  Quantized: start=16968, slope=10572, intercept=-29262
  Recovered (relative): start=0.258911, slope=6.92847e+08, intercept=-1.91771e+09

Interval 1157:
  Original: start=0.26087, slope=76275, intercept=36230, x_refl=0, y_refl=0
  Quantized: start=17096, slope=10739, intercept=-29306
  Recovered (relative): start=0.260864, slope=7.03791e+08, intercept=-1.9206e+09

Interval 1158:
  Original: start=0.262824, slope=76441, intercept=36187, x_refl=0, y_refl=0
  Quantized: start=17224, slope=10905, intercept=-29349
  Recovered (relative): start=0.262817, slope=7.1467e+08, intercept=-1.92342e+09

Interval 1159:
  Original: start=0.264778, slope=76608, intercept=36142, x_refl=0, y_refl=0
  Quantized: start=17352, slope=11072, intercept=-29394
  Recovered (relative): start=0.264771, slope=7.25615e+08, intercept=-1.92637e+09

Interval 1160:
  Original: start=0.266732, slope=76775, intercept=36098, x_refl=0, y_refl=0
  Quantized: start=17481, slope=11239, intercept=-29438
  Recovered (relative): start=0.266739, slope=7.36559e+08, intercept=-1.92925e+09

Interval 1161:
  Original: start=0.268686, slope=76943, intercept=36053, x_refl=0, y_refl=0
  Quantized: start=17609, slope=11407, intercept=-29483
  Recovered (relative): start=0.268692, slope=7.47569e+08, intercept=-1.9322e+09

Interval 1162:
  Original: start=0.27064, slope=77111, intercept=36007, x_refl=0, y_refl=0
  Quantized: start=17737, slope=11575, intercept=-29529
  Recovered (relative): start=0.270645, slope=7.58579e+08, intercept=-1.93521e+09

Interval 1163:
  Original: start=0.272594, slope=77279, intercept=35962, x_refl=0, y_refl=0
  Quantized: start=17865, slope=11743, intercept=-29574
  Recovered (relative): start=0.272598, slope=7.69589e+08, intercept=-1.93816e+09

Interval 1164:
  Original: start=0.274548, slope=77447, intercept=35915, x_refl=0, y_refl=0
  Quantized: start=17993, slope=11911, intercept=-29621
  Recovered (relative): start=0.274551, slope=7.80599e+08, intercept=-1.94124e+09

Interval 1165:
  Original: start=0.276502, slope=77616, intercept=35869, x_refl=0, y_refl=0
  Quantized: start=18121, slope=12080, intercept=-29667
  Recovered (relative): start=0.276505, slope=7.91675e+08, intercept=-1.94426e+09

Interval 1166:
  Original: start=0.278456, slope=77786, intercept=35822, x_refl=0, y_refl=0
  Quantized: start=18249, slope=12250, intercept=-29714
  Recovered (relative): start=0.278458, slope=8.02816e+08, intercept=-1.94734e+09

Interval 1167:
  Original: start=0.28041, slope=77955, intercept=35774, x_refl=0, y_refl=0
  Quantized: start=18377, slope=12419, intercept=-29762
  Recovered (relative): start=0.280411, slope=8.13892e+08, intercept=-1.95048e+09

Interval 1168:
  Original: start=0.282364, slope=78125, intercept=35726, x_refl=0, y_refl=0
  Quantized: start=18505, slope=12589, intercept=-29810
  Recovered (relative): start=0.282364, slope=8.25033e+08, intercept=-1.95363e+09

Interval 1169:
  Original: start=0.284319, slope=78295, intercept=35678, x_refl=0, y_refl=0
  Quantized: start=18633, slope=12759, intercept=-29858
  Recovered (relative): start=0.284317, slope=8.36174e+08, intercept=-1.95677e+09

Interval 1170:
  Original: start=0.286273, slope=78466, intercept=35629, x_refl=0, y_refl=0
  Quantized: start=18761, slope=12930, intercept=-29907
  Recovered (relative): start=0.28627, slope=8.4738e+08, intercept=-1.95999e+09

Interval 1171:
  Original: start=0.288227, slope=78636, intercept=35580, x_refl=0, y_refl=0
  Quantized: start=18889, slope=13100, intercept=-29956
  Recovered (relative): start=0.288223, slope=8.58522e+08, intercept=-1.9632e+09

Interval 1172:
  Original: start=0.290181, slope=78808, intercept=35530, x_refl=0, y_refl=0
  Quantized: start=19017, slope=13272, intercept=-30006
  Recovered (relative): start=0.290176, slope=8.69794e+08, intercept=-1.96647e+09

Interval 1173:
  Original: start=0.292135, slope=78979, intercept=35480, x_refl=0, y_refl=0
  Quantized: start=19145, slope=13443, intercept=-30056
  Recovered (relative): start=0.29213, slope=8.81e+08, intercept=-1.96975e+09

Interval 1174:
  Original: start=0.294089, slope=79151, intercept=35429, x_refl=0, y_refl=0
  Quantized: start=19273, slope=13615, intercept=-30107
  Recovered (relative): start=0.294083, slope=8.92273e+08, intercept=-1.97309e+09

Interval 1175:
  Original: start=0.296043, slope=79323, intercept=35378, x_refl=0, y_refl=0
  Quantized: start=19401, slope=13787, intercept=-30158
  Recovered (relative): start=0.296036, slope=9.03545e+08, intercept=-1.97643e+09

Interval 1176:
  Original: start=0.297997, slope=79496, intercept=35327, x_refl=0, y_refl=0
  Quantized: start=19530, slope=13960, intercept=-30209
  Recovered (relative): start=0.298004, slope=9.14883e+08, intercept=-1.97978e+09

Interval 1177:
  Original: start=0.299951, slope=79669, intercept=35275, x_refl=0, y_refl=0
  Quantized: start=19658, slope=14133, intercept=-30261
  Recovered (relative): start=0.299957, slope=9.2622e+08, intercept=-1.98318e+09

Interval 1178:
  Original: start=0.301905, slope=79842, intercept=35223, x_refl=0, y_refl=0
  Quantized: start=19786, slope=14306, intercept=-30313
  Recovered (relative): start=0.30191, slope=9.37558e+08, intercept=-1.98659e+09

Interval 1179:
  Original: start=0.303859, slope=80015, intercept=35170, x_refl=0, y_refl=0
  Quantized: start=19914, slope=14479, intercept=-30366
  Recovered (relative): start=0.303864, slope=9.48896e+08, intercept=-1.99007e+09

Interval 1180:
  Original: start=0.305813, slope=80189, intercept=35117, x_refl=0, y_refl=0
  Quantized: start=20042, slope=14653, intercept=-30419
  Recovered (relative): start=0.305817, slope=9.60299e+08, intercept=-1.99354e+09

Interval 1181:
  Original: start=0.307767, slope=80363, intercept=35063, x_refl=0, y_refl=0
  Quantized: start=20170, slope=14827, intercept=-30473
  Recovered (relative): start=0.30777, slope=9.71702e+08, intercept=-1.99708e+09

Interval 1182:
  Original: start=0.309722, slope=80538, intercept=35009, x_refl=0, y_refl=0
  Quantized: start=20298, slope=15002, intercept=-30527
  Recovered (relative): start=0.309723, slope=9.83171e+08, intercept=-2.00062e+09

Interval 1183:
  Original: start=0.311676, slope=80713, intercept=34955, x_refl=0, y_refl=0
  Quantized: start=20426, slope=15177, intercept=-30581
  Recovered (relative): start=0.311676, slope=9.9464e+08, intercept=-2.00416e+09

Interval 1184:
  Original: start=0.31363, slope=80888, intercept=34900, x_refl=0, y_refl=0
  Quantized: start=20554, slope=15352, intercept=-30636
  Recovered (relative): start=0.313629, slope=1.00611e+09, intercept=-2.00776e+09

Interval 1185:
  Original: start=0.315584, slope=81064, intercept=34844, x_refl=0, y_refl=0
  Quantized: start=20682, slope=15528, intercept=-30692
  Recovered (relative): start=0.315582, slope=1.01764e+09, intercept=-2.01143e+09

Interval 1186:
  Original: start=0.317538, slope=81240, intercept=34788, x_refl=0, y_refl=0
  Quantized: start=20810, slope=15704, intercept=-30748
  Recovered (relative): start=0.317535, slope=1.02918e+09, intercept=-2.0151e+09

Interval 1187:
  Original: start=0.319492, slope=81416, intercept=34732, x_refl=0, y_refl=0
  Quantized: start=20938, slope=15880, intercept=-30804
  Recovered (relative): start=0.319489, slope=1.04071e+09, intercept=-2.01877e+09

Interval 1188:
  Original: start=0.321446, slope=81592, intercept=34675, x_refl=0, y_refl=0
  Quantized: start=21066, slope=16056, intercept=-30861
  Recovered (relative): start=0.321442, slope=1.05225e+09, intercept=-2.02251e+09

Interval 1189:
  Original: start=0.3234, slope=81769, intercept=34618, x_refl=0, y_refl=0
  Quantized: start=21194, slope=16233, intercept=-30918
  Recovered (relative): start=0.323395, slope=1.06385e+09, intercept=-2.02624e+09

Interval 1190:
  Original: start=0.325354, slope=81947, intercept=34560, x_refl=0, y_refl=0
  Quantized: start=21322, slope=16411, intercept=-30976
  Recovered (relative): start=0.325348, slope=1.07551e+09, intercept=-2.03004e+09

Interval 1191:
  Original: start=0.327308, slope=82124, intercept=34502, x_refl=0, y_refl=0
  Quantized: start=21450, slope=16588, intercept=-31034
  Recovered (relative): start=0.327301, slope=1.08711e+09, intercept=-2.03384e+09

Interval 1192:
  Original: start=0.329262, slope=82302, intercept=34444, x_refl=0, y_refl=0
  Quantized: start=21579, slope=16766, intercept=-31092
  Recovered (relative): start=0.329269, slope=1.09878e+09, intercept=-2.03765e+09

Interval 1193:
  Original: start=0.331216, slope=82481, intercept=34385, x_refl=0, y_refl=0
  Quantized: start=21707, slope=16945, intercept=-31151
  Recovered (relative): start=0.331223, slope=1.11051e+09, intercept=-2.04151e+09

Interval 1194:
  Original: start=0.33317, slope=82659, intercept=34325, x_refl=0, y_refl=0
  Quantized: start=21835, slope=17123, intercept=-31211
  Recovered (relative): start=0.333176, slope=1.12217e+09, intercept=-2.04544e+09

Interval 1195:
  Original: start=0.335125, slope=82838, intercept=34265, x_refl=0, y_refl=0
  Quantized: start=21963, slope=17302, intercept=-31271
  Recovered (relative): start=0.335129, slope=1.1339e+09, intercept=-2.04938e+09

Interval 1196:
  Original: start=0.337079, slope=83018, intercept=34205, x_refl=0, y_refl=0
  Quantized: start=22091, slope=17482, intercept=-31331
  Recovered (relative): start=0.337082, slope=1.1457e+09, intercept=-2.05331e+09

Interval 1197:
  Original: start=0.339033, slope=83198, intercept=34144, x_refl=0, y_refl=0
  Quantized: start=22219, slope=17662, intercept=-31392
  Recovered (relative): start=0.339035, slope=1.1575e+09, intercept=-2.05731e+09

Interval 1198:
  Original: start=0.340987, slope=83378, intercept=34082, x_refl=0, y_refl=0
  Quantized: start=22347, slope=17842, intercept=-31454
  Recovered (relative): start=0.340988, slope=1.16929e+09, intercept=-2.06137e+09

Interval 1199:
  Original: start=0.342941, slope=83558, intercept=34020, x_refl=0, y_refl=0
  Quantized: start=22475, slope=18022, intercept=-31516
  Recovered (relative): start=0.342941, slope=1.18109e+09, intercept=-2.06543e+09

Interval 1200:
  Original: start=0.344895, slope=83739, intercept=33958, x_refl=0, y_refl=0
  Quantized: start=22603, slope=18203, intercept=-31578
  Recovered (relative): start=0.344894, slope=1.19295e+09, intercept=-2.0695e+09

Interval 1201:
  Original: start=0.346849, slope=83920, intercept=33895, x_refl=0, y_refl=0
  Quantized: start=22731, slope=18384, intercept=-31641
  Recovered (relative): start=0.346848, slope=1.20481e+09, intercept=-2.07362e+09

Interval 1202:
  Original: start=0.348803, slope=84102, intercept=33832, x_refl=0, y_refl=0
  Quantized: start=22859, slope=18566, intercept=-31704
  Recovered (relative): start=0.348801, slope=1.21674e+09, intercept=-2.07775e+09

Interval 1203:
  Original: start=0.350757, slope=84283, intercept=33768, x_refl=0, y_refl=0
  Quantized: start=22987, slope=18747, intercept=-31768
  Recovered (relative): start=0.350754, slope=1.2286e+09, intercept=-2.08195e+09

Interval 1204:
  Original: start=0.352711, slope=84466, intercept=33704, x_refl=0, y_refl=0
  Quantized: start=23115, slope=18930, intercept=-31832
  Recovered (relative): start=0.352707, slope=1.2406e+09, intercept=-2.08614e+09

Interval 1205:
  Original: start=0.354665, slope=84648, intercept=33639, x_refl=0, y_refl=0
  Quantized: start=23243, slope=19112, intercept=-31897
  Recovered (relative): start=0.35466, slope=1.25252e+09, intercept=-2.0904e+09

Interval 1206:
  Original: start=0.356619, slope=84831, intercept=33574, x_refl=0, y_refl=0
  Quantized: start=23371, slope=19295, intercept=-31962
  Recovered (relative): start=0.356613, slope=1.26452e+09, intercept=-2.09466e+09

Interval 1207:
  Original: start=0.358574, slope=85014, intercept=33508, x_refl=0, y_refl=0
  Quantized: start=23499, slope=19478, intercept=-32028
  Recovered (relative): start=0.358566, slope=1.27651e+09, intercept=-2.09899e+09

Interval 1208:
  Original: start=0.360528, slope=85198, intercept=33442, x_refl=0, y_refl=0
  Quantized: start=23628, slope=19662, intercept=-32094
  Recovered (relative): start=0.360535, slope=1.28857e+09, intercept=-2.10331e+09

Interval 1209:
  Original: start=0.362482, slope=85382, intercept=33375, x_refl=0, y_refl=0
  Quantized: start=23756, slope=19846, intercept=-32161
  Recovered (relative): start=0.362488, slope=1.30063e+09, intercept=-2.1077e+09

Interval 1210:
  Original: start=0.364436, slope=85567, intercept=33308, x_refl=0, y_refl=0
  Quantized: start=23884, slope=20031, intercept=-32228
  Recovered (relative): start=0.364441, slope=1.31275e+09, intercept=-2.11209e+09

Interval 1211:
  Original: start=0.36639, slope=85751, intercept=33240, x_refl=0, y_refl=0
  Quantized: start=24012, slope=20215, intercept=-32296
  Recovered (relative): start=0.366394, slope=1.32481e+09, intercept=-2.11655e+09

Interval 1212:
  Original: start=0.368344, slope=85936, intercept=33172, x_refl=0, y_refl=0
  Quantized: start=24140, slope=20400, intercept=-32364
  Recovered (relative): start=0.368347, slope=1.33693e+09, intercept=-2.12101e+09

Interval 1213:
  Original: start=0.370298, slope=86122, intercept=33103, x_refl=0, y_refl=0
  Quantized: start=24268, slope=20586, intercept=-32433
  Recovered (relative): start=0.3703, slope=1.34912e+09, intercept=-2.12553e+09

Interval 1214:
  Original: start=0.372252, slope=86308, intercept=33034, x_refl=0, y_refl=0
  Quantized: start=24396, slope=20772, intercept=-32502
  Recovered (relative): start=0.372253, slope=1.36131e+09, intercept=-2.13005e+09

Interval 1215:
  Original: start=0.374206, slope=86494, intercept=32965, x_refl=0, y_refl=0
  Quantized: start=24524, slope=20958, intercept=-32571
  Recovered (relative): start=0.374207, slope=1.3735e+09, intercept=-2.13457e+09

Interval 1216:
  Original: start=0.37616, slope=86680, intercept=32894, x_refl=0, y_refl=0
  Quantized: start=24652, slope=21144, intercept=-32642
  Recovered (relative): start=0.37616, slope=1.38569e+09, intercept=-2.13923e+09

Interval 1217:
  Original: start=0.378114, slope=86867, intercept=32824, x_refl=0, y_refl=0
  Quantized: start=24780, slope=21331, intercept=-32712
  Recovered (relative): start=0.378113, slope=1.39795e+09, intercept=-2.14381e+09

Interval 1218:
  Original: start=0.380068, slope=87055, intercept=32753, x_refl=0, y_refl=0
  Quantized: start=24908, slope=21519, intercept=32753
  Recovered (relative): start=0.380066, slope=1.41027e+09, intercept=2.1465e+09

Interval 1219:
  Original: start=0.382022, slope=87242, intercept=32681, x_refl=0, y_refl=0
  Quantized: start=25036, slope=21706, intercept=32681
  Recovered (relative): start=0.382019, slope=1.42252e+09, intercept=2.14178e+09

Interval 1220:
  Original: start=0.383977, slope=87430, intercept=32609, x_refl=0, y_refl=0
  Quantized: start=25164, slope=21894, intercept=32609
  Recovered (relative): start=0.383972, slope=1.43485e+09, intercept=2.13706e+09

Interval 1221:
  Original: start=0.385931, slope=87619, intercept=32536, x_refl=0, y_refl=0
  Quantized: start=25292, slope=22083, intercept=32536
  Recovered (relative): start=0.385925, slope=1.44723e+09, intercept=2.13228e+09

Interval 1222:
  Original: start=0.387885, slope=87807, intercept=32463, x_refl=0, y_refl=0
  Quantized: start=25420, slope=22271, intercept=32463
  Recovered (relative): start=0.387878, slope=1.45955e+09, intercept=2.1275e+09

Interval 1223:
  Original: start=0.389839, slope=87996, intercept=32389, x_refl=0, y_refl=0
  Quantized: start=25548, slope=22460, intercept=32389
  Recovered (relative): start=0.389832, slope=1.47194e+09, intercept=2.12265e+09

Interval 1224:
  Original: start=0.391793, slope=88186, intercept=32315, x_refl=0, y_refl=0
  Quantized: start=25677, slope=22650, intercept=32315
  Recovered (relative): start=0.3918, slope=1.48439e+09, intercept=2.1178e+09

Interval 1225:
  Original: start=0.393747, slope=88376, intercept=32240, x_refl=0, y_refl=0
  Quantized: start=25805, slope=22840, intercept=32240
  Recovered (relative): start=0.393753, slope=1.49684e+09, intercept=2.11288e+09

Interval 1226:
  Original: start=0.395701, slope=88566, intercept=32165, x_refl=0, y_refl=0
  Quantized: start=25933, slope=23030, intercept=32165
  Recovered (relative): start=0.395706, slope=1.50929e+09, intercept=2.10797e+09

Interval 1227:
  Original: start=0.397655, slope=88757, intercept=32089, x_refl=0, y_refl=0
  Quantized: start=26061, slope=23221, intercept=32089
  Recovered (relative): start=0.397659, slope=1.52181e+09, intercept=2.10298e+09

Interval 1228:
  Original: start=0.399609, slope=88948, intercept=32013, x_refl=0, y_refl=0
  Quantized: start=26189, slope=23412, intercept=32013
  Recovered (relative): start=0.399612, slope=1.53433e+09, intercept=2.098e+09

Interval 1229:
  Original: start=0.401563, slope=89139, intercept=31936, x_refl=0, y_refl=0
  Quantized: start=26317, slope=23603, intercept=31936
  Recovered (relative): start=0.401566, slope=1.54685e+09, intercept=2.09296e+09

Interval 1230:
  Original: start=0.403517, slope=89331, intercept=31858, x_refl=0, y_refl=0
  Quantized: start=26445, slope=23795, intercept=31858
  Recovered (relative): start=0.403519, slope=1.55943e+09, intercept=2.08785e+09

Interval 1231:
  Original: start=0.405471, slope=89523, intercept=31781, x_refl=0, y_refl=0
  Quantized: start=26573, slope=23987, intercept=31781
  Recovered (relative): start=0.405472, slope=1.57201e+09, intercept=2.0828e+09

Interval 1232:
  Original: start=0.407425, slope=89715, intercept=31702, x_refl=0, y_refl=0
  Quantized: start=26701, slope=24179, intercept=31702
  Recovered (relative): start=0.407425, slope=1.58459e+09, intercept=2.07762e+09

Interval 1233:
  Original: start=0.40938, slope=89908, intercept=31623, x_refl=0, y_refl=0
  Quantized: start=26829, slope=24372, intercept=31623
  Recovered (relative): start=0.409378, slope=1.59724e+09, intercept=2.07244e+09

Interval 1234:
  Original: start=0.411334, slope=90101, intercept=31544, x_refl=0, y_refl=0
  Quantized: start=26957, slope=24565, intercept=31544
  Recovered (relative): start=0.411331, slope=1.60989e+09, intercept=2.06727e+09

Interval 1235:
  Original: start=0.413288, slope=90295, intercept=31464, x_refl=0, y_refl=0
  Quantized: start=27085, slope=24759, intercept=31464
  Recovered (relative): start=0.413284, slope=1.62261e+09, intercept=2.06202e+09

Interval 1236:
  Original: start=0.415242, slope=90489, intercept=31383, x_refl=0, y_refl=0
  Quantized: start=27213, slope=24953, intercept=31383
  Recovered (relative): start=0.415237, slope=1.63532e+09, intercept=2.05672e+09

Interval 1237:
  Original: start=0.417196, slope=90683, intercept=31302, x_refl=0, y_refl=0
  Quantized: start=27341, slope=25147, intercept=31302
  Recovered (relative): start=0.417191, slope=1.64803e+09, intercept=2.05141e+09

Interval 1238:
  Original: start=0.41915, slope=90878, intercept=31220, x_refl=0, y_refl=0
  Quantized: start=27469, slope=25342, intercept=31220
  Recovered (relative): start=0.419144, slope=1.66081e+09, intercept=2.04603e+09

Interval 1239:
  Original: start=0.421104, slope=91073, intercept=31138, x_refl=0, y_refl=0
  Quantized: start=27597, slope=25537, intercept=31138
  Recovered (relative): start=0.421097, slope=1.67359e+09, intercept=2.04066e+09

Interval 1240:
  Original: start=0.423058, slope=91269, intercept=31056, x_refl=0, y_refl=0
  Quantized: start=27726, slope=25733, intercept=31056
  Recovered (relative): start=0.423065, slope=1.68644e+09, intercept=2.03529e+09

Interval 1241:
  Original: start=0.425012, slope=91464, intercept=30972, x_refl=0, y_refl=0
  Quantized: start=27854, slope=25928, intercept=30972
  Recovered (relative): start=0.425018, slope=1.69922e+09, intercept=2.02978e+09

Interval 1242:
  Original: start=0.426966, slope=91661, intercept=30889, x_refl=0, y_refl=0
  Quantized: start=27982, slope=26125, intercept=30889
  Recovered (relative): start=0.426971, slope=1.71213e+09, intercept=2.02434e+09

Interval 1243:
  Original: start=0.42892, slope=91857, intercept=30804, x_refl=0, y_refl=0
  Quantized: start=28110, slope=26321, intercept=30804
  Recovered (relative): start=0.428925, slope=1.72497e+09, intercept=2.01877e+09

Interval 1244:
  Original: start=0.430874, slope=92054, intercept=30719, x_refl=0, y_refl=0
  Quantized: start=28238, slope=26518, intercept=30719
  Recovered (relative): start=0.430878, slope=1.73788e+09, intercept=2.0132e+09

Interval 1245:
  Original: start=0.432829, slope=92252, intercept=30634, x_refl=0, y_refl=0
  Quantized: start=28366, slope=26716, intercept=30634
  Recovered (relative): start=0.432831, slope=1.75086e+09, intercept=2.00763e+09

Interval 1246:
  Original: start=0.434783, slope=92450, intercept=30548, x_refl=0, y_refl=0
  Quantized: start=28494, slope=26914, intercept=30548
  Recovered (relative): start=0.434784, slope=1.76384e+09, intercept=2.00199e+09

Interval 1247:
  Original: start=0.436737, slope=92648, intercept=30461, x_refl=0, y_refl=0
  Quantized: start=28622, slope=27112, intercept=30461
  Recovered (relative): start=0.436737, slope=1.77681e+09, intercept=1.99629e+09

Interval 1248:
  Original: start=0.438691, slope=92846, intercept=30374, x_refl=0, y_refl=0
  Quantized: start=28750, slope=27310, intercept=30374
  Recovered (relative): start=0.43869, slope=1.78979e+09, intercept=1.99059e+09

Interval 1249:
  Original: start=0.440645, slope=93045, intercept=30286, x_refl=0, y_refl=0
  Quantized: start=28878, slope=27509, intercept=30286
  Recovered (relative): start=0.440643, slope=1.80283e+09, intercept=1.98482e+09

Interval 1250:
  Original: start=0.442599, slope=93245, intercept=30198, x_refl=0, y_refl=0
  Quantized: start=29006, slope=27709, intercept=30198
  Recovered (relative): start=0.442596, slope=1.81594e+09, intercept=1.97906e+09

Interval 1251:
  Original: start=0.444553, slope=93445, intercept=30109, x_refl=0, y_refl=0
  Quantized: start=29134, slope=27909, intercept=30109
  Recovered (relative): start=0.44455, slope=1.82904e+09, intercept=1.97322e+09

Interval 1252:
  Original: start=0.446507, slope=93645, intercept=30020, x_refl=0, y_refl=0
  Quantized: start=29262, slope=28109, intercept=30020
  Recovered (relative): start=0.446503, slope=1.84215e+09, intercept=1.96739e+09

Interval 1253:
  Original: start=0.448461, slope=93845, intercept=29930, x_refl=0, y_refl=0
  Quantized: start=29390, slope=28309, intercept=29930
  Recovered (relative): start=0.448456, slope=1.85526e+09, intercept=1.96149e+09

Interval 1254:
  Original: start=0.450415, slope=94046, intercept=29840, x_refl=0, y_refl=0
  Quantized: start=29518, slope=28510, intercept=29840
  Recovered (relative): start=0.450409, slope=1.86843e+09, intercept=1.95559e+09

Interval 1255:
  Original: start=0.452369, slope=94247, intercept=29749, x_refl=0, y_refl=0
  Quantized: start=29646, slope=28711, intercept=29749
  Recovered (relative): start=0.452362, slope=1.8816e+09, intercept=1.94963e+09

Interval 1256:
  Original: start=0.454323, slope=94449, intercept=29657, x_refl=0, y_refl=0
  Quantized: start=29775, slope=28913, intercept=29657
  Recovered (relative): start=0.45433, slope=1.89484e+09, intercept=1.9436e+09

Interval 1257:
  Original: start=0.456277, slope=94651, intercept=29565, x_refl=0, y_refl=0
  Quantized: start=29903, slope=29115, intercept=29565
  Recovered (relative): start=0.456284, slope=1.90808e+09, intercept=1.93757e+09

Interval 1258:
  Original: start=0.458232, slope=94854, intercept=29472, x_refl=0, y_refl=0
  Quantized: start=30031, slope=29318, intercept=29472
  Recovered (relative): start=0.458237, slope=1.92138e+09, intercept=1.93148e+09

Interval 1259:
  Original: start=0.460186, slope=95057, intercept=29379, x_refl=0, y_refl=0
  Quantized: start=30159, slope=29521, intercept=29379
  Recovered (relative): start=0.46019, slope=1.93469e+09, intercept=1.92538e+09

Interval 1260:
  Original: start=0.46214, slope=95260, intercept=29285, x_refl=0, y_refl=0
  Quantized: start=30287, slope=29724, intercept=29285
  Recovered (relative): start=0.462143, slope=1.94799e+09, intercept=1.91922e+09

Interval 1261:
  Original: start=0.464094, slope=95464, intercept=29190, x_refl=0, y_refl=0
  Quantized: start=30415, slope=29928, intercept=29190
  Recovered (relative): start=0.464096, slope=1.96136e+09, intercept=1.913e+09

Interval 1262:
  Original: start=0.466048, slope=95668, intercept=29095, x_refl=0, y_refl=0
  Quantized: start=30543, slope=30132, intercept=29095
  Recovered (relative): start=0.466049, slope=1.97473e+09, intercept=1.90677e+09

Interval 1263:
  Original: start=0.468002, slope=95872, intercept=28999, x_refl=0, y_refl=0
  Quantized: start=30671, slope=30336, intercept=28999
  Recovered (relative): start=0.468002, slope=1.9881e+09, intercept=1.90048e+09

Interval 1264:
  Original: start=0.469956, slope=96077, intercept=28903, x_refl=0, y_refl=0
  Quantized: start=30799, slope=30541, intercept=28903
  Recovered (relative): start=0.469955, slope=2.00153e+09, intercept=1.89419e+09

Interval 1265:
  Original: start=0.47191, slope=96282, intercept=28806, x_refl=0, y_refl=0
  Quantized: start=30927, slope=30746, intercept=28806
  Recovered (relative): start=0.471909, slope=2.01497e+09, intercept=1.88783e+09

Interval 1266:
  Original: start=0.473864, slope=96488, intercept=28709, x_refl=0, y_refl=0
  Quantized: start=31055, slope=30952, intercept=28709
  Recovered (relative): start=0.473862, slope=2.02847e+09, intercept=1.88147e+09

Interval 1267:
  Original: start=0.475818, slope=96694, intercept=28611, x_refl=0, y_refl=0
  Quantized: start=31183, slope=31158, intercept=28611
  Recovered (relative): start=0.475815, slope=2.04197e+09, intercept=1.87505e+09

Interval 1268:
  Original: start=0.477772, slope=96901, intercept=28512, x_refl=0, y_refl=0
  Quantized: start=31311, slope=31365, intercept=28512
  Recovered (relative): start=0.477768, slope=2.05554e+09, intercept=1.86856e+09

Interval 1269:
  Original: start=0.479726, slope=97108, intercept=28413, x_refl=0, y_refl=0
  Quantized: start=31439, slope=31572, intercept=28413
  Recovered (relative): start=0.479721, slope=2.0691e+09, intercept=1.86207e+09

Interval 1270:
  Original: start=0.481681, slope=97315, intercept=28313, x_refl=0, y_refl=0
  Quantized: start=31567, slope=31779, intercept=28313
  Recovered (relative): start=0.481674, slope=2.08267e+09, intercept=1.85552e+09

Interval 1271:
  Original: start=0.483635, slope=97523, intercept=28212, x_refl=0, y_refl=0
  Quantized: start=31695, slope=31987, intercept=28212
  Recovered (relative): start=0.483627, slope=2.0963e+09, intercept=1.8489e+09

Interval 1272:
  Original: start=0.485589, slope=97731, intercept=28111, x_refl=0, y_refl=0
  Quantized: start=31824, slope=32195, intercept=28111
  Recovered (relative): start=0.485596, slope=2.10993e+09, intercept=1.84228e+09

Interval 1273:
  Original: start=0.487543, slope=97939, intercept=28010, x_refl=0, y_refl=0
  Quantized: start=31952, slope=32403, intercept=28010
  Recovered (relative): start=0.487549, slope=2.12356e+09, intercept=1.83566e+09

Interval 1274:
  Original: start=0.489497, slope=98148, intercept=27907, x_refl=0, y_refl=0
  Quantized: start=32080, slope=32612, intercept=27907
  Recovered (relative): start=0.489502, slope=2.13726e+09, intercept=1.82891e+09

Interval 1275:
  Original: start=0.491451, slope=98358, intercept=27804, x_refl=0, y_refl=0
  Quantized: start=32208, slope=-32714, intercept=27804
  Recovered (relative): start=0.491455, slope=-2.14394e+09, intercept=1.82216e+09

Interval 1276:
  Original: start=0.493405, slope=98567, intercept=27701, x_refl=0, y_refl=0
  Quantized: start=32336, slope=-32505, intercept=27701
  Recovered (relative): start=0.493408, slope=-2.13025e+09, intercept=1.81541e+09

Interval 1277:
  Original: start=0.495359, slope=98777, intercept=27597, x_refl=0, y_refl=0
  Quantized: start=32464, slope=-32295, intercept=27597
  Recovered (relative): start=0.495361, slope=-2.11649e+09, intercept=1.8086e+09

Interval 1278:
  Original: start=0.497313, slope=98988, intercept=27492, x_refl=0, y_refl=0
  Quantized: start=32592, slope=-32084, intercept=27492
  Recovered (relative): start=0.497314, slope=-2.10266e+09, intercept=1.80172e+09

Interval 1279:
  Original: start=0.499267, slope=99199, intercept=27387, x_refl=0, y_refl=0
  Quantized: start=32720, slope=-31873, intercept=27387
  Recovered (relative): start=0.499268, slope=-2.08883e+09, intercept=1.79483e+09

Interval 1280:
  Original: start=0.501221, slope=99410, intercept=27281, x_refl=0, y_refl=0
  Quantized: start=-32688, slope=-31662, intercept=27281
  Recovered (relative): start=-0.498779, slope=-2.075e+09, intercept=1.78789e+09

Interval 1281:
  Original: start=0.503175, slope=99622, intercept=27174, x_refl=0, y_refl=0
  Quantized: start=-32560, slope=-31450, intercept=27174
  Recovered (relative): start=-0.496826, slope=-2.06111e+09, intercept=1.78088e+09

Interval 1282:
  Original: start=0.505129, slope=99834, intercept=27067, x_refl=0, y_refl=0
  Quantized: start=-32432, slope=-31238, intercept=27067
  Recovered (relative): start=-0.494873, slope=-2.04721e+09, intercept=1.77386e+09

Interval 1283:
  Original: start=0.507084, slope=100047, intercept=26959, x_refl=0, y_refl=0
  Quantized: start=-32304, slope=-31025, intercept=26959
  Recovered (relative): start=-0.49292, slope=-2.03325e+09, intercept=1.76679e+09

Interval 1284:
  Original: start=0.509038, slope=100260, intercept=26851, x_refl=0, y_refl=0
  Quantized: start=-32176, slope=-30812, intercept=26851
  Recovered (relative): start=-0.490967, slope=-2.0193e+09, intercept=1.75971e+09

Interval 1285:
  Original: start=0.510992, slope=100474, intercept=26742, x_refl=0, y_refl=0
  Quantized: start=-32048, slope=-30598, intercept=26742
  Recovered (relative): start=-0.489014, slope=-2.00527e+09, intercept=1.75256e+09

Interval 1286:
  Original: start=0.512946, slope=100687, intercept=26632, x_refl=0, y_refl=0
  Quantized: start=-31920, slope=-30385, intercept=26632
  Recovered (relative): start=-0.487061, slope=-1.99131e+09, intercept=1.74535e+09

Interval 1287:
  Original: start=0.5149, slope=100902, intercept=26522, x_refl=0, y_refl=0
  Quantized: start=-31792, slope=-30170, intercept=26522
  Recovered (relative): start=-0.485107, slope=-1.97722e+09, intercept=1.73815e+09

Interval 1288:
  Original: start=0.516854, slope=101117, intercept=26411, x_refl=0, y_refl=0
  Quantized: start=-31663, slope=-29955, intercept=26411
  Recovered (relative): start=-0.483139, slope=-1.96313e+09, intercept=1.73087e+09

Interval 1289:
  Original: start=0.518808, slope=101332, intercept=26299, x_refl=0, y_refl=0
  Quantized: start=-31535, slope=-29740, intercept=26299
  Recovered (relative): start=-0.481186, slope=-1.94904e+09, intercept=1.72353e+09

Interval 1290:
  Original: start=0.520762, slope=101547, intercept=26187, x_refl=0, y_refl=0
  Quantized: start=-31407, slope=-29525, intercept=26187
  Recovered (relative): start=-0.479233, slope=-1.93495e+09, intercept=1.71619e+09

Interval 1291:
  Original: start=0.522716, slope=101763, intercept=26074, x_refl=0, y_refl=0
  Quantized: start=-31279, slope=-29309, intercept=26074
  Recovered (relative): start=-0.47728, slope=-1.92079e+09, intercept=1.70879e+09

Interval 1292:
  Original: start=0.52467, slope=101980, intercept=25960, x_refl=0, y_refl=0
  Quantized: start=-31151, slope=-29092, intercept=25960
  Recovered (relative): start=-0.475327, slope=-1.90657e+09, intercept=1.70131e+09

Interval 1293:
  Original: start=0.526624, slope=102196, intercept=25846, x_refl=0, y_refl=0
  Quantized: start=-31023, slope=-28876, intercept=25846
  Recovered (relative): start=-0.473373, slope=-1.89242e+09, intercept=1.69384e+09

Interval 1294:
  Original: start=0.528578, slope=102414, intercept=25731, x_refl=0, y_refl=0
  Quantized: start=-30895, slope=-28658, intercept=25731
  Recovered (relative): start=-0.47142, slope=-1.87813e+09, intercept=1.68631e+09

Interval 1295:
  Original: start=0.530532, slope=102631, intercept=25616, x_refl=0, y_refl=0
  Quantized: start=-30767, slope=-28441, intercept=25616
  Recovered (relative): start=-0.469467, slope=-1.86391e+09, intercept=1.67877e+09

Interval 1296:
  Original: start=0.532487, slope=102850, intercept=25500, x_refl=0, y_refl=0
  Quantized: start=-30639, slope=-28222, intercept=25500
  Recovered (relative): start=-0.467514, slope=-1.84956e+09, intercept=1.67117e+09

Interval 1297:
  Original: start=0.534441, slope=103068, intercept=25383, x_refl=0, y_refl=0
  Quantized: start=-30511, slope=-28004, intercept=25383
  Recovered (relative): start=-0.465561, slope=-1.83527e+09, intercept=1.6635e+09

Interval 1298:
  Original: start=0.536395, slope=103287, intercept=25265, x_refl=0, y_refl=0
  Quantized: start=-30383, slope=-27785, intercept=25265
  Recovered (relative): start=-0.463608, slope=-1.82092e+09, intercept=1.65577e+09

Interval 1299:
  Original: start=0.538349, slope=103506, intercept=25147, x_refl=0, y_refl=0
  Quantized: start=-30255, slope=-27566, intercept=25147
  Recovered (relative): start=-0.461655, slope=-1.80657e+09, intercept=1.64803e+09

Interval 1300:
  Original: start=0.540303, slope=103726, intercept=25029, x_refl=0, y_refl=0
  Quantized: start=-30127, slope=-27346, intercept=25029
  Recovered (relative): start=-0.459702, slope=-1.79215e+09, intercept=1.6403e+09

Interval 1301:
  Original: start=0.542257, slope=103947, intercept=24909, x_refl=0, y_refl=0
  Quantized: start=-29999, slope=-27125, intercept=24909
  Recovered (relative): start=-0.457748, slope=-1.77766e+09, intercept=1.63244e+09

Interval 1302:
  Original: start=0.544211, slope=104167, intercept=24789, x_refl=0, y_refl=0
  Quantized: start=-29871, slope=-26905, intercept=24789
  Recovered (relative): start=-0.455795, slope=-1.76325e+09, intercept=1.62457e+09

Interval 1303:
  Original: start=0.546165, slope=104388, intercept=24668, x_refl=0, y_refl=0
  Quantized: start=-29743, slope=-26684, intercept=24668
  Recovered (relative): start=-0.453842, slope=-1.74876e+09, intercept=1.61664e+09

Interval 1304:
  Original: start=0.548119, slope=104610, intercept=24547, x_refl=0, y_refl=0
  Quantized: start=-29614, slope=-26462, intercept=24547
  Recovered (relative): start=-0.451874, slope=-1.73421e+09, intercept=1.60871e+09

Interval 1305:
  Original: start=0.550073, slope=104832, intercept=24425, x_refl=0, y_refl=0
  Quantized: start=-29486, slope=-26240, intercept=24425
  Recovered (relative): start=-0.449921, slope=-1.71966e+09, intercept=1.60072e+09

Interval 1306:
  Original: start=0.552027, slope=105054, intercept=24302, x_refl=0, y_refl=0
  Quantized: start=-29358, slope=-26018, intercept=24302
  Recovered (relative): start=-0.447968, slope=-1.70512e+09, intercept=1.59266e+09

Interval 1307:
  Original: start=0.553981, slope=105277, intercept=24178, x_refl=0, y_refl=0
  Quantized: start=-29230, slope=-25795, intercept=24178
  Recovered (relative): start=-0.446014, slope=-1.6905e+09, intercept=1.58453e+09

Interval 1308:
  Original: start=0.555936, slope=105500, intercept=24054, x_refl=0, y_refl=0
  Quantized: start=-29102, slope=-25572, intercept=24054
  Recovered (relative): start=-0.444061, slope=-1.67589e+09, intercept=1.5764e+09

Interval 1309:
  Original: start=0.55789, slope=105724, intercept=23930, x_refl=0, y_refl=0
  Quantized: start=-28974, slope=-25348, intercept=23930
  Recovered (relative): start=-0.442108, slope=-1.66121e+09, intercept=1.56828e+09

Interval 1310:
  Original: start=0.559844, slope=105948, intercept=23804, x_refl=0, y_refl=0
  Quantized: start=-28846, slope=-25124, intercept=23804
  Recovered (relative): start=-0.440155, slope=-1.64653e+09, intercept=1.56002e+09

Interval 1311:
  Original: start=0.561798, slope=106173, intercept=23678, x_refl=0, y_refl=0
  Quantized: start=-28718, slope=-24899, intercept=23678
  Recovered (relative): start=-0.438202, slope=-1.63178e+09, intercept=1.55176e+09

Interval 1312:
  Original: start=0.563752, slope=106398, intercept=23551, x_refl=0, y_refl=0
  Quantized: start=-28590, slope=-24674, intercept=23551
  Recovered (relative): start=-0.436249, slope=-1.61704e+09, intercept=1.54344e+09

Interval 1313:
  Original: start=0.565706, slope=106623, intercept=23423, x_refl=0, y_refl=0
  Quantized: start=-28462, slope=-24449, intercept=23423
  Recovered (relative): start=-0.434296, slope=-1.60229e+09, intercept=1.53505e+09

Interval 1314:
  Original: start=0.56766, slope=106849, intercept=23295, x_refl=0, y_refl=0
  Quantized: start=-28334, slope=-24223, intercept=23295
  Recovered (relative): start=-0.432343, slope=-1.58748e+09, intercept=1.52666e+09

Interval 1315:
  Original: start=0.569614, slope=107076, intercept=23166, x_refl=0, y_refl=0
  Quantized: start=-28206, slope=-23996, intercept=23166
  Recovered (relative): start=-0.430389, slope=-1.5726e+09, intercept=1.51821e+09

Interval 1316:
  Original: start=0.571568, slope=107302, intercept=23037, x_refl=0, y_refl=0
  Quantized: start=-28078, slope=-23770, intercept=23037
  Recovered (relative): start=-0.428436, slope=-1.55779e+09, intercept=1.50975e+09

Interval 1317:
  Original: start=0.573522, slope=107530, intercept=22906, x_refl=0, y_refl=0
  Quantized: start=-27950, slope=-23542, intercept=22906
  Recovered (relative): start=-0.426483, slope=-1.54285e+09, intercept=1.50117e+09

Interval 1318:
  Original: start=0.575476, slope=107757, intercept=22775, x_refl=0, y_refl=0
  Quantized: start=-27822, slope=-23315, intercept=22775
  Recovered (relative): start=-0.42453, slope=-1.52797e+09, intercept=1.49258e+09

Interval 1319:
  Original: start=0.57743, slope=107986, intercept=22644, x_refl=0, y_refl=0
  Quantized: start=-27694, slope=-23086, intercept=22644
  Recovered (relative): start=-0.422577, slope=-1.51296e+09, intercept=1.484e+09

Interval 1320:
  Original: start=0.579384, slope=108214, intercept=22511, x_refl=0, y_refl=0
  Quantized: start=-27565, slope=-22858, intercept=22511
  Recovered (relative): start=-0.420609, slope=-1.49802e+09, intercept=1.47528e+09

Interval 1321:
  Original: start=0.581339, slope=108443, intercept=22378, x_refl=0, y_refl=0
  Quantized: start=-27437, slope=-22629, intercept=22378
  Recovered (relative): start=-0.418655, slope=-1.48301e+09, intercept=1.46656e+09

Interval 1322:
  Original: start=0.583293, slope=108673, intercept=22244, x_refl=0, y_refl=0
  Quantized: start=-27309, slope=-22399, intercept=22244
  Recovered (relative): start=-0.416702, slope=-1.46794e+09, intercept=1.45778e+09

Interval 1323:
  Original: start=0.585247, slope=108903, intercept=22110, x_refl=0, y_refl=0
  Quantized: start=-27181, slope=-22169, intercept=22110
  Recovered (relative): start=-0.414749, slope=-1.45287e+09, intercept=1.449e+09

Interval 1324:
  Original: start=0.587201, slope=109133, intercept=21974, x_refl=0, y_refl=0
  Quantized: start=-27053, slope=-21939, intercept=21974
  Recovered (relative): start=-0.412796, slope=-1.43779e+09, intercept=1.44009e+09

Interval 1325:
  Original: start=0.589155, slope=109364, intercept=21838, x_refl=0, y_refl=0
  Quantized: start=-26925, slope=-21708, intercept=21838
  Recovered (relative): start=-0.410843, slope=-1.42266e+09, intercept=1.43118e+09

Interval 1326:
  Original: start=0.591109, slope=109595, intercept=21702, x_refl=0, y_refl=0
  Quantized: start=-26797, slope=-21477, intercept=21702
  Recovered (relative): start=-0.40889, slope=-1.40752e+09, intercept=1.42226e+09

Interval 1327:
  Original: start=0.593063, slope=109827, intercept=21564, x_refl=0, y_refl=0
  Quantized: start=-26669, slope=-21245, intercept=21564
  Recovered (relative): start=-0.406937, slope=-1.39231e+09, intercept=1.41322e+09

Interval 1328:
  Original: start=0.595017, slope=110059, intercept=21426, x_refl=0, y_refl=0
  Quantized: start=-26541, slope=-21013, intercept=21426
  Recovered (relative): start=-0.404984, slope=-1.37711e+09, intercept=1.40417e+09

Interval 1329:
  Original: start=0.596971, slope=110292, intercept=21287, x_refl=0, y_refl=0
  Quantized: start=-26413, slope=-20780, intercept=21287
  Recovered (relative): start=-0.40303, slope=-1.36184e+09, intercept=1.39506e+09

Interval 1330:
  Original: start=0.598925, slope=110525, intercept=21147, x_refl=0, y_refl=0
  Quantized: start=-26285, slope=-20547, intercept=21147
  Recovered (relative): start=-0.401077, slope=-1.34657e+09, intercept=1.38589e+09

Interval 1331:
  Original: start=0.600879, slope=110758, intercept=21007, x_refl=0, y_refl=0
  Quantized: start=-26157, slope=-20314, intercept=21007
  Recovered (relative): start=-0.399124, slope=-1.3313e+09, intercept=1.37671e+09

Interval 1332:
  Original: start=0.602833, slope=110992, intercept=20866, x_refl=0, y_refl=0
  Quantized: start=-26029, slope=-20080, intercept=20866
  Recovered (relative): start=-0.397171, slope=-1.31596e+09, intercept=1.36747e+09

Interval 1333:
  Original: start=0.604787, slope=111227, intercept=20724, x_refl=0, y_refl=0
  Quantized: start=-25901, slope=-19845, intercept=20724
  Recovered (relative): start=-0.395218, slope=-1.30056e+09, intercept=1.35817e+09

Interval 1334:
  Original: start=0.606742, slope=111462, intercept=20582, x_refl=0, y_refl=0
  Quantized: start=-25773, slope=-19610, intercept=20582
  Recovered (relative): start=-0.393265, slope=-1.28516e+09, intercept=1.34886e+09

Interval 1335:
  Original: start=0.608696, slope=111697, intercept=20438, x_refl=0, y_refl=0
  Quantized: start=-25645, slope=-19375, intercept=20438
  Recovered (relative): start=-0.391312, slope=-1.26976e+09, intercept=1.33942e+09

Interval 1336:
  Original: start=0.61065, slope=111933, intercept=20294, x_refl=0, y_refl=0
  Quantized: start=-25516, slope=-19139, intercept=20294
  Recovered (relative): start=-0.389343, slope=-1.25429e+09, intercept=1.32999e+09

Interval 1337:
  Original: start=0.612604, slope=112169, intercept=20150, x_refl=0, y_refl=0
  Quantized: start=-25388, slope=-18903, intercept=20150
  Recovered (relative): start=-0.38739, slope=-1.23883e+09, intercept=1.32055e+09

Interval 1338:
  Original: start=0.614558, slope=112406, intercept=20004, x_refl=0, y_refl=0
  Quantized: start=-25260, slope=-18666, intercept=20004
  Recovered (relative): start=-0.385437, slope=-1.22329e+09, intercept=1.31098e+09

Interval 1339:
  Original: start=0.616512, slope=112643, intercept=19858, x_refl=0, y_refl=0
  Quantized: start=-25132, slope=-18429, intercept=19858
  Recovered (relative): start=-0.383484, slope=-1.20776e+09, intercept=1.30141e+09

Interval 1340:
  Original: start=0.618466, slope=112881, intercept=19711, x_refl=0, y_refl=0
  Quantized: start=-25004, slope=-18191, intercept=19711
  Recovered (relative): start=-0.381531, slope=-1.19217e+09, intercept=1.29178e+09

Interval 1341:
  Original: start=0.62042, slope=113119, intercept=19563, x_refl=0, y_refl=0
  Quantized: start=-24876, slope=-17953, intercept=19563
  Recovered (relative): start=-0.379578, slope=-1.17657e+09, intercept=1.28208e+09

Interval 1342:
  Original: start=0.622374, slope=113358, intercept=19415, x_refl=0, y_refl=0
  Quantized: start=-24748, slope=-17714, intercept=19415
  Recovered (relative): start=-0.377625, slope=-1.1609e+09, intercept=1.27238e+09

Interval 1343:
  Original: start=0.624328, slope=113597, intercept=19265, x_refl=0, y_refl=0
  Quantized: start=-24620, slope=-17475, intercept=19265
  Recovered (relative): start=-0.375671, slope=-1.14524e+09, intercept=1.26255e+09

Interval 1344:
  Original: start=0.626282, slope=113836, intercept=19115, x_refl=0, y_refl=0
  Quantized: start=-24492, slope=-17236, intercept=19115
  Recovered (relative): start=-0.373718, slope=-1.12958e+09, intercept=1.25272e+09

Interval 1345:
  Original: start=0.628236, slope=114076, intercept=18965, x_refl=0, y_refl=0
  Quantized: start=-24364, slope=-16996, intercept=18965
  Recovered (relative): start=-0.371765, slope=-1.11385e+09, intercept=1.24289e+09

Interval 1346:
  Original: start=0.630191, slope=114317, intercept=18813, x_refl=0, y_refl=0
  Quantized: start=-24236, slope=-16755, intercept=18813
  Recovered (relative): start=-0.369812, slope=-1.09806e+09, intercept=1.23293e+09

Interval 1347:
  Original: start=0.632145, slope=114558, intercept=18661, x_refl=0, y_refl=0
  Quantized: start=-24108, slope=-16514, intercept=18661
  Recovered (relative): start=-0.367859, slope=-1.08226e+09, intercept=1.22297e+09

Interval 1348:
  Original: start=0.634099, slope=114799, intercept=18508, x_refl=0, y_refl=0
  Quantized: start=-23980, slope=-16273, intercept=18508
  Recovered (relative): start=-0.365906, slope=-1.06647e+09, intercept=1.21294e+09

Interval 1349:
  Original: start=0.636053, slope=115041, intercept=18354, x_refl=0, y_refl=0
  Quantized: start=-23852, slope=-16031, intercept=18354
  Recovered (relative): start=-0.363953, slope=-1.05061e+09, intercept=1.20285e+09

Interval 1350:
  Original: start=0.638007, slope=115284, intercept=18199, x_refl=0, y_refl=0
  Quantized: start=-23724, slope=-15788, intercept=18199
  Recovered (relative): start=-0.362, slope=-1.03468e+09, intercept=1.19269e+09

Interval 1351:
  Original: start=0.639961, slope=115526, intercept=18044, x_refl=0, y_refl=0
  Quantized: start=-23596, slope=-15546, intercept=18044
  Recovered (relative): start=-0.360046, slope=-1.01882e+09, intercept=1.18253e+09

Interval 1352:
  Original: start=0.641915, slope=115770, intercept=17887, x_refl=0, y_refl=0
  Quantized: start=-23467, slope=-15302, intercept=17887
  Recovered (relative): start=-0.358078, slope=-1.00283e+09, intercept=1.17224e+09

Interval 1353:
  Original: start=0.643869, slope=116014, intercept=17730, x_refl=0, y_refl=0
  Quantized: start=-23339, slope=-15058, intercept=17730
  Recovered (relative): start=-0.356125, slope=-9.86841e+08, intercept=1.16195e+09

Interval 1354:
  Original: start=0.645823, slope=116258, intercept=17573, x_refl=0, y_refl=0
  Quantized: start=-23211, slope=-14814, intercept=17573
  Recovered (relative): start=-0.354172, slope=-9.7085e+08, intercept=1.15166e+09

Interval 1355:
  Original: start=0.647777, slope=116503, intercept=17414, x_refl=0, y_refl=0
  Quantized: start=-23083, slope=-14569, intercept=17414
  Recovered (relative): start=-0.352219, slope=-9.54794e+08, intercept=1.14124e+09

Interval 1356:
  Original: start=0.649731, slope=116748, intercept=17255, x_refl=0, y_refl=0
  Quantized: start=-22955, slope=-14324, intercept=17255
  Recovered (relative): start=-0.350266, slope=-9.38738e+08, intercept=1.13082e+09

Interval 1357:
  Original: start=0.651685, slope=116994, intercept=17095, x_refl=0, y_refl=0
  Quantized: start=-22827, slope=-14078, intercept=17095
  Recovered (relative): start=-0.348312, slope=-9.22616e+08, intercept=1.12034e+09

Interval 1358:
  Original: start=0.653639, slope=117240, intercept=16934, x_refl=0, y_refl=0
  Quantized: start=-22699, slope=-13832, intercept=16934
  Recovered (relative): start=-0.346359, slope=-9.06494e+08, intercept=1.10979e+09

Interval 1359:
  Original: start=0.655594, slope=117486, intercept=16772, x_refl=0, y_refl=0
  Quantized: start=-22571, slope=-13586, intercept=16772
  Recovered (relative): start=-0.344406, slope=-8.90372e+08, intercept=1.09917e+09

Interval 1360:
  Original: start=0.657548, slope=117734, intercept=16609, x_refl=0, y_refl=0
  Quantized: start=-22443, slope=-13338, intercept=16609
  Recovered (relative): start=-0.342453, slope=-8.74119e+08, intercept=1.08849e+09

Interval 1361:
  Original: start=0.659502, slope=117981, intercept=16446, x_refl=0, y_refl=0
  Quantized: start=-22315, slope=-13091, intercept=16446
  Recovered (relative): start=-0.3405, slope=-8.57932e+08, intercept=1.07781e+09

Interval 1362:
  Original: start=0.661456, slope=118229, intercept=16282, x_refl=0, y_refl=0
  Quantized: start=-22187, slope=-12843, intercept=16282
  Recovered (relative): start=-0.338547, slope=-8.41679e+08, intercept=1.06706e+09

Interval 1363:
  Original: start=0.66341, slope=118478, intercept=16117, x_refl=0, y_refl=0
  Quantized: start=-22059, slope=-12594, intercept=16117
  Recovered (relative): start=-0.336594, slope=-8.2536e+08, intercept=1.05624e+09

Interval 1364:
  Original: start=0.665364, slope=118727, intercept=15951, x_refl=0, y_refl=0
  Quantized: start=-21931, slope=-12345, intercept=15951
  Recovered (relative): start=-0.334641, slope=-8.09042e+08, intercept=1.04536e+09

Interval 1365:
  Original: start=0.667318, slope=118977, intercept=15785, x_refl=0, y_refl=0
  Quantized: start=-21803, slope=-12095, intercept=15785
  Recovered (relative): start=-0.332687, slope=-7.92658e+08, intercept=1.03449e+09

Interval 1366:
  Original: start=0.669272, slope=119227, intercept=15617, x_refl=0, y_refl=0
  Quantized: start=-21675, slope=-11845, intercept=15617
  Recovered (relative): start=-0.330734, slope=-7.76274e+08, intercept=1.02348e+09

Interval 1367:
  Original: start=0.671226, slope=119477, intercept=15449, x_refl=0, y_refl=0
  Quantized: start=-21547, slope=-11595, intercept=15449
  Recovered (relative): start=-0.328781, slope=-7.5989e+08, intercept=1.01247e+09

Interval 1368:
  Original: start=0.67318, slope=119728, intercept=15280, x_refl=0, y_refl=0
  Quantized: start=-21418, slope=-11344, intercept=15280
  Recovered (relative): start=-0.326813, slope=-7.4344e+08, intercept=1.00139e+09

Interval 1369:
  Original: start=0.675134, slope=119980, intercept=15110, x_refl=0, y_refl=0
  Quantized: start=-21290, slope=-11092, intercept=15110
  Recovered (relative): start=-0.32486, slope=-7.26925e+08, intercept=9.90249e+08

Interval 1370:
  Original: start=0.677088, slope=120232, intercept=14940, x_refl=0, y_refl=0
  Quantized: start=-21162, slope=-10840, intercept=14940
  Recovered (relative): start=-0.322906, slope=-7.1041e+08, intercept=9.79108e+08

Interval 1371:
  Original: start=0.679042, slope=120485, intercept=14768, x_refl=0, y_refl=0
  Quantized: start=-21034, slope=-10587, intercept=14768
  Recovered (relative): start=-0.320953, slope=-6.9383e+08, intercept=9.67836e+08

Interval 1372:
  Original: start=0.680997, slope=120738, intercept=14596, x_refl=0, y_refl=0
  Quantized: start=-20906, slope=-10334, intercept=14596
  Recovered (relative): start=-0.319, slope=-6.77249e+08, intercept=9.56563e+08

Interval 1373:
  Original: start=0.682951, slope=120991, intercept=14423, x_refl=0, y_refl=0
  Quantized: start=-20778, slope=-10081, intercept=14423
  Recovered (relative): start=-0.317047, slope=-6.60668e+08, intercept=9.45226e+08

Interval 1374:
  Original: start=0.684905, slope=121245, intercept=14249, x_refl=0, y_refl=0
  Quantized: start=-20650, slope=-9827, intercept=14249
  Recovered (relative): start=-0.315094, slope=-6.44022e+08, intercept=9.33822e+08

Interval 1375:
  Original: start=0.686859, slope=121500, intercept=14074, x_refl=0, y_refl=0
  Quantized: start=-20522, slope=-9572, intercept=14074
  Recovered (relative): start=-0.313141, slope=-6.27311e+08, intercept=9.22354e+08

Interval 1376:
  Original: start=0.688813, slope=121755, intercept=13898, x_refl=0, y_refl=0
  Quantized: start=-20394, slope=-9317, intercept=13898
  Recovered (relative): start=-0.311188, slope=-6.10599e+08, intercept=9.10819e+08

Interval 1377:
  Original: start=0.690767, slope=122010, intercept=13722, x_refl=0, y_refl=0
  Quantized: start=-20266, slope=-9062, intercept=13722
  Recovered (relative): start=-0.309235, slope=-5.93887e+08, intercept=8.99285e+08

Interval 1378:
  Original: start=0.692721, slope=122266, intercept=13544, x_refl=0, y_refl=0
  Quantized: start=-20138, slope=-8806, intercept=13544
  Recovered (relative): start=-0.307281, slope=-5.7711e+08, intercept=8.8762e+08

Interval 1379:
  Original: start=0.694675, slope=122523, intercept=13366, x_refl=0, y_refl=0
  Quantized: start=-20010, slope=-8549, intercept=13366
  Recovered (relative): start=-0.305328, slope=-5.60267e+08, intercept=8.75954e+08

Interval 1380:
  Original: start=0.696629, slope=122780, intercept=13187, x_refl=0, y_refl=0
  Quantized: start=-19882, slope=-8292, intercept=13187
  Recovered (relative): start=-0.303375, slope=-5.43425e+08, intercept=8.64223e+08

Interval 1381:
  Original: start=0.698583, slope=123037, intercept=13007, x_refl=0, y_refl=0
  Quantized: start=-19754, slope=-8035, intercept=13007
  Recovered (relative): start=-0.301422, slope=-5.26582e+08, intercept=8.52427e+08

Interval 1382:
  Original: start=0.700537, slope=123295, intercept=12827, x_refl=0, y_refl=0
  Quantized: start=-19626, slope=-7777, intercept=12827
  Recovered (relative): start=-0.299469, slope=-5.09673e+08, intercept=8.4063e+08

Interval 1383:
  Original: start=0.702491, slope=123554, intercept=12645, x_refl=0, y_refl=0
  Quantized: start=-19498, slope=-7518, intercept=12645
  Recovered (relative): start=-0.297516, slope=-4.927e+08, intercept=8.28703e+08

Interval 1384:
  Original: start=0.704446, slope=123813, intercept=12462, x_refl=0, y_refl=0
  Quantized: start=-19369, slope=-7259, intercept=12462
  Recovered (relative): start=-0.295547, slope=-4.75726e+08, intercept=8.1671e+08

Interval 1385:
  Original: start=0.7064, slope=124072, intercept=12279, x_refl=0, y_refl=0
  Quantized: start=-19241, slope=-7000, intercept=12279
  Recovered (relative): start=-0.293594, slope=-4.58752e+08, intercept=8.04717e+08

Interval 1386:
  Original: start=0.708354, slope=124332, intercept=12095, x_refl=0, y_refl=0
  Quantized: start=-19113, slope=-6740, intercept=12095
  Recovered (relative): start=-0.291641, slope=-4.41713e+08, intercept=7.92658e+08

Interval 1387:
  Original: start=0.710308, slope=124593, intercept=11910, x_refl=0, y_refl=0
  Quantized: start=-18985, slope=-6479, intercept=11910
  Recovered (relative): start=-0.289688, slope=-4.24608e+08, intercept=7.80534e+08

Interval 1388:
  Original: start=0.712262, slope=124854, intercept=11724, x_refl=0, y_refl=0
  Quantized: start=-18857, slope=-6218, intercept=11724
  Recovered (relative): start=-0.287735, slope=-4.07503e+08, intercept=7.68344e+08

Interval 1389:
  Original: start=0.714216, slope=125116, intercept=11537, x_refl=0, y_refl=0
  Quantized: start=-18729, slope=-5956, intercept=11537
  Recovered (relative): start=-0.285782, slope=-3.90332e+08, intercept=7.56089e+08

Interval 1390:
  Original: start=0.71617, slope=125378, intercept=11349, x_refl=0, y_refl=0
  Quantized: start=-18601, slope=-5694, intercept=11349
  Recovered (relative): start=-0.283829, slope=-3.73162e+08, intercept=7.43768e+08

Interval 1391:
  Original: start=0.718124, slope=125640, intercept=11161, x_refl=0, y_refl=0
  Quantized: start=-18473, slope=-5432, intercept=11161
  Recovered (relative): start=-0.281876, slope=-3.55992e+08, intercept=7.31447e+08

Interval 1392:
  Original: start=0.720078, slope=125903, intercept=10971, x_refl=0, y_refl=0
  Quantized: start=-18345, slope=-5169, intercept=10971
  Recovered (relative): start=-0.279922, slope=-3.38756e+08, intercept=7.18995e+08

Interval 1393:
  Original: start=0.722032, slope=126167, intercept=10781, x_refl=0, y_refl=0
  Quantized: start=-18217, slope=-4905, intercept=10781
  Recovered (relative): start=-0.277969, slope=-3.21454e+08, intercept=7.06544e+08

Interval 1394:
  Original: start=0.723986, slope=126431, intercept=10590, x_refl=0, y_refl=0
  Quantized: start=-18089, slope=-4641, intercept=10590
  Recovered (relative): start=-0.276016, slope=-3.04153e+08, intercept=6.94026e+08

Interval 1395:
  Original: start=0.72594, slope=126696, intercept=10398, x_refl=0, y_refl=0
  Quantized: start=-17961, slope=-4376, intercept=10398
  Recovered (relative): start=-0.274063, slope=-2.86786e+08, intercept=6.81443e+08

Interval 1396:
  Original: start=0.727894, slope=126961, intercept=10205, x_refl=0, y_refl=0
  Quantized: start=-17833, slope=-4111, intercept=10205
  Recovered (relative): start=-0.27211, slope=-2.69418e+08, intercept=6.68795e+08

Interval 1397:
  Original: start=0.729849, slope=127227, intercept=10011, x_refl=0, y_refl=0
  Quantized: start=-17705, slope=-3845, intercept=10011
  Recovered (relative): start=-0.270157, slope=-2.51986e+08, intercept=6.56081e+08

Interval 1398:
  Original: start=0.731803, slope=127493, intercept=9816, x_refl=0, y_refl=0
  Quantized: start=-17577, slope=-3579, intercept=9816
  Recovered (relative): start=-0.268204, slope=-2.34553e+08, intercept=6.43301e+08

Interval 1399:
  Original: start=0.733757, slope=127760, intercept=9620, x_refl=0, y_refl=0
  Quantized: start=-17449, slope=-3312, intercept=9620
  Recovered (relative): start=-0.266251, slope=-2.17055e+08, intercept=6.30456e+08

Interval 1400:
  Original: start=0.735711, slope=128027, intercept=9423, x_refl=0, y_refl=0
  Quantized: start=-17320, slope=-3045, intercept=9423
  Recovered (relative): start=-0.264282, slope=-1.99557e+08, intercept=6.17546e+08

Interval 1401:
  Original: start=0.737665, slope=128295, intercept=9226, x_refl=0, y_refl=0
  Quantized: start=-17192, slope=-2777, intercept=9226
  Recovered (relative): start=-0.262329, slope=-1.81993e+08, intercept=6.04635e+08

Interval 1402:
  Original: start=0.739619, slope=128563, intercept=9027, x_refl=0, y_refl=0
  Quantized: start=-17064, slope=-2509, intercept=9027
  Recovered (relative): start=-0.260376, slope=-1.6443e+08, intercept=5.91593e+08

Interval 1403:
  Original: start=0.741573, slope=128832, intercept=8828, x_refl=0, y_refl=0
  Quantized: start=-16936, slope=-2240, intercept=8828
  Recovered (relative): start=-0.258423, slope=-1.46801e+08, intercept=5.78552e+08

Interval 1404:
  Original: start=0.743527, slope=129101, intercept=8628, x_refl=0, y_refl=0
  Quantized: start=-16808, slope=-1971, intercept=8628
  Recovered (relative): start=-0.25647, slope=-1.29171e+08, intercept=5.65445e+08

Interval 1405:
  Original: start=0.745481, slope=129371, intercept=8427, x_refl=0, y_refl=0
  Quantized: start=-16680, slope=-1701, intercept=8427
  Recovered (relative): start=-0.254517, slope=-1.11477e+08, intercept=5.52272e+08

Interval 1406:
  Original: start=0.747435, slope=129642, intercept=8225, x_refl=0, y_refl=0
  Quantized: start=-16552, slope=-1430, intercept=8225
  Recovered (relative): start=-0.252563, slope=-9.37165e+07, intercept=5.39034e+08

Interval 1407:
  Original: start=0.749389, slope=129913, intercept=8021, x_refl=0, y_refl=0
  Quantized: start=-16424, slope=-1159, intercept=8021
  Recovered (relative): start=-0.25061, slope=-7.59562e+07, intercept=5.25664e+08

Interval 1408:
  Original: start=0.751343, slope=130184, intercept=7818, x_refl=0, y_refl=0
  Quantized: start=-16296, slope=-888, intercept=7818
  Recovered (relative): start=-0.248657, slope=-5.8196e+07, intercept=5.1236e+08

Interval 1409:
  Original: start=0.753298, slope=130456, intercept=7613, x_refl=0, y_refl=0
  Quantized: start=-16168, slope=-616, intercept=7613
  Recovered (relative): start=-0.246704, slope=-4.03702e+07, intercept=4.98926e+08

Interval 1410:
  Original: start=0.755252, slope=130729, intercept=7407, x_refl=0, y_refl=0
  Quantized: start=-16040, slope=-343, intercept=7407
  Recovered (relative): start=-0.244751, slope=-2.24788e+07, intercept=4.85425e+08

Interval 1411:
  Original: start=0.757206, slope=131002, intercept=7200, x_refl=0, y_refl=0
  Quantized: start=-15912, slope=-70, intercept=7200
  Recovered (relative): start=-0.242798, slope=-4.58752e+06, intercept=4.71859e+08

Interval 1412:
  Original: start=0.75916, slope=131275, intercept=6992, x_refl=0, y_refl=0
  Quantized: start=-15784, slope=203, intercept=6992
  Recovered (relative): start=-0.240845, slope=1.33038e+07, intercept=4.58228e+08

Interval 1413:
  Original: start=0.761114, slope=131549, intercept=6784, x_refl=0, y_refl=0
  Quantized: start=-15656, slope=477, intercept=6784
  Recovered (relative): start=-0.238892, slope=3.12607e+07, intercept=4.44596e+08

Interval 1414:
  Original: start=0.763068, slope=131824, intercept=6574, x_refl=0, y_refl=0
  Quantized: start=-15528, slope=752, intercept=6574
  Recovered (relative): start=-0.236938, slope=4.92831e+07, intercept=4.30834e+08

Interval 1415:
  Original: start=0.765022, slope=132099, intercept=6364, x_refl=0, y_refl=0
  Quantized: start=-15400, slope=1027, intercept=6364
  Recovered (relative): start=-0.234985, slope=6.73055e+07, intercept=4.17071e+08

Interval 1416:
  Original: start=0.766976, slope=132375, intercept=6152, x_refl=0, y_refl=0
  Quantized: start=-15271, slope=1303, intercept=6152
  Recovered (relative): start=-0.233017, slope=8.53934e+07, intercept=4.03177e+08

Interval 1417:
  Original: start=0.76893, slope=132651, intercept=5940, x_refl=0, y_refl=0
  Quantized: start=-15143, slope=1579, intercept=5940
  Recovered (relative): start=-0.231064, slope=1.03481e+08, intercept=3.89284e+08

Interval 1418:
  Original: start=0.770884, slope=132928, intercept=5726, x_refl=0, y_refl=0
  Quantized: start=-15015, slope=1856, intercept=5726
  Recovered (relative): start=-0.229111, slope=1.21635e+08, intercept=3.75259e+08

Interval 1419:
  Original: start=0.772838, slope=133206, intercept=5512, x_refl=0, y_refl=0
  Quantized: start=-14887, slope=2134, intercept=5512
  Recovered (relative): start=-0.227158, slope=1.39854e+08, intercept=3.61234e+08

Interval 1420:
  Original: start=0.774792, slope=133483, intercept=5296, x_refl=0, y_refl=0
  Quantized: start=-14759, slope=2411, intercept=5296
  Recovered (relative): start=-0.225204, slope=1.58007e+08, intercept=3.47079e+08

Interval 1421:
  Original: start=0.776746, slope=133762, intercept=5080, x_refl=0, y_refl=0
  Quantized: start=-14631, slope=2690, intercept=5080
  Recovered (relative): start=-0.223251, slope=1.76292e+08, intercept=3.32923e+08

Interval 1422:
  Original: start=0.778701, slope=134041, intercept=4863, x_refl=0, y_refl=0
  Quantized: start=-14503, slope=2969, intercept=4863
  Recovered (relative): start=-0.221298, slope=1.94576e+08, intercept=3.18702e+08

Interval 1423:
  Original: start=0.780655, slope=134320, intercept=4645, x_refl=0, y_refl=0
  Quantized: start=-14375, slope=3248, intercept=4645
  Recovered (relative): start=-0.219345, slope=2.12861e+08, intercept=3.04415e+08

Interval 1424:
  Original: start=0.782609, slope=134601, intercept=4426, x_refl=0, y_refl=0
  Quantized: start=-14247, slope=3529, intercept=4426
  Recovered (relative): start=-0.217392, slope=2.31277e+08, intercept=2.90062e+08

Interval 1425:
  Original: start=0.784563, slope=134881, intercept=4205, x_refl=0, y_refl=0
  Quantized: start=-14119, slope=3809, intercept=4205
  Recovered (relative): start=-0.215439, slope=2.49627e+08, intercept=2.75579e+08

Interval 1426:
  Original: start=0.786517, slope=135162, intercept=3984, x_refl=0, y_refl=0
  Quantized: start=-13991, slope=4090, intercept=3984
  Recovered (relative): start=-0.213486, slope=2.68042e+08, intercept=2.61095e+08

Interval 1427:
  Original: start=0.788471, slope=135444, intercept=3762, x_refl=0, y_refl=0
  Quantized: start=-13863, slope=4372, intercept=3762
  Recovered (relative): start=-0.211533, slope=2.86523e+08, intercept=2.46546e+08

Interval 1428:
  Original: start=0.790425, slope=135726, intercept=3539, x_refl=0, y_refl=0
  Quantized: start=-13735, slope=4654, intercept=3539
  Recovered (relative): start=-0.209579, slope=3.05005e+08, intercept=2.31932e+08

Interval 1429:
  Original: start=0.792379, slope=136009, intercept=3315, x_refl=0, y_refl=0
  Quantized: start=-13607, slope=4937, intercept=3315
  Recovered (relative): start=-0.207626, slope=3.23551e+08, intercept=2.17252e+08

Interval 1430:
  Original: start=0.794333, slope=136293, intercept=3090, x_refl=0, y_refl=0
  Quantized: start=-13479, slope=5221, intercept=3090
  Recovered (relative): start=-0.205673, slope=3.42163e+08, intercept=2.02506e+08

Interval 1431:
  Original: start=0.796287, slope=136577, intercept=2864, x_refl=0, y_refl=0
  Quantized: start=-13351, slope=5505, intercept=2864
  Recovered (relative): start=-0.20372, slope=3.60776e+08, intercept=1.87695e+08

Interval 1432:
  Original: start=0.798241, slope=136861, intercept=2636, x_refl=0, y_refl=0
  Quantized: start=-13222, slope=5789, intercept=2636
  Recovered (relative): start=-0.201752, slope=3.79388e+08, intercept=1.72753e+08

Interval 1433:
  Original: start=0.800195, slope=137146, intercept=2408, x_refl=0, y_refl=0
  Quantized: start=-13094, slope=6074, intercept=2408
  Recovered (relative): start=-0.199799, slope=3.98066e+08, intercept=1.57811e+08

Interval 1434:
  Original: start=0.802149, slope=137432, intercept=2179, x_refl=0, y_refl=0
  Quantized: start=-12966, slope=6360, intercept=2179
  Recovered (relative): start=-0.197845, slope=4.16809e+08, intercept=1.42803e+08

Interval 1435:
  Original: start=0.804104, slope=137718, intercept=1949, x_refl=0, y_refl=0
  Quantized: start=-12838, slope=6646, intercept=1949
  Recovered (relative): start=-0.195892, slope=4.35552e+08, intercept=1.2773e+08

Interval 1436:
  Original: start=0.806058, slope=138005, intercept=1718, x_refl=0, y_refl=0
  Quantized: start=-12710, slope=6933, intercept=1718
  Recovered (relative): start=-0.193939, slope=4.54361e+08, intercept=1.12591e+08

Interval 1437:
  Original: start=0.808012, slope=138292, intercept=1486, x_refl=0, y_refl=0
  Quantized: start=-12582, slope=7220, intercept=1486
  Recovered (relative): start=-0.191986, slope=4.7317e+08, intercept=9.73865e+07

Interval 1438:
  Original: start=0.809966, slope=138580, intercept=1253, x_refl=0, y_refl=0
  Quantized: start=-12454, slope=7508, intercept=1253
  Recovered (relative): start=-0.190033, slope=4.92044e+08, intercept=8.21166e+07

Interval 1439:
  Original: start=0.81192, slope=138868, intercept=1018, x_refl=0, y_refl=0
  Quantized: start=-12326, slope=7796, intercept=1018
  Recovered (relative): start=-0.18808, slope=5.10919e+08, intercept=6.67156e+07

Interval 1440:
  Original: start=0.813874, slope=139157, intercept=783, x_refl=0, y_refl=0
  Quantized: start=-12198, slope=8085, intercept=783
  Recovered (relative): start=-0.186127, slope=5.29859e+08, intercept=5.13147e+07

Interval 1441:
  Original: start=0.815828, slope=139447, intercept=547, x_refl=0, y_refl=0
  Quantized: start=-12070, slope=8375, intercept=547
  Recovered (relative): start=-0.184174, slope=5.48864e+08, intercept=3.58482e+07

Interval 1442:
  Original: start=0.817782, slope=139737, intercept=310, x_refl=0, y_refl=0
  Quantized: start=-11942, slope=8665, intercept=310
  Recovered (relative): start=-0.18222, slope=5.67869e+08, intercept=2.03162e+07

Interval 1443:
  Original: start=0.819736, slope=140028, intercept=72, x_refl=0, y_refl=0
  Quantized: start=-11814, slope=8956, intercept=72
  Recovered (relative): start=-0.180267, slope=5.8694e+08, intercept=4.71859e+06

Interval 1444:
  Original: start=0.82169, slope=140319, intercept=-168, x_refl=0, y_refl=0
  Quantized: start=-11686, slope=9247, intercept=-168
  Recovered (relative): start=-0.178314, slope=6.06011e+08, intercept=-1.101e+07

Interval 1445:
  Original: start=0.823644, slope=140611, intercept=-408, x_refl=0, y_refl=0
  Quantized: start=-11558, slope=9539, intercept=-408
  Recovered (relative): start=-0.176361, slope=6.25148e+08, intercept=-2.67387e+07

Interval 1446:
  Original: start=0.825598, slope=140903, intercept=-650, x_refl=0, y_refl=0
  Quantized: start=-11430, slope=9831, intercept=-650
  Recovered (relative): start=-0.174408, slope=6.44284e+08, intercept=-4.25984e+07

Interval 1447:
  Original: start=0.827553, slope=141196, intercept=-892, x_refl=0, y_refl=0
  Quantized: start=-11302, slope=10124, intercept=-892
  Recovered (relative): start=-0.172455, slope=6.63486e+08, intercept=-5.84581e+07

Interval 1448:
  Original: start=0.829507, slope=141490, intercept=-1136, x_refl=0, y_refl=0
  Quantized: start=-11173, slope=10418, intercept=-1136
  Recovered (relative): start=-0.170486, slope=6.82754e+08, intercept=-7.44489e+07

Interval 1449:
  Original: start=0.831461, slope=141784, intercept=-1380, x_refl=0, y_refl=0
  Quantized: start=-11045, slope=10712, intercept=-1380
  Recovered (relative): start=-0.168533, slope=7.02022e+08, intercept=-9.04397e+07

Interval 1450:
  Original: start=0.833415, slope=142078, intercept=-1626, x_refl=0, y_refl=0
  Quantized: start=-10917, slope=11006, intercept=-1626
  Recovered (relative): start=-0.16658, slope=7.21289e+08, intercept=-1.06562e+08

Interval 1451:
  Original: start=0.835369, slope=142374, intercept=-1872, x_refl=0, y_refl=0
  Quantized: start=-10789, slope=11302, intercept=-1872
  Recovered (relative): start=-0.164627, slope=7.40688e+08, intercept=-1.22683e+08

Interval 1452:
  Original: start=0.837323, slope=142670, intercept=-2120, x_refl=0, y_refl=0
  Quantized: start=-10661, slope=11598, intercept=-2120
  Recovered (relative): start=-0.162674, slope=7.60087e+08, intercept=-1.38936e+08

Interval 1453:
  Original: start=0.839277, slope=142966, intercept=-2369, x_refl=0, y_refl=0
  Quantized: start=-10533, slope=11894, intercept=-2369
  Recovered (relative): start=-0.160721, slope=7.79485e+08, intercept=-1.55255e+08

Interval 1454:
  Original: start=0.841231, slope=143263, intercept=-2619, x_refl=0, y_refl=0
  Quantized: start=-10405, slope=12191, intercept=-2619
  Recovered (relative): start=-0.158768, slope=7.98949e+08, intercept=-1.71639e+08

Interval 1455:
  Original: start=0.843185, slope=143561, intercept=-2870, x_refl=0, y_refl=0
  Quantized: start=-10277, slope=12489, intercept=-2870
  Recovered (relative): start=-0.156815, slope=8.18479e+08, intercept=-1.88088e+08

Interval 1456:
  Original: start=0.845139, slope=143859, intercept=-3122, x_refl=0, y_refl=0
  Quantized: start=-10149, slope=12787, intercept=-3122
  Recovered (relative): start=-0.154861, slope=8.38009e+08, intercept=-2.04603e+08

Interval 1457:
  Original: start=0.847093, slope=144158, intercept=-3375, x_refl=0, y_refl=0
  Quantized: start=-10021, slope=13086, intercept=-3375
  Recovered (relative): start=-0.152908, slope=8.57604e+08, intercept=-2.21184e+08

Interval 1458:
  Original: start=0.849047, slope=144457, intercept=-3629, x_refl=0, y_refl=0
  Quantized: start=-9893, slope=13385, intercept=-3629
  Recovered (relative): start=-0.150955, slope=8.77199e+08, intercept=-2.3783e+08

Interval 1459:
  Original: start=0.851001, slope=144757, intercept=-3884, x_refl=0, y_refl=0
  Quantized: start=-9765, slope=13685, intercept=-3884
  Recovered (relative): start=-0.149002, slope=8.9686e+08, intercept=-2.54542e+08

Interval 1460:
  Original: start=0.852956, slope=145057, intercept=-4140, x_refl=0, y_refl=0
  Quantized: start=-9637, slope=13985, intercept=-4140
  Recovered (relative): start=-0.147049, slope=9.16521e+08, intercept=-2.71319e+08

Interval 1461:
  Original: start=0.85491, slope=145358, intercept=-4398, x_refl=0, y_refl=0
  Quantized: start=-9509, slope=14286, intercept=-4398
  Recovered (relative): start=-0.145096, slope=9.36247e+08, intercept=-2.88227e+08

Interval 1462:
  Original: start=0.856864, slope=145660, intercept=-4656, x_refl=0, y_refl=0
  Quantized: start=-9381, slope=14588, intercept=-4656
  Recovered (relative): start=-0.143143, slope=9.56039e+08, intercept=-3.05136e+08

Interval 1463:
  Original: start=0.858818, slope=145962, intercept=-4916, x_refl=0, y_refl=0
  Quantized: start=-9253, slope=14890, intercept=-4916
  Recovered (relative): start=-0.14119, slope=9.75831e+08, intercept=-3.22175e+08

Interval 1464:
  Original: start=0.860772, slope=146265, intercept=-5177, x_refl=0, y_refl=0
  Quantized: start=-9124, slope=15193, intercept=-5177
  Recovered (relative): start=-0.139221, slope=9.95688e+08, intercept=-3.3928e+08

Interval 1465:
  Original: start=0.862726, slope=146569, intercept=-5438, x_refl=0, y_refl=0
  Quantized: start=-8996, slope=15497, intercept=-5438
  Recovered (relative): start=-0.137268, slope=1.01561e+09, intercept=-3.56385e+08

Interval 1466:
  Original: start=0.86468, slope=146873, intercept=-5701, x_refl=0, y_refl=0
  Quantized: start=-8868, slope=15801, intercept=-5701
  Recovered (relative): start=-0.135315, slope=1.03553e+09, intercept=-3.73621e+08

Interval 1467:
  Original: start=0.866634, slope=147177, intercept=-5965, x_refl=0, y_refl=0
  Quantized: start=-8740, slope=16105, intercept=-5965
  Recovered (relative): start=-0.133362, slope=1.05546e+09, intercept=-3.90922e+08

Interval 1468:
  Original: start=0.868588, slope=147483, intercept=-6230, x_refl=0, y_refl=0
  Quantized: start=-8612, slope=16411, intercept=-6230
  Recovered (relative): start=-0.131409, slope=1.07551e+09, intercept=-4.08289e+08

Interval 1469:
  Original: start=0.870542, slope=147788, intercept=-6497, x_refl=0, y_refl=0
  Quantized: start=-8484, slope=16716, intercept=-6497
  Recovered (relative): start=-0.129456, slope=1.0955e+09, intercept=-4.25787e+08

Interval 1470:
  Original: start=0.872496, slope=148095, intercept=-6764, x_refl=0, y_refl=0
  Quantized: start=-8356, slope=17023, intercept=-6764
  Recovered (relative): start=-0.127502, slope=1.11562e+09, intercept=-4.43286e+08

Interval 1471:
  Original: start=0.87445, slope=148402, intercept=-7033, x_refl=0, y_refl=0
  Quantized: start=-8228, slope=17330, intercept=-7033
  Recovered (relative): start=-0.125549, slope=1.13574e+09, intercept=-4.60915e+08

Interval 1472:
  Original: start=0.876404, slope=148710, intercept=-7302, x_refl=0, y_refl=0
  Quantized: start=-8100, slope=17638, intercept=-7302
  Recovered (relative): start=-0.123596, slope=1.15592e+09, intercept=-4.78544e+08

Interval 1473:
  Original: start=0.878359, slope=149018, intercept=-7573, x_refl=0, y_refl=0
  Quantized: start=-7972, slope=17946, intercept=-7573
  Recovered (relative): start=-0.121643, slope=1.17611e+09, intercept=-4.96304e+08

Interval 1474:
  Original: start=0.880313, slope=149327, intercept=-7845, x_refl=0, y_refl=0
  Quantized: start=-7844, slope=18255, intercept=-7845
  Recovered (relative): start=-0.11969, slope=1.19636e+09, intercept=-5.1413e+08

Interval 1475:
  Original: start=0.882267, slope=149636, intercept=-8118, x_refl=0, y_refl=0
  Quantized: start=-7716, slope=18564, intercept=-8118
  Recovered (relative): start=-0.117737, slope=1.21661e+09, intercept=-5.32021e+08

Interval 1476:
  Original: start=0.884221, slope=149946, intercept=-8392, x_refl=0, y_refl=0
  Quantized: start=-7588, slope=18874, intercept=-8392
  Recovered (relative): start=-0.115784, slope=1.23693e+09, intercept=-5.49978e+08

Interval 1477:
  Original: start=0.886175, slope=150257, intercept=-8667, x_refl=0, y_refl=0
  Quantized: start=-7460, slope=19185, intercept=-8667
  Recovered (relative): start=-0.113831, slope=1.25731e+09, intercept=-5.68001e+08

Interval 1478:
  Original: start=0.888129, slope=150568, intercept=-8944, x_refl=0, y_refl=0
  Quantized: start=-7332, slope=19496, intercept=-8944
  Recovered (relative): start=-0.111877, slope=1.27769e+09, intercept=-5.86154e+08

Interval 1479:
  Original: start=0.890083, slope=150880, intercept=-9221, x_refl=0, y_refl=0
  Quantized: start=-7204, slope=19808, intercept=-9221
  Recovered (relative): start=-0.109924, slope=1.29814e+09, intercept=-6.04307e+08

Interval 1480:
  Original: start=0.892037, slope=151192, intercept=-9500, x_refl=0, y_refl=0
  Quantized: start=-7075, slope=20120, intercept=-9500
  Recovered (relative): start=-0.107956, slope=1.31858e+09, intercept=-6.22592e+08

Interval 1481:
  Original: start=0.893991, slope=151506, intercept=-9780, x_refl=0, y_refl=0
  Quantized: start=-6947, slope=20434, intercept=-9780
  Recovered (relative): start=-0.106003, slope=1.33916e+09, intercept=-6.40942e+08

Interval 1482:
  Original: start=0.895945, slope=151819, intercept=-10061, x_refl=0, y_refl=0
  Quantized: start=-6819, slope=20747, intercept=-10061
  Recovered (relative): start=-0.10405, slope=1.35968e+09, intercept=-6.59358e+08

Interval 1483:
  Original: start=0.897899, slope=152134, intercept=-10343, x_refl=0, y_refl=0
  Quantized: start=-6691, slope=21062, intercept=-10343
  Recovered (relative): start=-0.102097, slope=1.38032e+09, intercept=-6.77839e+08

Interval 1484:
  Original: start=0.899853, slope=152448, intercept=-10627, x_refl=0, y_refl=0
  Quantized: start=-6563, slope=21376, intercept=-10627
  Recovered (relative): start=-0.100143, slope=1.4009e+09, intercept=-6.96451e+08

Interval 1485:
  Original: start=0.901808, slope=152764, intercept=-10911, x_refl=0, y_refl=0
  Quantized: start=-6435, slope=21692, intercept=-10911
  Recovered (relative): start=-0.0981903, slope=1.42161e+09, intercept=-7.15063e+08

Interval 1486:
  Original: start=0.903762, slope=153080, intercept=-11197, x_refl=0, y_refl=0
  Quantized: start=-6307, slope=22008, intercept=-11197
  Recovered (relative): start=-0.0962372, slope=1.44232e+09, intercept=-7.33807e+08

Interval 1487:
  Original: start=0.905716, slope=153397, intercept=-11484, x_refl=0, y_refl=0
  Quantized: start=-6179, slope=22325, intercept=-11484
  Recovered (relative): start=-0.0942841, slope=1.46309e+09, intercept=-7.52615e+08

Interval 1488:
  Original: start=0.90767, slope=153714, intercept=-11772, x_refl=0, y_refl=0
  Quantized: start=-6051, slope=22642, intercept=-11772
  Recovered (relative): start=-0.0923309, slope=1.48387e+09, intercept=-7.7149e+08

Interval 1489:
  Original: start=0.909624, slope=154032, intercept=-12061, x_refl=0, y_refl=0
  Quantized: start=-5923, slope=22960, intercept=-12061
  Recovered (relative): start=-0.0903778, slope=1.50471e+09, intercept=-7.9043e+08

Interval 1490:
  Original: start=0.911578, slope=154351, intercept=-12352, x_refl=0, y_refl=0
  Quantized: start=-5795, slope=23279, intercept=-12352
  Recovered (relative): start=-0.0884247, slope=1.52561e+09, intercept=-8.09501e+08

Interval 1491:
  Original: start=0.913532, slope=154670, intercept=-12643, x_refl=0, y_refl=0
  Quantized: start=-5667, slope=23598, intercept=-12643
  Recovered (relative): start=-0.0864716, slope=1.54652e+09, intercept=-8.28572e+08

Interval 1492:
  Original: start=0.915486, slope=154990, intercept=-12936, x_refl=0, y_refl=0
  Quantized: start=-5539, slope=23918, intercept=-12936
  Recovered (relative): start=-0.0845184, slope=1.56749e+09, intercept=-8.47774e+08

Interval 1493:
  Original: start=0.91744, slope=155311, intercept=-13230, x_refl=0, y_refl=0
  Quantized: start=-5411, slope=24239, intercept=-13230
  Recovered (relative): start=-0.0825653, slope=1.58853e+09, intercept=-8.67041e+08

Interval 1494:
  Original: start=0.919394, slope=155632, intercept=-13526, x_refl=0, y_refl=0
  Quantized: start=-5283, slope=24560, intercept=-13526
  Recovered (relative): start=-0.0806122, slope=1.60956e+09, intercept=-8.8644e+08

Interval 1495:
  Original: start=0.921348, slope=155954, intercept=-13822, x_refl=0, y_refl=0
  Quantized: start=-5155, slope=24882, intercept=-13822
  Recovered (relative): start=-0.0786591, slope=1.63067e+09, intercept=-9.05839e+08

Interval 1496:
  Original: start=0.923302, slope=156276, intercept=-14120, x_refl=0, y_refl=0
  Quantized: start=-5026, slope=25204, intercept=-14120
  Recovered (relative): start=-0.0766907, slope=1.65177e+09, intercept=-9.25368e+08

Interval 1497:
  Original: start=0.925256, slope=156599, intercept=-14419, x_refl=0, y_refl=0
  Quantized: start=-4898, slope=25527, intercept=-14419
  Recovered (relative): start=-0.0747375, slope=1.67294e+09, intercept=-9.44964e+08

Interval 1498:
  Original: start=0.927211, slope=156923, intercept=-14719, x_refl=0, y_refl=0
  Quantized: start=-4770, slope=25851, intercept=-14719
  Recovered (relative): start=-0.0727844, slope=1.69417e+09, intercept=-9.64624e+08

Interval 1499:
  Original: start=0.929165, slope=157247, intercept=-15020, x_refl=0, y_refl=0
  Quantized: start=-4642, slope=26175, intercept=-15020
  Recovered (relative): start=-0.0708313, slope=1.7154e+09, intercept=-9.84351e+08

Interval 1500:
  Original: start=0.931119, slope=157572, intercept=-15323, x_refl=0, y_refl=0
  Quantized: start=-4514, slope=26500, intercept=-15323
  Recovered (relative): start=-0.0688782, slope=1.7367e+09, intercept=-1.00421e+09

Interval 1501:
  Original: start=0.933073, slope=157898, intercept=-15626, x_refl=0, y_refl=0
  Quantized: start=-4386, slope=26826, intercept=-15626
  Recovered (relative): start=-0.066925, slope=1.75807e+09, intercept=-1.02407e+09

Interval 1502:
  Original: start=0.935027, slope=158224, intercept=-15931, x_refl=0, y_refl=0
  Quantized: start=-4258, slope=27152, intercept=-15931
  Recovered (relative): start=-0.0649719, slope=1.77943e+09, intercept=-1.04405e+09

Interval 1503:
  Original: start=0.936981, slope=158551, intercept=-16238, x_refl=0, y_refl=0
  Quantized: start=-4130, slope=27479, intercept=-16238
  Recovered (relative): start=-0.0630188, slope=1.80086e+09, intercept=-1.06417e+09

Interval 1504:
  Original: start=0.938935, slope=158878, intercept=-16545, x_refl=0, y_refl=0
  Quantized: start=-4002, slope=27806, intercept=-16545
  Recovered (relative): start=-0.0610657, slope=1.82229e+09, intercept=-1.08429e+09

Interval 1505:
  Original: start=0.940889, slope=159206, intercept=-16854, x_refl=0, y_refl=0
  Quantized: start=-3874, slope=28134, intercept=-16854
  Recovered (relative): start=-0.0591125, slope=1.84379e+09, intercept=-1.10454e+09

Interval 1506:
  Original: start=0.942843, slope=159535, intercept=-17164, x_refl=0, y_refl=0
  Quantized: start=-3746, slope=28463, intercept=-17164
  Recovered (relative): start=-0.0571594, slope=1.86535e+09, intercept=-1.12486e+09

Interval 1507:
  Original: start=0.944797, slope=159865, intercept=-17475, x_refl=0, y_refl=0
  Quantized: start=-3618, slope=28793, intercept=-17475
  Recovered (relative): start=-0.0552063, slope=1.88698e+09, intercept=-1.14524e+09

Interval 1508:
  Original: start=0.946751, slope=160195, intercept=-17788, x_refl=0, y_refl=0
  Quantized: start=-3490, slope=29123, intercept=-17788
  Recovered (relative): start=-0.0532532, slope=1.9086e+09, intercept=-1.16575e+09

Interval 1509:
  Original: start=0.948705, slope=160525, intercept=-18101, x_refl=0, y_refl=0
  Quantized: start=-3362, slope=29453, intercept=-18101
  Recovered (relative): start=-0.0513, slope=1.93023e+09, intercept=-1.18627e+09

Interval 1510:
  Original: start=0.950659, slope=160857, intercept=-18416, x_refl=0, y_refl=0
  Quantized: start=-3234, slope=29785, intercept=-18416
  Recovered (relative): start=-0.0493469, slope=1.95199e+09, intercept=-1.20691e+09

Interval 1511:
  Original: start=0.952614, slope=161189, intercept=-18733, x_refl=0, y_refl=0
  Quantized: start=-3106, slope=30117, intercept=-18733
  Recovered (relative): start=-0.0473938, slope=1.97375e+09, intercept=-1.22769e+09

Interval 1512:
  Original: start=0.954568, slope=161521, intercept=-19050, x_refl=0, y_refl=0
  Quantized: start=-2977, slope=30449, intercept=-19050
  Recovered (relative): start=-0.0454254, slope=1.99551e+09, intercept=-1.24846e+09

Interval 1513:
  Original: start=0.956522, slope=161855, intercept=-19369, x_refl=0, y_refl=0
  Quantized: start=-2849, slope=30783, intercept=-19369
  Recovered (relative): start=-0.0434723, slope=2.01739e+09, intercept=-1.26937e+09

Interval 1514:
  Original: start=0.958476, slope=162189, intercept=-19689, x_refl=0, y_refl=0
  Quantized: start=-2721, slope=31117, intercept=-19689
  Recovered (relative): start=-0.0415192, slope=2.03928e+09, intercept=-1.29034e+09

Interval 1515:
  Original: start=0.96043, slope=162523, intercept=-20010, x_refl=0, y_refl=0
  Quantized: start=-2593, slope=31451, intercept=-20010
  Recovered (relative): start=-0.039566, slope=2.06117e+09, intercept=-1.31138e+09

Interval 1516:
  Original: start=0.962384, slope=162858, intercept=-20333, x_refl=0, y_refl=0
  Quantized: start=-2465, slope=31786, intercept=-20333
  Recovered (relative): start=-0.0376129, slope=2.08313e+09, intercept=-1.33254e+09

Interval 1517:
  Original: start=0.964338, slope=163194, intercept=-20657, x_refl=0, y_refl=0
  Quantized: start=-2337, slope=32122, intercept=-20657
  Recovered (relative): start=-0.0356598, slope=2.10515e+09, intercept=-1.35378e+09

Interval 1518:
  Original: start=0.966292, slope=163531, intercept=-20982, x_refl=0, y_refl=0
  Quantized: start=-2209, slope=32459, intercept=-20982
  Recovered (relative): start=-0.0337067, slope=2.12723e+09, intercept=-1.37508e+09

Interval 1519:
  Original: start=0.968246, slope=163868, intercept=-21309, x_refl=0, y_refl=0
  Quantized: start=-2081, slope=-32740, intercept=-21309
  Recovered (relative): start=-0.0317535, slope=-2.14565e+09, intercept=-1.39651e+09

Interval 1520:
  Original: start=0.9702, slope=164206, intercept=-21637, x_refl=0, y_refl=0
  Quantized: start=-1953, slope=-32402, intercept=-21637
  Recovered (relative): start=-0.0298004, slope=-2.1235e+09, intercept=-1.418e+09

Interval 1521:
  Original: start=0.972154, slope=164545, intercept=-21966, x_refl=0, y_refl=0
  Quantized: start=-1825, slope=-32063, intercept=-21966
  Recovered (relative): start=-0.0278473, slope=-2.10128e+09, intercept=-1.43956e+09

Interval 1522:
  Original: start=0.974108, slope=164884, intercept=-22296, x_refl=0, y_refl=0
  Quantized: start=-1697, slope=-31724, intercept=-22296
  Recovered (relative): start=-0.0258942, slope=-2.07906e+09, intercept=-1.46119e+09

Interval 1523:
  Original: start=0.976063, slope=165224, intercept=-22628, x_refl=0, y_refl=0
  Quantized: start=-1569, slope=-31384, intercept=-22628
  Recovered (relative): start=-0.023941, slope=-2.05678e+09, intercept=-1.48295e+09

Interval 1524:
  Original: start=0.978017, slope=165564, intercept=-22961, x_refl=0, y_refl=0
  Quantized: start=-1441, slope=-31044, intercept=-22961
  Recovered (relative): start=-0.0219879, slope=-2.0345e+09, intercept=-1.50477e+09

Interval 1525:
  Original: start=0.979971, slope=165905, intercept=-23295, x_refl=0, y_refl=0
  Quantized: start=-1313, slope=-30703, intercept=-23295
  Recovered (relative): start=-0.0200348, slope=-2.01215e+09, intercept=-1.52666e+09

Interval 1526:
  Original: start=0.981925, slope=166247, intercept=-23631, x_refl=0, y_refl=0
  Quantized: start=-1185, slope=-30361, intercept=-23631
  Recovered (relative): start=-0.0180817, slope=-1.98974e+09, intercept=-1.54868e+09

Interval 1527:
  Original: start=0.983879, slope=166590, intercept=-23968, x_refl=0, y_refl=0
  Quantized: start=-1057, slope=-30018, intercept=-23968
  Recovered (relative): start=-0.0161285, slope=-1.96726e+09, intercept=-1.57077e+09

Interval 1528:
  Original: start=0.985833, slope=166933, intercept=-24306, x_refl=0, y_refl=0
  Quantized: start=-928, slope=-29675, intercept=-24306
  Recovered (relative): start=-0.0141602, slope=-1.94478e+09, intercept=-1.59292e+09

Interval 1529:
  Original: start=0.987787, slope=167277, intercept=-24646, x_refl=0, y_refl=0
  Quantized: start=-800, slope=-29331, intercept=-24646
  Recovered (relative): start=-0.012207, slope=-1.92224e+09, intercept=-1.6152e+09

Interval 1530:
  Original: start=0.989741, slope=167621, intercept=-24987, x_refl=0, y_refl=0
  Quantized: start=-672, slope=-28987, intercept=-24987
  Recovered (relative): start=-0.0102539, slope=-1.89969e+09, intercept=-1.63755e+09

Interval 1531:
  Original: start=0.991695, slope=167967, intercept=-25329, x_refl=0, y_refl=0
  Quantized: start=-544, slope=-28641, intercept=-25329
  Recovered (relative): start=-0.00830078, slope=-1.87702e+09, intercept=-1.65996e+09

Interval 1532:
  Original: start=0.993649, slope=168313, intercept=-25673, x_refl=0, y_refl=0
  Quantized: start=-416, slope=-28295, intercept=-25673
  Recovered (relative): start=-0.00634766, slope=-1.85434e+09, intercept=-1.68251e+09

Interval 1533:
  Original: start=0.995603, slope=168659, intercept=-26018, x_refl=0, y_refl=0
  Quantized: start=-288, slope=-27949, intercept=-26018
  Recovered (relative): start=-0.00439453, slope=-1.83167e+09, intercept=-1.70512e+09

Interval 1534:
  Original: start=0.997557, slope=169006, intercept=-26365, x_refl=0, y_refl=0
  Quantized: start=-160, slope=-27602, intercept=-26365
  Recovered (relative): start=-0.00244141, slope=-1.80892e+09, intercept=-1.72786e+09

Interval 1535:
  Original: start=0.999511, slope=169354, intercept=-26712, x_refl=0, y_refl=0
  Quantized: start=-32, slope=-27254, intercept=-26712
  Recovered (relative): start=-0.000488281, slope=-1.78612e+09, intercept=-1.7506e+09

Interval 1536:
  Original: start=1.00147, slope=169703, intercept=-27061, x_refl=0, y_refl=0
  Quantized: start=96, slope=-26905, intercept=-27061
  Recovered (relative): start=0.00146484, slope=-1.76325e+09, intercept=-1.77347e+09

Interval 1537:
  Original: start=1.00342, slope=170052, intercept=-27412, x_refl=0, y_refl=0
  Quantized: start=224, slope=-26556, intercept=-27412
  Recovered (relative): start=0.00341797, slope=-1.74037e+09, intercept=-1.79647e+09

Interval 1538:
  Original: start=1.00537, slope=170402, intercept=-27764, x_refl=0, y_refl=0
  Quantized: start=352, slope=-26206, intercept=-27764
  Recovered (relative): start=0.00537109, slope=-1.71744e+09, intercept=-1.81954e+09

Interval 1539:
  Original: start=1.00733, slope=170753, intercept=-28117, x_refl=0, y_refl=0
  Quantized: start=480, slope=-25855, intercept=-28117
  Recovered (relative): start=0.00732422, slope=-1.69443e+09, intercept=-1.84268e+09

Interval 1540:
  Original: start=1.00928, slope=171104, intercept=-28472, x_refl=0, y_refl=0
  Quantized: start=608, slope=-25504, intercept=-28472
  Recovered (relative): start=0.00927734, slope=-1.67143e+09, intercept=-1.86594e+09

Interval 1541:
  Original: start=1.01124, slope=171456, intercept=-28828, x_refl=0, y_refl=0
  Quantized: start=736, slope=-25152, intercept=-28828
  Recovered (relative): start=0.0112305, slope=-1.64836e+09, intercept=-1.88927e+09

Interval 1542:
  Original: start=1.01319, slope=171809, intercept=-29185, x_refl=0, y_refl=0
  Quantized: start=864, slope=-24799, intercept=-29185
  Recovered (relative): start=0.0131836, slope=-1.62523e+09, intercept=-1.91267e+09

Interval 1543:
  Original: start=1.01514, slope=172163, intercept=-29544, x_refl=0, y_refl=0
  Quantized: start=992, slope=-24445, intercept=-29544
  Recovered (relative): start=0.0151367, slope=-1.60203e+09, intercept=-1.9362e+09

Interval 1544:
  Original: start=1.0171, slope=172517, intercept=-29904, x_refl=0, y_refl=0
  Quantized: start=1121, slope=-24091, intercept=-29904
  Recovered (relative): start=0.0171051, slope=-1.57883e+09, intercept=-1.95979e+09

Interval 1545:
  Original: start=1.01905, slope=172871, intercept=-30266, x_refl=0, y_refl=0
  Quantized: start=1249, slope=-23737, intercept=-30266
  Recovered (relative): start=0.0190582, slope=-1.55563e+09, intercept=-1.98351e+09

Interval 1546:
  Original: start=1.02101, slope=173227, intercept=-30629, x_refl=0, y_refl=0
  Quantized: start=1377, slope=-23381, intercept=-30629
  Recovered (relative): start=0.0210114, slope=-1.5323e+09, intercept=-2.0073e+09

Interval 1547:
  Original: start=1.02296, slope=173583, intercept=-30993, x_refl=0, y_refl=0
  Quantized: start=1505, slope=-23025, intercept=-30993
  Recovered (relative): start=0.0229645, slope=-1.50897e+09, intercept=-2.03116e+09

Interval 1548:
  Original: start=1.02491, slope=173940, intercept=-31359, x_refl=0, y_refl=0
  Quantized: start=1633, slope=-22668, intercept=-31359
  Recovered (relative): start=0.0249176, slope=-1.48557e+09, intercept=-2.05514e+09

Interval 1549:
  Original: start=1.02687, slope=174298, intercept=-31726, x_refl=0, y_refl=0
  Quantized: start=1761, slope=-22310, intercept=-31726
  Recovered (relative): start=0.0268707, slope=-1.46211e+09, intercept=-2.0792e+09

Interval 1550:
  Original: start=1.02882, slope=174656, intercept=-32095, x_refl=0, y_refl=0
  Quantized: start=1889, slope=-21952, intercept=-32095
  Recovered (relative): start=0.0288239, slope=-1.43865e+09, intercept=-2.10338e+09

Interval 1551:
  Original: start=1.03078, slope=175015, intercept=-32465, x_refl=0, y_refl=0
  Quantized: start=2017, slope=-21593, intercept=-32465
  Recovered (relative): start=0.030777, slope=-1.41512e+09, intercept=-2.12763e+09

Interval 1552:
  Original: start=1.03273, slope=175375, intercept=-32836, x_refl=0, y_refl=0
  Quantized: start=2145, slope=-21233, intercept=32700
  Recovered (relative): start=0.0327301, slope=-1.39153e+09, intercept=2.14303e+09

Interval 1553:
  Original: start=1.03468, slope=175735, intercept=-33209, x_refl=0, y_refl=0
  Quantized: start=2273, slope=-20873, intercept=32327
  Recovered (relative): start=0.0346832, slope=-1.36793e+09, intercept=2.11858e+09

Interval 1554:
  Original: start=1.03664, slope=176096, intercept=-33583, x_refl=0, y_refl=0
  Quantized: start=2401, slope=-20512, intercept=31953
  Recovered (relative): start=0.0366364, slope=-1.34427e+09, intercept=2.09407e+09

Interval 1555:
  Original: start=1.03859, slope=176458, intercept=-33959, x_refl=0, y_refl=0
  Quantized: start=2529, slope=-20150, intercept=31577
  Recovered (relative): start=0.0385895, slope=-1.32055e+09, intercept=2.06943e+09

Interval 1556:
  Original: start=1.04055, slope=176820, intercept=-34336, x_refl=0, y_refl=0
  Quantized: start=2657, slope=-19788, intercept=31200
  Recovered (relative): start=0.0405426, slope=-1.29683e+09, intercept=2.04472e+09

Interval 1557:
  Original: start=1.0425, slope=177184, intercept=-34715, x_refl=0, y_refl=0
  Quantized: start=2785, slope=-19424, intercept=30821
  Recovered (relative): start=0.0424957, slope=-1.27297e+09, intercept=2.01989e+09

Interval 1558:
  Original: start=1.04446, slope=177548, intercept=-35095, x_refl=0, y_refl=0
  Quantized: start=2913, slope=-19060, intercept=30441
  Recovered (relative): start=0.0444489, slope=-1.24912e+09, intercept=1.99498e+09

Interval 1559:
  Original: start=1.04641, slope=177912, intercept=-35477, x_refl=0, y_refl=0
  Quantized: start=3041, slope=-18696, intercept=30059
  Recovered (relative): start=0.046402, slope=-1.22526e+09, intercept=1.96995e+09

Interval 1560:
  Original: start=1.04836, slope=178278, intercept=-35860, x_refl=0, y_refl=0
  Quantized: start=3170, slope=-18330, intercept=29676
  Recovered (relative): start=0.0483704, slope=-1.20127e+09, intercept=1.94485e+09

Interval 1561:
  Original: start=1.05032, slope=178644, intercept=-36244, x_refl=0, y_refl=0
  Quantized: start=3298, slope=-17964, intercept=29292
  Recovered (relative): start=0.0503235, slope=-1.17729e+09, intercept=1.91968e+09

Interval 1562:
  Original: start=1.05227, slope=179010, intercept=-36630, x_refl=0, y_refl=0
  Quantized: start=3426, slope=-17598, intercept=28906
  Recovered (relative): start=0.0522766, slope=-1.1533e+09, intercept=1.89438e+09

Interval 1563:
  Original: start=1.05423, slope=179378, intercept=-37018, x_refl=0, y_refl=0
  Quantized: start=3554, slope=-17230, intercept=28518
  Recovered (relative): start=0.0542297, slope=-1.12919e+09, intercept=1.86896e+09

Interval 1564:
  Original: start=1.05618, slope=179746, intercept=-37406, x_refl=0, y_refl=0
  Quantized: start=3682, slope=-16862, intercept=28130
  Recovered (relative): start=0.0561829, slope=-1.10507e+09, intercept=1.84353e+09

Interval 1565:
  Original: start=1.05813, slope=180115, intercept=-37797, x_refl=0, y_refl=0
  Quantized: start=3810, slope=-16493, intercept=27739
  Recovered (relative): start=0.058136, slope=-1.08089e+09, intercept=1.8179e+09

Interval 1566:
  Original: start=1.06009, slope=180485, intercept=-38189, x_refl=0, y_refl=0
  Quantized: start=3938, slope=-16123, intercept=27347
  Recovered (relative): start=0.0600891, slope=-1.05664e+09, intercept=1.79221e+09

Interval 1567:
  Original: start=1.06204, slope=180855, intercept=-38582, x_refl=0, y_refl=0
  Quantized: start=4066, slope=-15753, intercept=26954
  Recovered (relative): start=0.0620422, slope=-1.03239e+09, intercept=1.76646e+09

Interval 1568:
  Original: start=1.064, slope=181226, intercept=-38977, x_refl=0, y_refl=0
  Quantized: start=4194, slope=-15382, intercept=26559
  Recovered (relative): start=0.0639954, slope=-1.00807e+09, intercept=1.74057e+09

Interval 1569:
  Original: start=1.06595, slope=181598, intercept=-39373, x_refl=0, y_refl=0
  Quantized: start=4322, slope=-15010, intercept=26163
  Recovered (relative): start=0.0659485, slope=-9.83695e+08, intercept=1.71462e+09

Interval 1570:
  Original: start=1.0679, slope=181971, intercept=-39771, x_refl=0, y_refl=0
  Quantized: start=4450, slope=-14637, intercept=25765
  Recovered (relative): start=0.0679016, slope=-9.5925e+08, intercept=1.68854e+09

Interval 1571:
  Original: start=1.06986, slope=182344, intercept=-40171, x_refl=0, y_refl=0
  Quantized: start=4578, slope=-14264, intercept=25365
  Recovered (relative): start=0.0698547, slope=-9.34806e+08, intercept=1.66232e+09

Interval 1572:
  Original: start=1.07181, slope=182718, intercept=-40571, x_refl=0, y_refl=0
  Quantized: start=4706, slope=-13890, intercept=24965
  Recovered (relative): start=0.0718079, slope=-9.10295e+08, intercept=1.63611e+09

Interval 1573:
  Original: start=1.07377, slope=183093, intercept=-40974, x_refl=0, y_refl=0
  Quantized: start=4834, slope=-13515, intercept=24562
  Recovered (relative): start=0.073761, slope=-8.85719e+08, intercept=1.6097e+09

Interval 1574:
  Original: start=1.07572, slope=183468, intercept=-41378, x_refl=0, y_refl=0
  Quantized: start=4962, slope=-13140, intercept=24158
  Recovered (relative): start=0.0757141, slope=-8.61143e+08, intercept=1.58322e+09

Interval 1575:
  Original: start=1.07767, slope=183845, intercept=-41783, x_refl=0, y_refl=0
  Quantized: start=5090, slope=-12763, intercept=23753
  Recovered (relative): start=0.0776672, slope=-8.36436e+08, intercept=1.55668e+09

Interval 1576:
  Original: start=1.07963, slope=184221, intercept=-42190, x_refl=0, y_refl=0
  Quantized: start=5219, slope=-12387, intercept=23346
  Recovered (relative): start=0.0796356, slope=-8.11794e+08, intercept=1.53e+09

Interval 1577:
  Original: start=1.08158, slope=184599, intercept=-42599, x_refl=0, y_refl=0
  Quantized: start=5347, slope=-12009, intercept=22937
  Recovered (relative): start=0.0815887, slope=-7.87022e+08, intercept=1.5032e+09

Interval 1578:
  Original: start=1.08354, slope=184978, intercept=-43009, x_refl=0, y_refl=0
  Quantized: start=5475, slope=-11630, intercept=22527
  Recovered (relative): start=0.0835419, slope=-7.62184e+08, intercept=1.47633e+09

Interval 1579:
  Original: start=1.08549, slope=185357, intercept=-43420, x_refl=0, y_refl=0
  Quantized: start=5603, slope=-11251, intercept=22116
  Recovered (relative): start=0.085495, slope=-7.37346e+08, intercept=1.44939e+09

Interval 1580:
  Original: start=1.08745, slope=185737, intercept=-43834, x_refl=0, y_refl=0
  Quantized: start=5731, slope=-10871, intercept=21702
  Recovered (relative): start=0.0874481, slope=-7.12442e+08, intercept=1.42226e+09

Interval 1581:
  Original: start=1.0894, slope=186117, intercept=-44248, x_refl=0, y_refl=0
  Quantized: start=5859, slope=-10491, intercept=21288
  Recovered (relative): start=0.0894012, slope=-6.87538e+08, intercept=1.39513e+09

Interval 1582:
  Original: start=1.09135, slope=186499, intercept=-44664, x_refl=0, y_refl=0
  Quantized: start=5987, slope=-10109, intercept=20872
  Recovered (relative): start=0.0913544, slope=-6.62503e+08, intercept=1.36787e+09

Interval 1583:
  Original: start=1.09331, slope=186881, intercept=-45082, x_refl=0, y_refl=0
  Quantized: start=6115, slope=-9727, intercept=20454
  Recovered (relative): start=0.0933075, slope=-6.37469e+08, intercept=1.34047e+09

Interval 1584:
  Original: start=1.09526, slope=187264, intercept=-45502, x_refl=0, y_refl=0
  Quantized: start=6243, slope=-9344, intercept=20034
  Recovered (relative): start=0.0952606, slope=-6.12368e+08, intercept=1.31295e+09

Interval 1585:
  Original: start=1.09722, slope=187648, intercept=-45923, x_refl=0, y_refl=0
  Quantized: start=6371, slope=-8960, intercept=19613
  Recovered (relative): start=0.0972137, slope=-5.87203e+08, intercept=1.28536e+09

Interval 1586:
  Original: start=1.09917, slope=188032, intercept=-46345, x_refl=0, y_refl=0
  Quantized: start=6499, slope=-8576, intercept=19191
  Recovered (relative): start=0.0991669, slope=-5.62037e+08, intercept=1.2577e+09

Interval 1587:
  Original: start=1.10112, slope=188417, intercept=-46769, x_refl=0, y_refl=0
  Quantized: start=6627, slope=-8191, intercept=18767
  Recovered (relative): start=0.10112, slope=-5.36805e+08, intercept=1.22991e+09

Interval 1588:
  Original: start=1.10308, slope=188803, intercept=-47195, x_refl=0, y_refl=0
  Quantized: start=6755, slope=-7805, intercept=18341
  Recovered (relative): start=0.103073, slope=-5.11508e+08, intercept=1.202e+09

Interval 1589:
  Original: start=1.10503, slope=189190, intercept=-47622, x_refl=0, y_refl=0
  Quantized: start=6883, slope=-7418, intercept=17914
  Recovered (relative): start=0.105026, slope=-4.86146e+08, intercept=1.17401e+09

Interval 1590:
  Original: start=1.10699, slope=189577, intercept=-48051, x_refl=0, y_refl=0
  Quantized: start=7011, slope=-7031, intercept=17485
  Recovered (relative): start=0.106979, slope=-4.60784e+08, intercept=1.1459e+09

Interval 1591:
  Original: start=1.10894, slope=189965, intercept=-48482, x_refl=0, y_refl=0
  Quantized: start=7139, slope=-6643, intercept=17054
  Recovered (relative): start=0.108932, slope=-4.35356e+08, intercept=1.11765e+09

Interval 1592:
  Original: start=1.11089, slope=190354, intercept=-48914, x_refl=0, y_refl=0
  Quantized: start=7268, slope=-6254, intercept=16622
  Recovered (relative): start=0.110901, slope=-4.09862e+08, intercept=1.08934e+09

Interval 1593:
  Original: start=1.11285, slope=190744, intercept=-49347, x_refl=0, y_refl=0
  Quantized: start=7396, slope=-5864, intercept=16189
  Recovered (relative): start=0.112854, slope=-3.84303e+08, intercept=1.06096e+09

Interval 1594:
  Original: start=1.1148, slope=191134, intercept=-49783, x_refl=0, y_refl=0
  Quantized: start=7524, slope=-5474, intercept=15753
  Recovered (relative): start=0.114807, slope=-3.58744e+08, intercept=1.03239e+09

Interval 1595:
  Original: start=1.11676, slope=191526, intercept=-50219, x_refl=0, y_refl=0
  Quantized: start=7652, slope=-5082, intercept=15317
  Recovered (relative): start=0.11676, slope=-3.33054e+08, intercept=1.00381e+09

Interval 1596:
  Original: start=1.11871, slope=191918, intercept=-50658, x_refl=0, y_refl=0
  Quantized: start=7780, slope=-4690, intercept=14878
  Recovered (relative): start=0.118713, slope=-3.07364e+08, intercept=9.75045e+08

Interval 1597:
  Original: start=1.12066, slope=192310, intercept=-51098, x_refl=0, y_refl=0
  Quantized: start=7908, slope=-4298, intercept=14438
  Recovered (relative): start=0.120667, slope=-2.81674e+08, intercept=9.46209e+08

Interval 1598:
  Original: start=1.12262, slope=192704, intercept=-51540, x_refl=0, y_refl=0
  Quantized: start=8036, slope=-3904, intercept=13996
  Recovered (relative): start=0.12262, slope=-2.55853e+08, intercept=9.17242e+08

Interval 1599:
  Original: start=1.12457, slope=193098, intercept=-51983, x_refl=0, y_refl=0
  Quantized: start=8164, slope=-3510, intercept=13553
  Recovered (relative): start=0.124573, slope=-2.30031e+08, intercept=8.88209e+08

Interval 1600:
  Original: start=1.12653, slope=193493, intercept=-52428, x_refl=0, y_refl=0
  Quantized: start=8292, slope=-3115, intercept=13108
  Recovered (relative): start=0.126526, slope=-2.04145e+08, intercept=8.59046e+08

Interval 1601:
  Original: start=1.12848, slope=193889, intercept=-52875, x_refl=0, y_refl=0
  Quantized: start=8420, slope=-2719, intercept=12661
  Recovered (relative): start=0.128479, slope=-1.78192e+08, intercept=8.29751e+08

Interval 1602:
  Original: start=1.13043, slope=194286, intercept=-53323, x_refl=0, y_refl=0
  Quantized: start=8548, slope=-2322, intercept=12213
  Recovered (relative): start=0.130432, slope=-1.52175e+08, intercept=8.00391e+08

Interval 1603:
  Original: start=1.13239, slope=194683, intercept=-53773, x_refl=0, y_refl=0
  Quantized: start=8676, slope=-1925, intercept=11763
  Recovered (relative): start=0.132385, slope=-1.26157e+08, intercept=7.709e+08

Interval 1604:
  Original: start=1.13434, slope=195081, intercept=-54225, x_refl=0, y_refl=0
  Quantized: start=8804, slope=-1527, intercept=11311
  Recovered (relative): start=0.134338, slope=-1.00073e+08, intercept=7.41278e+08

Interval 1605:
  Original: start=1.1363, slope=195480, intercept=-54678, x_refl=0, y_refl=0
  Quantized: start=8932, slope=-1128, intercept=10858
  Recovered (relative): start=0.136292, slope=-7.39246e+07, intercept=7.1159e+08

Interval 1606:
  Original: start=1.13825, slope=195880, intercept=-55133, x_refl=0, y_refl=0
  Quantized: start=9060, slope=-728, intercept=10403
  Recovered (relative): start=0.138245, slope=-4.77102e+07, intercept=6.81771e+08

Interval 1607:
  Original: start=1.14021, slope=196280, intercept=-55590, x_refl=0, y_refl=0
  Quantized: start=9188, slope=-328, intercept=9946
  Recovered (relative): start=0.140198, slope=-2.14958e+07, intercept=6.51821e+08

Interval 1608:
  Original: start=1.14216, slope=196682, intercept=-56048, x_refl=0, y_refl=0
  Quantized: start=9317, slope=74, intercept=9488
  Recovered (relative): start=0.142166, slope=4.84966e+06, intercept=6.21806e+08

Interval 1609:
  Original: start=1.14411, slope=197084, intercept=-56508, x_refl=0, y_refl=0
  Quantized: start=9445, slope=476, intercept=9028
  Recovered (relative): start=0.144119, slope=3.11951e+07, intercept=5.91659e+08

Interval 1610:
  Original: start=1.14607, slope=197487, intercept=-56970, x_refl=0, y_refl=0
  Quantized: start=9573, slope=879, intercept=8566
  Recovered (relative): start=0.146072, slope=5.76061e+07, intercept=5.61381e+08

Interval 1611:
  Original: start=1.14802, slope=197890, intercept=-57433, x_refl=0, y_refl=0
  Quantized: start=9701, slope=1282, intercept=8103
  Recovered (relative): start=0.148026, slope=8.40172e+07, intercept=5.31038e+08

Interval 1612:
  Original: start=1.14998, slope=198295, intercept=-57899, x_refl=0, y_refl=0
  Quantized: start=9829, slope=1687, intercept=7637
  Recovered (relative): start=0.149979, slope=1.10559e+08, intercept=5.00498e+08

Interval 1613:
  Original: start=1.15193, slope=198700, intercept=-58365, x_refl=0, y_refl=0
  Quantized: start=9957, slope=2092, intercept=7171
  Recovered (relative): start=0.151932, slope=1.37101e+08, intercept=4.69959e+08

Interval 1614:
  Original: start=1.15388, slope=199106, intercept=-58834, x_refl=0, y_refl=0
  Quantized: start=10085, slope=2498, intercept=6702
  Recovered (relative): start=0.153885, slope=1.63709e+08, intercept=4.39222e+08

Interval 1615:
  Original: start=1.15584, slope=199513, intercept=-59304, x_refl=0, y_refl=0
  Quantized: start=10213, slope=2905, intercept=6232
  Recovered (relative): start=0.155838, slope=1.90382e+08, intercept=4.0842e+08

Interval 1616:
  Original: start=1.15779, slope=199920, intercept=-59776, x_refl=0, y_refl=0
  Quantized: start=10341, slope=3312, intercept=5760
  Recovered (relative): start=0.157791, slope=2.17055e+08, intercept=3.77487e+08

Interval 1617:
  Original: start=1.15975, slope=200329, intercept=-60250, x_refl=0, y_refl=0
  Quantized: start=10469, slope=3721, intercept=5286
  Recovered (relative): start=0.159744, slope=2.43859e+08, intercept=3.46423e+08

Interval 1618:
  Original: start=1.1617, slope=200738, intercept=-60725, x_refl=0, y_refl=0
  Quantized: start=10597, slope=4130, intercept=4811
  Recovered (relative): start=0.161697, slope=2.70664e+08, intercept=3.15294e+08

Interval 1619:
  Original: start=1.16365, slope=201148, intercept=-61202, x_refl=0, y_refl=0
  Quantized: start=10725, slope=4540, intercept=4334
  Recovered (relative): start=0.163651, slope=2.97533e+08, intercept=2.84033e+08

Interval 1620:
  Original: start=1.16561, slope=201559, intercept=-61681, x_refl=0, y_refl=0
  Quantized: start=10853, slope=4951, intercept=3855
  Recovered (relative): start=0.165604, slope=3.24469e+08, intercept=2.52641e+08

Interval 1621:
  Original: start=1.16756, slope=201970, intercept=-62162, x_refl=0, y_refl=0
  Quantized: start=10981, slope=5362, intercept=3374
  Recovered (relative): start=0.167557, slope=3.51404e+08, intercept=2.21118e+08

Interval 1622:
  Original: start=1.16952, slope=202383, intercept=-62644, x_refl=0, y_refl=0
  Quantized: start=11109, slope=5775, intercept=2892
  Recovered (relative): start=0.16951, slope=3.7847e+08, intercept=1.8953e+08

Interval 1623:
  Original: start=1.17147, slope=202796, intercept=-63128, x_refl=0, y_refl=0
  Quantized: start=11237, slope=6188, intercept=2408
  Recovered (relative): start=0.171463, slope=4.05537e+08, intercept=1.57811e+08

Interval 1624:
  Original: start=1.17342, slope=203210, intercept=-63614, x_refl=0, y_refl=0
  Quantized: start=11366, slope=6602, intercept=1922
  Recovered (relative): start=0.173431, slope=4.32669e+08, intercept=1.2596e+08

Interval 1625:
  Original: start=1.17538, slope=203625, intercept=-64101, x_refl=0, y_refl=0
  Quantized: start=11494, slope=7017, intercept=1435
  Recovered (relative): start=0.175385, slope=4.59866e+08, intercept=9.40442e+07

Interval 1626:
  Original: start=1.17733, slope=204041, intercept=-64591, x_refl=0, y_refl=0
  Quantized: start=11622, slope=7433, intercept=945
  Recovered (relative): start=0.177338, slope=4.87129e+08, intercept=6.19315e+07

Interval 1627:
  Original: start=1.17929, slope=204457, intercept=-65082, x_refl=0, y_refl=0
  Quantized: start=11750, slope=7849, intercept=454
  Recovered (relative): start=0.179291, slope=5.14392e+08, intercept=2.97533e+07

Interval 1628:
  Original: start=1.18124, slope=204874, intercept=-65575, x_refl=0, y_refl=0
  Quantized: start=11878, slope=8266, intercept=-39
  Recovered (relative): start=0.181244, slope=5.41721e+08, intercept=-2.5559e+06

Interval 1629:
  Original: start=1.18319, slope=205292, intercept=-66069, x_refl=0, y_refl=0
  Quantized: start=12006, slope=8684, intercept=-533
  Recovered (relative): start=0.183197, slope=5.69115e+08, intercept=-3.49307e+07

Interval 1630:
  Original: start=1.18515, slope=205711, intercept=-66566, x_refl=0, y_refl=0
  Quantized: start=12134, slope=9103, intercept=-1030
  Recovered (relative): start=0.18515, slope=5.96574e+08, intercept=-6.75021e+07

Interval 1631:
  Original: start=1.1871, slope=206131, intercept=-67064, x_refl=0, y_refl=0
  Quantized: start=12262, slope=9523, intercept=-1528
  Recovered (relative): start=0.187103, slope=6.24099e+08, intercept=-1.00139e+08

Interval 1632:
  Original: start=1.18906, slope=206552, intercept=-67564, x_refl=0, y_refl=0
  Quantized: start=12390, slope=9944, intercept=-2028
  Recovered (relative): start=0.189056, slope=6.5169e+08, intercept=-1.32907e+08

Interval 1633:
  Original: start=1.19101, slope=206973, intercept=-68066, x_refl=0, y_refl=0
  Quantized: start=12518, slope=10365, intercept=-2530
  Recovered (relative): start=0.19101, slope=6.79281e+08, intercept=-1.65806e+08

Interval 1634:
  Original: start=1.19297, slope=207395, intercept=-68570, x_refl=0, y_refl=0
  Quantized: start=12646, slope=10787, intercept=-3034
  Recovered (relative): start=0.192963, slope=7.06937e+08, intercept=-1.98836e+08

Interval 1635:
  Original: start=1.19492, slope=207818, intercept=-69075, x_refl=0, y_refl=0
  Quantized: start=12774, slope=11210, intercept=-3539
  Recovered (relative): start=0.194916, slope=7.34659e+08, intercept=-2.31932e+08

Interval 1636:
  Original: start=1.19687, slope=208242, intercept=-69583, x_refl=0, y_refl=0
  Quantized: start=12902, slope=11634, intercept=-4047
  Recovered (relative): start=0.196869, slope=7.62446e+08, intercept=-2.65224e+08

Interval 1637:
  Original: start=1.19883, slope=208667, intercept=-70092, x_refl=0, y_refl=0
  Quantized: start=13030, slope=12059, intercept=-4556
  Recovered (relative): start=0.198822, slope=7.90299e+08, intercept=-2.98582e+08

Interval 1638:
  Original: start=1.20078, slope=209092, intercept=-70603, x_refl=0, y_refl=0
  Quantized: start=13158, slope=12484, intercept=-5067
  Recovered (relative): start=0.200775, slope=8.18151e+08, intercept=-3.32071e+08

Interval 1639:
  Original: start=1.20274, slope=209519, intercept=-71115, x_refl=0, y_refl=0
  Quantized: start=13286, slope=12911, intercept=-5579
  Recovered (relative): start=0.202728, slope=8.46135e+08, intercept=-3.65625e+08

Interval 1640:
  Original: start=1.20469, slope=209946, intercept=-71630, x_refl=0, y_refl=0
  Quantized: start=13415, slope=13338, intercept=-6094
  Recovered (relative): start=0.204697, slope=8.74119e+08, intercept=-3.99376e+08

Interval 1641:
  Original: start=1.20664, slope=210374, intercept=-72147, x_refl=0, y_refl=0
  Quantized: start=13543, slope=13766, intercept=-6611
  Recovered (relative): start=0.20665, slope=9.02169e+08, intercept=-4.33258e+08

Interval 1642:
  Original: start=1.2086, slope=210803, intercept=-72665, x_refl=0, y_refl=0
  Quantized: start=13671, slope=14195, intercept=-7129
  Recovered (relative): start=0.208603, slope=9.30284e+08, intercept=-4.67206e+08

Interval 1643:
  Original: start=1.21055, slope=211232, intercept=-73185, x_refl=0, y_refl=0
  Quantized: start=13799, slope=14624, intercept=-7649
  Recovered (relative): start=0.210556, slope=9.58398e+08, intercept=-5.01285e+08

Interval 1644:
  Original: start=1.21251, slope=211663, intercept=-73707, x_refl=0, y_refl=0
  Quantized: start=13927, slope=15055, intercept=-8171
  Recovered (relative): start=0.212509, slope=9.86644e+08, intercept=-5.35495e+08

Interval 1645:
  Original: start=1.21446, slope=212094, intercept=-74231, x_refl=0, y_refl=0
  Quantized: start=14055, slope=15486, intercept=-8695
  Recovered (relative): start=0.214462, slope=1.01489e+09, intercept=-5.69836e+08

Interval 1646:
  Original: start=1.21641, slope=212526, intercept=-74757, x_refl=0, y_refl=0
  Quantized: start=14183, slope=15918, intercept=-9221
  Recovered (relative): start=0.216415, slope=1.0432e+09, intercept=-6.04307e+08

Interval 1647:
  Original: start=1.21837, slope=212960, intercept=-75284, x_refl=0, y_refl=0
  Quantized: start=14311, slope=16352, intercept=-9748
  Recovered (relative): start=0.218369, slope=1.07164e+09, intercept=-6.38845e+08

Interval 1648:
  Original: start=1.22032, slope=213393, intercept=-75814, x_refl=0, y_refl=0
  Quantized: start=14439, slope=16785, intercept=-10278
  Recovered (relative): start=0.220322, slope=1.10002e+09, intercept=-6.73579e+08

Interval 1649:
  Original: start=1.22228, slope=213828, intercept=-76345, x_refl=0, y_refl=0
  Quantized: start=14567, slope=17220, intercept=-10809
  Recovered (relative): start=0.222275, slope=1.12853e+09, intercept=-7.08379e+08

Interval 1650:
  Original: start=1.22423, slope=214264, intercept=-76879, x_refl=0, y_refl=0
  Quantized: start=14695, slope=17656, intercept=-11343
  Recovered (relative): start=0.224228, slope=1.1571e+09, intercept=-7.43375e+08

Interval 1651:
  Original: start=1.22618, slope=214700, intercept=-77414, x_refl=0, y_refl=0
  Quantized: start=14823, slope=18092, intercept=-11878
  Recovered (relative): start=0.226181, slope=1.18568e+09, intercept=-7.78437e+08

Interval 1652:
  Original: start=1.22814, slope=215138, intercept=-77951, x_refl=0, y_refl=0
  Quantized: start=14951, slope=18530, intercept=-12415
  Recovered (relative): start=0.228134, slope=1.21438e+09, intercept=-8.13629e+08

Interval 1653:
  Original: start=1.23009, slope=215576, intercept=-78490, x_refl=0, y_refl=0
  Quantized: start=15079, slope=18968, intercept=-12954
  Recovered (relative): start=0.230087, slope=1.24309e+09, intercept=-8.48953e+08

Interval 1654:
  Original: start=1.23205, slope=216015, intercept=-79031, x_refl=0, y_refl=0
  Quantized: start=15207, slope=19407, intercept=-13495
  Recovered (relative): start=0.23204, slope=1.27186e+09, intercept=-8.84408e+08

Interval 1655:
  Original: start=1.234, slope=216455, intercept=-79573, x_refl=0, y_refl=0
  Quantized: start=15335, slope=19847, intercept=-14037
  Recovered (relative): start=0.233994, slope=1.30069e+09, intercept=-9.19929e+08

Interval 1656:
  Original: start=1.23596, slope=216895, intercept=-80118, x_refl=0, y_refl=0
  Quantized: start=15464, slope=20287, intercept=-14582
  Recovered (relative): start=0.235962, slope=1.32953e+09, intercept=-9.55646e+08

Interval 1657:
  Original: start=1.23791, slope=217337, intercept=-80665, x_refl=0, y_refl=0
  Quantized: start=15592, slope=20729, intercept=-15129
  Recovered (relative): start=0.237915, slope=1.3585e+09, intercept=-9.91494e+08

Interval 1658:
  Original: start=1.23986, slope=217779, intercept=-81214, x_refl=0, y_refl=0
  Quantized: start=15720, slope=21171, intercept=-15678
  Recovered (relative): start=0.239868, slope=1.38746e+09, intercept=-1.02747e+09

Interval 1659:
  Original: start=1.24182, slope=218223, intercept=-81764, x_refl=0, y_refl=0
  Quantized: start=15848, slope=21615, intercept=-16228
  Recovered (relative): start=0.241821, slope=1.41656e+09, intercept=-1.06352e+09

Interval 1660:
  Original: start=1.24377, slope=218667, intercept=-82317, x_refl=0, y_refl=0
  Quantized: start=15976, slope=22059, intercept=-16781
  Recovered (relative): start=0.243774, slope=1.44566e+09, intercept=-1.09976e+09

Interval 1661:
  Original: start=1.24573, slope=219112, intercept=-82871, x_refl=0, y_refl=0
  Quantized: start=16104, slope=22504, intercept=-17335
  Recovered (relative): start=0.245728, slope=1.47482e+09, intercept=-1.13607e+09

Interval 1662:
  Original: start=1.24768, slope=219558, intercept=-83427, x_refl=0, y_refl=0
  Quantized: start=16232, slope=22950, intercept=-17891
  Recovered (relative): start=0.247681, slope=1.50405e+09, intercept=-1.1725e+09

Interval 1663:
  Original: start=1.24963, slope=220005, intercept=-83986, x_refl=0, y_refl=0
  Quantized: start=16360, slope=23397, intercept=-18450
  Recovered (relative): start=0.249634, slope=1.53335e+09, intercept=-1.20914e+09

Interval 1664:
  Original: start=1.25159, slope=220453, intercept=-84546, x_refl=0, y_refl=0
  Quantized: start=16488, slope=23845, intercept=-19010
  Recovered (relative): start=0.251587, slope=1.56271e+09, intercept=-1.24584e+09

Interval 1665:
  Original: start=1.25354, slope=220901, intercept=-85108, x_refl=0, y_refl=0
  Quantized: start=16616, slope=24293, intercept=-19572
  Recovered (relative): start=0.25354, slope=1.59207e+09, intercept=-1.28267e+09

Interval 1666:
  Original: start=1.2555, slope=221351, intercept=-85673, x_refl=0, y_refl=0
  Quantized: start=16744, slope=24743, intercept=-20137
  Recovered (relative): start=0.255493, slope=1.62156e+09, intercept=-1.3197e+09

Interval 1667:
  Original: start=1.25745, slope=221801, intercept=-86239, x_refl=0, y_refl=0
  Quantized: start=16872, slope=25193, intercept=-20703
  Recovered (relative): start=0.257446, slope=1.65105e+09, intercept=-1.35679e+09

Interval 1668:
  Original: start=1.2594, slope=222252, intercept=-86807, x_refl=0, y_refl=0
  Quantized: start=17000, slope=25644, intercept=-21271
  Recovered (relative): start=0.259399, slope=1.68061e+09, intercept=-1.39402e+09

Interval 1669:
  Original: start=1.26136, slope=222704, intercept=-87377, x_refl=0, y_refl=0
  Quantized: start=17128, slope=26096, intercept=-21841
  Recovered (relative): start=0.261353, slope=1.71023e+09, intercept=-1.43137e+09

Interval 1670:
  Original: start=1.26331, slope=223157, intercept=-87950, x_refl=0, y_refl=0
  Quantized: start=17256, slope=26549, intercept=-22414
  Recovered (relative): start=0.263306, slope=1.73992e+09, intercept=-1.46892e+09

Interval 1671:
  Original: start=1.26527, slope=223611, intercept=-88524, x_refl=0, y_refl=0
  Quantized: start=17384, slope=27003, intercept=-22988
  Recovered (relative): start=0.265259, slope=1.76967e+09, intercept=-1.50654e+09

Interval 1672:
  Original: start=1.26722, slope=224066, intercept=-89100, x_refl=0, y_refl=0
  Quantized: start=17513, slope=27458, intercept=-23564
  Recovered (relative): start=0.267227, slope=1.79949e+09, intercept=-1.54429e+09

Interval 1673:
  Original: start=1.26917, slope=224521, intercept=-89678, x_refl=0, y_refl=0
  Quantized: start=17641, slope=27913, intercept=-24142
  Recovered (relative): start=0.26918, slope=1.82931e+09, intercept=-1.58217e+09

Interval 1674:
  Original: start=1.27113, slope=224978, intercept=-90259, x_refl=0, y_refl=0
  Quantized: start=17769, slope=28370, intercept=-24723
  Recovered (relative): start=0.271133, slope=1.85926e+09, intercept=-1.62025e+09

Interval 1675:
  Original: start=1.27308, slope=225435, intercept=-90841, x_refl=0, y_refl=0
  Quantized: start=17897, slope=28827, intercept=-25305
  Recovered (relative): start=0.273087, slope=1.88921e+09, intercept=-1.65839e+09

Interval 1676:
  Original: start=1.27504, slope=225894, intercept=-91425, x_refl=0, y_refl=0
  Quantized: start=18025, slope=29286, intercept=-25889
  Recovered (relative): start=0.27504, slope=1.91929e+09, intercept=-1.69666e+09

Interval 1677:
  Original: start=1.27699, slope=226353, intercept=-92012, x_refl=0, y_refl=0
  Quantized: start=18153, slope=29745, intercept=-26476
  Recovered (relative): start=0.276993, slope=1.94937e+09, intercept=-1.73513e+09

Interval 1678:
  Original: start=1.27894, slope=226813, intercept=-92600, x_refl=0, y_refl=0
  Quantized: start=18281, slope=30205, intercept=-27064
  Recovered (relative): start=0.278946, slope=1.97951e+09, intercept=-1.77367e+09

Interval 1679:
  Original: start=1.2809, slope=227274, intercept=-93191, x_refl=0, y_refl=0
  Quantized: start=18409, slope=30666, intercept=-27655
  Recovered (relative): start=0.280899, slope=2.00973e+09, intercept=-1.8124e+09

Interval 1680:
  Original: start=1.28285, slope=227736, intercept=-93783, x_refl=0, y_refl=0
  Quantized: start=18537, slope=31128, intercept=-28247
  Recovered (relative): start=0.282852, slope=2.04e+09, intercept=-1.8512e+09

Interval 1681:
  Original: start=1.28481, slope=228199, intercept=-94378, x_refl=0, y_refl=0
  Quantized: start=18665, slope=31591, intercept=-28842
  Recovered (relative): start=0.284805, slope=2.07035e+09, intercept=-1.89019e+09

Interval 1682:
  Original: start=1.28676, slope=228662, intercept=-94975, x_refl=0, y_refl=0
  Quantized: start=18793, slope=32054, intercept=-29439
  Recovered (relative): start=0.286758, slope=2.10069e+09, intercept=-1.92931e+09

Interval 1683:
  Original: start=1.28872, slope=229127, intercept=-95573, x_refl=0, y_refl=0
  Quantized: start=18921, slope=32519, intercept=-30037
  Recovered (relative): start=0.288712, slope=2.13117e+09, intercept=-1.9685e+09

Interval 1684:
  Original: start=1.29067, slope=229593, intercept=-96174, x_refl=0, y_refl=0
  Quantized: start=19049, slope=-32551, intercept=-30638
  Recovered (relative): start=0.290665, slope=-2.13326e+09, intercept=-2.00789e+09

Interval 1685:
  Original: start=1.29262, slope=230059, intercept=-96777, x_refl=0, y_refl=0
  Quantized: start=19177, slope=-32085, intercept=-31241
  Recovered (relative): start=0.292618, slope=-2.10272e+09, intercept=-2.04741e+09

Interval 1686:
  Original: start=1.29458, slope=230526, intercept=-97382, x_refl=0, y_refl=0
  Quantized: start=19305, slope=-31618, intercept=-31846
  Recovered (relative): start=0.294571, slope=-2.07212e+09, intercept=-2.08706e+09

Interval 1687:
  Original: start=1.29653, slope=230995, intercept=-97989, x_refl=0, y_refl=0
  Quantized: start=19433, slope=-31149, intercept=-32453
  Recovered (relative): start=0.296524, slope=-2.04138e+09, intercept=-2.12684e+09

Interval 1688:
  Original: start=1.29849, slope=231464, intercept=-98599, x_refl=0, y_refl=0
  Quantized: start=19562, slope=-30680, intercept=32473
  Recovered (relative): start=0.298492, slope=-2.01064e+09, intercept=2.12815e+09

Interval 1689:
  Original: start=1.30044, slope=231934, intercept=-99210, x_refl=0, y_refl=0
  Quantized: start=19690, slope=-30210, intercept=31862
  Recovered (relative): start=0.300446, slope=-1.97984e+09, intercept=2.08811e+09

Interval 1690:
  Original: start=1.30239, slope=232405, intercept=-99823, x_refl=0, y_refl=0
  Quantized: start=19818, slope=-29739, intercept=31249
  Recovered (relative): start=0.302399, slope=-1.94898e+09, intercept=2.04793e+09

Interval 1691:
  Original: start=1.30435, slope=232877, intercept=-100439, x_refl=0, y_refl=0
  Quantized: start=19946, slope=-29267, intercept=30633
  Recovered (relative): start=0.304352, slope=-1.91804e+09, intercept=2.00756e+09

Interval 1692:
  Original: start=1.3063, slope=233350, intercept=-101057, x_refl=0, y_refl=0
  Quantized: start=20074, slope=-28794, intercept=30015
  Recovered (relative): start=0.306305, slope=-1.88704e+09, intercept=1.96706e+09

Interval 1693:
  Original: start=1.30826, slope=233824, intercept=-101677, x_refl=0, y_refl=0
  Quantized: start=20202, slope=-28320, intercept=29395
  Recovered (relative): start=0.308258, slope=-1.85598e+09, intercept=1.92643e+09

Interval 1694:
  Original: start=1.31021, slope=234298, intercept=-102299, x_refl=0, y_refl=0
  Quantized: start=20330, slope=-27846, intercept=28773
  Recovered (relative): start=0.310211, slope=-1.82492e+09, intercept=1.88567e+09

Interval 1695:
  Original: start=1.31216, slope=234774, intercept=-102923, x_refl=0, y_refl=0
  Quantized: start=20458, slope=-27370, intercept=28149
  Recovered (relative): start=0.312164, slope=-1.79372e+09, intercept=1.84477e+09

Interval 1696:
  Original: start=1.31412, slope=235251, intercept=-103549, x_refl=0, y_refl=0
  Quantized: start=20586, slope=-26893, intercept=27523
  Recovered (relative): start=0.314117, slope=-1.76246e+09, intercept=1.80375e+09

Interval 1697:
  Original: start=1.31607, slope=235728, intercept=-104177, x_refl=0, y_refl=0
  Quantized: start=20714, slope=-26416, intercept=26895
  Recovered (relative): start=0.316071, slope=-1.7312e+09, intercept=1.76259e+09

Interval 1698:
  Original: start=1.31803, slope=236207, intercept=-104808, x_refl=0, y_refl=0
  Quantized: start=20842, slope=-25937, intercept=26264
  Recovered (relative): start=0.318024, slope=-1.69981e+09, intercept=1.72124e+09

Interval 1699:
  Original: start=1.31998, slope=236686, intercept=-105441, x_refl=0, y_refl=0
  Quantized: start=20970, slope=-25458, intercept=25631
  Recovered (relative): start=0.319977, slope=-1.66842e+09, intercept=1.67975e+09

Interval 1700:
  Original: start=1.32193, slope=237166, intercept=-106076, x_refl=0, y_refl=0
  Quantized: start=21098, slope=-24978, intercept=24996
  Recovered (relative): start=0.32193, slope=-1.63696e+09, intercept=1.63814e+09

Interval 1701:
  Original: start=1.32389, slope=237647, intercept=-106713, x_refl=0, y_refl=0
  Quantized: start=21226, slope=-24497, intercept=24359
  Recovered (relative): start=0.323883, slope=-1.60544e+09, intercept=1.59639e+09

Interval 1702:
  Original: start=1.32584, slope=238130, intercept=-107352, x_refl=0, y_refl=0
  Quantized: start=21354, slope=-24014, intercept=23720
  Recovered (relative): start=0.325836, slope=-1.57378e+09, intercept=1.55451e+09

Interval 1703:
  Original: start=1.3278, slope=238613, intercept=-107994, x_refl=0, y_refl=0
  Quantized: start=21482, slope=-23531, intercept=23078
  Recovered (relative): start=0.327789, slope=-1.54213e+09, intercept=1.51244e+09

Interval 1704:
  Original: start=1.32975, slope=239097, intercept=-108637, x_refl=0, y_refl=0
  Quantized: start=21611, slope=-23047, intercept=22435
  Recovered (relative): start=0.329758, slope=-1.51041e+09, intercept=1.4703e+09

Interval 1705:
  Original: start=1.3317, slope=239582, intercept=-109283, x_refl=0, y_refl=0
  Quantized: start=21739, slope=-22562, intercept=21789
  Recovered (relative): start=0.331711, slope=-1.47862e+09, intercept=1.42796e+09

Interval 1706:
  Original: start=1.33366, slope=240068, intercept=-109932, x_refl=0, y_refl=0
  Quantized: start=21867, slope=-22076, intercept=21140
  Recovered (relative): start=0.333664, slope=-1.44677e+09, intercept=1.38543e+09

Interval 1707:
  Original: start=1.33561, slope=240555, intercept=-110582, x_refl=0, y_refl=0
  Quantized: start=21995, slope=-21589, intercept=20490
  Recovered (relative): start=0.335617, slope=-1.41486e+09, intercept=1.34283e+09

Interval 1708:
  Original: start=1.33757, slope=241043, intercept=-111234, x_refl=0, y_refl=0
  Quantized: start=22123, slope=-21101, intercept=19838
  Recovered (relative): start=0.33757, slope=-1.38288e+09, intercept=1.3001e+09

Interval 1709:
  Original: start=1.33952, slope=241532, intercept=-111889, x_refl=0, y_refl=0
  Quantized: start=22251, slope=-20612, intercept=19183
  Recovered (relative): start=0.339523, slope=-1.35083e+09, intercept=1.25718e+09

Interval 1710:
  Original: start=1.34148, slope=242021, intercept=-112546, x_refl=0, y_refl=0
  Quantized: start=22379, slope=-20123, intercept=18526
  Recovered (relative): start=0.341476, slope=-1.31878e+09, intercept=1.21412e+09

Interval 1711:
  Original: start=1.34343, slope=242512, intercept=-113206, x_refl=0, y_refl=0
  Quantized: start=22507, slope=-19632, intercept=17866
  Recovered (relative): start=0.34343, slope=-1.2866e+09, intercept=1.17087e+09

Interval 1712:
  Original: start=1.34538, slope=243004, intercept=-113867, x_refl=0, y_refl=0
  Quantized: start=22635, slope=-19140, intercept=17205
  Recovered (relative): start=0.345383, slope=-1.25436e+09, intercept=1.12755e+09

Interval 1713:
  Original: start=1.34734, slope=243497, intercept=-114531, x_refl=0, y_refl=0
  Quantized: start=22763, slope=-18647, intercept=16541
  Recovered (relative): start=0.347336, slope=-1.22205e+09, intercept=1.08403e+09

Interval 1714:
  Original: start=1.34929, slope=243990, intercept=-115197, x_refl=0, y_refl=0
  Quantized: start=22891, slope=-18154, intercept=15875
  Recovered (relative): start=0.349289, slope=-1.18974e+09, intercept=1.04038e+09

Interval 1715:
  Original: start=1.35125, slope=244485, intercept=-115865, x_refl=0, y_refl=0
  Quantized: start=23019, slope=-17659, intercept=15207
  Recovered (relative): start=0.351242, slope=-1.1573e+09, intercept=9.96606e+08

Interval 1716:
  Original: start=1.3532, slope=244980, intercept=-116536, x_refl=0, y_refl=0
  Quantized: start=23147, slope=-17164, intercept=14536
  Recovered (relative): start=0.353195, slope=-1.12486e+09, intercept=9.52631e+08

Interval 1717:
  Original: start=1.35515, slope=245477, intercept=-117209, x_refl=0, y_refl=0
  Quantized: start=23275, slope=-16667, intercept=13863
  Recovered (relative): start=0.355148, slope=-1.09229e+09, intercept=9.08526e+08

Interval 1718:
  Original: start=1.35711, slope=245974, intercept=-117884, x_refl=0, y_refl=0
  Quantized: start=23403, slope=-16170, intercept=13188
  Recovered (relative): start=0.357101, slope=-1.05972e+09, intercept=8.64289e+08

Interval 1719:
  Original: start=1.35906, slope=246473, intercept=-118562, x_refl=0, y_refl=0
  Quantized: start=23531, slope=-15671, intercept=12510
  Recovered (relative): start=0.359055, slope=-1.02701e+09, intercept=8.19855e+08

Interval 1720:
  Original: start=1.36102, slope=246972, intercept=-119241, x_refl=0, y_refl=0
  Quantized: start=23660, slope=-15172, intercept=11831
  Recovered (relative): start=0.361023, slope=-9.94312e+08, intercept=7.75356e+08

Interval 1721:
  Original: start=1.36297, slope=247473, intercept=-119923, x_refl=0, y_refl=0
  Quantized: start=23788, slope=-14671, intercept=11149
  Recovered (relative): start=0.362976, slope=-9.61479e+08, intercept=7.30661e+08

Interval 1722:
  Original: start=1.36492, slope=247974, intercept=-120608, x_refl=0, y_refl=0
  Quantized: start=23916, slope=-14170, intercept=10464
  Recovered (relative): start=0.364929, slope=-9.28645e+08, intercept=6.85769e+08

Interval 1723:
  Original: start=1.36688, slope=248477, intercept=-121295, x_refl=0, y_refl=0
  Quantized: start=24044, slope=-13667, intercept=9777
  Recovered (relative): start=0.366882, slope=-8.95681e+08, intercept=6.40745e+08

Interval 1724:
  Original: start=1.36883, slope=248980, intercept=-121984, x_refl=0, y_refl=0
  Quantized: start=24172, slope=-13164, intercept=9088
  Recovered (relative): start=0.368835, slope=-8.62716e+08, intercept=5.95591e+08

Interval 1725:
  Original: start=1.37079, slope=249484, intercept=-122675, x_refl=0, y_refl=0
  Quantized: start=24300, slope=-12660, intercept=8397
  Recovered (relative): start=0.370789, slope=-8.29686e+08, intercept=5.50306e+08

Interval 1726:
  Original: start=1.37274, slope=249990, intercept=-123369, x_refl=0, y_refl=0
  Quantized: start=24428, slope=-12154, intercept=7703
  Recovered (relative): start=0.372742, slope=-7.96525e+08, intercept=5.04824e+08

Interval 1727:
  Original: start=1.37469, slope=250496, intercept=-124065, x_refl=0, y_refl=0
  Quantized: start=24556, slope=-11648, intercept=7007
  Recovered (relative): start=0.374695, slope=-7.63363e+08, intercept=4.59211e+08

Interval 1728:
  Original: start=1.37665, slope=251003, intercept=-124763, x_refl=0, y_refl=0
  Quantized: start=24684, slope=-11141, intercept=6309
  Recovered (relative): start=0.376648, slope=-7.30137e+08, intercept=4.13467e+08

Interval 1729:
  Original: start=1.3786, slope=251512, intercept=-125464, x_refl=0, y_refl=0
  Quantized: start=24812, slope=-10632, intercept=5608
  Recovered (relative): start=0.378601, slope=-6.96779e+08, intercept=3.67526e+08

Interval 1730:
  Original: start=1.38056, slope=252021, intercept=-126167, x_refl=0, y_refl=0
  Quantized: start=24940, slope=-10123, intercept=4905
  Recovered (relative): start=0.380554, slope=-6.63421e+08, intercept=3.21454e+08

Interval 1731:
  Original: start=1.38251, slope=252531, intercept=-126873, x_refl=0, y_refl=0
  Quantized: start=25068, slope=-9613, intercept=4199
  Recovered (relative): start=0.382507, slope=-6.29998e+08, intercept=2.75186e+08

Interval 1732:
  Original: start=1.38447, slope=253043, intercept=-127581, x_refl=0, y_refl=0
  Quantized: start=25196, slope=-9101, intercept=3491
  Recovered (relative): start=0.38446, slope=-5.96443e+08, intercept=2.28786e+08

Interval 1733:
  Original: start=1.38642, slope=253555, intercept=-128291, x_refl=0, y_refl=0
  Quantized: start=25324, slope=-8589, intercept=2781
  Recovered (relative): start=0.386414, slope=-5.62889e+08, intercept=1.82256e+08

Interval 1734:
  Original: start=1.38837, slope=254068, intercept=-129003, x_refl=0, y_refl=0
  Quantized: start=25452, slope=-8076, intercept=2069
  Recovered (relative): start=0.388367, slope=-5.29269e+08, intercept=1.35594e+08

Interval 1735:
  Original: start=1.39033, slope=254583, intercept=-129719, x_refl=0, y_refl=0
  Quantized: start=25580, slope=-7561, intercept=1353
  Recovered (relative): start=0.39032, slope=-4.95518e+08, intercept=8.86702e+07

Interval 1736:
  Original: start=1.39228, slope=255098, intercept=-130436, x_refl=0, y_refl=0
  Quantized: start=25709, slope=-7046, intercept=636
  Recovered (relative): start=0.392288, slope=-4.61767e+08, intercept=4.16809e+07

Interval 1737:
  Original: start=1.39424, slope=255614, intercept=-131156, x_refl=0, y_refl=0
  Quantized: start=25837, slope=-6530, intercept=-84
  Recovered (relative): start=0.394241, slope=-4.2795e+08, intercept=-5.50502e+06

Interval 1738:
  Original: start=1.39619, slope=256132, intercept=-131878, x_refl=0, y_refl=0
  Quantized: start=25965, slope=-6012, intercept=-806
  Recovered (relative): start=0.396194, slope=-3.94002e+08, intercept=-5.2822e+07

Interval 1739:
  Original: start=1.39814, slope=256650, intercept=-132603, x_refl=0, y_refl=0
  Quantized: start=26093, slope=-5494, intercept=-1531
  Recovered (relative): start=0.398148, slope=-3.60055e+08, intercept=-1.00336e+08

Interval 1740:
  Original: start=1.4001, slope=257169, intercept=-133330, x_refl=0, y_refl=0
  Quantized: start=26221, slope=-4975, intercept=-2258
  Recovered (relative): start=0.400101, slope=-3.26042e+08, intercept=-1.4798e+08

Interval 1741:
  Original: start=1.40205, slope=257690, intercept=-134060, x_refl=0, y_refl=0
  Quantized: start=26349, slope=-4454, intercept=-2988
  Recovered (relative): start=0.402054, slope=-2.91897e+08, intercept=-1.95822e+08

Interval 1742:
  Original: start=1.40401, slope=258211, intercept=-134792, x_refl=0, y_refl=0
  Quantized: start=26477, slope=-3933, intercept=-3720
  Recovered (relative): start=0.404007, slope=-2.57753e+08, intercept=-2.43794e+08

Interval 1743:
  Original: start=1.40596, slope=258734, intercept=-135526, x_refl=0, y_refl=0
  Quantized: start=26605, slope=-3410, intercept=-4454
  Recovered (relative): start=0.40596, slope=-2.23478e+08, intercept=-2.91897e+08

Interval 1744:
  Original: start=1.40791, slope=259257, intercept=-136263, x_refl=0, y_refl=0
  Quantized: start=26733, slope=-2887, intercept=-5191
  Recovered (relative): start=0.407913, slope=-1.89202e+08, intercept=-3.40197e+08

Interval 1745:
  Original: start=1.40987, slope=259782, intercept=-137003, x_refl=0, y_refl=0
  Quantized: start=26861, slope=-2362, intercept=-5931
  Recovered (relative): start=0.409866, slope=-1.54796e+08, intercept=-3.88694e+08

Interval 1746:
  Original: start=1.41182, slope=260307, intercept=-137745, x_refl=0, y_refl=0
  Quantized: start=26989, slope=-1837, intercept=-6673
  Recovered (relative): start=0.411819, slope=-1.2039e+08, intercept=-4.37322e+08

Interval 1747:
  Original: start=1.41378, slope=260834, intercept=-138489, x_refl=0, y_refl=0
  Quantized: start=27117, slope=-1310, intercept=-7417
  Recovered (relative): start=0.413773, slope=-8.58522e+07, intercept=-4.86081e+08

Interval 1748:
  Original: start=1.41573, slope=261361, intercept=-139236, x_refl=0, y_refl=0
  Quantized: start=27245, slope=-783, intercept=-8164
  Recovered (relative): start=0.415726, slope=-5.13147e+07, intercept=-5.35036e+08

Interval 1749:
  Original: start=1.41768, slope=261890, intercept=-139985, x_refl=0, y_refl=0
  Quantized: start=27373, slope=-254, intercept=-8913
  Recovered (relative): start=0.417679, slope=-1.66461e+07, intercept=-5.84122e+08

Interval 1750:
  Original: start=1.41964, slope=262419, intercept=-140737, x_refl=0, y_refl=0
  Quantized: start=27501, slope=275, intercept=-9665
  Recovered (relative): start=0.419632, slope=1.80224e+07, intercept=-6.33405e+08

Interval 1751:
  Original: start=1.42159, slope=262950, intercept=-141491, x_refl=0, y_refl=0
  Quantized: start=27629, slope=806, intercept=-10419
  Recovered (relative): start=0.421585, slope=5.2822e+07, intercept=-6.8282e+08

Interval 1752:
  Original: start=1.42355, slope=263482, intercept=-142248, x_refl=0, y_refl=0
  Quantized: start=27758, slope=1338, intercept=-11176
  Recovered (relative): start=0.423553, slope=8.76872e+07, intercept=-7.3243e+08

Interval 1753:
  Original: start=1.4255, slope=264014, intercept=-143008, x_refl=0, y_refl=0
  Quantized: start=27886, slope=1870, intercept=-11936
  Recovered (relative): start=0.425507, slope=1.22552e+08, intercept=-7.82238e+08

Interval 1754:
  Original: start=1.42745, slope=264548, intercept=-143770, x_refl=0, y_refl=0
  Quantized: start=28014, slope=2404, intercept=-12698
  Recovered (relative): start=0.42746, slope=1.57549e+08, intercept=-8.32176e+08

Interval 1755:
  Original: start=1.42941, slope=265083, intercept=-144534, x_refl=0, y_refl=0
  Quantized: start=28142, slope=2939, intercept=-13462
  Recovered (relative): start=0.429413, slope=1.9261e+08, intercept=-8.82246e+08

Interval 1756:
  Original: start=1.43136, slope=265619, intercept=-145301, x_refl=0, y_refl=0
  Quantized: start=28270, slope=3475, intercept=-14229
  Recovered (relative): start=0.431366, slope=2.27738e+08, intercept=-9.32512e+08

Interval 1757:
  Original: start=1.43332, slope=266156, intercept=-146071, x_refl=0, y_refl=0
  Quantized: start=28398, slope=4012, intercept=-14999
  Recovered (relative): start=0.433319, slope=2.6293e+08, intercept=-9.82974e+08

Interval 1758:
  Original: start=1.43527, slope=266694, intercept=-146843, x_refl=0, y_refl=0
  Quantized: start=28526, slope=4550, intercept=-15771
  Recovered (relative): start=0.435272, slope=2.98189e+08, intercept=-1.03357e+09

Interval 1759:
  Original: start=1.43723, slope=267233, intercept=-147618, x_refl=0, y_refl=0
  Quantized: start=28654, slope=5089, intercept=-16546
  Recovered (relative): start=0.437225, slope=3.33513e+08, intercept=-1.08436e+09

Interval 1760:
  Original: start=1.43918, slope=267773, intercept=-148395, x_refl=0, y_refl=0
  Quantized: start=28782, slope=5629, intercept=-17323
  Recovered (relative): start=0.439178, slope=3.68902e+08, intercept=-1.13528e+09

Interval 1761:
  Original: start=1.44113, slope=268314, intercept=-149175, x_refl=0, y_refl=0
  Quantized: start=28910, slope=6170, intercept=-18103
  Recovered (relative): start=0.441132, slope=4.04357e+08, intercept=-1.1864e+09

Interval 1762:
  Original: start=1.44309, slope=268856, intercept=-149957, x_refl=0, y_refl=0
  Quantized: start=29038, slope=6712, intercept=-18885
  Recovered (relative): start=0.443085, slope=4.39878e+08, intercept=-1.23765e+09

Interval 1763:
  Original: start=1.44504, slope=269399, intercept=-150742, x_refl=0, y_refl=0
  Quantized: start=29166, slope=7255, intercept=-19670
  Recovered (relative): start=0.445038, slope=4.75464e+08, intercept=-1.28909e+09

Interval 1764:
  Original: start=1.447, slope=269944, intercept=-151530, x_refl=0, y_refl=0
  Quantized: start=29294, slope=7800, intercept=-20458
  Recovered (relative): start=0.446991, slope=5.11181e+08, intercept=-1.34074e+09

Interval 1765:
  Original: start=1.44895, slope=270489, intercept=-152320, x_refl=0, y_refl=0
  Quantized: start=29422, slope=8345, intercept=-21248
  Recovered (relative): start=0.448944, slope=5.46898e+08, intercept=-1.39251e+09

Interval 1766:
  Original: start=1.4509, slope=271035, intercept=-153113, x_refl=0, y_refl=0
  Quantized: start=29550, slope=8891, intercept=-22041
  Recovered (relative): start=0.450897, slope=5.82681e+08, intercept=-1.44448e+09

Interval 1767:
  Original: start=1.45286, slope=271583, intercept=-153908, x_refl=0, y_refl=0
  Quantized: start=29678, slope=9439, intercept=-22836
  Recovered (relative): start=0.45285, slope=6.18594e+08, intercept=-1.49658e+09

Interval 1768:
  Original: start=1.45481, slope=272132, intercept=-154706, x_refl=0, y_refl=0
  Quantized: start=29807, slope=9988, intercept=-23634
  Recovered (relative): start=0.454819, slope=6.54574e+08, intercept=-1.54888e+09

Interval 1769:
  Original: start=1.45677, slope=272681, intercept=-155507, x_refl=0, y_refl=0
  Quantized: start=29935, slope=10537, intercept=-24435
  Recovered (relative): start=0.456772, slope=6.90553e+08, intercept=-1.60137e+09

Interval 1770:
  Original: start=1.45872, slope=273232, intercept=-156310, x_refl=0, y_refl=0
  Quantized: start=30063, slope=11088, intercept=-25238
  Recovered (relative): start=0.458725, slope=7.26663e+08, intercept=-1.654e+09

Interval 1771:
  Original: start=1.46067, slope=273784, intercept=-157116, x_refl=0, y_refl=0
  Quantized: start=30191, slope=11640, intercept=-26044
  Recovered (relative): start=0.460678, slope=7.62839e+08, intercept=-1.70682e+09

Interval 1772:
  Original: start=1.46263, slope=274337, intercept=-157925, x_refl=0, y_refl=0
  Quantized: start=30319, slope=12193, intercept=-26853
  Recovered (relative): start=0.462631, slope=7.9908e+08, intercept=-1.75984e+09

Interval 1773:
  Original: start=1.46458, slope=274891, intercept=-158736, x_refl=0, y_refl=0
  Quantized: start=30447, slope=12747, intercept=-27664
  Recovered (relative): start=0.464584, slope=8.35387e+08, intercept=-1.81299e+09

Interval 1774:
  Original: start=1.46654, slope=275446, intercept=-159550, x_refl=0, y_refl=0
  Quantized: start=30575, slope=13302, intercept=-28478
  Recovered (relative): start=0.466537, slope=8.7176e+08, intercept=-1.86633e+09

Interval 1775:
  Original: start=1.46849, slope=276002, intercept=-160367, x_refl=0, y_refl=0
  Quantized: start=30703, slope=13858, intercept=-29295
  Recovered (relative): start=0.468491, slope=9.08198e+08, intercept=-1.91988e+09

Interval 1776:
  Original: start=1.47044, slope=276559, intercept=-161186, x_refl=0, y_refl=0
  Quantized: start=30831, slope=14415, intercept=-30114
  Recovered (relative): start=0.470444, slope=9.44701e+08, intercept=-1.97355e+09

Interval 1777:
  Original: start=1.4724, slope=277117, intercept=-162008, x_refl=0, y_refl=0
  Quantized: start=30959, slope=14973, intercept=-30936
  Recovered (relative): start=0.472397, slope=9.81271e+08, intercept=-2.02742e+09

Interval 1778:
  Original: start=1.47435, slope=277677, intercept=-162833, x_refl=0, y_refl=0
  Quantized: start=31087, slope=15533, intercept=-31761
  Recovered (relative): start=0.47435, slope=1.01797e+09, intercept=-2.08149e+09

Interval 1779:
  Original: start=1.47631, slope=278237, intercept=-163661, x_refl=0, y_refl=0
  Quantized: start=31215, slope=16093, intercept=-32589
  Recovered (relative): start=0.476303, slope=1.05467e+09, intercept=-2.13575e+09

Interval 1780:
  Original: start=1.47826, slope=278799, intercept=-164491, x_refl=0, y_refl=0
  Quantized: start=31343, slope=16655, intercept=32117
  Recovered (relative): start=0.478256, slope=1.0915e+09, intercept=2.10482e+09

Interval 1781:
  Original: start=1.48021, slope=279362, intercept=-165324, x_refl=0, y_refl=0
  Quantized: start=31471, slope=17218, intercept=31284
  Recovered (relative): start=0.480209, slope=1.1284e+09, intercept=2.05023e+09

Interval 1782:
  Original: start=1.48217, slope=279925, intercept=-166159, x_refl=0, y_refl=0
  Quantized: start=31599, slope=17781, intercept=30449
  Recovered (relative): start=0.482162, slope=1.1653e+09, intercept=1.99551e+09

Interval 1783:
  Original: start=1.48412, slope=280490, intercept=-166998, x_refl=0, y_refl=0
  Quantized: start=31727, slope=18346, intercept=29610
  Recovered (relative): start=0.484116, slope=1.20232e+09, intercept=1.94052e+09

Interval 1784:
  Original: start=1.48608, slope=281056, intercept=-167839, x_refl=0, y_refl=0
  Quantized: start=31856, slope=18912, intercept=28769
  Recovered (relative): start=0.486084, slope=1.23942e+09, intercept=1.88541e+09

Interval 1785:
  Original: start=1.48803, slope=281623, intercept=-168683, x_refl=0, y_refl=0
  Quantized: start=31984, slope=19479, intercept=27925
  Recovered (relative): start=0.488037, slope=1.27658e+09, intercept=1.83009e+09

Interval 1786:
  Original: start=1.48999, slope=282192, intercept=-169529, x_refl=0, y_refl=0
  Quantized: start=32112, slope=20048, intercept=27079
  Recovered (relative): start=0.48999, slope=1.31387e+09, intercept=1.77465e+09

Interval 1787:
  Original: start=1.49194, slope=282761, intercept=-170379, x_refl=0, y_refl=0
  Quantized: start=32240, slope=20617, intercept=26229
  Recovered (relative): start=0.491943, slope=1.35116e+09, intercept=1.71894e+09

Interval 1788:
  Original: start=1.49389, slope=283331, intercept=-171231, x_refl=0, y_refl=0
  Quantized: start=32368, slope=21187, intercept=25377
  Recovered (relative): start=0.493896, slope=1.38851e+09, intercept=1.66311e+09

Interval 1789:
  Original: start=1.49585, slope=283903, intercept=-172086, x_refl=0, y_refl=0
  Quantized: start=32496, slope=21759, intercept=24522
  Recovered (relative): start=0.49585, slope=1.426e+09, intercept=1.60707e+09

Interval 1790:
  Original: start=1.4978, slope=284476, intercept=-172944, x_refl=0, y_refl=0
  Quantized: start=32624, slope=22332, intercept=23664
  Recovered (relative): start=0.497803, slope=1.46355e+09, intercept=1.55084e+09

Interval 1791:
  Original: start=1.49976, slope=285049, intercept=-173804, x_refl=0, y_refl=0
  Quantized: start=32752, slope=22905, intercept=22804
  Recovered (relative): start=0.499756, slope=1.5011e+09, intercept=1.49448e+09

Interval 1792:
  Original: start=1.50171, slope=285624, intercept=-174668, x_refl=0, y_refl=0
  Quantized: start=-32656, slope=23480, intercept=21940
  Recovered (relative): start=-0.498291, slope=1.53879e+09, intercept=1.43786e+09

Interval 1793:
  Original: start=1.50366, slope=286200, intercept=-175534, x_refl=0, y_refl=0
  Quantized: start=-32528, slope=24056, intercept=21074
  Recovered (relative): start=-0.496338, slope=1.57653e+09, intercept=1.38111e+09

Interval 1794:
  Original: start=1.50562, slope=286777, intercept=-176403, x_refl=0, y_refl=0
  Quantized: start=-32400, slope=24633, intercept=20205
  Recovered (relative): start=-0.494385, slope=1.61435e+09, intercept=1.32415e+09

Interval 1795:
  Original: start=1.50757, slope=287356, intercept=-177275, x_refl=0, y_refl=0
  Quantized: start=-32272, slope=25212, intercept=19333
  Recovered (relative): start=-0.492432, slope=1.65229e+09, intercept=1.26701e+09

Interval 1796:
  Original: start=1.50953, slope=287935, intercept=-178149, x_refl=0, y_refl=0
  Quantized: start=-32144, slope=25791, intercept=18459
  Recovered (relative): start=-0.490479, slope=1.69024e+09, intercept=1.20973e+09

Interval 1797:
  Original: start=1.51148, slope=288516, intercept=-179027, x_refl=0, y_refl=0
  Quantized: start=-32016, slope=26372, intercept=17581
  Recovered (relative): start=-0.488525, slope=1.72832e+09, intercept=1.15219e+09

Interval 1798:
  Original: start=1.51343, slope=289097, intercept=-179907, x_refl=0, y_refl=0
  Quantized: start=-31888, slope=26953, intercept=16701
  Recovered (relative): start=-0.486572, slope=1.76639e+09, intercept=1.09452e+09

Interval 1799:
  Original: start=1.51539, slope=289680, intercept=-180790, x_refl=0, y_refl=0
  Quantized: start=-31760, slope=27536, intercept=15818
  Recovered (relative): start=-0.484619, slope=1.8046e+09, intercept=1.03665e+09

Interval 1800:
  Original: start=1.51734, slope=290264, intercept=-181677, x_refl=0, y_refl=0
  Quantized: start=-31631, slope=28120, intercept=14931
  Recovered (relative): start=-0.482651, slope=1.84287e+09, intercept=9.78518e+08

Interval 1801:
  Original: start=1.5193, slope=290849, intercept=-182565, x_refl=0, y_refl=0
  Quantized: start=-31503, slope=28705, intercept=14043
  Recovered (relative): start=-0.480698, slope=1.88121e+09, intercept=9.20322e+08

Interval 1802:
  Original: start=1.52125, slope=291436, intercept=-183457, x_refl=0, y_refl=0
  Quantized: start=-31375, slope=29292, intercept=13151
  Recovered (relative): start=-0.478745, slope=1.91968e+09, intercept=8.61864e+08

Interval 1803:
  Original: start=1.5232, slope=292023, intercept=-184352, x_refl=0, y_refl=0
  Quantized: start=-31247, slope=29879, intercept=12256
  Recovered (relative): start=-0.476791, slope=1.95815e+09, intercept=8.03209e+08

Interval 1804:
  Original: start=1.52516, slope=292612, intercept=-185250, x_refl=0, y_refl=0
  Quantized: start=-31119, slope=30468, intercept=11358
  Recovered (relative): start=-0.474838, slope=1.99675e+09, intercept=7.44358e+08

Interval 1805:
  Original: start=1.52711, slope=293201, intercept=-186150, x_refl=0, y_refl=0
  Quantized: start=-30991, slope=31057, intercept=10458
  Recovered (relative): start=-0.472885, slope=2.03535e+09, intercept=6.85375e+08

Interval 1806:
  Original: start=1.52907, slope=293792, intercept=-187054, x_refl=0, y_refl=0
  Quantized: start=-30863, slope=31648, intercept=9554
  Recovered (relative): start=-0.470932, slope=2.07408e+09, intercept=6.26131e+08

Interval 1807:
  Original: start=1.53102, slope=294384, intercept=-187960, x_refl=0, y_refl=0
  Quantized: start=-30735, slope=32240, intercept=8648
  Recovered (relative): start=-0.468979, slope=2.11288e+09, intercept=5.66755e+08

Interval 1808:
  Original: start=1.53298, slope=294977, intercept=-188869, x_refl=0, y_refl=0
  Quantized: start=-30607, slope=-32703, intercept=7739
  Recovered (relative): start=-0.467026, slope=-2.14322e+09, intercept=5.07183e+08

Interval 1809:
  Original: start=1.53493, slope=295572, intercept=-189782, x_refl=0, y_refl=0
  Quantized: start=-30479, slope=-32108, intercept=6826
  Recovered (relative): start=-0.465073, slope=-2.10423e+09, intercept=4.47349e+08

Interval 1810:
  Original: start=1.53688, slope=296167, intercept=-190697, x_refl=0, y_refl=0
  Quantized: start=-30351, slope=-31513, intercept=5911
  Recovered (relative): start=-0.46312, slope=-2.06524e+09, intercept=3.87383e+08

Interval 1811:
  Original: start=1.53884, slope=296764, intercept=-191615, x_refl=0, y_refl=0
  Quantized: start=-30223, slope=-30916, intercept=4993
  Recovered (relative): start=-0.461166, slope=-2.02611e+09, intercept=3.27221e+08

Interval 1812:
  Original: start=1.54079, slope=297362, intercept=-192536, x_refl=0, y_refl=0
  Quantized: start=-30095, slope=-30318, intercept=4072
  Recovered (relative): start=-0.459213, slope=-1.98692e+09, intercept=2.66863e+08

Interval 1813:
  Original: start=1.54275, slope=297961, intercept=-193460, x_refl=0, y_refl=0
  Quantized: start=-29967, slope=-29719, intercept=3148
  Recovered (relative): start=-0.45726, slope=-1.94766e+09, intercept=2.06307e+08

Interval 1814:
  Original: start=1.5447, slope=298561, intercept=-194387, x_refl=0, y_refl=0
  Quantized: start=-29839, slope=-29119, intercept=2221
  Recovered (relative): start=-0.455307, slope=-1.90834e+09, intercept=1.45555e+08

Interval 1815:
  Original: start=1.54665, slope=299162, intercept=-195318, x_refl=0, y_refl=0
  Quantized: start=-29711, slope=-28518, intercept=1290
  Recovered (relative): start=-0.453354, slope=-1.86896e+09, intercept=8.45414e+07

Interval 1816:
  Original: start=1.54861, slope=299765, intercept=-196251, x_refl=0, y_refl=0
  Quantized: start=-29582, slope=-27915, intercept=357
  Recovered (relative): start=-0.451385, slope=-1.82944e+09, intercept=2.33964e+07

Interval 1817:
  Original: start=1.55056, slope=300368, intercept=-197187, x_refl=0, y_refl=0
  Quantized: start=-29454, slope=-27312, intercept=-579
  Recovered (relative): start=-0.449432, slope=-1.78992e+09, intercept=-3.79453e+07

Interval 1818:
  Original: start=1.55252, slope=300973, intercept=-198126, x_refl=0, y_refl=0
  Quantized: start=-29326, slope=-26707, intercept=-1518
  Recovered (relative): start=-0.447479, slope=-1.75027e+09, intercept=-9.94836e+07

Interval 1819:
  Original: start=1.55447, slope=301579, intercept=-199068, x_refl=0, y_refl=0
  Quantized: start=-29198, slope=-26101, intercept=-2460
  Recovered (relative): start=-0.445526, slope=-1.71056e+09, intercept=-1.61219e+08

Interval 1820:
  Original: start=1.55642, slope=302187, intercept=-200013, x_refl=0, y_refl=0
  Quantized: start=-29070, slope=-25493, intercept=-3405
  Recovered (relative): start=-0.443573, slope=-1.67071e+09, intercept=-2.2315e+08

Interval 1821:
  Original: start=1.55838, slope=302795, intercept=-200961, x_refl=0, y_refl=0
  Quantized: start=-28942, slope=-24885, intercept=-4353
  Recovered (relative): start=-0.44162, slope=-1.63086e+09, intercept=-2.85278e+08

Interval 1822:
  Original: start=1.56033, slope=303405, intercept=-201912, x_refl=0, y_refl=0
  Quantized: start=-28814, slope=-24275, intercept=-5304
  Recovered (relative): start=-0.439667, slope=-1.59089e+09, intercept=-3.47603e+08

Interval 1823:
  Original: start=1.56229, slope=304016, intercept=-202867, x_refl=0, y_refl=0
  Quantized: start=-28686, slope=-23664, intercept=-6259
  Recovered (relative): start=-0.437714, slope=-1.55084e+09, intercept=-4.1019e+08

Interval 1824:
  Original: start=1.56424, slope=304628, intercept=-203824, x_refl=0, y_refl=0
  Quantized: start=-28558, slope=-23052, intercept=-7216
  Recovered (relative): start=-0.43576, slope=-1.51074e+09, intercept=-4.72908e+08

Interval 1825:
  Original: start=1.56619, slope=305241, intercept=-204784, x_refl=0, y_refl=0
  Quantized: start=-28430, slope=-22439, intercept=-8176
  Recovered (relative): start=-0.433807, slope=-1.47056e+09, intercept=-5.35822e+08

Interval 1826:
  Original: start=1.56815, slope=305855, intercept=-205748, x_refl=0, y_refl=0
  Quantized: start=-28302, slope=-21825, intercept=-9140
  Recovered (relative): start=-0.431854, slope=-1.43032e+09, intercept=-5.98999e+08

Interval 1827:
  Original: start=1.5701, slope=306471, intercept=-206715, x_refl=0, y_refl=0
  Quantized: start=-28174, slope=-21209, intercept=-10107
  Recovered (relative): start=-0.429901, slope=-1.38995e+09, intercept=-6.62372e+08

Interval 1828:
  Original: start=1.57206, slope=307088, intercept=-207684, x_refl=0, y_refl=0
  Quantized: start=-28046, slope=-20592, intercept=-11076
  Recovered (relative): start=-0.427948, slope=-1.34952e+09, intercept=-7.25877e+08

Interval 1829:
  Original: start=1.57401, slope=307706, intercept=-208657, x_refl=0, y_refl=0
  Quantized: start=-27918, slope=-19974, intercept=-12049
  Recovered (relative): start=-0.425995, slope=-1.30902e+09, intercept=-7.89643e+08

Interval 1830:
  Original: start=1.57596, slope=308325, intercept=-209633, x_refl=0, y_refl=0
  Quantized: start=-27790, slope=-19355, intercept=-13025
  Recovered (relative): start=-0.424042, slope=-1.26845e+09, intercept=-8.53606e+08

Interval 1831:
  Original: start=1.57792, slope=308945, intercept=-210612, x_refl=0, y_refl=0
  Quantized: start=-27662, slope=-18735, intercept=-14004
  Recovered (relative): start=-0.422089, slope=-1.22782e+09, intercept=-9.17766e+08

Interval 1832:
  Original: start=1.57987, slope=309567, intercept=-211594, x_refl=0, y_refl=0
  Quantized: start=-27533, slope=-18113, intercept=-14986
  Recovered (relative): start=-0.42012, slope=-1.18705e+09, intercept=-9.82122e+08

Interval 1833:
  Original: start=1.58183, slope=310190, intercept=-212579, x_refl=0, y_refl=0
  Quantized: start=-27405, slope=-17490, intercept=-15971
  Recovered (relative): start=-0.418167, slope=-1.14622e+09, intercept=-1.04668e+09

Interval 1834:
  Original: start=1.58378, slope=310814, intercept=-213568, x_refl=0, y_refl=0
  Quantized: start=-27277, slope=-16866, intercept=-16960
  Recovered (relative): start=-0.416214, slope=-1.10533e+09, intercept=-1.11149e+09

Interval 1835:
  Original: start=1.58574, slope=311439, intercept=-214559, x_refl=0, y_refl=0
  Quantized: start=-27149, slope=-16241, intercept=-17951
  Recovered (relative): start=-0.414261, slope=-1.06437e+09, intercept=-1.17644e+09

Interval 1836:
  Original: start=1.58769, slope=312066, intercept=-215554, x_refl=0, y_refl=0
  Quantized: start=-27021, slope=-15614, intercept=-18946
  Recovered (relative): start=-0.412308, slope=-1.02328e+09, intercept=-1.24165e+09

Interval 1837:
  Original: start=1.58964, slope=312694, intercept=-216552, x_refl=0, y_refl=0
  Quantized: start=-26893, slope=-14986, intercept=-19944
  Recovered (relative): start=-0.410355, slope=-9.82122e+08, intercept=-1.30705e+09

Interval 1838:
  Original: start=1.5916, slope=313323, intercept=-217553, x_refl=0, y_refl=0
  Quantized: start=-26765, slope=-14357, intercept=-20945
  Recovered (relative): start=-0.408401, slope=-9.409e+08, intercept=-1.37265e+09

Interval 1839:
  Original: start=1.59355, slope=313953, intercept=-218557, x_refl=0, y_refl=0
  Quantized: start=-26637, slope=-13727, intercept=-21949
  Recovered (relative): start=-0.406448, slope=-8.99613e+08, intercept=-1.43845e+09

Interval 1840:
  Original: start=1.59551, slope=314584, intercept=-219565, x_refl=0, y_refl=0
  Quantized: start=-26509, slope=-13096, intercept=-22957
  Recovered (relative): start=-0.404495, slope=-8.58259e+08, intercept=-1.50451e+09

Interval 1841:
  Original: start=1.59746, slope=315217, intercept=-220576, x_refl=0, y_refl=0
  Quantized: start=-26381, slope=-12463, intercept=-23968
  Recovered (relative): start=-0.402542, slope=-8.16775e+08, intercept=-1.57077e+09

Interval 1842:
  Original: start=1.59941, slope=315851, intercept=-221589, x_refl=0, y_refl=0
  Quantized: start=-26253, slope=-11829, intercept=-24981
  Recovered (relative): start=-0.400589, slope=-7.75225e+08, intercept=-1.63715e+09

Interval 1843:
  Original: start=1.60137, slope=316486, intercept=-222607, x_refl=0, y_refl=0
  Quantized: start=-26125, slope=-11194, intercept=-25999
  Recovered (relative): start=-0.398636, slope=-7.3361e+08, intercept=-1.70387e+09

Interval 1844:
  Original: start=1.60332, slope=317122, intercept=-223627, x_refl=0, y_refl=0
  Quantized: start=-25997, slope=-10558, intercept=-27019
  Recovered (relative): start=-0.396683, slope=-6.91929e+08, intercept=-1.77072e+09

Interval 1845:
  Original: start=1.60528, slope=317760, intercept=-224651, x_refl=0, y_refl=0
  Quantized: start=-25869, slope=-9920, intercept=-28043
  Recovered (relative): start=-0.39473, slope=-6.50117e+08, intercept=-1.83783e+09

Interval 1846:
  Original: start=1.60723, slope=318399, intercept=-225677, x_refl=0, y_refl=0
  Quantized: start=-25741, slope=-9281, intercept=-29069
  Recovered (relative): start=-0.392776, slope=-6.0824e+08, intercept=-1.90507e+09

Interval 1847:
  Original: start=1.60918, slope=319039, intercept=-226708, x_refl=0, y_refl=0
  Quantized: start=-25613, slope=-8641, intercept=-30100
  Recovered (relative): start=-0.390823, slope=-5.66297e+08, intercept=-1.97263e+09

Interval 1848:
  Original: start=1.61114, slope=319681, intercept=-227741, x_refl=0, y_refl=0
  Quantized: start=-25484, slope=-7999, intercept=-31133
  Recovered (relative): start=-0.388855, slope=-5.24222e+08, intercept=-2.04033e+09

Interval 1849:
  Original: start=1.61309, slope=320323, intercept=-228778, x_refl=0, y_refl=0
  Quantized: start=-25356, slope=-7357, intercept=-32170
  Recovered (relative): start=-0.386902, slope=-4.82148e+08, intercept=-2.10829e+09

Interval 1850:
  Original: start=1.61505, slope=320967, intercept=-229818, x_refl=0, y_refl=0
  Quantized: start=-25228, slope=-6713, intercept=32326
  Recovered (relative): start=-0.384949, slope=-4.39943e+08, intercept=2.11852e+09

Interval 1851:
  Original: start=1.617, slope=321612, intercept=-230861, x_refl=0, y_refl=0
  Quantized: start=-25100, slope=-6068, intercept=31283
  Recovered (relative): start=-0.382996, slope=-3.97672e+08, intercept=2.05016e+09

Interval 1852:
  Original: start=1.61895, slope=322259, intercept=-231907, x_refl=0, y_refl=0
  Quantized: start=-24972, slope=-5421, intercept=30237
  Recovered (relative): start=-0.381042, slope=-3.55271e+08, intercept=1.98161e+09

Interval 1853:
  Original: start=1.62091, slope=322906, intercept=-232957, x_refl=0, y_refl=0
  Quantized: start=-24844, slope=-4774, intercept=29187
  Recovered (relative): start=-0.379089, slope=-3.12869e+08, intercept=1.9128e+09

Interval 1854:
  Original: start=1.62286, slope=323555, intercept=-234010, x_refl=0, y_refl=0
  Quantized: start=-24716, slope=-4125, intercept=28134
  Recovered (relative): start=-0.377136, slope=-2.70336e+08, intercept=1.84379e+09

Interval 1855:
  Original: start=1.62482, slope=324206, intercept=-235067, x_refl=0, y_refl=0
  Quantized: start=-24588, slope=-3474, intercept=27077
  Recovered (relative): start=-0.375183, slope=-2.27672e+08, intercept=1.77452e+09

Interval 1856:
  Original: start=1.62677, slope=324857, intercept=-236127, x_refl=0, y_refl=0
  Quantized: start=-24460, slope=-2823, intercept=26017
  Recovered (relative): start=-0.37323, slope=-1.85008e+08, intercept=1.70505e+09

Interval 1857:
  Original: start=1.62872, slope=325510, intercept=-237190, x_refl=0, y_refl=0
  Quantized: start=-24332, slope=-2170, intercept=24954
  Recovered (relative): start=-0.371277, slope=-1.42213e+08, intercept=1.63539e+09

Interval 1858:
  Original: start=1.63068, slope=326164, intercept=-238257, x_refl=0, y_refl=0
  Quantized: start=-24204, slope=-1516, intercept=23887
  Recovered (relative): start=-0.369324, slope=-9.93526e+07, intercept=1.56546e+09

Interval 1859:
  Original: start=1.63263, slope=326819, intercept=-239326, x_refl=0, y_refl=0
  Quantized: start=-24076, slope=-861, intercept=22818
  Recovered (relative): start=-0.367371, slope=-5.64265e+07, intercept=1.4954e+09

Interval 1860:
  Original: start=1.63459, slope=327476, intercept=-240400, x_refl=0, y_refl=0
  Quantized: start=-23948, slope=-204, intercept=21744
  Recovered (relative): start=-0.365417, slope=-1.33693e+07, intercept=1.42501e+09

Interval 1861:
  Original: start=1.63654, slope=328134, intercept=-241476, x_refl=0, y_refl=0
  Quantized: start=-23820, slope=454, intercept=20668
  Recovered (relative): start=-0.363464, slope=2.97533e+07, intercept=1.3545e+09

Interval 1862:
  Original: start=1.6385, slope=328793, intercept=-242557, x_refl=0, y_refl=0
  Quantized: start=-23692, slope=1113, intercept=19587
  Recovered (relative): start=-0.361511, slope=7.29416e+07, intercept=1.28365e+09

Interval 1863:
  Original: start=1.64045, slope=329454, intercept=-243640, x_refl=0, y_refl=0
  Quantized: start=-23564, slope=1774, intercept=18504
  Recovered (relative): start=-0.359558, slope=1.16261e+08, intercept=1.21268e+09

Interval 1864:
  Original: start=1.6424, slope=330115, intercept=-244727, x_refl=0, y_refl=0
  Quantized: start=-23435, slope=2435, intercept=17417
  Recovered (relative): start=-0.35759, slope=1.5958e+08, intercept=1.14144e+09

Interval 1865:
  Original: start=1.64436, slope=330778, intercept=-245817, x_refl=0, y_refl=0
  Quantized: start=-23307, slope=3098, intercept=16327
  Recovered (relative): start=-0.355637, slope=2.03031e+08, intercept=1.07001e+09

Interval 1866:
  Original: start=1.64631, slope=331443, intercept=-246911, x_refl=0, y_refl=0
  Quantized: start=-23179, slope=3763, intercept=15233
  Recovered (relative): start=-0.353683, slope=2.46612e+08, intercept=9.9831e+08

Interval 1867:
  Original: start=1.64827, slope=332108, intercept=-248008, x_refl=0, y_refl=0
  Quantized: start=-23051, slope=4428, intercept=14136
  Recovered (relative): start=-0.35173, slope=2.90193e+08, intercept=9.26417e+08

Interval 1868:
  Original: start=1.65022, slope=332775, intercept=-249109, x_refl=0, y_refl=0
  Quantized: start=-22923, slope=5095, intercept=13035
  Recovered (relative): start=-0.349777, slope=3.33906e+08, intercept=8.54262e+08

Interval 1869:
  Original: start=1.65217, slope=333444, intercept=-250213, x_refl=0, y_refl=0
  Quantized: start=-22795, slope=5764, intercept=11931
  Recovered (relative): start=-0.347824, slope=3.7775e+08, intercept=7.8191e+08

Interval 1870:
  Original: start=1.65413, slope=334113, intercept=-251320, x_refl=0, y_refl=0
  Quantized: start=-22667, slope=6433, intercept=10824
  Recovered (relative): start=-0.345871, slope=4.21593e+08, intercept=7.09362e+08

Interval 1871:
  Original: start=1.65608, slope=334784, intercept=-252432, x_refl=0, y_refl=0
  Quantized: start=-22539, slope=7104, intercept=9712
  Recovered (relative): start=-0.343918, slope=4.65568e+08, intercept=6.36486e+08

Interval 1872:
  Original: start=1.65804, slope=335456, intercept=-253546, x_refl=0, y_refl=0
  Quantized: start=-22411, slope=7776, intercept=8598
  Recovered (relative): start=-0.341965, slope=5.09608e+08, intercept=5.63479e+08

Interval 1873:
  Original: start=1.65999, slope=336130, intercept=-254664, x_refl=0, y_refl=0
  Quantized: start=-22283, slope=8450, intercept=7480
  Recovered (relative): start=-0.340012, slope=5.53779e+08, intercept=4.90209e+08

Interval 1874:
  Original: start=1.66194, slope=336805, intercept=-255786, x_refl=0, y_refl=0
  Quantized: start=-22155, slope=9125, intercept=6358
  Recovered (relative): start=-0.338058, slope=5.98016e+08, intercept=4.16678e+08

Interval 1875:
  Original: start=1.6639, slope=337481, intercept=-256911, x_refl=0, y_refl=0
  Quantized: start=-22027, slope=9801, intercept=5233
  Recovered (relative): start=-0.336105, slope=6.42318e+08, intercept=3.4295e+08

Interval 1876:
  Original: start=1.66585, slope=338158, intercept=-258039, x_refl=0, y_refl=0
  Quantized: start=-21899, slope=10478, intercept=4105
  Recovered (relative): start=-0.334152, slope=6.86686e+08, intercept=2.69025e+08

Interval 1877:
  Original: start=1.66781, slope=338837, intercept=-259171, x_refl=0, y_refl=0
  Quantized: start=-21771, slope=11157, intercept=2973
  Recovered (relative): start=-0.332199, slope=7.31185e+08, intercept=1.94839e+08

Interval 1878:
  Original: start=1.66976, slope=339517, intercept=-260307, x_refl=0, y_refl=0
  Quantized: start=-21643, slope=11837, intercept=1837
  Recovered (relative): start=-0.330246, slope=7.7575e+08, intercept=1.2039e+08

Interval 1879:
  Original: start=1.67171, slope=340199, intercept=-261446, x_refl=0, y_refl=0
  Quantized: start=-21515, slope=12519, intercept=698
  Recovered (relative): start=-0.328293, slope=8.20445e+08, intercept=4.57441e+07

Interval 1880:
  Original: start=1.67367, slope=340881, intercept=-262589, x_refl=0, y_refl=0
  Quantized: start=-21386, slope=13201, intercept=-445
  Recovered (relative): start=-0.326324, slope=8.65141e+08, intercept=-2.91635e+07

Interval 1881:
  Original: start=1.67562, slope=341566, intercept=-263735, x_refl=0, y_refl=0
  Quantized: start=-21258, slope=13886, intercept=-1591
  Recovered (relative): start=-0.324371, slope=9.10033e+08, intercept=-1.04268e+08

Interval 1882:
  Original: start=1.67758, slope=342251, intercept=-264885, x_refl=0, y_refl=0
  Quantized: start=-21130, slope=14571, intercept=-2741
  Recovered (relative): start=-0.322418, slope=9.54925e+08, intercept=-1.79634e+08

Interval 1883:
  Original: start=1.67953, slope=342938, intercept=-266039, x_refl=0, y_refl=0
  Quantized: start=-21002, slope=15258, intercept=-3895
  Recovered (relative): start=-0.320465, slope=9.99948e+08, intercept=-2.55263e+08

Interval 1884:
  Original: start=1.68149, slope=343626, intercept=-267196, x_refl=0, y_refl=0
  Quantized: start=-20874, slope=15946, intercept=-5052
  Recovered (relative): start=-0.318512, slope=1.04504e+09, intercept=-3.31088e+08

Interval 1885:
  Original: start=1.68344, slope=344315, intercept=-268357, x_refl=0, y_refl=0
  Quantized: start=-20746, slope=16635, intercept=-6213
  Recovered (relative): start=-0.316559, slope=1.09019e+09, intercept=-4.07175e+08

Interval 1886:
  Original: start=1.68539, slope=345006, intercept=-269521, x_refl=0, y_refl=0
  Quantized: start=-20618, slope=17326, intercept=-7377
  Recovered (relative): start=-0.314606, slope=1.13548e+09, intercept=-4.83459e+08

Interval 1887:
  Original: start=1.68735, slope=345699, intercept=-270689, x_refl=0, y_refl=0
  Quantized: start=-20490, slope=18019, intercept=-8545
  Recovered (relative): start=-0.312653, slope=1.18089e+09, intercept=-5.60005e+08

Interval 1888:
  Original: start=1.6893, slope=346392, intercept=-271860, x_refl=0, y_refl=0
  Quantized: start=-20362, slope=18712, intercept=-9716
  Recovered (relative): start=-0.310699, slope=1.22631e+09, intercept=-6.36748e+08

Interval 1889:
  Original: start=1.69126, slope=347087, intercept=-273036, x_refl=0, y_refl=0
  Quantized: start=-20234, slope=19407, intercept=-10892
  Recovered (relative): start=-0.308746, slope=1.27186e+09, intercept=-7.13818e+08

Interval 1890:
  Original: start=1.69321, slope=347783, intercept=-274215, x_refl=0, y_refl=0
  Quantized: start=-20106, slope=20103, intercept=-12071
  Recovered (relative): start=-0.306793, slope=1.31747e+09, intercept=-7.91085e+08

Interval 1891:
  Original: start=1.69516, slope=348481, intercept=-275397, x_refl=0, y_refl=0
  Quantized: start=-19978, slope=20801, intercept=-13253
  Recovered (relative): start=-0.30484, slope=1.36321e+09, intercept=-8.68549e+08

Interval 1892:
  Original: start=1.69712, slope=349180, intercept=-276584, x_refl=0, y_refl=0
  Quantized: start=-19850, slope=21500, intercept=-14440
  Recovered (relative): start=-0.302887, slope=1.40902e+09, intercept=-9.4634e+08

Interval 1893:
  Original: start=1.69907, slope=349880, intercept=-277773, x_refl=0, y_refl=0
  Quantized: start=-19722, slope=22200, intercept=-15629
  Recovered (relative): start=-0.300934, slope=1.4549e+09, intercept=-1.02426e+09

Interval 1894:
  Original: start=1.70103, slope=350582, intercept=-278967, x_refl=0, y_refl=0
  Quantized: start=-19594, slope=22902, intercept=-16823
  Recovered (relative): start=-0.298981, slope=1.50091e+09, intercept=-1.10251e+09

Interval 1895:
  Original: start=1.70298, slope=351285, intercept=-280165, x_refl=0, y_refl=0
  Quantized: start=-19466, slope=23605, intercept=-18021
  Recovered (relative): start=-0.297028, slope=1.54698e+09, intercept=-1.18102e+09

Interval 1896:
  Original: start=1.70493, slope=351989, intercept=-281366, x_refl=0, y_refl=0
  Quantized: start=-19337, slope=24309, intercept=-19222
  Recovered (relative): start=-0.295059, slope=1.59311e+09, intercept=-1.25973e+09

Interval 1897:
  Original: start=1.70689, slope=352695, intercept=-282570, x_refl=0, y_refl=0
  Quantized: start=-19209, slope=25015, intercept=-20426
  Recovered (relative): start=-0.293106, slope=1.63938e+09, intercept=-1.33864e+09

Interval 1898:
  Original: start=1.70884, slope=353403, intercept=-283779, x_refl=0, y_refl=0
  Quantized: start=-19081, slope=25723, intercept=-21635
  Recovered (relative): start=-0.291153, slope=1.68578e+09, intercept=-1.41787e+09

Interval 1899:
  Original: start=1.7108, slope=354111, intercept=-284991, x_refl=0, y_refl=0
  Quantized: start=-18953, slope=26431, intercept=-22847
  Recovered (relative): start=-0.2892, slope=1.73218e+09, intercept=-1.4973e+09

Interval 1900:
  Original: start=1.71275, slope=354821, intercept=-286207, x_refl=0, y_refl=0
  Quantized: start=-18825, slope=27141, intercept=-24063
  Recovered (relative): start=-0.287247, slope=1.77871e+09, intercept=-1.57699e+09

Interval 1901:
  Original: start=1.7147, slope=355533, intercept=-287427, x_refl=0, y_refl=0
  Quantized: start=-18697, slope=27853, intercept=-25283
  Recovered (relative): start=-0.285294, slope=1.82537e+09, intercept=-1.65695e+09

Interval 1902:
  Original: start=1.71666, slope=356245, intercept=-288651, x_refl=0, y_refl=0
  Quantized: start=-18569, slope=28565, intercept=-26507
  Recovered (relative): start=-0.28334, slope=1.87204e+09, intercept=-1.73716e+09

Interval 1903:
  Original: start=1.71861, slope=356960, intercept=-289878, x_refl=0, y_refl=0
  Quantized: start=-18441, slope=29280, intercept=-27734
  Recovered (relative): start=-0.281387, slope=1.91889e+09, intercept=-1.81758e+09

Interval 1904:
  Original: start=1.72057, slope=357675, intercept=-291109, x_refl=0, y_refl=0
  Quantized: start=-18313, slope=29995, intercept=-28965
  Recovered (relative): start=-0.279434, slope=1.96575e+09, intercept=-1.89825e+09

Interval 1905:
  Original: start=1.72252, slope=358392, intercept=-292344, x_refl=0, y_refl=0
  Quantized: start=-18185, slope=30712, intercept=-30200
  Recovered (relative): start=-0.277481, slope=2.01274e+09, intercept=-1.97919e+09

Interval 1906:
  Original: start=1.72447, slope=359110, intercept=-293583, x_refl=0, y_refl=0
  Quantized: start=-18057, slope=31430, intercept=-31439
  Recovered (relative): start=-0.275528, slope=2.0598e+09, intercept=-2.06039e+09

Interval 1907:
  Original: start=1.72643, slope=359830, intercept=-294826, x_refl=0, y_refl=0
  Quantized: start=-17929, slope=32150, intercept=-32682
  Recovered (relative): start=-0.273575, slope=2.10698e+09, intercept=-2.14185e+09

Interval 1908:
  Original: start=1.72838, slope=360551, intercept=-296072, x_refl=0, y_refl=0
  Quantized: start=-17801, slope=-32665, intercept=31608
  Recovered (relative): start=-0.271622, slope=-2.14073e+09, intercept=2.07146e+09

Interval 1909:
  Original: start=1.73034, slope=361274, intercept=-297323, x_refl=0, y_refl=0
  Quantized: start=-17673, slope=-31942, intercept=30357
  Recovered (relative): start=-0.269669, slope=-2.09335e+09, intercept=1.98948e+09

Interval 1910:
  Original: start=1.73229, slope=361998, intercept=-298577, x_refl=0, y_refl=0
  Quantized: start=-17545, slope=-31218, intercept=29103
  Recovered (relative): start=-0.267715, slope=-2.0459e+09, intercept=1.90729e+09

Interval 1911:
  Original: start=1.73425, slope=362723, intercept=-299835, x_refl=0, y_refl=0
  Quantized: start=-17417, slope=-30493, intercept=27845
  Recovered (relative): start=-0.265762, slope=-1.99839e+09, intercept=1.82485e+09

Interval 1912:
  Original: start=1.7362, slope=363450, intercept=-301097, x_refl=0, y_refl=0
  Quantized: start=-17288, slope=-29766, intercept=26583
  Recovered (relative): start=-0.263794, slope=-1.95074e+09, intercept=1.74214e+09

Interval 1913:
  Original: start=1.73815, slope=364179, intercept=-302363, x_refl=0, y_refl=0
  Quantized: start=-17160, slope=-29037, intercept=25317
  Recovered (relative): start=-0.261841, slope=-1.90297e+09, intercept=1.65917e+09

Interval 1914:
  Original: start=1.74011, slope=364908, intercept=-303632, x_refl=0, y_refl=0
  Quantized: start=-17032, slope=-28308, intercept=24048
  Recovered (relative): start=-0.259888, slope=-1.85519e+09, intercept=1.57601e+09

Interval 1915:
  Original: start=1.74206, slope=365639, intercept=-304906, x_refl=0, y_refl=0
  Quantized: start=-16904, slope=-27577, intercept=22774
  Recovered (relative): start=-0.257935, slope=-1.80729e+09, intercept=1.49252e+09

Interval 1916:
  Original: start=1.74402, slope=366372, intercept=-306184, x_refl=0, y_refl=0
  Quantized: start=-16776, slope=-26844, intercept=21496
  Recovered (relative): start=-0.255981, slope=-1.75925e+09, intercept=1.40876e+09

Interval 1917:
  Original: start=1.74597, slope=367106, intercept=-307465, x_refl=0, y_refl=0
  Quantized: start=-16648, slope=-26110, intercept=20215
  Recovered (relative): start=-0.254028, slope=-1.71114e+09, intercept=1.32481e+09

Interval 1918:
  Original: start=1.74792, slope=367841, intercept=-308751, x_refl=0, y_refl=0
  Quantized: start=-16520, slope=-25375, intercept=18929
  Recovered (relative): start=-0.252075, slope=-1.66298e+09, intercept=1.24053e+09

Interval 1919:
  Original: start=1.74988, slope=368578, intercept=-310040, x_refl=0, y_refl=0
  Quantized: start=-16392, slope=-24638, intercept=17640
  Recovered (relative): start=-0.250122, slope=-1.61468e+09, intercept=1.15606e+09

Interval 1920:
  Original: start=1.75183, slope=369317, intercept=-311333, x_refl=0, y_refl=0
  Quantized: start=-16264, slope=-23899, intercept=16347
  Recovered (relative): start=-0.248169, slope=-1.56624e+09, intercept=1.07132e+09

Interval 1921:
  Original: start=1.75379, slope=370056, intercept=-312631, x_refl=0, y_refl=0
  Quantized: start=-16136, slope=-23160, intercept=15049
  Recovered (relative): start=-0.246216, slope=-1.51781e+09, intercept=9.86251e+08

Interval 1922:
  Original: start=1.75574, slope=370797, intercept=-313932, x_refl=0, y_refl=0
  Quantized: start=-16008, slope=-22419, intercept=13748
  Recovered (relative): start=-0.244263, slope=-1.46925e+09, intercept=9.00989e+08

Interval 1923:
  Original: start=1.75769, slope=371540, intercept=-315238, x_refl=0, y_refl=0
  Quantized: start=-15880, slope=-21676, intercept=12442
  Recovered (relative): start=-0.24231, slope=-1.42056e+09, intercept=8.15399e+08

Interval 1924:
  Original: start=1.75965, slope=372284, intercept=-316547, x_refl=0, y_refl=0
  Quantized: start=-15752, slope=-20932, intercept=11133
  Recovered (relative): start=-0.240356, slope=-1.3718e+09, intercept=7.29612e+08

Interval 1925:
  Original: start=1.7616, slope=373030, intercept=-317860, x_refl=0, y_refl=0
  Quantized: start=-15624, slope=-20186, intercept=9820
  Recovered (relative): start=-0.238403, slope=-1.32291e+09, intercept=6.43564e+08

Interval 1926:
  Original: start=1.76356, slope=373777, intercept=-319178, x_refl=0, y_refl=0
  Quantized: start=-15496, slope=-19439, intercept=8502
  Recovered (relative): start=-0.23645, slope=-1.27395e+09, intercept=5.57187e+08

Interval 1927:
  Original: start=1.76551, slope=374525, intercept=-320499, x_refl=0, y_refl=0
  Quantized: start=-15368, slope=-18691, intercept=7181
  Recovered (relative): start=-0.234497, slope=-1.22493e+09, intercept=4.70614e+08

Interval 1928:
  Original: start=1.76746, slope=375275, intercept=-321825, x_refl=0, y_refl=0
  Quantized: start=-15239, slope=-17941, intercept=5855
  Recovered (relative): start=-0.232529, slope=-1.17578e+09, intercept=3.83713e+08

Interval 1929:
  Original: start=1.76942, slope=376027, intercept=-323154, x_refl=0, y_refl=0
  Quantized: start=-15111, slope=-17189, intercept=4526
  Recovered (relative): start=-0.230576, slope=-1.1265e+09, intercept=2.96616e+08

Interval 1930:
  Original: start=1.77137, slope=376779, intercept=-324488, x_refl=0, y_refl=0
  Quantized: start=-14983, slope=-16437, intercept=3192
  Recovered (relative): start=-0.228622, slope=-1.07722e+09, intercept=2.09191e+08

Interval 1931:
  Original: start=1.77333, slope=377534, intercept=-325825, x_refl=0, y_refl=0
  Quantized: start=-14855, slope=-15682, intercept=1855
  Recovered (relative): start=-0.226669, slope=-1.02774e+09, intercept=1.21569e+08

Interval 1932:
  Original: start=1.77528, slope=378290, intercept=-327167, x_refl=0, y_refl=0
  Quantized: start=-14727, slope=-14926, intercept=513
  Recovered (relative): start=-0.224716, slope=-9.7819e+08, intercept=3.362e+07

Interval 1933:
  Original: start=1.77723, slope=379047, intercept=-328513, x_refl=0, y_refl=0
  Quantized: start=-14599, slope=-14169, intercept=-833
  Recovered (relative): start=-0.222763, slope=-9.2858e+08, intercept=-5.45915e+07

Interval 1934:
  Original: start=1.77919, slope=379806, intercept=-329863, x_refl=0, y_refl=0
  Quantized: start=-14471, slope=-13410, intercept=-2183
  Recovered (relative): start=-0.22081, slope=-8.78838e+08, intercept=-1.43065e+08

Interval 1935:
  Original: start=1.78114, slope=380566, intercept=-331217, x_refl=0, y_refl=0
  Quantized: start=-14343, slope=-12650, intercept=-3537
  Recovered (relative): start=-0.218857, slope=-8.2903e+08, intercept=-2.31801e+08

Interval 1936:
  Original: start=1.7831, slope=381328, intercept=-332575, x_refl=0, y_refl=0
  Quantized: start=-14215, slope=-11888, intercept=-4895
  Recovered (relative): start=-0.216904, slope=-7.79092e+08, intercept=-3.20799e+08

Interval 1937:
  Original: start=1.78505, slope=382091, intercept=-333938, x_refl=0, y_refl=0
  Quantized: start=-14087, slope=-11125, intercept=-6258
  Recovered (relative): start=-0.214951, slope=-7.29088e+08, intercept=-4.10124e+08

Interval 1938:
  Original: start=1.78701, slope=382856, intercept=-335304, x_refl=0, y_refl=0
  Quantized: start=-13959, slope=-10360, intercept=-7624
  Recovered (relative): start=-0.212997, slope=-6.78953e+08, intercept=-4.99646e+08

Interval 1939:
  Original: start=1.78896, slope=383622, intercept=-336675, x_refl=0, y_refl=0
  Quantized: start=-13831, slope=-9594, intercept=-8995
  Recovered (relative): start=-0.211044, slope=-6.28752e+08, intercept=-5.89496e+08

Interval 1940:
  Original: start=1.79091, slope=384390, intercept=-338050, x_refl=0, y_refl=0
  Quantized: start=-13703, slope=-8826, intercept=-10370
  Recovered (relative): start=-0.209091, slope=-5.78421e+08, intercept=-6.79608e+08

Interval 1941:
  Original: start=1.79287, slope=385159, intercept=-339429, x_refl=0, y_refl=0
  Quantized: start=-13575, slope=-8057, intercept=-11749
  Recovered (relative): start=-0.207138, slope=-5.28024e+08, intercept=-7.69982e+08

Interval 1942:
  Original: start=1.79482, slope=385930, intercept=-340813, x_refl=0, y_refl=0
  Quantized: start=-13447, slope=-7286, intercept=-13133
  Recovered (relative): start=-0.205185, slope=-4.77495e+08, intercept=-8.60684e+08

Interval 1943:
  Original: start=1.79678, slope=386702, intercept=-342200, x_refl=0, y_refl=0
  Quantized: start=-13319, slope=-6514, intercept=-14520
  Recovered (relative): start=-0.203232, slope=-4.26902e+08, intercept=-9.51583e+08

Interval 1944:
  Original: start=1.79873, slope=387476, intercept=-343592, x_refl=0, y_refl=0
  Quantized: start=-13190, slope=-5740, intercept=-15912
  Recovered (relative): start=-0.201263, slope=-3.76177e+08, intercept=-1.04281e+09

Interval 1945:
  Original: start=1.80068, slope=388251, intercept=-344988, x_refl=0, y_refl=0
  Quantized: start=-13062, slope=-4965, intercept=-17308
  Recovered (relative): start=-0.19931, slope=-3.25386e+08, intercept=-1.1343e+09

Interval 1946:
  Original: start=1.80264, slope=389028, intercept=-346388, x_refl=0, y_refl=0
  Quantized: start=-12934, slope=-4188, intercept=-18708
  Recovered (relative): start=-0.197357, slope=-2.74465e+08, intercept=-1.22605e+09

Interval 1947:
  Original: start=1.80459, slope=389806, intercept=-347793, x_refl=0, y_refl=0
  Quantized: start=-12806, slope=-3410, intercept=-20113
  Recovered (relative): start=-0.195404, slope=-2.23478e+08, intercept=-1.31813e+09

Interval 1948:
  Original: start=1.80655, slope=390586, intercept=-349201, x_refl=0, y_refl=0
  Quantized: start=-12678, slope=-2630, intercept=-21521
  Recovered (relative): start=-0.193451, slope=-1.7236e+08, intercept=-1.4104e+09

Interval 1949:
  Original: start=1.8085, slope=391367, intercept=-350615, x_refl=0, y_refl=0
  Quantized: start=-12550, slope=-1849, intercept=-22935
  Recovered (relative): start=-0.191498, slope=-1.21176e+08, intercept=-1.50307e+09

Interval 1950:
  Original: start=1.81045, slope=392150, intercept=-352032, x_refl=0, y_refl=0
  Quantized: start=-12422, slope=-1066, intercept=-24352
  Recovered (relative): start=-0.189545, slope=-6.98614e+07, intercept=-1.59593e+09

Interval 1951:
  Original: start=1.81241, slope=392934, intercept=-353454, x_refl=0, y_refl=0
  Quantized: start=-12294, slope=-282, intercept=-25774
  Recovered (relative): start=-0.187592, slope=-1.84812e+07, intercept=-1.68912e+09

Interval 1952:
  Original: start=1.81436, slope=393720, intercept=-354880, x_refl=0, y_refl=0
  Quantized: start=-12166, slope=504, intercept=-27200
  Recovered (relative): start=-0.185638, slope=3.30301e+07, intercept=-1.78258e+09

Interval 1953:
  Original: start=1.81632, slope=394508, intercept=-356310, x_refl=0, y_refl=0
  Quantized: start=-12038, slope=1292, intercept=-28630
  Recovered (relative): start=-0.183685, slope=8.46725e+07, intercept=-1.8763e+09

Interval 1954:
  Original: start=1.81827, slope=395297, intercept=-357744, x_refl=0, y_refl=0
  Quantized: start=-11910, slope=2081, intercept=-30064
  Recovered (relative): start=-0.181732, slope=1.3638e+08, intercept=-1.97027e+09

Interval 1955:
  Original: start=1.82022, slope=396087, intercept=-359183, x_refl=0, y_refl=0
  Quantized: start=-11782, slope=2871, intercept=-31503
  Recovered (relative): start=-0.179779, slope=1.88154e+08, intercept=-2.06458e+09

Interval 1956:
  Original: start=1.82218, slope=396879, intercept=-360627, x_refl=0, y_refl=0
  Quantized: start=-11654, slope=3663, intercept=32589
  Recovered (relative): start=-0.177826, slope=2.40058e+08, intercept=2.13575e+09

Interval 1957:
  Original: start=1.82413, slope=397673, intercept=-362075, x_refl=0, y_refl=0
  Quantized: start=-11526, slope=4457, intercept=31141
  Recovered (relative): start=-0.175873, slope=2.92094e+08, intercept=2.04086e+09

Interval 1958:
  Original: start=1.82609, slope=398468, intercept=-363527, x_refl=0, y_refl=0
  Quantized: start=-11398, slope=5252, intercept=29689
  Recovered (relative): start=-0.17392, slope=3.44195e+08, intercept=1.9457e+09

Interval 1959:
  Original: start=1.82804, slope=399265, intercept=-364983, x_refl=0, y_refl=0
  Quantized: start=-11270, slope=6049, intercept=28233
  Recovered (relative): start=-0.171967, slope=3.96427e+08, intercept=1.85028e+09

Interval 1960:
  Original: start=1.83, slope=400063, intercept=-366444, x_refl=0, y_refl=0
  Quantized: start=-11141, slope=6847, intercept=26772
  Recovered (relative): start=-0.169998, slope=4.48725e+08, intercept=1.75453e+09

Interval 1961:
  Original: start=1.83195, slope=400863, intercept=-367909, x_refl=0, y_refl=0
  Quantized: start=-11013, slope=7647, intercept=25307
  Recovered (relative): start=-0.168045, slope=5.01154e+08, intercept=1.65852e+09

Interval 1962:
  Original: start=1.8339, slope=401665, intercept=-369379, x_refl=0, y_refl=0
  Quantized: start=-10885, slope=8449, intercept=23837
  Recovered (relative): start=-0.166092, slope=5.53714e+08, intercept=1.56218e+09

Interval 1963:
  Original: start=1.83586, slope=402468, intercept=-370854, x_refl=0, y_refl=0
  Quantized: start=-10757, slope=9252, intercept=22362
  Recovered (relative): start=-0.164139, slope=6.06339e+08, intercept=1.46552e+09

Interval 1964:
  Original: start=1.83781, slope=403272, intercept=-372332, x_refl=0, y_refl=0
  Quantized: start=-10629, slope=10056, intercept=20884
  Recovered (relative): start=-0.162186, slope=6.5903e+08, intercept=1.36865e+09

Interval 1965:
  Original: start=1.83977, slope=404079, intercept=-373815, x_refl=0, y_refl=0
  Quantized: start=-10501, slope=10863, intercept=19401
  Recovered (relative): start=-0.160233, slope=7.11918e+08, intercept=1.27146e+09

Interval 1966:
  Original: start=1.84172, slope=404886, intercept=-375303, x_refl=0, y_refl=0
  Quantized: start=-10373, slope=11670, intercept=17913
  Recovered (relative): start=-0.158279, slope=7.64805e+08, intercept=1.17395e+09

Interval 1967:
  Original: start=1.84367, slope=405696, intercept=-376795, x_refl=0, y_refl=0
  Quantized: start=-10245, slope=12480, intercept=16421
  Recovered (relative): start=-0.156326, slope=8.17889e+08, intercept=1.07617e+09

Interval 1968:
  Original: start=1.84563, slope=406506, intercept=-378292, x_refl=0, y_refl=0
  Quantized: start=-10117, slope=13290, intercept=14924
  Recovered (relative): start=-0.154373, slope=8.70973e+08, intercept=9.78059e+08

Interval 1969:
  Original: start=1.84758, slope=407319, intercept=-379793, x_refl=0, y_refl=0
  Quantized: start=-9989, slope=14103, intercept=13423
  Recovered (relative): start=-0.15242, slope=9.24254e+08, intercept=8.7969e+08

Interval 1970:
  Original: start=1.84954, slope=408133, intercept=-381299, x_refl=0, y_refl=0
  Quantized: start=-9861, slope=14917, intercept=11917
  Recovered (relative): start=-0.150467, slope=9.77601e+08, intercept=7.80993e+08

Interval 1971:
  Original: start=1.85149, slope=408949, intercept=-382809, x_refl=0, y_refl=0
  Quantized: start=-9733, slope=15733, intercept=10407
  Recovered (relative): start=-0.148514, slope=1.03108e+09, intercept=6.82033e+08

Interval 1972:
  Original: start=1.85344, slope=409766, intercept=-384323, x_refl=0, y_refl=0
  Quantized: start=-9605, slope=16550, intercept=8893
  Recovered (relative): start=-0.146561, slope=1.08462e+09, intercept=5.82812e+08

Interval 1973:
  Original: start=1.8554, slope=410585, intercept=-385843, x_refl=0, y_refl=0
  Quantized: start=-9477, slope=17369, intercept=7373
  Recovered (relative): start=-0.144608, slope=1.13829e+09, intercept=4.83197e+08

Interval 1974:
  Original: start=1.85735, slope=411405, intercept=-387367, x_refl=0, y_refl=0
  Quantized: start=-9349, slope=18189, intercept=5849
  Recovered (relative): start=-0.142654, slope=1.19203e+09, intercept=3.8332e+08

Interval 1975:
  Original: start=1.85931, slope=412227, intercept=-388895, x_refl=0, y_refl=0
  Quantized: start=-9221, slope=19011, intercept=4321
  Recovered (relative): start=-0.140701, slope=1.2459e+09, intercept=2.83181e+08

Interval 1976:
  Original: start=1.86126, slope=413051, intercept=-390428, x_refl=0, y_refl=0
  Quantized: start=-9092, slope=19835, intercept=2788
  Recovered (relative): start=-0.138733, slope=1.29991e+09, intercept=1.82714e+08

Interval 1977:
  Original: start=1.86321, slope=413876, intercept=-391966, x_refl=0, y_refl=0
  Quantized: start=-8964, slope=20660, intercept=1250
  Recovered (relative): start=-0.13678, slope=1.35397e+09, intercept=8.192e+07

Interval 1978:
  Original: start=1.86517, slope=414703, intercept=-393508, x_refl=0, y_refl=0
  Quantized: start=-8836, slope=21487, intercept=-292
  Recovered (relative): start=-0.134827, slope=1.40817e+09, intercept=-1.91365e+07

Interval 1979:
  Original: start=1.86712, slope=415532, intercept=-395055, x_refl=0, y_refl=0
  Quantized: start=-8708, slope=22316, intercept=-1839
  Recovered (relative): start=-0.132874, slope=1.4625e+09, intercept=-1.20521e+08

Interval 1980:
  Original: start=1.86908, slope=416362, intercept=-396607, x_refl=0, y_refl=0
  Quantized: start=-8580, slope=23146, intercept=-3391
  Recovered (relative): start=-0.13092, slope=1.5169e+09, intercept=-2.22233e+08

Interval 1981:
  Original: start=1.87103, slope=417194, intercept=-398163, x_refl=0, y_refl=0
  Quantized: start=-8452, slope=23978, intercept=-4947
  Recovered (relative): start=-0.128967, slope=1.57142e+09, intercept=-3.24207e+08

Interval 1982:
  Original: start=1.87298, slope=418027, intercept=-399724, x_refl=0, y_refl=0
  Quantized: start=-8324, slope=24811, intercept=-6508
  Recovered (relative): start=-0.127014, slope=1.62601e+09, intercept=-4.26508e+08

Interval 1983:
  Original: start=1.87494, slope=418862, intercept=-401290, x_refl=0, y_refl=0
  Quantized: start=-8196, slope=25646, intercept=-8074
  Recovered (relative): start=-0.125061, slope=1.68074e+09, intercept=-5.29138e+08

Interval 1984:
  Original: start=1.87689, slope=419699, intercept=-402860, x_refl=0, y_refl=0
  Quantized: start=-8068, slope=26483, intercept=-9644
  Recovered (relative): start=-0.123108, slope=1.73559e+09, intercept=-6.32029e+08

Interval 1985:
  Original: start=1.87885, slope=420537, intercept=-404435, x_refl=0, y_refl=0
  Quantized: start=-7940, slope=27321, intercept=-11219
  Recovered (relative): start=-0.121155, slope=1.79051e+09, intercept=-7.35248e+08

Interval 1986:
  Original: start=1.8808, slope=421377, intercept=-406015, x_refl=0, y_refl=0
  Quantized: start=-7812, slope=28161, intercept=-12799
  Recovered (relative): start=-0.119202, slope=1.84556e+09, intercept=-8.38795e+08

Interval 1987:
  Original: start=1.88276, slope=422219, intercept=-407599, x_refl=0, y_refl=0
  Quantized: start=-7684, slope=29003, intercept=-14383
  Recovered (relative): start=-0.117249, slope=1.90074e+09, intercept=-9.42604e+08

Interval 1988:
  Original: start=1.88471, slope=423062, intercept=-409188, x_refl=0, y_refl=0
  Quantized: start=-7556, slope=29846, intercept=-15972
  Recovered (relative): start=-0.115295, slope=1.95599e+09, intercept=-1.04674e+09

Interval 1989:
  Original: start=1.88666, slope=423907, intercept=-410782, x_refl=0, y_refl=0
  Quantized: start=-7428, slope=30691, intercept=-17566
  Recovered (relative): start=-0.113342, slope=2.01137e+09, intercept=-1.15121e+09

Interval 1990:
  Original: start=1.88862, slope=424753, intercept=-412381, x_refl=0, y_refl=0
  Quantized: start=-7300, slope=31537, intercept=-19165
  Recovered (relative): start=-0.111389, slope=2.06681e+09, intercept=-1.256e+09

Interval 1991:
  Original: start=1.89057, slope=425601, intercept=-413985, x_refl=0, y_refl=0
  Quantized: start=-7172, slope=32385, intercept=-20769
  Recovered (relative): start=-0.109436, slope=2.12238e+09, intercept=-1.36112e+09

Interval 1992:
  Original: start=1.89253, slope=426451, intercept=-415593, x_refl=0, y_refl=0
  Quantized: start=-7043, slope=-32301, intercept=-22377
  Recovered (relative): start=-0.107468, slope=-2.11688e+09, intercept=-1.4665e+09

Interval 1993:
  Original: start=1.89448, slope=427303, intercept=-417206, x_refl=0, y_refl=0
  Quantized: start=-6915, slope=-31449, intercept=-23990
  Recovered (relative): start=-0.105515, slope=-2.06104e+09, intercept=-1.57221e+09

Interval 1994:
  Original: start=1.89643, slope=428156, intercept=-418824, x_refl=0, y_refl=0
  Quantized: start=-6787, slope=-30596, intercept=-25608
  Recovered (relative): start=-0.103561, slope=-2.00514e+09, intercept=-1.67825e+09

Interval 1995:
  Original: start=1.89839, slope=429011, intercept=-420447, x_refl=0, y_refl=0
  Quantized: start=-6659, slope=-29741, intercept=-27231
  Recovered (relative): start=-0.101608, slope=-1.94911e+09, intercept=-1.78461e+09

Interval 1996:
  Original: start=1.90034, slope=429867, intercept=-422075, x_refl=0, y_refl=0
  Quantized: start=-6531, slope=-28885, intercept=-28859
  Recovered (relative): start=-0.0996552, slope=-1.89301e+09, intercept=-1.8913e+09

Interval 1997:
  Original: start=1.9023, slope=430725, intercept=-423707, x_refl=0, y_refl=0
  Quantized: start=-6403, slope=-28027, intercept=-30491
  Recovered (relative): start=-0.097702, slope=-1.83678e+09, intercept=-1.99826e+09

Interval 1998:
  Original: start=1.90425, slope=431585, intercept=-425344, x_refl=0, y_refl=0
  Quantized: start=-6275, slope=-27167, intercept=-32128
  Recovered (relative): start=-0.0957489, slope=-1.78042e+09, intercept=-2.10554e+09

Interval 1999:
  Original: start=1.9062, slope=432447, intercept=-426987, x_refl=0, y_refl=0
  Quantized: start=-6147, slope=-26305, intercept=31765
  Recovered (relative): start=-0.0937958, slope=-1.72392e+09, intercept=2.08175e+09

Interval 2000:
  Original: start=1.90816, slope=433310, intercept=-428634, x_refl=0, y_refl=0
  Quantized: start=-6019, slope=-25442, intercept=30118
  Recovered (relative): start=-0.0918427, slope=-1.66737e+09, intercept=1.97381e+09

Interval 2001:
  Original: start=1.91011, slope=434175, intercept=-430286, x_refl=0, y_refl=0
  Quantized: start=-5891, slope=-24577, intercept=28466
  Recovered (relative): start=-0.0898895, slope=-1.61068e+09, intercept=1.86555e+09

Interval 2002:
  Original: start=1.91207, slope=435041, intercept=-431943, x_refl=0, y_refl=0
  Quantized: start=-5763, slope=-23711, intercept=26809
  Recovered (relative): start=-0.0879364, slope=-1.55392e+09, intercept=1.75695e+09

Interval 2003:
  Original: start=1.91402, slope=435910, intercept=-433605, x_refl=0, y_refl=0
  Quantized: start=-5635, slope=-22842, intercept=25147
  Recovered (relative): start=-0.0859833, slope=-1.49697e+09, intercept=1.64803e+09

Interval 2004:
  Original: start=1.91597, slope=436780, intercept=-435272, x_refl=0, y_refl=0
  Quantized: start=-5507, slope=-21972, intercept=23480
  Recovered (relative): start=-0.0840302, slope=-1.43996e+09, intercept=1.53879e+09

Interval 2005:
  Original: start=1.91793, slope=437652, intercept=-436944, x_refl=0, y_refl=0
  Quantized: start=-5379, slope=-21100, intercept=21808
  Recovered (relative): start=-0.082077, slope=-1.38281e+09, intercept=1.42921e+09

Interval 2006:
  Original: start=1.91988, slope=438525, intercept=-438621, x_refl=0, y_refl=0
  Quantized: start=-5251, slope=-20227, intercept=20131
  Recovered (relative): start=-0.0801239, slope=-1.3256e+09, intercept=1.31931e+09

Interval 2007:
  Original: start=1.92184, slope=439400, intercept=-440302, x_refl=0, y_refl=0
  Quantized: start=-5123, slope=-19352, intercept=18450
  Recovered (relative): start=-0.0781708, slope=-1.26825e+09, intercept=1.20914e+09

Interval 2008:
  Original: start=1.92379, slope=440277, intercept=-441989, x_refl=0, y_refl=0
  Quantized: start=-4994, slope=-18475, intercept=16763
  Recovered (relative): start=-0.0762024, slope=-1.21078e+09, intercept=1.09858e+09

Interval 2009:
  Original: start=1.92574, slope=441155, intercept=-443681, x_refl=0, y_refl=0
  Quantized: start=-4866, slope=-17597, intercept=15071
  Recovered (relative): start=-0.0742493, slope=-1.15324e+09, intercept=9.87693e+08

Interval 2010:
  Original: start=1.9277, slope=442036, intercept=-445378, x_refl=0, y_refl=0
  Quantized: start=-4738, slope=-16716, intercept=13374
  Recovered (relative): start=-0.0722961, slope=-1.0955e+09, intercept=8.76478e+08

Interval 2011:
  Original: start=1.92965, slope=442918, intercept=-447080, x_refl=0, y_refl=0
  Quantized: start=-4610, slope=-15834, intercept=11672
  Recovered (relative): start=-0.070343, slope=-1.0377e+09, intercept=7.64936e+08

Interval 2012:
  Original: start=1.93161, slope=443801, intercept=-448787, x_refl=0, y_refl=0
  Quantized: start=-4482, slope=-14951, intercept=9965
  Recovered (relative): start=-0.0683899, slope=-9.79829e+08, intercept=6.53066e+08

Interval 2013:
  Original: start=1.93356, slope=444687, intercept=-450499, x_refl=0, y_refl=0
  Quantized: start=-4354, slope=-14065, intercept=8253
  Recovered (relative): start=-0.0664368, slope=-9.21764e+08, intercept=5.40869e+08

Interval 2014:
  Original: start=1.93552, slope=445574, intercept=-452216, x_refl=0, y_refl=0
  Quantized: start=-4226, slope=-13178, intercept=6536
  Recovered (relative): start=-0.0644836, slope=-8.63633e+08, intercept=4.28343e+08

Interval 2015:
  Original: start=1.93747, slope=446463, intercept=-453938, x_refl=0, y_refl=0
  Quantized: start=-4098, slope=-12289, intercept=4814
  Recovered (relative): start=-0.0625305, slope=-8.05372e+08, intercept=3.1549e+08

Interval 2016:
  Original: start=1.93942, slope=447353, intercept=-455666, x_refl=0, y_refl=0
  Quantized: start=-3970, slope=-11399, intercept=3086
  Recovered (relative): start=-0.0605774, slope=-7.47045e+08, intercept=2.02244e+08

Interval 2017:
  Original: start=1.94138, slope=448246, intercept=-457398, x_refl=0, y_refl=0
  Quantized: start=-3842, slope=-10506, intercept=1354
  Recovered (relative): start=-0.0586243, slope=-6.88521e+08, intercept=8.87357e+07

Interval 2018:
  Original: start=1.94333, slope=449140, intercept=-459136, x_refl=0, y_refl=0
  Quantized: start=-3714, slope=-9612, intercept=-384
  Recovered (relative): start=-0.0566711, slope=-6.29932e+08, intercept=-2.51658e+07

Interval 2019:
  Original: start=1.94529, slope=450036, intercept=-460878, x_refl=0, y_refl=0
  Quantized: start=-3586, slope=-8716, intercept=-2126
  Recovered (relative): start=-0.054718, slope=-5.71212e+08, intercept=-1.3933e+08

Interval 2020:
  Original: start=1.94724, slope=450934, intercept=-462626, x_refl=0, y_refl=0
  Quantized: start=-3458, slope=-7818, intercept=-3874
  Recovered (relative): start=-0.0527649, slope=-5.1236e+08, intercept=-2.53886e+08

Interval 2021:
  Original: start=1.94919, slope=451833, intercept=-464379, x_refl=0, y_refl=0
  Quantized: start=-3330, slope=-6919, intercept=-5627
  Recovered (relative): start=-0.0508118, slope=-4.53444e+08, intercept=-3.68771e+08

Interval 2022:
  Original: start=1.95115, slope=452734, intercept=-466138, x_refl=0, y_refl=0
  Quantized: start=-3202, slope=-6018, intercept=-7386
  Recovered (relative): start=-0.0488586, slope=-3.94396e+08, intercept=-4.84049e+08

Interval 2023:
  Original: start=1.9531, slope=453637, intercept=-467901, x_refl=0, y_refl=0
  Quantized: start=-3074, slope=-5115, intercept=-9149
  Recovered (relative): start=-0.0469055, slope=-3.35217e+08, intercept=-5.99589e+08

Interval 2024:
  Original: start=1.95506, slope=454542, intercept=-469670, x_refl=0, y_refl=0
  Quantized: start=-2945, slope=-4210, intercept=-10918
  Recovered (relative): start=-0.0449371, slope=-2.75907e+08, intercept=-7.15522e+08

Interval 2025:
  Original: start=1.95701, slope=455448, intercept=-471444, x_refl=0, y_refl=0
  Quantized: start=-2817, slope=-3304, intercept=-12692
  Recovered (relative): start=-0.042984, slope=-2.16531e+08, intercept=-8.31783e+08

Interval 2026:
  Original: start=1.95896, slope=456356, intercept=-473223, x_refl=0, y_refl=0
  Quantized: start=-2689, slope=-2396, intercept=-14471
  Recovered (relative): start=-0.0410309, slope=-1.57024e+08, intercept=-9.48371e+08

Interval 2027:
  Original: start=1.96092, slope=457266, intercept=-475007, x_refl=0, y_refl=0
  Quantized: start=-2561, slope=-1486, intercept=-16255
  Recovered (relative): start=-0.0390778, slope=-9.73865e+07, intercept=-1.06529e+09

Interval 2028:
  Original: start=1.96287, slope=458178, intercept=-476797, x_refl=0, y_refl=0
  Quantized: start=-2433, slope=-574, intercept=-18045
  Recovered (relative): start=-0.0371246, slope=-3.76177e+07, intercept=-1.1826e+09

Interval 2029:
  Original: start=1.96483, slope=459092, intercept=-478592, x_refl=0, y_refl=0
  Quantized: start=-2305, slope=340, intercept=-19840
  Recovered (relative): start=-0.0351715, slope=2.22822e+07, intercept=-1.30023e+09

Interval 2030:
  Original: start=1.96678, slope=460007, intercept=-480392, x_refl=0, y_refl=0
  Quantized: start=-2177, slope=1255, intercept=-21640
  Recovered (relative): start=-0.0332184, slope=8.22477e+07, intercept=-1.4182e+09

Interval 2031:
  Original: start=1.96873, slope=460924, intercept=-482198, x_refl=0, y_refl=0
  Quantized: start=-2049, slope=2172, intercept=-23446
  Recovered (relative): start=-0.0312653, slope=1.42344e+08, intercept=-1.53656e+09

Interval 2032:
  Original: start=1.97069, slope=461843, intercept=-484009, x_refl=0, y_refl=0
  Quantized: start=-1921, slope=3091, intercept=-25257
  Recovered (relative): start=-0.0293121, slope=2.02572e+08, intercept=-1.65524e+09

Interval 2033:
  Original: start=1.97264, slope=462764, intercept=-485825, x_refl=0, y_refl=0
  Quantized: start=-1793, slope=4012, intercept=-27073
  Recovered (relative): start=-0.027359, slope=2.6293e+08, intercept=-1.77426e+09

Interval 2034:
  Original: start=1.9746, slope=463686, intercept=-487647, x_refl=0, y_refl=0
  Quantized: start=-1665, slope=4934, intercept=-28895
  Recovered (relative): start=-0.0254059, slope=3.23355e+08, intercept=-1.89366e+09

Interval 2035:
  Original: start=1.97655, slope=464611, intercept=-489474, x_refl=0, y_refl=0
  Quantized: start=-1537, slope=5859, intercept=-30722
  Recovered (relative): start=-0.0234528, slope=3.83975e+08, intercept=-2.0134e+09

Interval 2036:
  Original: start=1.97851, slope=465537, intercept=-491306, x_refl=0, y_refl=0
  Quantized: start=-1409, slope=6785, intercept=-32554
  Recovered (relative): start=-0.0214996, slope=4.44662e+08, intercept=-2.13346e+09

Interval 2037:
  Original: start=1.98046, slope=466465, intercept=-493144, x_refl=0, y_refl=0
  Quantized: start=-1281, slope=7713, intercept=31144
  Recovered (relative): start=-0.0195465, slope=5.05479e+08, intercept=2.04105e+09

Interval 2038:
  Original: start=1.98241, slope=467394, intercept=-494987, x_refl=0, y_refl=0
  Quantized: start=-1153, slope=8642, intercept=29301
  Recovered (relative): start=-0.0175934, slope=5.66362e+08, intercept=1.92027e+09

Interval 2039:
  Original: start=1.98437, slope=468326, intercept=-496836, x_refl=0, y_refl=0
  Quantized: start=-1025, slope=9574, intercept=27452
  Recovered (relative): start=-0.0156403, slope=6.27442e+08, intercept=1.79909e+09

Interval 2040:
  Original: start=1.98632, slope=469259, intercept=-498690, x_refl=0, y_refl=0
  Quantized: start=-896, slope=10507, intercept=25598
  Recovered (relative): start=-0.0136719, slope=6.88587e+08, intercept=1.67759e+09

Interval 2041:
  Original: start=1.98828, slope=470195, intercept=-500549, x_refl=0, y_refl=0
  Quantized: start=-768, slope=11443, intercept=23739
  Recovered (relative): start=-0.0117188, slope=7.49928e+08, intercept=1.55576e+09

Interval 2042:
  Original: start=1.99023, slope=471132, intercept=-502414, x_refl=0, y_refl=0
  Quantized: start=-640, slope=12380, intercept=21874
  Recovered (relative): start=-0.00976562, slope=8.11336e+08, intercept=1.43353e+09

Interval 2043:
  Original: start=1.99218, slope=472071, intercept=-504284, x_refl=0, y_refl=0
  Quantized: start=-512, slope=13319, intercept=20004
  Recovered (relative): start=-0.0078125, slope=8.72874e+08, intercept=1.31098e+09

Interval 2044:
  Original: start=1.99414, slope=473011, intercept=-506160, x_refl=0, y_refl=0
  Quantized: start=-384, slope=14259, intercept=18128
  Recovered (relative): start=-0.00585938, slope=9.34478e+08, intercept=1.18804e+09

Interval 2045:
  Original: start=1.99609, slope=473954, intercept=-508042, x_refl=0, y_refl=0
  Quantized: start=-256, slope=15202, intercept=16246
  Recovered (relative): start=-0.00390625, slope=9.96278e+08, intercept=1.0647e+09

Interval 2046:
  Original: start=1.99805, slope=474898, intercept=-509929, x_refl=0, y_refl=0
  Quantized: start=-128, slope=16146, intercept=14359
  Recovered (relative): start=-0.00195312, slope=1.05814e+09, intercept=9.41031e+08

Interval 2047:
  Original: start=0, slope=0, intercept=0, x_refl=0, y_refl=0
  Quantized: start=0, slope=0, intercept=0
  Recovered (relative): start=0, slope=0, intercept=0

===== Group 1 ===== 
Storage Type: ORPHAN
Interval Count: 1
Base Params: b=0, c=0
Scale Factors: start=65536, slope=65536, intercept=65536

Interval 0:
  Original: start=1.98828, slope=480010, intercept=-475788, x_refl=0, y_refl=0
  Quantized: start=-768, slope=21258, intercept=-17036
  Recovered (absolute): start=-0.0117188, slope=21258, intercept=-17036

